-- MySQL dump 10.13  Distrib 5.5.42, for osx10.6 (i386)
--
-- Host: localhost    Database: myconcretelab_supermint3_portfolied
-- ------------------------------------------------------
-- Server version	5.5.42

/*!40101 SET @OLD_CHARACTER_SET_CLIENT=@@CHARACTER_SET_CLIENT */;
/*!40101 SET @OLD_CHARACTER_SET_RESULTS=@@CHARACTER_SET_RESULTS */;
/*!40101 SET @OLD_COLLATION_CONNECTION=@@COLLATION_CONNECTION */;
/*!40101 SET NAMES utf8 */;
/*!40103 SET @OLD_TIME_ZONE=@@TIME_ZONE */;
/*!40103 SET TIME_ZONE='+00:00' */;
/*!40014 SET @OLD_UNIQUE_CHECKS=@@UNIQUE_CHECKS, UNIQUE_CHECKS=0 */;
/*!40014 SET @OLD_FOREIGN_KEY_CHECKS=@@FOREIGN_KEY_CHECKS, FOREIGN_KEY_CHECKS=0 */;
/*!40101 SET @OLD_SQL_MODE=@@SQL_MODE, SQL_MODE='NO_AUTO_VALUE_ON_ZERO' */;
/*!40111 SET @OLD_SQL_NOTES=@@SQL_NOTES, SQL_NOTES=0 */;

--
-- Table structure for table `AreaLayoutColumns`
--

DROP TABLE IF EXISTS `AreaLayoutColumns`;
/*!40101 SET @saved_cs_client     = @@character_set_client */;
/*!40101 SET character_set_client = utf8 */;
CREATE TABLE `AreaLayoutColumns` (
  `arLayoutColumnID` int(10) unsigned NOT NULL AUTO_INCREMENT,
  `arLayoutID` int(10) unsigned NOT NULL DEFAULT '0',
  `arLayoutColumnIndex` int(10) unsigned NOT NULL DEFAULT '0',
  `arID` int(10) unsigned NOT NULL DEFAULT '0',
  `arLayoutColumnDisplayID` int(11) DEFAULT '0',
  PRIMARY KEY (`arLayoutColumnID`),
  KEY `arLayoutID` (`arLayoutID`,`arLayoutColumnIndex`),
  KEY `arID` (`arID`),
  KEY `arLayoutColumnDisplayID` (`arLayoutColumnDisplayID`)
) ENGINE=InnoDB AUTO_INCREMENT=58 DEFAULT CHARSET=utf8 COLLATE=utf8_unicode_ci;
/*!40101 SET character_set_client = @saved_cs_client */;

--
-- Dumping data for table `AreaLayoutColumns`
--

LOCK TABLES `AreaLayoutColumns` WRITE;
/*!40000 ALTER TABLE `AreaLayoutColumns` DISABLE KEYS */;
INSERT INTO `AreaLayoutColumns` VALUES (1,1,0,38,1),(2,1,1,39,2),(3,1,2,40,3),(4,2,0,42,4),(5,2,1,43,5),(6,2,2,44,6),(7,3,0,46,7),(8,3,1,47,8),(9,4,0,50,9),(10,4,1,51,10),(11,5,0,54,11),(12,5,1,55,12),(13,6,0,58,13),(14,6,1,59,14),(15,6,2,60,15),(16,7,0,62,16),(17,7,1,63,17),(18,8,0,64,18),(19,8,1,65,19),(20,9,0,92,20),(21,9,1,93,21),(22,9,2,94,22),(23,10,0,98,23),(24,10,1,99,24),(25,10,2,100,25),(26,11,0,104,26),(27,11,1,105,27),(28,12,0,107,28),(29,12,1,108,29),(30,12,2,109,30),(31,13,0,112,31),(32,13,1,113,32),(33,13,2,114,33),(34,14,0,117,34),(35,14,1,118,35),(36,14,2,119,36),(37,15,0,123,37),(38,15,1,124,38),(39,16,0,130,39),(40,16,1,131,40),(41,17,0,137,41),(42,17,1,138,42),(43,18,0,150,43),(44,18,1,151,44),(45,19,0,165,45),(46,19,1,166,46),(47,20,0,167,47),(48,20,1,168,48),(49,20,2,169,49),(50,21,0,257,50),(51,21,1,258,51),(52,21,2,259,52),(53,22,0,260,53),(54,22,1,261,54),(55,23,0,262,55),(56,23,1,263,56),(57,23,2,264,57);
/*!40000 ALTER TABLE `AreaLayoutColumns` ENABLE KEYS */;
UNLOCK TABLES;

--
-- Table structure for table `AreaLayoutCustomColumns`
--

DROP TABLE IF EXISTS `AreaLayoutCustomColumns`;
/*!40101 SET @saved_cs_client     = @@character_set_client */;
/*!40101 SET character_set_client = utf8 */;
CREATE TABLE `AreaLayoutCustomColumns` (
  `arLayoutColumnID` int(10) unsigned NOT NULL AUTO_INCREMENT,
  `arLayoutColumnWidth` varchar(64) COLLATE utf8_unicode_ci NOT NULL,
  PRIMARY KEY (`arLayoutColumnID`)
) ENGINE=InnoDB DEFAULT CHARSET=utf8 COLLATE=utf8_unicode_ci;
/*!40101 SET character_set_client = @saved_cs_client */;

--
-- Dumping data for table `AreaLayoutCustomColumns`
--

LOCK TABLES `AreaLayoutCustomColumns` WRITE;
/*!40000 ALTER TABLE `AreaLayoutCustomColumns` DISABLE KEYS */;
/*!40000 ALTER TABLE `AreaLayoutCustomColumns` ENABLE KEYS */;
UNLOCK TABLES;

--
-- Table structure for table `AreaLayoutPresets`
--

DROP TABLE IF EXISTS `AreaLayoutPresets`;
/*!40101 SET @saved_cs_client     = @@character_set_client */;
/*!40101 SET character_set_client = utf8 */;
CREATE TABLE `AreaLayoutPresets` (
  `arLayoutPresetID` int(10) unsigned NOT NULL AUTO_INCREMENT,
  `arLayoutID` int(10) unsigned NOT NULL DEFAULT '0',
  `arLayoutPresetName` varchar(255) COLLATE utf8_unicode_ci DEFAULT NULL,
  PRIMARY KEY (`arLayoutPresetID`),
  KEY `arLayoutID` (`arLayoutID`),
  KEY `arLayoutPresetName` (`arLayoutPresetName`)
) ENGINE=InnoDB DEFAULT CHARSET=utf8 COLLATE=utf8_unicode_ci;
/*!40101 SET character_set_client = @saved_cs_client */;

--
-- Dumping data for table `AreaLayoutPresets`
--

LOCK TABLES `AreaLayoutPresets` WRITE;
/*!40000 ALTER TABLE `AreaLayoutPresets` DISABLE KEYS */;
/*!40000 ALTER TABLE `AreaLayoutPresets` ENABLE KEYS */;
UNLOCK TABLES;

--
-- Table structure for table `AreaLayoutThemeGridColumns`
--

DROP TABLE IF EXISTS `AreaLayoutThemeGridColumns`;
/*!40101 SET @saved_cs_client     = @@character_set_client */;
/*!40101 SET character_set_client = utf8 */;
CREATE TABLE `AreaLayoutThemeGridColumns` (
  `arLayoutColumnID` int(10) unsigned NOT NULL AUTO_INCREMENT,
  `arLayoutColumnSpan` int(10) unsigned DEFAULT '0',
  `arLayoutColumnOffset` int(10) unsigned DEFAULT '0',
  PRIMARY KEY (`arLayoutColumnID`)
) ENGINE=InnoDB AUTO_INCREMENT=58 DEFAULT CHARSET=utf8 COLLATE=utf8_unicode_ci;
/*!40101 SET character_set_client = @saved_cs_client */;

--
-- Dumping data for table `AreaLayoutThemeGridColumns`
--

LOCK TABLES `AreaLayoutThemeGridColumns` WRITE;
/*!40000 ALTER TABLE `AreaLayoutThemeGridColumns` DISABLE KEYS */;
INSERT INTO `AreaLayoutThemeGridColumns` VALUES (1,4,0),(2,5,0),(3,3,0),(4,4,0),(5,4,0),(6,4,0),(7,6,0),(8,6,0),(9,6,0),(10,6,0),(11,6,0),(12,3,3),(13,4,0),(14,4,0),(15,4,0),(16,5,0),(17,6,1),(18,6,0),(19,6,0),(20,4,0),(21,4,0),(22,4,0),(23,4,0),(24,4,0),(25,4,0),(26,7,0),(27,4,1),(28,4,0),(29,4,0),(30,4,0),(31,4,0),(32,4,0),(33,4,0),(34,4,0),(35,4,0),(36,4,0),(37,6,0),(38,3,3),(39,6,0),(40,3,3),(41,6,0),(42,3,3),(43,6,0),(44,3,3),(45,6,0),(46,6,0),(47,4,0),(48,4,0),(49,4,0),(50,4,0),(51,4,0),(52,4,0),(53,4,0),(54,8,0),(55,4,0),(56,4,0),(57,4,0);
/*!40000 ALTER TABLE `AreaLayoutThemeGridColumns` ENABLE KEYS */;
UNLOCK TABLES;

--
-- Table structure for table `AreaLayouts`
--

DROP TABLE IF EXISTS `AreaLayouts`;
/*!40101 SET @saved_cs_client     = @@character_set_client */;
/*!40101 SET character_set_client = utf8 */;
CREATE TABLE `AreaLayouts` (
  `arLayoutID` int(10) unsigned NOT NULL AUTO_INCREMENT,
  `arLayoutSpacing` int(10) unsigned NOT NULL DEFAULT '0',
  `arLayoutIsCustom` tinyint(1) NOT NULL DEFAULT '0',
  `arLayoutIsPreset` tinyint(1) NOT NULL DEFAULT '0',
  `arLayoutMaxColumns` int(10) unsigned NOT NULL DEFAULT '0',
  `arLayoutUsesThemeGridFramework` tinyint(1) NOT NULL DEFAULT '0',
  PRIMARY KEY (`arLayoutID`)
) ENGINE=InnoDB AUTO_INCREMENT=24 DEFAULT CHARSET=utf8 COLLATE=utf8_unicode_ci;
/*!40101 SET character_set_client = @saved_cs_client */;

--
-- Dumping data for table `AreaLayouts`
--

LOCK TABLES `AreaLayouts` WRITE;
/*!40000 ALTER TABLE `AreaLayouts` DISABLE KEYS */;
INSERT INTO `AreaLayouts` VALUES (1,0,0,0,12,1),(2,0,0,0,12,1),(3,0,0,0,12,1),(4,0,0,0,12,1),(5,0,0,0,12,1),(6,0,0,0,12,1),(7,0,0,0,12,1),(8,0,0,0,12,1),(9,0,0,0,12,1),(10,0,0,0,12,1),(11,0,0,0,12,1),(12,0,0,0,12,1),(13,0,0,0,12,1),(14,0,0,0,12,1),(15,0,0,0,12,1),(16,0,0,0,12,1),(17,0,0,0,12,1),(18,0,0,0,12,1),(19,0,0,0,12,1),(20,0,0,0,12,1),(21,0,0,0,12,1),(22,0,0,0,12,1),(23,0,0,0,12,1);
/*!40000 ALTER TABLE `AreaLayouts` ENABLE KEYS */;
UNLOCK TABLES;

--
-- Table structure for table `AreaLayoutsUsingPresets`
--

DROP TABLE IF EXISTS `AreaLayoutsUsingPresets`;
/*!40101 SET @saved_cs_client     = @@character_set_client */;
/*!40101 SET character_set_client = utf8 */;
CREATE TABLE `AreaLayoutsUsingPresets` (
  `arLayoutID` int(10) unsigned NOT NULL,
  `preset` varchar(255) COLLATE utf8_unicode_ci NOT NULL DEFAULT '',
  PRIMARY KEY (`arLayoutID`)
) ENGINE=InnoDB DEFAULT CHARSET=utf8 COLLATE=utf8_unicode_ci;
/*!40101 SET character_set_client = @saved_cs_client */;

--
-- Dumping data for table `AreaLayoutsUsingPresets`
--

LOCK TABLES `AreaLayoutsUsingPresets` WRITE;
/*!40000 ALTER TABLE `AreaLayoutsUsingPresets` DISABLE KEYS */;
/*!40000 ALTER TABLE `AreaLayoutsUsingPresets` ENABLE KEYS */;
UNLOCK TABLES;

--
-- Table structure for table `AreaPermissionAssignments`
--

DROP TABLE IF EXISTS `AreaPermissionAssignments`;
/*!40101 SET @saved_cs_client     = @@character_set_client */;
/*!40101 SET character_set_client = utf8 */;
CREATE TABLE `AreaPermissionAssignments` (
  `cID` int(10) unsigned NOT NULL DEFAULT '0',
  `arHandle` varchar(255) COLLATE utf8_unicode_ci NOT NULL,
  `pkID` int(10) unsigned NOT NULL DEFAULT '0',
  `paID` int(10) unsigned NOT NULL DEFAULT '0',
  PRIMARY KEY (`cID`,`arHandle`,`pkID`,`paID`),
  KEY `paID` (`paID`),
  KEY `pkID` (`pkID`)
) ENGINE=InnoDB DEFAULT CHARSET=utf8 COLLATE=utf8_unicode_ci;
/*!40101 SET character_set_client = @saved_cs_client */;

--
-- Dumping data for table `AreaPermissionAssignments`
--

LOCK TABLES `AreaPermissionAssignments` WRITE;
/*!40000 ALTER TABLE `AreaPermissionAssignments` DISABLE KEYS */;
/*!40000 ALTER TABLE `AreaPermissionAssignments` ENABLE KEYS */;
UNLOCK TABLES;

--
-- Table structure for table `AreaPermissionBlockTypeAccessList`
--

DROP TABLE IF EXISTS `AreaPermissionBlockTypeAccessList`;
/*!40101 SET @saved_cs_client     = @@character_set_client */;
/*!40101 SET character_set_client = utf8 */;
CREATE TABLE `AreaPermissionBlockTypeAccessList` (
  `paID` int(10) unsigned NOT NULL DEFAULT '0',
  `peID` int(10) unsigned NOT NULL DEFAULT '0',
  `permission` varchar(1) COLLATE utf8_unicode_ci NOT NULL DEFAULT '1',
  PRIMARY KEY (`paID`,`peID`),
  KEY `peID` (`peID`)
) ENGINE=InnoDB DEFAULT CHARSET=utf8 COLLATE=utf8_unicode_ci;
/*!40101 SET character_set_client = @saved_cs_client */;

--
-- Dumping data for table `AreaPermissionBlockTypeAccessList`
--

LOCK TABLES `AreaPermissionBlockTypeAccessList` WRITE;
/*!40000 ALTER TABLE `AreaPermissionBlockTypeAccessList` DISABLE KEYS */;
/*!40000 ALTER TABLE `AreaPermissionBlockTypeAccessList` ENABLE KEYS */;
UNLOCK TABLES;

--
-- Table structure for table `AreaPermissionBlockTypeAccessListCustom`
--

DROP TABLE IF EXISTS `AreaPermissionBlockTypeAccessListCustom`;
/*!40101 SET @saved_cs_client     = @@character_set_client */;
/*!40101 SET character_set_client = utf8 */;
CREATE TABLE `AreaPermissionBlockTypeAccessListCustom` (
  `paID` int(10) unsigned NOT NULL DEFAULT '0',
  `peID` int(10) unsigned NOT NULL DEFAULT '0',
  `btID` int(10) unsigned NOT NULL DEFAULT '0',
  PRIMARY KEY (`paID`,`peID`,`btID`),
  KEY `peID` (`peID`),
  KEY `btID` (`btID`)
) ENGINE=InnoDB DEFAULT CHARSET=utf8 COLLATE=utf8_unicode_ci;
/*!40101 SET character_set_client = @saved_cs_client */;

--
-- Dumping data for table `AreaPermissionBlockTypeAccessListCustom`
--

LOCK TABLES `AreaPermissionBlockTypeAccessListCustom` WRITE;
/*!40000 ALTER TABLE `AreaPermissionBlockTypeAccessListCustom` DISABLE KEYS */;
/*!40000 ALTER TABLE `AreaPermissionBlockTypeAccessListCustom` ENABLE KEYS */;
UNLOCK TABLES;

--
-- Table structure for table `Areas`
--

DROP TABLE IF EXISTS `Areas`;
/*!40101 SET @saved_cs_client     = @@character_set_client */;
/*!40101 SET character_set_client = utf8 */;
CREATE TABLE `Areas` (
  `arID` int(10) unsigned NOT NULL AUTO_INCREMENT,
  `cID` int(10) unsigned NOT NULL DEFAULT '0',
  `arHandle` varchar(255) COLLATE utf8_unicode_ci NOT NULL,
  `arOverrideCollectionPermissions` tinyint(1) NOT NULL DEFAULT '0',
  `arInheritPermissionsFromAreaOnCID` int(10) unsigned NOT NULL DEFAULT '0',
  `arIsGlobal` tinyint(1) NOT NULL DEFAULT '0',
  `arParentID` int(10) unsigned NOT NULL DEFAULT '0',
  PRIMARY KEY (`arID`),
  KEY `arIsGlobal` (`arIsGlobal`),
  KEY `cID` (`cID`),
  KEY `arHandle` (`arHandle`),
  KEY `arParentID` (`arParentID`)
) ENGINE=InnoDB AUTO_INCREMENT=267 DEFAULT CHARSET=utf8 COLLATE=utf8_unicode_ci;
/*!40101 SET character_set_client = @saved_cs_client */;

--
-- Dumping data for table `Areas`
--

LOCK TABLES `Areas` WRITE;
/*!40000 ALTER TABLE `Areas` DISABLE KEYS */;
INSERT INTO `Areas` VALUES (1,126,'Main',0,0,0,0),(2,127,'Primary',0,0,0,0),(3,127,'Secondary 1',0,0,0,0),(4,127,'Secondary 2',0,0,0,0),(5,127,'Secondary 3',0,0,0,0),(6,127,'Secondary 4',0,0,0,0),(7,127,'Secondary 5',0,0,0,0),(8,144,'Main',0,0,0,0),(13,1,'Main',0,0,0,0),(14,1,'Page Footer',0,0,0,0),(21,161,'Main',0,0,0,0),(22,162,'Main',0,0,0,0),(23,163,'Main',0,0,0,0),(24,164,'Main',0,0,0,0),(25,165,'Main',0,0,0,0),(26,166,'Main',0,0,0,0),(27,167,'Main',0,0,0,0),(28,168,'Main',0,0,0,0),(29,169,'Main',0,0,0,0),(30,170,'Main',0,0,0,0),(31,171,'Main',0,0,0,0),(32,172,'Main',0,0,0,0),(33,173,'Main',0,0,0,0),(34,174,'Main',0,0,0,0),(35,175,'Main',0,0,0,0),(36,176,'Main',0,0,0,0),(37,176,'Intro',0,0,0,0),(38,176,'Intro : 1',0,0,0,37),(39,176,'Intro : 2',0,0,0,37),(40,176,'Intro : 3',0,0,0,37),(41,181,'Intro',0,0,0,0),(42,181,'Intro : 4',0,0,0,41),(43,181,'Intro : 5',0,0,0,41),(44,181,'Intro : 6',0,0,0,41),(45,181,'Main',0,0,0,0),(46,181,'Main : 7',0,0,0,45),(47,181,'Main : 8',0,0,0,45),(48,181,'Sidebar',0,0,0,0),(49,185,'Header',0,0,0,0),(50,185,'Header : 9',0,0,0,49),(51,185,'Header : 10',0,0,0,49),(52,185,'Main',0,0,0,0),(53,185,'Main - 1',0,0,0,0),(54,185,'Main - 1 : 11',0,0,0,53),(55,185,'Main - 1 : 12',0,0,0,53),(56,1,'Header Image',0,0,0,0),(57,1,'Header',0,0,0,0),(58,1,'Header : 13',0,0,0,57),(59,1,'Header : 14',0,0,0,57),(60,1,'Header : 15',0,0,0,57),(61,1,'Main - 1',0,0,0,0),(62,1,'Main - 1 : 16',0,0,0,61),(63,1,'Main - 1 : 17',0,0,0,61),(64,1,'Main - 1 : 17 : 18',0,0,0,63),(65,1,'Main - 1 : 17 : 19',0,0,0,63),(66,1,'Main - 2',0,0,0,0),(67,182,'Main',0,0,0,0),(68,182,'Intro',0,0,0,0),(69,182,'Intro : 4',0,0,0,68),(70,182,'Intro : 5',0,0,0,68),(71,182,'Intro : 6',0,0,0,68),(72,182,'Main : 7',0,0,0,67),(73,182,'Main : 8',0,0,0,67),(74,182,'Sidebar',0,0,0,0),(75,183,'Main',0,0,0,0),(76,183,'Intro',0,0,0,0),(77,183,'Intro : 4',0,0,0,76),(78,183,'Intro : 5',0,0,0,76),(79,183,'Intro : 6',0,0,0,76),(80,183,'Main : 7',0,0,0,75),(81,183,'Main : 8',0,0,0,75),(82,183,'Sidebar',0,0,0,0),(83,184,'Main',0,0,0,0),(84,184,'Intro',0,0,0,0),(85,184,'Intro : 4',0,0,0,84),(86,184,'Intro : 5',0,0,0,84),(87,184,'Intro : 6',0,0,0,84),(88,184,'Main : 7',0,0,0,83),(89,184,'Main : 8',0,0,0,83),(90,184,'Sidebar',0,0,0,0),(91,177,'Main',0,0,0,0),(92,177,'Main : 20',0,0,0,91),(93,177,'Main : 21',0,0,0,91),(94,177,'Main : 22',0,0,0,91),(95,177,'Main - 1',0,0,0,0),(96,177,'Main Bottom',0,0,0,0),(97,177,'Main - 2',0,0,0,0),(98,177,'Main - 2 : 23',0,0,0,97),(99,177,'Main - 2 : 24',0,0,0,97),(100,177,'Main - 2 : 25',0,0,0,97),(101,177,'Header Image',0,0,0,0),(102,178,'Main',0,0,0,0),(103,178,'Main - 1',0,0,0,0),(104,178,'Main - 1 : 26',0,0,0,103),(105,178,'Main - 1 : 27',0,0,0,103),(106,178,'Main Bottom',0,0,0,0),(107,178,'Main Bottom : 28',0,0,0,106),(108,178,'Main Bottom : 29',0,0,0,106),(109,178,'Main Bottom : 30',0,0,0,106),(110,178,'Header Image',0,0,0,0),(111,178,'Header',0,0,0,0),(112,178,'Header : 31',0,0,0,111),(113,178,'Header : 32',0,0,0,111),(114,178,'Header : 33',0,0,0,111),(115,179,'Main',0,0,0,0),(116,179,'Intro',0,0,0,0),(117,179,'Intro : 34',0,0,0,116),(118,179,'Intro : 35',0,0,0,116),(119,179,'Intro : 36',0,0,0,116),(120,179,'Sidebar',0,0,0,0),(121,186,'Main',0,0,0,0),(122,186,'Main - 1',0,0,0,0),(123,186,'Main - 1 : 37',0,0,0,122),(124,186,'Main - 1 : 38',0,0,0,122),(125,186,'Header',0,0,0,0),(126,186,'Header : 9',0,0,0,125),(127,186,'Header : 10',0,0,0,125),(128,187,'Main',0,0,0,0),(129,187,'Main - 1',0,0,0,0),(130,187,'Main - 1 : 39',0,0,0,129),(131,187,'Main - 1 : 40',0,0,0,129),(132,187,'Header',0,0,0,0),(133,187,'Header : 9',0,0,0,132),(134,187,'Header : 10',0,0,0,132),(135,188,'Main',0,0,0,0),(136,188,'Main - 1',0,0,0,0),(137,188,'Main - 1 : 41',0,0,0,136),(138,188,'Main - 1 : 42',0,0,0,136),(139,188,'Header',0,0,0,0),(140,188,'Header : 9',0,0,0,139),(141,188,'Header : 10',0,0,0,139),(142,180,'Main',0,0,0,0),(143,180,'Main - 1',0,0,0,0),(144,180,'Intro',0,0,0,0),(145,180,'Intro : 1',0,0,0,144),(146,180,'Intro : 2',0,0,0,144),(147,180,'Intro : 3',0,0,0,144),(148,189,'Main',0,0,0,0),(149,189,'Main - 1',0,0,0,0),(150,189,'Main - 1 : 43',0,0,0,149),(151,189,'Main - 1 : 44',0,0,0,149),(152,189,'Header',0,0,0,0),(153,189,'Header : 9',0,0,0,152),(154,189,'Header : 10',0,0,0,152),(155,1,'Responsive Navigation',0,0,1,0),(156,1,'Logo',0,0,1,0),(157,1,'Header Right',0,0,1,0),(158,1,'Header Right Local',0,0,0,0),(159,1,'Intro',0,0,0,0),(160,1,'Main - 3',0,0,0,0),(161,1,'Main Bottom',0,0,0,0),(162,1,'Footer 01',0,0,1,0),(163,1,'Footer 02',0,0,1,0),(164,1,'Footer 03',0,0,1,0),(165,1,'Header : 45',0,0,0,57),(166,1,'Header : 46',0,0,0,57),(167,1,'Main : 47',0,0,0,13),(168,1,'Main : 48',0,0,0,13),(169,1,'Main : 49',0,0,0,13),(170,199,'Main',0,0,0,0),(171,177,'Responsive Navigation',0,0,1,0),(172,177,'Header',0,0,0,0),(173,177,'Intro',0,0,0,0),(174,177,'Main - 3',0,0,0,0),(175,177,'Footer 01',0,0,1,0),(176,177,'Footer 02',0,0,1,0),(177,177,'Footer 03',0,0,1,0),(178,178,'Responsive Navigation',0,0,1,0),(179,178,'Intro',0,0,0,0),(180,178,'Footer 01',0,0,1,0),(181,178,'Footer 02',0,0,1,0),(182,178,'Footer 03',0,0,1,0),(183,180,'Responsive Navigation',0,0,1,0),(184,180,'Header',0,0,0,0),(185,180,'Header Image',0,0,0,0),(186,180,'Main Bottom',0,0,0,0),(187,180,'Footer 01',0,0,1,0),(188,180,'Footer 02',0,0,1,0),(189,180,'Footer 03',0,0,1,0),(190,179,'Responsive Navigation',0,0,1,0),(191,179,'Header',0,0,0,0),(192,179,'Header Image',0,0,0,0),(193,179,'Main - 1',0,0,0,0),(194,179,'Sidebar Footer',0,0,0,0),(195,179,'Main Bottom',0,0,0,0),(196,179,'Footer 01',0,0,1,0),(197,179,'Footer 02',0,0,1,0),(198,179,'Footer 03',0,0,1,0),(199,186,'Responsive Navigation',0,0,1,0),(200,186,'Header Image',0,0,0,0),(201,186,'Intro',0,0,0,0),(202,186,'Main Bottom',0,0,0,0),(203,186,'Footer 01',0,0,1,0),(204,186,'Footer 02',0,0,1,0),(205,186,'Footer 03',0,0,1,0),(206,186,'Main - 1 : 11',0,0,0,0),(207,187,'Responsive Navigation',0,0,1,0),(208,187,'Header Image',0,0,0,0),(209,187,'Intro',0,0,0,0),(210,187,'Main Bottom',0,0,0,0),(211,187,'Footer 01',0,0,1,0),(212,187,'Footer 02',0,0,1,0),(213,187,'Footer 03',0,0,1,0),(214,187,'Main - 1 : 11',0,0,0,0),(215,188,'Responsive Navigation',0,0,1,0),(216,188,'Header Image',0,0,0,0),(217,188,'Intro',0,0,0,0),(218,188,'Main Bottom',0,0,0,0),(219,188,'Footer 01',0,0,1,0),(220,188,'Footer 02',0,0,1,0),(221,188,'Footer 03',0,0,1,0),(222,189,'Responsive Navigation',0,0,1,0),(223,189,'Header Image',0,0,0,0),(224,189,'Intro',0,0,0,0),(225,189,'Main Bottom',0,0,0,0),(226,189,'Footer 01',0,0,1,0),(227,189,'Footer 02',0,0,1,0),(228,189,'Footer 03',0,0,1,0),(229,182,'Responsive Navigation',0,0,1,0),(230,182,'Header',0,0,0,0),(231,182,'Header Image',0,0,0,0),(232,182,'Main - 1',0,0,0,0),(233,182,'Sidebar Footer',0,0,0,0),(234,182,'Main Bottom',0,0,0,0),(235,182,'Footer 01',0,0,1,0),(236,182,'Footer 02',0,0,1,0),(237,182,'Footer 03',0,0,1,0),(238,183,'Responsive Navigation',0,0,1,0),(239,183,'Header',0,0,0,0),(240,183,'Header Image',0,0,0,0),(241,183,'Main - 1',0,0,0,0),(242,183,'Sidebar Footer',0,0,0,0),(243,183,'Main Bottom',0,0,0,0),(244,183,'Footer 01',0,0,1,0),(245,183,'Footer 02',0,0,1,0),(246,183,'Footer 03',0,0,1,0),(247,184,'Responsive Navigation',0,0,1,0),(248,184,'Header',0,0,0,0),(249,184,'Header Image',0,0,0,0),(250,184,'Main - 1',0,0,0,0),(251,184,'Sidebar Footer',0,0,0,0),(252,184,'Main Bottom',0,0,0,0),(253,184,'Footer 01',0,0,1,0),(254,184,'Footer 02',0,0,1,0),(255,184,'Footer 03',0,0,1,0),(256,220,'Main',0,0,0,0),(257,220,'Main : 50',0,0,0,256),(258,220,'Main : 51',0,0,0,256),(259,220,'Main : 52',0,0,0,256),(260,220,'Main : 53',0,0,0,256),(261,220,'Main : 54',0,0,0,256),(262,220,'Main : 55',0,0,0,256),(263,220,'Main : 56',0,0,0,256),(264,220,'Main : 57',0,0,0,256),(265,221,'Main',0,0,0,0),(266,222,'Main',0,0,0,0);
/*!40000 ALTER TABLE `Areas` ENABLE KEYS */;
UNLOCK TABLES;

--
-- Table structure for table `AttributeKeys`
--

DROP TABLE IF EXISTS `AttributeKeys`;
/*!40101 SET @saved_cs_client     = @@character_set_client */;
/*!40101 SET character_set_client = utf8 */;
CREATE TABLE `AttributeKeys` (
  `akID` int(10) unsigned NOT NULL AUTO_INCREMENT,
  `akHandle` varchar(255) COLLATE utf8_unicode_ci NOT NULL,
  `akName` varchar(255) COLLATE utf8_unicode_ci NOT NULL,
  `akIsSearchable` tinyint(1) NOT NULL,
  `akIsInternal` tinyint(1) NOT NULL,
  `akIsSearchableIndexed` tinyint(1) NOT NULL,
  `atID` int(10) unsigned DEFAULT NULL,
  `akCategoryID` int(10) unsigned DEFAULT NULL,
  `pkgID` int(10) unsigned DEFAULT NULL,
  `akCategory` varchar(255) COLLATE utf8_unicode_ci NOT NULL,
  PRIMARY KEY (`akID`),
  KEY `IDX_DCA32C62A12CFE33` (`atID`),
  KEY `IDX_DCA32C62B059B76B` (`akCategoryID`),
  KEY `pkgID` (`pkgID`),
  CONSTRAINT `FK_DCA32C62CE45CBB0` FOREIGN KEY (`pkgID`) REFERENCES `Packages` (`pkgID`),
  CONSTRAINT `FK_DCA32C62A12CFE33` FOREIGN KEY (`atID`) REFERENCES `AttributeTypes` (`atID`),
  CONSTRAINT `FK_DCA32C62B059B76B` FOREIGN KEY (`akCategoryID`) REFERENCES `AttributeKeyCategories` (`akCategoryID`)
) ENGINE=InnoDB AUTO_INCREMENT=38 DEFAULT CHARSET=utf8 COLLATE=utf8_unicode_ci;
/*!40101 SET character_set_client = @saved_cs_client */;

--
-- Dumping data for table `AttributeKeys`
--

LOCK TABLES `AttributeKeys` WRITE;
/*!40000 ALTER TABLE `AttributeKeys` DISABLE KEYS */;
INSERT INTO `AttributeKeys` VALUES (1,'meta_title','Meta Title',1,0,1,1,1,NULL,'pagekey'),(2,'meta_description','Meta Description',1,0,1,2,1,NULL,'pagekey'),(3,'meta_keywords','Meta Keywords',1,0,1,2,1,NULL,'pagekey'),(4,'icon_dashboard','Dashboard Icon',0,1,0,2,1,NULL,'pagekey'),(5,'exclude_nav','Exclude From Nav',1,0,1,3,1,NULL,'pagekey'),(6,'exclude_page_list','Exclude From Page List',1,0,1,3,1,NULL,'pagekey'),(7,'header_extra_content','Header Extra Content',1,0,1,2,1,NULL,'pagekey'),(8,'tags','Tags',1,0,1,8,1,NULL,'pagekey'),(9,'is_featured','Is Featured',1,0,0,3,1,NULL,'pagekey'),(10,'exclude_search_index','Exclude From Search Index',1,0,1,3,1,NULL,'pagekey'),(11,'exclude_sitemapxml','Exclude From sitemap.xml',1,0,1,3,1,NULL,'pagekey'),(12,'profile_private_messages_enabled','I would like to receive private messages.',1,0,0,3,2,NULL,'userkey'),(13,'profile_private_messages_notification_enabled','Send me email notifications when I receive a private message.',1,0,0,3,2,NULL,'userkey'),(14,'width','Width',1,0,1,6,3,NULL,'filekey'),(15,'height','Height',1,0,1,6,3,NULL,'filekey'),(16,'account_profile_links','Personal Links',0,0,0,11,2,NULL,'userkey'),(17,'duration','Duration',1,0,1,6,3,NULL,'filekey'),(18,'page_backgrounds','Slide Background',0,0,0,12,1,1,'pagekey'),(19,'page_background','Page Background',1,0,1,5,1,1,'pagekey'),(20,'thumbnail','Thumbnail',1,0,1,5,1,1,'pagekey'),(21,'main_page_color','Main page color',1,0,1,14,1,1,'pagekey'),(22,'icon','Icon from fontAwesome',0,0,1,15,1,1,'pagekey'),(23,'supermint_theme_preset_options','Theme preset Options',1,0,1,13,1,1,'pagekey'),(24,'supermint_navigation_type','SLide Navigation Type',1,0,1,8,1,1,'pagekey'),(25,'display_multi_columns_drop','Display multi-columns dropdown',0,0,0,3,1,NULL,'pagekey'),(26,'number_of_main_areas','Number of main areas',0,0,1,8,1,1,'pagekey'),(27,'number_of_wide_columns','Number of columns on Full Wide',0,0,1,8,1,1,'pagekey'),(28,'layout_mode','Layout Mode',0,0,1,8,1,1,'pagekey'),(29,'review_occupation','Occupation',1,0,1,1,1,1,'pagekey'),(30,'review_website','Office Website',1,0,1,1,1,1,'pagekey'),(31,'review_website_url','Office Website URL',1,0,1,1,1,1,'pagekey'),(32,'review_name','Name',1,0,1,1,1,1,'pagekey'),(33,'ribbon_text','Text for the ribbon',0,0,0,1,1,1,'pagekey'),(34,'exclude_subpages_from_nav','Exlude Subpages from navigation',0,0,0,3,1,NULL,'pagekey'),(35,'replace_link_with_first_in_nav','Replace Link with First in Nav',0,0,0,3,1,NULL,'pagekey'),(36,'is_desktop','Is Desktop',1,1,0,3,1,NULL,'pagekey'),(37,'desktop_priority','Desktop Priority',1,1,0,6,1,NULL,'pagekey');
/*!40000 ALTER TABLE `AttributeKeys` ENABLE KEYS */;
UNLOCK TABLES;

--
-- Table structure for table `AttributeValues`
--

DROP TABLE IF EXISTS `AttributeValues`;
/*!40101 SET @saved_cs_client     = @@character_set_client */;
/*!40101 SET character_set_client = utf8 */;
CREATE TABLE `AttributeValues` (
  `avID` int(10) unsigned NOT NULL AUTO_INCREMENT,
  `akID` int(10) unsigned DEFAULT NULL,
  PRIMARY KEY (`avID`),
  KEY `IDX_DCCE7864B6561A7E` (`akID`),
  CONSTRAINT `FK_DCCE7864B6561A7E` FOREIGN KEY (`akID`) REFERENCES `AttributeKeys` (`akID`)
) ENGINE=InnoDB AUTO_INCREMENT=223 DEFAULT CHARSET=utf8 COLLATE=utf8_unicode_ci;
/*!40101 SET character_set_client = @saved_cs_client */;

--
-- Dumping data for table `AttributeValues`
--

LOCK TABLES `AttributeValues` WRITE;
/*!40000 ALTER TABLE `AttributeValues` DISABLE KEYS */;
INSERT INTO `AttributeValues` VALUES (150,1),(151,2),(2,3),(3,3),(4,3),(5,3),(6,3),(7,3),(8,3),(10,3),(11,3),(12,3),(13,3),(14,3),(15,3),(17,3),(19,3),(20,3),(21,3),(22,3),(23,3),(24,3),(25,3),(26,3),(27,3),(36,3),(37,3),(38,3),(40,3),(41,3),(44,3),(45,3),(46,3),(48,3),(49,3),(50,3),(52,3),(53,3),(54,3),(55,3),(56,3),(57,3),(58,3),(59,3),(60,3),(61,3),(62,3),(63,3),(64,3),(65,3),(66,3),(67,3),(68,3),(69,3),(70,3),(71,3),(72,3),(73,3),(74,3),(75,3),(76,3),(77,3),(78,3),(79,3),(80,3),(81,3),(82,3),(83,3),(84,3),(85,3),(86,3),(87,3),(88,3),(89,3),(90,3),(91,3),(92,3),(93,3),(94,3),(95,3),(96,3),(97,3),(99,3),(100,3),(101,3),(102,3),(103,3),(104,3),(105,3),(152,3),(216,3),(1,4),(39,4),(109,4),(110,4),(111,4),(112,4),(9,5),(16,5),(18,5),(28,5),(29,5),(30,5),(31,5),(32,5),(33,5),(34,5),(35,5),(42,5),(47,5),(51,5),(106,5),(107,5),(207,5),(208,5),(209,5),(210,5),(211,5),(213,5),(215,5),(219,5),(222,5),(153,7),(121,8),(122,8),(124,8),(127,8),(130,8),(134,8),(137,8),(139,8),(141,8),(144,8),(181,8),(184,8),(186,8),(188,8),(190,8),(192,8),(201,8),(204,8),(43,10),(98,10),(108,10),(212,10),(214,10),(154,11),(113,14),(115,14),(117,14),(119,14),(148,14),(155,14),(160,14),(165,14),(167,14),(169,14),(171,14),(173,14),(175,14),(177,14),(179,14),(195,14),(197,14),(199,14),(114,15),(116,15),(118,15),(120,15),(149,15),(156,15),(161,15),(166,15),(168,15),(170,15),(172,15),(174,15),(176,15),(178,15),(180,15),(196,15),(198,15),(200,15),(125,19),(128,19),(131,19),(159,19),(162,19),(183,19),(194,19),(203,19),(206,19),(126,20),(129,20),(132,20),(138,20),(140,20),(142,20),(145,20),(182,20),(185,20),(187,20),(189,20),(191,20),(193,20),(202,20),(205,20),(135,22),(147,23),(157,23),(163,23),(123,26),(133,26),(146,26),(158,26),(164,26),(136,34),(143,34),(218,36),(221,36),(217,37),(220,37);
/*!40000 ALTER TABLE `AttributeValues` ENABLE KEYS */;
UNLOCK TABLES;

--
-- Table structure for table `AuthenticationTypes`
--

DROP TABLE IF EXISTS `AuthenticationTypes`;
/*!40101 SET @saved_cs_client     = @@character_set_client */;
/*!40101 SET character_set_client = utf8 */;
CREATE TABLE `AuthenticationTypes` (
  `authTypeID` int(10) unsigned NOT NULL AUTO_INCREMENT,
  `authTypeHandle` varchar(255) COLLATE utf8_unicode_ci NOT NULL,
  `authTypeName` varchar(255) COLLATE utf8_unicode_ci NOT NULL,
  `authTypeIsEnabled` tinyint(1) NOT NULL,
  `authTypeDisplayOrder` int(10) unsigned DEFAULT NULL,
  `pkgID` int(10) unsigned DEFAULT NULL,
  PRIMARY KEY (`authTypeID`),
  UNIQUE KEY `authTypeHandle` (`authTypeHandle`),
  KEY `pkgID` (`pkgID`)
) ENGINE=InnoDB AUTO_INCREMENT=6 DEFAULT CHARSET=utf8 COLLATE=utf8_unicode_ci;
/*!40101 SET character_set_client = @saved_cs_client */;

--
-- Dumping data for table `AuthenticationTypes`
--

LOCK TABLES `AuthenticationTypes` WRITE;
/*!40000 ALTER TABLE `AuthenticationTypes` DISABLE KEYS */;
INSERT INTO `AuthenticationTypes` VALUES (1,'concrete','Standard',1,0,0),(2,'community','concrete5.org',0,0,0),(3,'facebook','Facebook',0,0,0),(4,'twitter','Twitter',0,0,0),(5,'google','Google',0,0,0);
/*!40000 ALTER TABLE `AuthenticationTypes` ENABLE KEYS */;
UNLOCK TABLES;

--
-- Table structure for table `BannedWords`
--

DROP TABLE IF EXISTS `BannedWords`;
/*!40101 SET @saved_cs_client     = @@character_set_client */;
/*!40101 SET character_set_client = utf8 */;
CREATE TABLE `BannedWords` (
  `bwID` int(10) unsigned NOT NULL AUTO_INCREMENT,
  `bannedWord` longtext COLLATE utf8_unicode_ci NOT NULL,
  PRIMARY KEY (`bwID`)
) ENGINE=InnoDB AUTO_INCREMENT=5 DEFAULT CHARSET=utf8 COLLATE=utf8_unicode_ci;
/*!40101 SET character_set_client = @saved_cs_client */;

--
-- Dumping data for table `BannedWords`
--

LOCK TABLES `BannedWords` WRITE;
/*!40000 ALTER TABLE `BannedWords` DISABLE KEYS */;
INSERT INTO `BannedWords` VALUES (1,'fuck'),(2,'shit'),(3,'bitch'),(4,'ass');
/*!40000 ALTER TABLE `BannedWords` ENABLE KEYS */;
UNLOCK TABLES;

--
-- Table structure for table `BasicWorkflowPermissionAssignments`
--

DROP TABLE IF EXISTS `BasicWorkflowPermissionAssignments`;
/*!40101 SET @saved_cs_client     = @@character_set_client */;
/*!40101 SET character_set_client = utf8 */;
CREATE TABLE `BasicWorkflowPermissionAssignments` (
  `wfID` int(10) unsigned NOT NULL DEFAULT '0',
  `pkID` int(10) unsigned NOT NULL DEFAULT '0',
  `paID` int(10) unsigned NOT NULL DEFAULT '0',
  PRIMARY KEY (`wfID`,`pkID`,`paID`),
  KEY `pkID` (`pkID`),
  KEY `paID` (`paID`)
) ENGINE=InnoDB DEFAULT CHARSET=utf8 COLLATE=utf8_unicode_ci;
/*!40101 SET character_set_client = @saved_cs_client */;

--
-- Dumping data for table `BasicWorkflowPermissionAssignments`
--

LOCK TABLES `BasicWorkflowPermissionAssignments` WRITE;
/*!40000 ALTER TABLE `BasicWorkflowPermissionAssignments` DISABLE KEYS */;
/*!40000 ALTER TABLE `BasicWorkflowPermissionAssignments` ENABLE KEYS */;
UNLOCK TABLES;

--
-- Table structure for table `BasicWorkflowProgressData`
--

DROP TABLE IF EXISTS `BasicWorkflowProgressData`;
/*!40101 SET @saved_cs_client     = @@character_set_client */;
/*!40101 SET character_set_client = utf8 */;
CREATE TABLE `BasicWorkflowProgressData` (
  `wpID` int(10) unsigned NOT NULL DEFAULT '0',
  `uIDStarted` int(10) unsigned NOT NULL DEFAULT '0',
  `uIDCompleted` int(10) unsigned NOT NULL DEFAULT '0',
  `wpDateCompleted` datetime DEFAULT NULL,
  PRIMARY KEY (`wpID`),
  KEY `uIDStarted` (`uIDStarted`),
  KEY `uIDCompleted` (`uIDCompleted`)
) ENGINE=InnoDB DEFAULT CHARSET=utf8 COLLATE=utf8_unicode_ci;
/*!40101 SET character_set_client = @saved_cs_client */;

--
-- Dumping data for table `BasicWorkflowProgressData`
--

LOCK TABLES `BasicWorkflowProgressData` WRITE;
/*!40000 ALTER TABLE `BasicWorkflowProgressData` DISABLE KEYS */;
/*!40000 ALTER TABLE `BasicWorkflowProgressData` ENABLE KEYS */;
UNLOCK TABLES;

--
-- Table structure for table `BlockFeatureAssignments`
--

DROP TABLE IF EXISTS `BlockFeatureAssignments`;
/*!40101 SET @saved_cs_client     = @@character_set_client */;
/*!40101 SET character_set_client = utf8 */;
CREATE TABLE `BlockFeatureAssignments` (
  `cID` int(10) unsigned NOT NULL DEFAULT '0',
  `cvID` int(10) unsigned NOT NULL DEFAULT '0',
  `bID` int(10) unsigned NOT NULL DEFAULT '0',
  `faID` int(10) unsigned NOT NULL DEFAULT '0',
  PRIMARY KEY (`cID`,`cvID`,`bID`,`faID`),
  KEY `faID` (`faID`,`cID`,`cvID`),
  KEY `bID` (`bID`)
) ENGINE=InnoDB DEFAULT CHARSET=utf8 COLLATE=utf8_unicode_ci;
/*!40101 SET character_set_client = @saved_cs_client */;

--
-- Dumping data for table `BlockFeatureAssignments`
--

LOCK TABLES `BlockFeatureAssignments` WRITE;
/*!40000 ALTER TABLE `BlockFeatureAssignments` DISABLE KEYS */;
INSERT INTO `BlockFeatureAssignments` VALUES (173,1,64,1),(1,1,71,2),(1,2,71,2),(1,1,72,3),(1,2,72,3),(1,1,73,4),(1,2,73,4),(186,1,135,5),(186,2,135,5),(187,1,143,6),(187,2,143,6),(188,1,151,7),(188,2,151,7),(188,3,151,7),(189,1,164,8),(189,2,164,8),(1,3,172,9),(1,4,172,9),(1,5,172,9),(1,6,172,9),(1,7,172,9),(1,3,176,10),(1,4,176,10),(1,5,176,10),(1,6,176,10),(1,7,176,10),(1,8,176,10),(1,9,176,10),(1,10,176,10),(1,11,176,10),(199,2,195,11),(177,3,203,12),(177,3,206,13),(177,3,207,14),(1,8,209,15),(1,9,209,15),(1,10,209,15),(1,11,211,16),(1,12,211,16),(1,13,211,16),(1,12,212,17),(1,13,212,17),(177,4,217,18),(177,4,218,19),(177,4,219,20),(186,3,220,21),(187,3,221,22),(188,4,222,23),(189,3,223,24);
/*!40000 ALTER TABLE `BlockFeatureAssignments` ENABLE KEYS */;
UNLOCK TABLES;

--
-- Table structure for table `BlockPermissionAssignments`
--

DROP TABLE IF EXISTS `BlockPermissionAssignments`;
/*!40101 SET @saved_cs_client     = @@character_set_client */;
/*!40101 SET character_set_client = utf8 */;
CREATE TABLE `BlockPermissionAssignments` (
  `cID` int(10) unsigned NOT NULL DEFAULT '0',
  `cvID` int(10) unsigned NOT NULL DEFAULT '0',
  `bID` int(10) unsigned NOT NULL DEFAULT '0',
  `pkID` int(10) unsigned NOT NULL DEFAULT '0',
  `paID` int(10) unsigned NOT NULL DEFAULT '0',
  PRIMARY KEY (`cID`,`cvID`,`bID`,`pkID`,`paID`),
  KEY `bID` (`bID`),
  KEY `pkID` (`pkID`),
  KEY `paID` (`paID`)
) ENGINE=InnoDB DEFAULT CHARSET=utf8 COLLATE=utf8_unicode_ci;
/*!40101 SET character_set_client = @saved_cs_client */;

--
-- Dumping data for table `BlockPermissionAssignments`
--

LOCK TABLES `BlockPermissionAssignments` WRITE;
/*!40000 ALTER TABLE `BlockPermissionAssignments` DISABLE KEYS */;
/*!40000 ALTER TABLE `BlockPermissionAssignments` ENABLE KEYS */;
UNLOCK TABLES;

--
-- Table structure for table `BlockRelations`
--

DROP TABLE IF EXISTS `BlockRelations`;
/*!40101 SET @saved_cs_client     = @@character_set_client */;
/*!40101 SET character_set_client = utf8 */;
CREATE TABLE `BlockRelations` (
  `brID` int(10) unsigned NOT NULL AUTO_INCREMENT,
  `bID` int(10) unsigned NOT NULL DEFAULT '0',
  `originalBID` int(10) unsigned NOT NULL DEFAULT '0',
  `relationType` varchar(50) COLLATE utf8_unicode_ci NOT NULL,
  PRIMARY KEY (`brID`),
  KEY `bID` (`bID`),
  KEY `originalBID` (`originalBID`)
) ENGINE=InnoDB AUTO_INCREMENT=28 DEFAULT CHARSET=utf8 COLLATE=utf8_unicode_ci;
/*!40101 SET character_set_client = @saved_cs_client */;

--
-- Dumping data for table `BlockRelations`
--

LOCK TABLES `BlockRelations` WRITE;
/*!40000 ALTER TABLE `BlockRelations` DISABLE KEYS */;
INSERT INTO `BlockRelations` VALUES (1,182,180,'DUPLICATE'),(2,184,180,'DUPLICATE'),(3,191,175,'DUPLICATE'),(4,192,187,'DUPLICATE'),(5,193,192,'DUPLICATE'),(6,194,193,'DUPLICATE'),(7,196,90,'DUPLICATE'),(8,197,91,'DUPLICATE'),(9,198,92,'DUPLICATE'),(10,199,93,'DUPLICATE'),(11,200,96,'DUPLICATE'),(14,206,203,'DUPLICATE'),(15,207,203,'DUPLICATE'),(16,209,172,'DUPLICATE'),(17,210,182,'DUPLICATE'),(18,211,209,'DUPLICATE'),(19,212,176,'DUPLICATE'),(20,217,203,'DUPLICATE'),(21,218,206,'DUPLICATE'),(22,219,207,'DUPLICATE'),(23,220,135,'DUPLICATE'),(24,221,143,'DUPLICATE'),(25,222,151,'DUPLICATE'),(26,223,164,'DUPLICATE'),(27,224,160,'DUPLICATE');
/*!40000 ALTER TABLE `BlockRelations` ENABLE KEYS */;
UNLOCK TABLES;

--
-- Table structure for table `BlockTypePermissionBlockTypeAccessList`
--

DROP TABLE IF EXISTS `BlockTypePermissionBlockTypeAccessList`;
/*!40101 SET @saved_cs_client     = @@character_set_client */;
/*!40101 SET character_set_client = utf8 */;
CREATE TABLE `BlockTypePermissionBlockTypeAccessList` (
  `paID` int(10) unsigned NOT NULL DEFAULT '0',
  `peID` int(10) unsigned NOT NULL DEFAULT '0',
  `permission` varchar(1) COLLATE utf8_unicode_ci NOT NULL DEFAULT '1',
  PRIMARY KEY (`paID`,`peID`),
  KEY `peID` (`peID`)
) ENGINE=InnoDB DEFAULT CHARSET=utf8 COLLATE=utf8_unicode_ci;
/*!40101 SET character_set_client = @saved_cs_client */;

--
-- Dumping data for table `BlockTypePermissionBlockTypeAccessList`
--

LOCK TABLES `BlockTypePermissionBlockTypeAccessList` WRITE;
/*!40000 ALTER TABLE `BlockTypePermissionBlockTypeAccessList` DISABLE KEYS */;
/*!40000 ALTER TABLE `BlockTypePermissionBlockTypeAccessList` ENABLE KEYS */;
UNLOCK TABLES;

--
-- Table structure for table `BlockTypePermissionBlockTypeAccessListCustom`
--

DROP TABLE IF EXISTS `BlockTypePermissionBlockTypeAccessListCustom`;
/*!40101 SET @saved_cs_client     = @@character_set_client */;
/*!40101 SET character_set_client = utf8 */;
CREATE TABLE `BlockTypePermissionBlockTypeAccessListCustom` (
  `paID` int(10) unsigned NOT NULL DEFAULT '0',
  `peID` int(10) unsigned NOT NULL DEFAULT '0',
  `btID` int(10) unsigned NOT NULL DEFAULT '0',
  PRIMARY KEY (`paID`,`peID`,`btID`),
  KEY `peID` (`peID`),
  KEY `btID` (`btID`)
) ENGINE=InnoDB DEFAULT CHARSET=utf8 COLLATE=utf8_unicode_ci;
/*!40101 SET character_set_client = @saved_cs_client */;

--
-- Dumping data for table `BlockTypePermissionBlockTypeAccessListCustom`
--

LOCK TABLES `BlockTypePermissionBlockTypeAccessListCustom` WRITE;
/*!40000 ALTER TABLE `BlockTypePermissionBlockTypeAccessListCustom` DISABLE KEYS */;
/*!40000 ALTER TABLE `BlockTypePermissionBlockTypeAccessListCustom` ENABLE KEYS */;
UNLOCK TABLES;

--
-- Table structure for table `BlockTypeSetBlockTypes`
--

DROP TABLE IF EXISTS `BlockTypeSetBlockTypes`;
/*!40101 SET @saved_cs_client     = @@character_set_client */;
/*!40101 SET character_set_client = utf8 */;
CREATE TABLE `BlockTypeSetBlockTypes` (
  `btID` int(10) unsigned NOT NULL DEFAULT '0',
  `btsID` int(10) unsigned NOT NULL DEFAULT '0',
  `displayOrder` int(10) unsigned NOT NULL DEFAULT '0',
  PRIMARY KEY (`btID`,`btsID`),
  KEY `btsID` (`btsID`,`displayOrder`)
) ENGINE=InnoDB DEFAULT CHARSET=utf8 COLLATE=utf8_unicode_ci;
/*!40101 SET character_set_client = @saved_cs_client */;

--
-- Dumping data for table `BlockTypeSetBlockTypes`
--

LOCK TABLES `BlockTypeSetBlockTypes` WRITE;
/*!40000 ALTER TABLE `BlockTypeSetBlockTypes` DISABLE KEYS */;
INSERT INTO `BlockTypeSetBlockTypes` VALUES (12,1,0),(25,1,1),(27,1,2),(15,1,3),(26,1,4),(19,1,5),(11,2,0),(18,2,1),(28,2,2),(30,2,3),(29,2,4),(13,2,5),(36,2,6),(20,2,7),(31,2,8),(35,2,9),(17,3,0),(32,3,1),(14,3,2),(40,3,3),(34,4,0),(5,4,1),(21,4,2),(22,4,3),(23,4,4),(16,5,0),(33,5,1),(37,5,2),(38,5,3),(24,5,4),(39,5,5),(43,6,0),(44,6,1),(45,6,2),(46,6,3),(47,6,4),(48,6,5),(49,6,6),(41,7,0),(42,7,1);
/*!40000 ALTER TABLE `BlockTypeSetBlockTypes` ENABLE KEYS */;
UNLOCK TABLES;

--
-- Table structure for table `BlockTypeSets`
--

DROP TABLE IF EXISTS `BlockTypeSets`;
/*!40101 SET @saved_cs_client     = @@character_set_client */;
/*!40101 SET character_set_client = utf8 */;
CREATE TABLE `BlockTypeSets` (
  `btsID` int(10) unsigned NOT NULL AUTO_INCREMENT,
  `btsName` varchar(255) COLLATE utf8_unicode_ci DEFAULT NULL,
  `btsHandle` varchar(255) COLLATE utf8_unicode_ci NOT NULL,
  `pkgID` int(10) unsigned NOT NULL DEFAULT '0',
  `btsDisplayOrder` int(10) unsigned NOT NULL DEFAULT '0',
  PRIMARY KEY (`btsID`),
  UNIQUE KEY `btsHandle` (`btsHandle`),
  KEY `btsDisplayOrder` (`btsDisplayOrder`),
  KEY `pkgID` (`pkgID`)
) ENGINE=InnoDB AUTO_INCREMENT=8 DEFAULT CHARSET=utf8 COLLATE=utf8_unicode_ci;
/*!40101 SET character_set_client = @saved_cs_client */;

--
-- Dumping data for table `BlockTypeSets`
--

LOCK TABLES `BlockTypeSets` WRITE;
/*!40000 ALTER TABLE `BlockTypeSets` DISABLE KEYS */;
INSERT INTO `BlockTypeSets` VALUES (1,'Basic','basic',0,0),(2,'Navigation','navigation',0,0),(3,'Forms','form',0,0),(4,'Social Networking','social',0,0),(5,'Multimedia','multimedia',0,0),(6,'Desktop','core_desktop',0,0),(7,'Express','express',0,0);
/*!40000 ALTER TABLE `BlockTypeSets` ENABLE KEYS */;
UNLOCK TABLES;

--
-- Table structure for table `BlockTypes`
--

DROP TABLE IF EXISTS `BlockTypes`;
/*!40101 SET @saved_cs_client     = @@character_set_client */;
/*!40101 SET character_set_client = utf8 */;
CREATE TABLE `BlockTypes` (
  `btID` int(11) NOT NULL AUTO_INCREMENT,
  `btHandle` varchar(128) COLLATE utf8_unicode_ci NOT NULL,
  `btName` varchar(128) COLLATE utf8_unicode_ci NOT NULL,
  `btDescription` longtext COLLATE utf8_unicode_ci NOT NULL,
  `btCopyWhenPropagate` tinyint(1) NOT NULL,
  `btIncludeAll` tinyint(1) NOT NULL,
  `btIsInternal` tinyint(1) NOT NULL,
  `btSupportsInlineAdd` tinyint(1) NOT NULL,
  `btSupportsInlineEdit` tinyint(1) NOT NULL,
  `btIgnorePageThemeGridFrameworkContainer` tinyint(1) NOT NULL,
  `btDisplayOrder` int(11) NOT NULL,
  `btInterfaceWidth` int(11) NOT NULL,
  `btInterfaceHeight` int(11) NOT NULL,
  `pkgID` int(10) unsigned NOT NULL,
  PRIMARY KEY (`btID`)
) ENGINE=InnoDB AUTO_INCREMENT=50 DEFAULT CHARSET=utf8 COLLATE=utf8_unicode_ci;
/*!40101 SET character_set_client = @saved_cs_client */;

--
-- Dumping data for table `BlockTypes`
--

LOCK TABLES `BlockTypes` WRITE;
/*!40000 ALTER TABLE `BlockTypes` DISABLE KEYS */;
INSERT INTO `BlockTypes` VALUES (1,'core_area_layout','Area Layout','Proxy block for area layouts.',0,0,1,1,1,0,0,400,400,0),(2,'core_page_type_composer_control_output','Composer Control','Proxy block for blocks that need to be output through composer.',0,0,1,0,0,0,0,400,400,0),(3,'core_scrapbook_display','Scrapbook Display','Proxy block for blocks pasted through the scrapbook.',0,0,1,0,0,0,0,400,400,0),(4,'core_stack_display','Stack Display','Proxy block for stacks added through the UI.',0,0,1,0,0,0,0,400,400,0),(5,'core_conversation','Conversation','Displays conversations on a page.',1,0,0,0,0,0,23,400,400,0),(11,'autonav','Auto-Nav','Creates navigation trees and sitemaps.',0,0,0,0,0,0,24,800,350,0),(12,'content','Content','HTML/WYSIWYG Editor Content.',0,0,0,1,1,0,25,600,465,0),(13,'date_navigation','Date Navigation','Displays a list of months to filter a page list by.',0,0,0,0,0,0,33,400,450,0),(14,'external_form','External Form','Include external forms in the filesystem and place them on pages.',0,0,0,0,0,0,32,370,175,0),(15,'file','File','Link to files stored in the asset library.',0,0,0,0,0,0,31,300,320,0),(16,'page_attribute_display','Page Attribute Display','Displays the value of a page attribute for the current page.',0,0,0,0,0,0,30,500,365,0),(17,'form','Form','Build simple forms and surveys.',1,0,0,0,0,0,29,420,430,0),(18,'page_title','Page Title','Displays a Page\'s Title',0,0,0,0,0,0,28,470,500,0),(19,'feature','Feature','Displays an icon, a title, and a short paragraph description.',0,0,0,0,0,0,27,400,520,0),(20,'topic_list','Topic List','Displays a list of your site\'s topics, allowing you to click on them to filter a page list.',0,0,0,0,0,0,26,400,400,0),(21,'social_links','Social Links','Allows users to add social icons to their website',0,0,0,0,0,0,22,400,400,0),(22,'testimonial','Testimonial','Displays a quote or paragraph next to biographical information and a person\'s picture.',0,0,0,0,0,0,21,450,560,0),(23,'share_this_page','Share This Page','Allows users to share this page with social networks.',0,0,0,0,0,0,20,400,400,0),(24,'google_map','Google Map','Enter an address and a Google Map of that location will be placed in your page.',0,0,0,0,0,0,9,400,320,0),(25,'html','HTML','For adding HTML by hand.',0,0,0,0,0,1,8,600,500,0),(26,'horizontal_rule','Horizontal Rule','Adds a thin hairline horizontal divider to the page.',0,0,0,0,0,1,7,400,400,0),(27,'image','Image','Adds images and onstates from the library to pages.',0,0,0,0,0,0,6,400,550,0),(28,'faq','FAQ','Frequently Asked Questions Block',0,0,0,0,0,0,5,600,465,0),(29,'next_previous','Next & Previous Nav','Navigate through sibling pages.',0,0,0,0,0,0,4,430,400,0),(30,'page_list','Page List','List pages based on type, area.',0,0,0,0,0,0,3,800,350,0),(31,'rss_displayer','RSS Displayer','Fetch, parse and display the contents of an RSS or Atom feed.',0,0,0,0,0,0,2,400,550,0),(32,'search','Search','Add a search box to your site.',0,0,0,0,0,0,10,400,420,0),(33,'image_slider','Image Slider','Display your images and captions in an attractive slideshow format.',0,0,0,0,0,1,11,600,550,0),(34,'survey','Survey','Provide a simple survey, along with results in a pie chart format.',0,0,0,0,0,0,19,420,400,0),(35,'switch_language','Switch Language','Adds a front-end language switcher to your website.',0,0,0,0,0,0,18,500,150,0),(36,'tags','Tags','List pages based on type, area.',0,0,0,0,0,0,17,450,439,0),(37,'video','Video Player','Embeds uploaded video into a web page. Supports WebM, Ogg, and Quicktime/MPEG4 formats.',0,0,0,0,0,0,16,320,270,0),(38,'youtube','YouTube Video','Embeds a YouTube Video in your web page.',0,0,0,0,0,0,15,400,490,0),(39,'pie_chart','Flat Pie Chart','Render simple pie charts for single values. ',0,0,0,0,0,0,14,600,500,1),(40,'express_form','Form','Build simple forms and surveys.',0,0,0,0,0,0,13,640,480,0),(41,'express_entry_list','Express Entry List','Add a searchable Express entry list to a page.',0,0,0,0,0,0,12,640,400,0),(42,'express_entry_detail','Express Entry Detail','Add an Express entry detail display to a page.',0,0,0,0,0,0,1,640,400,0),(43,'desktop_site_activity','Site Activity','Displays a graph of recent activity on your site.',0,0,0,0,0,0,0,450,560,0),(44,'desktop_app_status','concrete5 Status Messages','Displays alerts about your concrete5 site and package updates.',0,0,0,0,0,0,0,400,400,0),(45,'desktop_featured_theme','Dashboard Featured Theme','Features a theme from concrete5.org.',0,0,0,0,0,0,0,300,100,0),(46,'desktop_featured_addon','Dashboard Featured Add-On','Features an add-on from concrete5.org.',0,0,0,0,0,0,0,300,100,0),(47,'desktop_newsflow_latest','Dashboard Newsflow Latest','Grabs the latest newsflow data from concrete5.org.',0,0,0,0,0,0,0,400,400,0),(48,'desktop_latest_form','Latest Form','Shows the latest form submission.',0,0,0,0,0,0,0,400,400,0),(49,'desktop_waiting_for_me','Waiting for Me','Displays workflow actions waiting for you.',0,0,0,0,0,0,0,450,560,0);
/*!40000 ALTER TABLE `BlockTypes` ENABLE KEYS */;
UNLOCK TABLES;

--
-- Table structure for table `Blocks`
--

DROP TABLE IF EXISTS `Blocks`;
/*!40101 SET @saved_cs_client     = @@character_set_client */;
/*!40101 SET character_set_client = utf8 */;
CREATE TABLE `Blocks` (
  `bID` int(10) unsigned NOT NULL AUTO_INCREMENT,
  `bName` varchar(60) COLLATE utf8_unicode_ci DEFAULT NULL,
  `bDateAdded` datetime NOT NULL DEFAULT '0000-00-00 00:00:00',
  `bDateModified` datetime NOT NULL DEFAULT '0000-00-00 00:00:00',
  `bFilename` varchar(255) COLLATE utf8_unicode_ci DEFAULT NULL,
  `bIsActive` varchar(1) COLLATE utf8_unicode_ci NOT NULL DEFAULT '1',
  `btID` int(10) unsigned NOT NULL DEFAULT '0',
  `uID` int(10) unsigned DEFAULT NULL,
  `btCachedBlockRecord` longtext COLLATE utf8_unicode_ci,
  PRIMARY KEY (`bID`),
  KEY `btID` (`btID`),
  KEY `uID` (`uID`)
) ENGINE=InnoDB AUTO_INCREMENT=241 DEFAULT CHARSET=utf8 COLLATE=utf8_unicode_ci;
/*!40101 SET character_set_client = @saved_cs_client */;

--
-- Dumping data for table `Blocks`
--

LOCK TABLES `Blocks` WRITE;
/*!40000 ALTER TABLE `Blocks` DISABLE KEYS */;
INSERT INTO `Blocks` VALUES (1,'','2015-09-04 15:31:23','2015-09-04 15:31:23',NULL,'0',12,1,NULL),(2,'','2015-09-04 15:31:23','2015-09-04 15:31:23',NULL,'0',9,1,NULL),(3,'','2015-09-04 15:31:23','2015-09-04 15:31:23',NULL,'0',10,1,NULL),(4,'','2015-09-04 15:31:23','2015-09-04 15:31:23',NULL,'0',8,1,NULL),(5,'','2015-09-04 15:31:23','2015-09-04 15:31:23',NULL,'0',8,1,NULL),(6,'','2015-09-04 15:31:23','2015-09-04 15:31:23',NULL,'0',7,1,NULL),(7,'','2015-09-04 15:31:23','2015-09-04 15:31:23',NULL,'0',6,1,NULL),(8,'','2015-09-04 15:31:23','2015-09-04 15:31:23',NULL,'0',8,1,NULL),(9,'','2015-09-04 15:31:25','2015-09-04 15:31:25',NULL,'0',2,1,NULL),(10,'','2015-09-04 15:36:26','2015-09-04 15:36:26',NULL,'0',2,1,NULL),(11,'','2015-09-04 15:36:26','2015-09-04 15:36:26',NULL,'0',1,1,NULL),(12,'','2015-09-04 15:36:26','2015-09-04 15:36:26',NULL,'0',16,1,NULL),(13,'','2015-09-04 15:36:26','2015-09-04 15:36:26',NULL,'0',16,1,NULL),(14,'','2015-09-04 15:36:26','2015-09-04 15:36:26','supermint_breadcrumb.php','0',11,1,NULL),(15,'','2015-09-04 15:36:26','2015-09-04 15:36:26',NULL,'0',1,1,NULL),(16,'','2015-09-04 15:36:26','2015-09-04 15:36:26',NULL,'0',16,1,NULL),(17,'','2015-09-04 15:36:26','2015-09-04 15:36:26',NULL,'0',16,1,NULL),(18,'','2015-09-04 15:36:27','2015-09-04 15:36:27','supermint_breadcrumb.php','0',11,1,NULL),(19,'','2015-09-04 15:36:27','2015-09-04 15:36:27',NULL,'0',1,1,NULL),(20,'','2015-09-04 15:36:27','2015-09-04 15:36:27','supermint_meta.php','0',18,1,NULL),(21,'','2015-09-04 15:36:27','2015-09-04 15:36:27','supermint_simple.php','0',23,1,NULL),(22,'','2015-09-04 15:36:27','2015-09-04 15:36:27',NULL,'0',26,1,NULL),(23,'','2015-09-04 15:36:27','2015-09-04 15:36:27',NULL,'0',2,1,NULL),(24,'','2015-09-04 15:36:27','2015-09-04 15:36:27',NULL,'0',26,1,NULL),(25,'','2015-09-04 15:36:27','2015-09-04 15:36:27','supermint_blog.php','0',29,1,NULL),(26,'','2015-09-04 15:36:27','2015-09-04 15:36:27',NULL,'0',12,1,NULL),(27,'','2015-09-04 15:36:27','2015-09-04 15:36:27',NULL,'0',36,1,NULL),(28,'','2015-09-04 15:36:27','2015-09-04 15:36:27',NULL,'0',12,1,NULL),(29,'','2015-09-04 15:36:27','2015-09-04 15:36:27',NULL,'0',13,1,NULL),(30,'','2015-09-04 15:36:27','2015-09-04 15:36:27',NULL,'0',26,1,NULL),(31,'','2015-09-04 15:36:27','2015-09-04 15:36:27',NULL,'0',1,1,NULL),(32,'','2015-09-04 15:36:27','2015-09-04 15:36:27',NULL,'0',16,1,NULL),(33,'','2015-09-04 15:36:27','2015-09-04 15:36:27',NULL,'0',16,1,NULL),(34,'','2015-09-04 15:36:27','2015-09-04 15:36:27',NULL,'0',26,1,NULL),(35,'','2015-09-04 15:36:27','2015-09-04 15:36:27',NULL,'0',2,1,NULL),(36,'','2015-09-04 15:36:27','2015-09-04 15:36:27',NULL,'0',26,1,NULL),(37,'','2015-09-04 15:36:27','2015-09-04 15:36:27',NULL,'0',1,1,NULL),(38,'','2015-09-04 15:36:27','2015-09-04 15:36:27',NULL,'0',16,1,NULL),(39,'','2015-09-04 15:36:27','2015-09-04 15:36:27',NULL,'0',2,1,NULL),(40,'','2015-09-04 15:36:27','2015-09-04 15:36:27','supermint_meta.php','0',18,1,NULL),(41,'','2015-09-04 15:36:27','2015-09-04 15:36:27',NULL,'0',26,1,NULL),(42,'','2015-09-04 15:36:27','2015-09-04 15:36:27',NULL,'0',36,1,NULL),(43,'','2015-09-04 15:36:27','2015-09-04 15:36:27',NULL,'0',26,1,NULL),(44,'','2015-09-04 15:36:27','2015-09-04 15:36:27','supermint_blog.php','0',29,1,NULL),(45,'','2015-09-04 15:36:27','2015-09-04 15:36:27',NULL,'0',26,1,NULL),(46,'Accordions','2015-09-04 15:36:27','2015-09-04 15:36:27',NULL,'0',12,1,NULL),(47,'Save your time','2015-09-04 15:36:27','2015-09-04 15:36:27',NULL,'0',12,1,NULL),(48,'Save your space','2015-09-04 15:36:27','2015-09-04 15:36:28',NULL,'0',12,1,NULL),(49,'','2015-09-04 15:36:28','2015-09-04 15:36:28',NULL,'0',12,1,NULL),(50,'','2015-09-04 15:36:28','2015-09-04 15:36:28',NULL,'0',26,1,NULL),(51,'','2015-09-04 15:36:28','2015-09-04 15:36:28',NULL,'0',24,1,NULL),(52,'','2015-09-04 15:36:28','2015-09-04 15:36:28',NULL,'0',12,1,NULL),(53,'','2015-09-04 15:36:28','2015-09-04 15:36:28',NULL,'0',12,1,NULL),(54,'','2015-09-04 15:36:28','2015-09-04 15:36:28','supermint_recent_post.php','0',30,1,NULL),(55,'','2015-09-04 15:36:28','2015-09-04 15:36:28',NULL,'0',12,1,NULL),(56,'','2015-09-04 15:36:28','2015-09-04 15:36:28','supermint_address.php','0',19,1,NULL),(57,'','2015-09-04 15:36:28','2015-09-04 15:36:28','supermint_address.php','0',19,1,NULL),(58,'','2015-09-04 15:36:28','2015-09-04 15:36:28',NULL,'0',26,1,NULL),(59,'','2015-09-04 15:36:28','2015-09-04 15:36:28',NULL,'0',12,1,NULL),(60,'','2015-09-04 15:36:28','2015-09-04 15:36:28',NULL,'0',26,1,NULL),(61,'','2015-09-04 15:36:28','2015-09-04 15:36:28',NULL,'0',21,1,NULL),(62,'','2015-09-04 15:36:28','2015-09-04 15:36:28',NULL,'0',26,1,NULL),(63,'','2015-09-04 15:36:28','2015-09-04 15:36:28',NULL,'0',26,1,NULL),(64,'','2015-09-04 15:36:28','2015-09-04 15:36:28',NULL,'0',27,1,NULL),(65,'','2015-09-04 15:36:28','2015-09-04 15:36:28',NULL,'0',26,1,NULL),(66,'','2015-09-04 15:36:28','2015-09-04 15:36:28',NULL,'0',22,1,NULL),(67,'','2015-09-04 15:36:28','2015-09-04 15:36:28',NULL,'0',22,1,NULL),(68,'','2015-09-04 15:36:28','2015-09-04 15:36:28','supermint_carousel.php','0',4,1,NULL),(69,'','2015-09-04 15:36:28','2015-09-04 15:36:28',NULL,'0',12,1,NULL),(70,'','2015-09-04 15:36:28','2015-09-04 15:36:28',NULL,'0',1,1,NULL),(71,'','2015-09-04 15:36:28','2015-09-04 15:36:28','supermint_hover.php','0',27,1,NULL),(72,'','2015-09-04 15:36:28','2015-09-04 15:36:28','supermint_hover.php','0',27,1,NULL),(73,'','2015-09-04 15:36:28','2015-09-04 15:36:28','supermint_hover.php','0',27,1,NULL),(74,'','2015-09-04 15:36:28','2015-09-04 15:36:28',NULL,'0',1,1,NULL),(75,'','2015-09-04 15:36:28','2015-09-04 15:36:28','supermint_accordion.php','0',4,1,NULL),(76,'','2015-09-04 15:36:28','2015-09-04 15:36:28',NULL,'0',12,1,NULL),(77,'','2015-09-04 15:36:28','2015-09-04 15:36:28','supermint_table.php','0',19,1,NULL),(78,'','2015-09-04 15:36:28','2015-09-04 15:36:28','supermint_table.php','0',19,1,NULL),(79,'','2015-09-04 15:36:29','2015-09-04 15:36:29','supermint_table.php','0',19,1,NULL),(80,'','2015-09-04 15:36:29','2015-09-04 15:36:29','supermint_table.php','0',19,1,NULL),(81,'','2015-09-04 15:36:29','2015-09-04 15:36:29',NULL,'0',26,1,NULL),(82,'','2015-09-04 15:36:29','2015-09-04 15:36:29',NULL,'0',1,1,NULL),(83,'','2015-09-04 15:36:29','2015-09-04 15:36:29',NULL,'0',39,1,NULL),(84,'','2015-09-04 15:36:29','2015-09-04 15:36:29',NULL,'0',39,1,NULL),(85,'','2015-09-04 15:36:29','2015-09-04 15:36:29','supermint_callout.php','0',19,1,NULL),(86,'','2015-09-04 15:36:29','2015-09-04 15:36:29',NULL,'0',12,1,NULL),(87,'','2015-09-04 15:36:30','2015-09-04 15:36:30',NULL,'0',12,1,NULL),(88,'','2015-09-04 15:36:30','2015-09-04 15:36:30',NULL,'0',12,1,NULL),(89,'','2015-09-04 15:36:31','2015-09-04 15:36:31',NULL,'0',1,1,NULL),(90,'','2015-09-04 15:36:31','2015-09-04 15:36:31',NULL,'0',12,1,NULL),(91,'','2015-09-04 15:36:31','2015-09-04 15:36:31',NULL,'0',12,1,NULL),(92,'','2015-09-04 15:36:31','2015-09-04 15:36:31',NULL,'0',12,1,NULL),(93,'','2015-09-04 15:36:31','2015-09-04 15:36:31',NULL,'0',12,1,NULL),(94,'','2015-09-04 15:36:31','2015-09-04 15:36:31',NULL,'0',12,1,NULL),(95,'','2015-09-04 15:36:31','2015-09-04 15:36:31',NULL,'0',26,1,NULL),(96,'','2015-09-04 15:36:31','2015-09-04 15:36:31',NULL,'0',12,1,NULL),(97,'','2015-09-04 15:36:31','2015-09-04 15:36:31',NULL,'0',1,1,NULL),(98,'','2015-09-04 15:36:31','2015-09-04 15:36:31','supermint_hover.php','0',22,1,NULL),(99,'','2015-09-04 15:36:31','2015-09-04 15:36:31','supermint_hover.php','0',22,1,NULL),(100,'','2015-09-04 15:36:31','2015-09-04 15:36:31','supermint_hover.php','0',22,1,NULL),(101,'','2015-09-04 15:36:31','2015-09-04 15:36:31',NULL,'0',12,1,NULL),(102,'','2015-09-04 15:36:32','2015-09-04 15:36:32',NULL,'0',12,1,NULL),(103,'','2015-09-04 15:36:32','2015-09-04 15:36:32','supermint_popup_all.php','0',4,1,NULL),(104,'','2015-09-04 15:36:32','2015-09-04 15:36:32',NULL,'0',1,1,NULL),(105,'','2015-09-04 15:36:32','2015-09-04 15:36:32',NULL,'0',17,1,NULL),(106,'','2015-09-04 15:36:32','2015-09-04 15:36:32',NULL,'0',12,1,NULL),(107,'','2015-09-04 15:36:32','2015-09-04 15:36:32','supermint_address.php','0',19,1,NULL),(108,'','2015-09-04 15:36:32','2015-09-04 15:36:32','supermint_address.php','0',19,1,NULL),(109,'','2015-09-04 15:36:32','2015-09-04 15:36:32',NULL,'0',1,1,NULL),(110,'','2015-09-04 15:36:32','2015-09-04 15:36:32',NULL,'0',26,1,NULL),(111,'','2015-09-04 15:36:32','2015-09-04 15:36:32',NULL,'0',12,1,NULL),(112,'','2015-09-04 15:36:32','2015-09-04 15:36:32',NULL,'0',26,1,NULL),(113,'','2015-09-04 15:36:32','2015-09-04 15:36:32',NULL,'0',21,1,NULL),(114,'','2015-09-04 15:36:32','2015-09-04 15:36:32','supermint_hover.php','0',22,1,NULL),(115,'','2015-09-04 15:36:32','2015-09-04 15:36:32',NULL,'0',12,1,NULL),(116,'','2015-09-04 15:36:32','2015-09-04 15:36:32','supermint_hover.php','0',22,1,NULL),(117,'','2015-09-04 15:36:32','2015-09-04 15:36:32',NULL,'0',12,1,NULL),(118,'','2015-09-04 15:36:33','2015-09-04 15:36:33',NULL,'0',24,1,NULL),(119,'','2015-09-04 15:36:33','2015-09-04 15:36:33',NULL,'0',1,1,NULL),(120,'','2015-09-04 15:36:33','2015-09-04 15:36:33','supermint_address.php','0',19,1,NULL),(121,'','2015-09-04 15:36:33','2015-09-04 15:36:33','supermint_address.php','0',19,1,NULL),(122,'','2015-09-04 15:36:33','2015-09-04 15:36:33','supermint_address.php','0',19,1,NULL),(123,'','2015-09-04 15:36:33','2015-09-04 15:36:33',NULL,'0',12,1,NULL),(124,'','2015-09-04 15:36:33','2015-09-04 15:36:33',NULL,'0',26,1,NULL),(125,'','2015-09-04 15:36:33','2015-09-04 15:36:33',NULL,'0',30,1,NULL),(126,'','2015-09-04 15:36:33','2015-09-04 15:36:33',NULL,'0',1,1,NULL),(127,'','2015-09-04 15:36:33','2015-09-04 15:36:33',NULL,'0',16,1,NULL),(128,'','2015-09-04 15:36:33','2015-09-04 15:36:33',NULL,'0',16,1,NULL),(129,'','2015-09-04 15:36:33','2015-09-04 15:36:33','supermint_breadcrumb.php','0',11,1,NULL),(130,'','2015-09-04 15:36:33','2015-09-04 15:36:33','supermint.php','0',32,1,NULL),(131,'','2015-09-04 15:36:33','2015-09-04 15:36:33',NULL,'0',26,1,NULL),(132,'','2015-09-04 15:36:33','2015-09-04 15:36:33',NULL,'0',36,1,NULL),(133,'','2015-09-04 15:36:33','2015-09-04 15:36:33',NULL,'0',26,1,NULL),(134,'','2015-09-04 15:36:33','2015-09-04 15:36:33',NULL,'0',13,1,NULL),(135,'','2015-09-04 15:36:34','2015-09-04 15:36:34',NULL,'0',27,1,NULL),(136,'','2015-09-04 15:36:34','2015-09-04 15:36:34',NULL,'0',26,1,NULL),(137,'','2015-09-04 15:36:34','2015-09-04 15:36:34',NULL,'0',1,1,NULL),(138,'','2015-09-04 15:36:34','2015-09-04 15:36:34',NULL,'0',16,1,NULL),(139,'','2015-09-04 15:36:34','2015-09-04 15:36:34',NULL,'0',12,1,NULL),(140,'','2015-09-04 15:36:34','2015-09-04 15:36:34','supermint_meta.php','0',18,1,NULL),(141,'','2015-09-04 15:36:34','2015-09-04 15:36:34',NULL,'0',26,1,NULL),(142,'','2015-09-04 15:36:34','2015-09-04 15:36:34',NULL,'0',36,1,NULL),(143,'','2015-09-04 15:36:36','2015-09-04 15:36:36',NULL,'0',27,1,NULL),(144,'','2015-09-04 15:36:36','2015-09-04 15:36:36',NULL,'0',26,1,NULL),(145,'','2015-09-04 15:36:36','2015-09-04 15:36:36',NULL,'0',1,1,NULL),(146,'','2015-09-04 15:36:36','2015-09-04 15:36:36',NULL,'0',16,1,NULL),(147,'','2015-09-04 15:36:36','2015-09-04 15:36:36',NULL,'0',12,1,NULL),(148,'','2015-09-04 15:36:36','2015-09-04 15:36:36','supermint_meta.php','0',18,1,NULL),(149,'','2015-09-04 15:36:36','2015-09-04 15:36:36',NULL,'0',26,1,NULL),(150,'','2015-09-04 15:36:36','2015-09-04 15:36:36',NULL,'0',36,1,NULL),(151,'','2015-09-04 15:36:37','2015-09-04 15:36:37',NULL,'0',27,1,NULL),(152,'','2015-09-04 15:36:37','2015-09-04 15:36:37',NULL,'0',26,1,NULL),(153,'','2015-09-04 15:36:37','2015-09-04 15:36:37',NULL,'0',1,1,NULL),(154,'','2015-09-04 15:36:37','2015-09-04 15:36:37',NULL,'0',16,1,NULL),(155,'','2015-09-04 15:36:37','2015-09-04 15:36:37',NULL,'0',12,1,NULL),(156,'','2015-09-04 15:36:37','2015-09-04 15:36:37','supermint_meta.php','0',18,1,NULL),(157,'','2015-09-04 15:36:37','2015-09-04 15:36:37',NULL,'0',26,1,NULL),(158,'','2015-09-04 15:36:37','2015-09-04 15:36:37',NULL,'0',36,1,NULL),(159,'','2015-09-04 15:36:38','2015-09-04 15:36:38',NULL,'0',12,1,NULL),(160,'','2015-09-04 15:36:38','2015-09-04 15:36:38','supermint_carousel_block.php','0',30,1,NULL),(161,'','2015-09-04 15:36:38','2015-09-04 15:36:38',NULL,'0',26,1,NULL),(162,'','2015-09-04 15:36:39','2015-09-04 15:36:39',NULL,'0',12,1,NULL),(163,'','2015-09-04 15:36:39','2015-09-04 15:36:39','supermint_static_block.php','0',30,1,NULL),(164,'','2015-09-04 15:36:39','2015-09-04 15:36:39',NULL,'0',27,1,NULL),(165,'','2015-09-04 15:36:39','2015-09-04 15:36:39',NULL,'0',26,1,NULL),(166,'','2015-09-04 15:36:39','2015-09-04 15:36:39',NULL,'0',1,1,NULL),(167,'','2015-09-04 15:36:39','2015-09-04 15:36:39',NULL,'0',16,1,NULL),(168,'','2015-09-04 15:36:39','2015-09-04 15:36:39',NULL,'0',12,1,NULL),(169,'','2015-09-04 15:36:39','2015-09-04 15:36:39','supermint_meta.php','0',18,1,NULL),(170,'','2015-09-04 15:36:39','2015-09-04 15:36:39',NULL,'0',26,1,NULL),(171,'','2015-09-04 15:36:39','2015-09-04 15:36:39',NULL,'0',36,1,NULL),(172,'','2015-09-04 15:58:39','2015-09-04 15:59:36','supermint_header.php','0',27,1,NULL),(173,'','2015-09-04 16:00:25','2015-09-04 16:00:25',NULL,'0',1,1,NULL),(174,'','2015-09-04 16:01:40','2015-09-04 16:01:40',NULL,'0',12,1,NULL),(175,'','2015-09-04 16:02:58','2015-09-04 16:07:45',NULL,'0',12,1,NULL),(176,'','2015-09-04 16:04:46','2015-09-04 16:04:46',NULL,'0',27,1,NULL),(177,'','2015-09-04 16:04:54','2015-09-04 16:05:01','','0',26,1,NULL),(178,'','2015-09-04 16:07:04','2015-09-04 16:07:17','','0',26,1,NULL),(179,'','2015-09-04 16:08:35','2015-09-04 16:08:35',NULL,'0',1,1,NULL),(180,'','2015-09-04 16:10:02','2015-09-04 16:10:50',NULL,'0',39,1,NULL),(182,'','2015-09-04 16:11:46','2015-09-04 16:13:26',NULL,'1',39,1,NULL),(184,'','2015-09-04 16:12:29','2015-09-04 16:12:57',NULL,'1',39,1,NULL),(185,'','2015-09-04 16:14:55','2015-09-04 16:16:24',NULL,'0',12,1,NULL),(186,'','2015-09-04 16:15:02','2015-09-04 16:16:38','','0',26,1,NULL),(187,'','2015-09-04 16:20:02','2015-09-04 16:20:43','supermint_static_block.php','0',30,1,NULL),(188,'','2015-09-04 16:22:05','2015-09-04 16:22:05',NULL,'0',12,1,NULL),(189,'','2015-09-04 16:27:43','2015-09-04 16:28:51',NULL,'0',12,1,NULL),(190,'','2015-09-04 16:27:57','2015-09-04 16:28:06','','0',26,1,NULL),(191,'','2015-09-04 16:28:18','2015-09-04 16:28:18',NULL,'1',12,1,NULL),(192,'','2015-09-04 16:32:45','2015-09-04 16:32:45','supermint_static_block.php','1',30,1,NULL),(193,'','2015-09-04 16:37:43','2015-09-04 16:37:43','supermint_static_block.php','1',30,1,NULL),(194,'','2015-09-04 16:38:13','2015-09-04 16:38:13','supermint_static_block.php','1',30,1,NULL),(195,'','2015-09-04 16:49:16','2015-09-04 16:49:16',NULL,'0',27,1,NULL),(196,'','2015-09-04 16:52:10','2015-09-04 16:52:10',NULL,'1',12,1,NULL),(197,'','2015-09-04 16:52:35','2015-09-04 16:52:35',NULL,'1',12,1,NULL),(198,'','2015-09-04 16:52:49','2015-09-04 16:52:49',NULL,'1',12,1,NULL),(199,'','2015-09-04 16:53:10','2015-09-04 16:53:10',NULL,'1',12,1,NULL),(200,'','2015-09-04 16:54:16','2015-09-04 16:54:16',NULL,'1',12,1,NULL),(203,'','2015-09-04 16:58:33','2015-09-04 16:58:43','supermint_hover.php','0',27,1,NULL),(206,'','2015-09-04 16:59:39','2015-09-04 16:59:40','supermint_hover.php','1',27,1,NULL),(207,'','2015-09-04 16:59:54','2015-09-04 16:59:54','supermint_hover.php','1',27,1,NULL),(208,'','2015-09-04 17:00:10','2015-09-04 17:00:19','','0',26,1,NULL),(209,'','2015-09-04 17:08:25','2015-09-04 17:08:26','supermint_header.php','1',27,1,NULL),(210,'','2015-09-04 17:09:14','2015-09-04 17:09:14',NULL,'1',39,1,NULL),(211,'','2015-09-07 08:18:45','2015-09-07 08:18:45','supermint_header.php','1',27,1,NULL),(212,'','2015-09-07 08:21:18','2015-09-07 08:21:18',NULL,'1',27,1,NULL),(213,'','2015-09-07 08:25:14','2015-09-07 08:25:22','','0',26,1,NULL),(214,'','2015-09-07 08:25:29','2015-09-07 08:25:37','','0',26,1,NULL),(215,'','2015-09-07 08:26:06','2015-09-07 08:26:35','','0',26,1,NULL),(216,'','2015-09-07 08:26:59','2015-09-07 08:27:07','','0',26,1,NULL),(217,'','2015-09-07 10:04:46','2015-09-07 10:04:46','supermint_hover.php','1',27,1,NULL),(218,'','2015-09-07 10:05:06','2015-09-07 10:05:06','supermint_hover.php','1',27,1,NULL),(219,'','2015-09-07 10:05:28','2015-09-07 10:05:28','supermint_hover.php','1',27,1,NULL),(220,'','2015-09-07 10:15:54','2015-09-07 10:15:54',NULL,'1',27,1,NULL),(221,'','2015-09-07 10:16:42','2015-09-07 10:16:42',NULL,'1',27,1,NULL),(222,'','2015-09-07 10:17:26','2015-09-07 10:17:26',NULL,'1',27,1,NULL),(223,'','2015-09-07 10:18:00','2015-09-07 10:18:00',NULL,'1',27,1,NULL),(224,'','2015-09-07 10:18:54','2015-09-07 10:20:00','supermint_carousel_hover.php','1',30,1,NULL),(225,'','2015-10-29 11:07:58','2015-10-29 11:08:11','supermint_mmenu.php','0',11,1,NULL),(226,'','2017-03-08 15:55:46','2017-03-08 15:55:46',NULL,'0',44,1,NULL),(227,'','2017-03-08 15:55:46','2017-03-08 15:55:46',NULL,'0',1,1,NULL),(228,'','2017-03-08 15:55:46','2017-03-08 15:55:46',NULL,'0',48,1,NULL),(229,'','2017-03-08 15:55:46','2017-03-08 15:55:46',NULL,'0',46,1,NULL),(230,'','2017-03-08 15:55:46','2017-03-08 15:55:46',NULL,'0',43,1,NULL),(231,'','2017-03-08 15:55:46','2017-03-08 15:55:46',NULL,'0',1,1,NULL),(232,'','2017-03-08 15:55:46','2017-03-08 15:55:46',NULL,'0',31,1,NULL),(233,'','2017-03-08 15:55:46','2017-03-08 15:55:46',NULL,'0',45,1,NULL),(234,'','2017-03-08 15:55:46','2017-03-08 15:55:46',NULL,'0',1,1,NULL),(235,'','2017-03-08 15:55:46','2017-03-08 15:55:46',NULL,'0',47,1,NULL),(236,'','2017-03-08 15:55:46','2017-03-08 15:55:46',NULL,'0',47,1,NULL),(237,'','2017-03-08 15:55:46','2017-03-08 15:55:46',NULL,'0',47,1,NULL),(238,'','2017-03-08 15:55:46','2017-03-08 15:55:46',NULL,'0',31,1,NULL),(239,'','2017-03-08 15:55:47','2017-03-08 15:55:47',NULL,'0',49,1,NULL),(240,'','2017-03-08 15:55:47','2017-03-08 15:55:47',NULL,'0',49,1,NULL);
/*!40000 ALTER TABLE `Blocks` ENABLE KEYS */;
UNLOCK TABLES;

--
-- Table structure for table `CollectionAttributeKeys`
--

DROP TABLE IF EXISTS `CollectionAttributeKeys`;
/*!40101 SET @saved_cs_client     = @@character_set_client */;
/*!40101 SET character_set_client = utf8 */;
CREATE TABLE `CollectionAttributeKeys` (
  `akID` int(10) unsigned NOT NULL,
  PRIMARY KEY (`akID`),
  CONSTRAINT `FK_1E3E5B79B6561A7E` FOREIGN KEY (`akID`) REFERENCES `AttributeKeys` (`akID`) ON DELETE CASCADE
) ENGINE=InnoDB DEFAULT CHARSET=utf8 COLLATE=utf8_unicode_ci;
/*!40101 SET character_set_client = @saved_cs_client */;

--
-- Dumping data for table `CollectionAttributeKeys`
--

LOCK TABLES `CollectionAttributeKeys` WRITE;
/*!40000 ALTER TABLE `CollectionAttributeKeys` DISABLE KEYS */;
INSERT INTO `CollectionAttributeKeys` VALUES (1),(2),(3),(4),(5),(6),(7),(8),(9),(10),(11),(18),(19),(20),(21),(22),(23),(24),(25),(26),(27),(28),(29),(30),(31),(32),(33),(34),(35),(36),(37);
/*!40000 ALTER TABLE `CollectionAttributeKeys` ENABLE KEYS */;
UNLOCK TABLES;

--
-- Table structure for table `CollectionSearchIndexAttributes`
--

DROP TABLE IF EXISTS `CollectionSearchIndexAttributes`;
/*!40101 SET @saved_cs_client     = @@character_set_client */;
/*!40101 SET character_set_client = utf8 */;
CREATE TABLE `CollectionSearchIndexAttributes` (
  `cID` int(10) unsigned NOT NULL DEFAULT '0',
  `ak_meta_title` longtext COLLATE utf8_unicode_ci,
  `ak_meta_description` longtext COLLATE utf8_unicode_ci,
  `ak_meta_keywords` longtext COLLATE utf8_unicode_ci,
  `ak_icon_dashboard` longtext COLLATE utf8_unicode_ci,
  `ak_exclude_nav` tinyint(1) DEFAULT '0',
  `ak_exclude_page_list` tinyint(1) DEFAULT '0',
  `ak_header_extra_content` longtext COLLATE utf8_unicode_ci,
  `ak_tags` varchar(255) COLLATE utf8_unicode_ci DEFAULT NULL,
  `ak_is_featured` tinyint(1) DEFAULT '0',
  `ak_exclude_search_index` tinyint(1) DEFAULT '0',
  `ak_exclude_sitemapxml` tinyint(1) DEFAULT '0',
  `ak_page_backgrounds` varchar(255) COLLATE utf8_unicode_ci DEFAULT NULL,
  `ak_page_background` int(11) DEFAULT '0',
  `ak_thumbnail` int(11) DEFAULT '0',
  `ak_main_page_color` varchar(255) COLLATE utf8_unicode_ci DEFAULT NULL,
  `ak_icon` varchar(255) COLLATE utf8_unicode_ci DEFAULT NULL,
  `ak_supermint_theme_preset_options` varchar(255) COLLATE utf8_unicode_ci DEFAULT NULL,
  `ak_supermint_navigation_type` varchar(255) COLLATE utf8_unicode_ci DEFAULT NULL,
  `ak_display_multi_columns_drop` tinyint(1) DEFAULT '0',
  `ak_number_of_main_areas` varchar(255) COLLATE utf8_unicode_ci DEFAULT NULL,
  `ak_number_of_wide_columns` varchar(255) COLLATE utf8_unicode_ci DEFAULT NULL,
  `ak_layout_mode` varchar(255) COLLATE utf8_unicode_ci DEFAULT NULL,
  `ak_review_occupation` longtext COLLATE utf8_unicode_ci,
  `ak_review_website` longtext COLLATE utf8_unicode_ci,
  `ak_review_website_url` longtext COLLATE utf8_unicode_ci,
  `ak_review_name` longtext COLLATE utf8_unicode_ci,
  `ak_ribbon_text` longtext COLLATE utf8_unicode_ci,
  `ak_exclude_subpages_from_nav` tinyint(1) DEFAULT '0',
  `ak_replace_link_with_first_in_nav` tinyint(1) DEFAULT '0',
  `ak_is_desktop` tinyint(1) DEFAULT '0',
  `ak_desktop_priority` decimal(14,4) DEFAULT '0.0000',
  PRIMARY KEY (`cID`)
) ENGINE=InnoDB DEFAULT CHARSET=utf8 COLLATE=utf8_unicode_ci;
/*!40101 SET character_set_client = @saved_cs_client */;

--
-- Dumping data for table `CollectionSearchIndexAttributes`
--

LOCK TABLES `CollectionSearchIndexAttributes` WRITE;
/*!40000 ALTER TABLE `CollectionSearchIndexAttributes` DISABLE KEYS */;
INSERT INTO `CollectionSearchIndexAttributes` VALUES (1,NULL,NULL,NULL,NULL,0,0,NULL,NULL,0,0,0,NULL,8,0,NULL,NULL,'4',NULL,0,'\n3\n',NULL,NULL,NULL,NULL,NULL,NULL,NULL,0,0,0,0.0000),(2,NULL,NULL,NULL,'fa fa-th-large',0,0,NULL,NULL,0,0,0,NULL,0,0,NULL,NULL,NULL,NULL,0,NULL,NULL,NULL,NULL,NULL,NULL,NULL,NULL,0,0,0,0.0000),(3,NULL,NULL,'pages, add page, delete page, copy, move, alias',NULL,0,0,NULL,NULL,0,0,0,NULL,0,0,NULL,NULL,NULL,NULL,0,NULL,NULL,NULL,NULL,NULL,NULL,NULL,NULL,0,0,0,0.0000),(4,NULL,NULL,'pages, add page, delete page, copy, move, alias',NULL,0,0,NULL,NULL,0,0,0,NULL,0,0,NULL,NULL,NULL,NULL,0,NULL,NULL,NULL,NULL,NULL,NULL,NULL,NULL,0,0,0,0.0000),(5,NULL,NULL,'pages, add page, delete page, copy, move, alias, bulk',NULL,0,0,NULL,NULL,0,0,0,NULL,0,0,NULL,NULL,NULL,NULL,0,NULL,NULL,NULL,NULL,NULL,NULL,NULL,NULL,0,0,0,0.0000),(6,NULL,NULL,'find page, search page, search, find, pages, sitemap',NULL,0,0,NULL,NULL,0,0,0,NULL,0,0,NULL,NULL,NULL,NULL,0,NULL,NULL,NULL,NULL,NULL,NULL,NULL,NULL,0,0,0,0.0000),(8,NULL,NULL,'add file, delete file, copy, move, alias, resize, crop, rename, images, title, attribute',NULL,0,0,NULL,NULL,0,0,0,NULL,0,0,NULL,NULL,NULL,NULL,0,NULL,NULL,NULL,NULL,NULL,NULL,NULL,NULL,0,0,0,0.0000),(9,NULL,NULL,'file, file attributes, title, attribute, description, rename',NULL,0,0,NULL,NULL,0,0,0,NULL,0,0,NULL,NULL,NULL,NULL,0,NULL,NULL,NULL,NULL,NULL,NULL,NULL,NULL,0,0,0,0.0000),(10,NULL,NULL,'files, category, categories',NULL,0,0,NULL,NULL,0,0,0,NULL,0,0,NULL,NULL,NULL,NULL,0,NULL,NULL,NULL,NULL,NULL,NULL,NULL,NULL,0,0,0,0.0000),(11,NULL,NULL,'new file set',NULL,1,0,NULL,NULL,0,0,0,NULL,0,0,NULL,NULL,NULL,NULL,0,NULL,NULL,NULL,NULL,NULL,NULL,NULL,NULL,0,0,0,0.0000),(12,NULL,NULL,'users, groups, people, find, delete user, remove user, change password, password',NULL,0,0,NULL,NULL,0,0,0,NULL,0,0,NULL,NULL,NULL,NULL,0,NULL,NULL,NULL,NULL,NULL,NULL,NULL,NULL,0,0,0,0.0000),(13,NULL,NULL,'find, search, people, delete user, remove user, change password, password',NULL,0,0,NULL,NULL,0,0,0,NULL,0,0,NULL,NULL,NULL,NULL,0,NULL,NULL,NULL,NULL,NULL,NULL,NULL,NULL,0,0,0,0.0000),(14,NULL,NULL,'user, group, people, permissions, expire, badges',NULL,0,0,NULL,NULL,0,0,0,NULL,0,0,NULL,NULL,NULL,NULL,0,NULL,NULL,NULL,NULL,NULL,NULL,NULL,NULL,0,0,0,0.0000),(15,NULL,NULL,'user attributes, user data, gather data, registration data',NULL,0,0,NULL,NULL,0,0,0,NULL,0,0,NULL,NULL,NULL,NULL,0,NULL,NULL,NULL,NULL,NULL,NULL,NULL,NULL,0,0,0,0.0000),(16,NULL,NULL,'new user, create',NULL,1,0,NULL,NULL,0,0,0,NULL,0,0,NULL,NULL,NULL,NULL,0,NULL,NULL,NULL,NULL,NULL,NULL,NULL,NULL,0,0,0,0.0000),(17,NULL,NULL,'new user group, new group, group, create',NULL,1,0,NULL,NULL,0,0,0,NULL,0,0,NULL,NULL,NULL,NULL,0,NULL,NULL,NULL,NULL,NULL,NULL,NULL,NULL,0,0,0,0.0000),(19,NULL,NULL,'group set',NULL,0,0,NULL,NULL,0,0,0,NULL,0,0,NULL,NULL,NULL,NULL,0,NULL,NULL,NULL,NULL,NULL,NULL,NULL,NULL,0,0,0,0.0000),(20,NULL,NULL,'community, points, karma',NULL,0,0,NULL,NULL,0,0,0,NULL,0,0,NULL,NULL,NULL,NULL,0,NULL,NULL,NULL,NULL,NULL,NULL,NULL,NULL,0,0,0,0.0000),(22,NULL,NULL,'action, community actions',NULL,0,0,NULL,NULL,0,0,0,NULL,0,0,NULL,NULL,NULL,NULL,0,NULL,NULL,NULL,NULL,NULL,NULL,NULL,NULL,0,0,0,0.0000),(23,NULL,NULL,'forms, log, error, email, mysql, exception, survey',NULL,0,0,NULL,NULL,0,0,0,NULL,0,0,NULL,NULL,NULL,NULL,0,NULL,NULL,NULL,NULL,NULL,NULL,NULL,NULL,0,0,0,0.0000),(24,NULL,NULL,'forms, questions, response, data',NULL,0,0,NULL,NULL,0,0,0,NULL,0,0,NULL,NULL,NULL,NULL,0,NULL,NULL,NULL,NULL,NULL,NULL,NULL,NULL,0,0,0,0.0000),(25,NULL,NULL,'questions, quiz, response',NULL,0,0,NULL,NULL,0,0,0,NULL,0,0,NULL,NULL,NULL,NULL,0,NULL,NULL,NULL,NULL,NULL,NULL,NULL,NULL,0,0,0,0.0000),(26,NULL,NULL,'forms, log, error, email, mysql, exception, survey, history',NULL,0,0,NULL,NULL,0,0,0,NULL,0,0,NULL,NULL,NULL,NULL,0,NULL,NULL,NULL,NULL,NULL,NULL,NULL,NULL,0,0,0,0.0000),(28,NULL,NULL,'new theme, theme, active theme, change theme, template, css',NULL,0,0,NULL,NULL,0,0,0,NULL,0,0,NULL,NULL,NULL,NULL,0,NULL,NULL,NULL,NULL,NULL,NULL,NULL,NULL,0,0,0,0.0000),(29,NULL,NULL,'page types',NULL,1,0,NULL,NULL,0,0,0,NULL,0,0,NULL,NULL,NULL,NULL,0,NULL,NULL,NULL,NULL,NULL,NULL,NULL,NULL,0,0,0,0.0000),(31,NULL,NULL,NULL,NULL,1,0,NULL,NULL,0,0,0,NULL,0,0,NULL,NULL,NULL,NULL,0,NULL,NULL,NULL,NULL,NULL,NULL,NULL,NULL,0,0,0,0.0000),(32,NULL,NULL,NULL,NULL,1,0,NULL,NULL,0,0,0,NULL,0,0,NULL,NULL,NULL,NULL,0,NULL,NULL,NULL,NULL,NULL,NULL,NULL,NULL,0,0,0,0.0000),(33,NULL,NULL,NULL,NULL,1,0,NULL,NULL,0,0,0,NULL,0,0,NULL,NULL,NULL,NULL,0,NULL,NULL,NULL,NULL,NULL,NULL,NULL,NULL,0,0,0,0.0000),(34,NULL,NULL,NULL,NULL,1,0,NULL,NULL,0,0,0,NULL,0,0,NULL,NULL,NULL,NULL,0,NULL,NULL,NULL,NULL,NULL,NULL,NULL,NULL,0,0,0,0.0000),(35,NULL,NULL,NULL,NULL,1,0,NULL,NULL,0,0,0,NULL,0,0,NULL,NULL,NULL,NULL,0,NULL,NULL,NULL,NULL,NULL,NULL,NULL,NULL,0,0,0,0.0000),(36,NULL,NULL,NULL,NULL,1,0,NULL,NULL,0,0,0,NULL,0,0,NULL,NULL,NULL,NULL,0,NULL,NULL,NULL,NULL,NULL,NULL,NULL,NULL,0,0,0,0.0000),(38,NULL,NULL,NULL,NULL,1,0,NULL,NULL,0,0,0,NULL,0,0,NULL,NULL,NULL,NULL,0,NULL,NULL,NULL,NULL,NULL,NULL,NULL,NULL,0,0,0,0.0000),(39,NULL,NULL,'page attributes, custom',NULL,0,0,NULL,NULL,0,0,0,NULL,0,0,NULL,NULL,NULL,NULL,0,NULL,NULL,NULL,NULL,NULL,NULL,NULL,NULL,0,0,0,0.0000),(40,NULL,NULL,'single, page, custom, application',NULL,0,0,NULL,NULL,0,0,0,NULL,0,0,NULL,NULL,NULL,NULL,0,NULL,NULL,NULL,NULL,NULL,NULL,NULL,NULL,0,0,0,0.0000),(41,NULL,NULL,'atom, rss, feed, syndication',NULL,0,0,NULL,NULL,0,0,0,NULL,0,0,NULL,NULL,NULL,NULL,0,NULL,NULL,NULL,NULL,NULL,NULL,NULL,NULL,0,0,0,0.0000),(43,NULL,NULL,NULL,'icon-bullhorn',0,0,NULL,NULL,0,0,0,NULL,0,0,NULL,NULL,NULL,NULL,0,NULL,NULL,NULL,NULL,NULL,NULL,NULL,NULL,0,0,0,0.0000),(44,NULL,NULL,'add workflow, remove workflow',NULL,0,0,NULL,NULL,0,0,0,NULL,0,0,NULL,NULL,NULL,NULL,0,NULL,NULL,NULL,NULL,NULL,NULL,NULL,NULL,0,0,0,0.0000),(48,NULL,NULL,'stacks, reusable content, scrapbook, copy, paste, paste block, copy block, site name, logo',NULL,0,0,NULL,NULL,0,0,0,NULL,0,0,NULL,NULL,NULL,NULL,0,NULL,NULL,NULL,NULL,NULL,NULL,NULL,NULL,0,0,0,0.0000),(50,NULL,NULL,'edit stacks, view stacks, all stacks',NULL,1,0,NULL,NULL,0,1,0,NULL,0,0,NULL,NULL,NULL,NULL,0,NULL,NULL,NULL,NULL,NULL,NULL,NULL,NULL,0,0,0,0.0000),(51,NULL,NULL,'block, refresh, custom',NULL,0,0,NULL,NULL,0,0,0,NULL,0,0,NULL,NULL,NULL,NULL,0,NULL,NULL,NULL,NULL,NULL,NULL,NULL,NULL,0,0,0,0.0000),(52,NULL,NULL,'add-on, addon, add on, package, app, ecommerce, discussions, forums, themes, templates, blocks',NULL,0,0,NULL,NULL,0,0,0,NULL,0,0,NULL,NULL,NULL,NULL,0,NULL,NULL,NULL,NULL,NULL,NULL,NULL,NULL,0,0,0,0.0000),(53,NULL,NULL,NULL,NULL,1,0,NULL,NULL,0,0,0,NULL,0,0,NULL,NULL,NULL,NULL,0,NULL,NULL,NULL,NULL,NULL,NULL,NULL,NULL,0,0,0,0.0000),(54,NULL,NULL,'add-on, addon, ecommerce, install, discussions, forums, themes, templates, blocks',NULL,0,0,NULL,NULL,0,0,0,NULL,0,0,NULL,NULL,NULL,NULL,0,NULL,NULL,NULL,NULL,NULL,NULL,NULL,NULL,0,0,0,0.0000),(55,NULL,NULL,'update, upgrade',NULL,0,0,NULL,NULL,0,0,0,NULL,0,0,NULL,NULL,NULL,NULL,0,NULL,NULL,NULL,NULL,NULL,NULL,NULL,NULL,0,0,0,0.0000),(56,NULL,NULL,'concrete5.org, my account, marketplace',NULL,1,0,NULL,NULL,0,0,0,NULL,0,0,NULL,NULL,NULL,NULL,0,NULL,NULL,NULL,NULL,NULL,NULL,NULL,NULL,0,0,0,0.0000),(57,NULL,NULL,'buy theme, new theme, marketplace, template',NULL,0,0,NULL,NULL,0,0,0,NULL,0,0,NULL,NULL,NULL,NULL,0,NULL,NULL,NULL,NULL,NULL,NULL,NULL,NULL,0,0,0,0.0000),(58,NULL,NULL,'buy addon, buy add on, buy add-on, purchase addon, purchase add on, purchase add-on, find addon, new addon, marketplace',NULL,0,0,NULL,NULL,0,0,0,NULL,0,0,NULL,NULL,NULL,NULL,0,NULL,NULL,NULL,NULL,NULL,NULL,NULL,NULL,0,0,0,0.0000),(59,NULL,NULL,'dashboard, configuration',NULL,0,0,NULL,NULL,0,0,0,NULL,0,0,NULL,NULL,NULL,NULL,0,NULL,NULL,NULL,NULL,NULL,NULL,NULL,NULL,0,0,0,0.0000),(61,NULL,NULL,'website name, title',NULL,0,0,NULL,NULL,0,0,0,NULL,0,0,NULL,NULL,NULL,NULL,0,NULL,NULL,NULL,NULL,NULL,NULL,NULL,NULL,0,0,0,0.0000),(62,NULL,NULL,'accessibility, easy mode',NULL,0,0,NULL,NULL,0,0,0,NULL,0,0,NULL,NULL,NULL,NULL,0,NULL,NULL,NULL,NULL,NULL,NULL,NULL,NULL,0,0,0,0.0000),(63,NULL,NULL,'sharing, facebook, twitter',NULL,0,0,NULL,NULL,0,0,0,NULL,0,0,NULL,NULL,NULL,NULL,0,NULL,NULL,NULL,NULL,NULL,NULL,NULL,NULL,0,0,0,0.0000),(64,NULL,NULL,'logo, favicon, iphone, icon, bookmark',NULL,0,0,NULL,NULL,0,0,0,NULL,0,0,NULL,NULL,NULL,NULL,0,NULL,NULL,NULL,NULL,NULL,NULL,NULL,NULL,0,0,0,0.0000),(65,NULL,NULL,'tinymce, content block, fonts, editor, content, overlay',NULL,0,0,NULL,NULL,0,0,0,NULL,0,0,NULL,NULL,NULL,NULL,0,NULL,NULL,NULL,NULL,NULL,NULL,NULL,NULL,0,0,0,0.0000),(66,NULL,NULL,'translate, translation, internationalization, multilingual',NULL,0,0,NULL,NULL,0,0,0,NULL,0,0,NULL,NULL,NULL,NULL,0,NULL,NULL,NULL,NULL,NULL,NULL,NULL,NULL,0,0,0,0.0000),(67,NULL,NULL,'timezone, profile, locale',NULL,0,0,NULL,NULL,0,0,0,NULL,0,0,NULL,NULL,NULL,NULL,0,NULL,NULL,NULL,NULL,NULL,NULL,NULL,NULL,0,0,0,0.0000),(68,NULL,NULL,'multilingual, localization, internationalization, i18n',NULL,0,0,NULL,NULL,0,0,0,NULL,0,0,NULL,NULL,NULL,NULL,0,NULL,NULL,NULL,NULL,NULL,NULL,NULL,NULL,0,0,0,0.0000),(74,NULL,NULL,'vanity, pretty url, redirection, hostname, canonical, seo, pageview, view',NULL,0,0,NULL,NULL,0,0,0,NULL,0,0,NULL,NULL,NULL,NULL,0,NULL,NULL,NULL,NULL,NULL,NULL,NULL,NULL,0,0,0,0.0000),(75,NULL,NULL,'bulk, seo, change keywords, engine, optimization, search',NULL,0,0,NULL,NULL,0,0,0,NULL,0,0,NULL,NULL,NULL,NULL,0,NULL,NULL,NULL,NULL,NULL,NULL,NULL,NULL,0,0,0,0.0000),(76,NULL,NULL,'traffic, statistics, google analytics, quant, pageviews, hits',NULL,0,0,NULL,NULL,0,0,0,NULL,0,0,NULL,NULL,NULL,NULL,0,NULL,NULL,NULL,NULL,NULL,NULL,NULL,NULL,0,0,0,0.0000),(77,NULL,NULL,'pretty, slug',NULL,0,0,NULL,NULL,0,0,0,NULL,0,0,NULL,NULL,NULL,NULL,0,NULL,NULL,NULL,NULL,NULL,NULL,NULL,NULL,0,0,0,0.0000),(78,NULL,NULL,'configure search, site search, search option',NULL,0,0,NULL,NULL,0,0,0,NULL,0,0,NULL,NULL,NULL,NULL,0,NULL,NULL,NULL,NULL,NULL,NULL,NULL,NULL,0,0,0,0.0000),(80,NULL,NULL,'file options, file manager, upload, modify',NULL,0,0,NULL,NULL,0,0,0,NULL,0,0,NULL,NULL,NULL,NULL,0,NULL,NULL,NULL,NULL,NULL,NULL,NULL,NULL,0,0,0,0.0000),(81,NULL,NULL,'security, files, media, extension, manager, upload',NULL,0,0,NULL,NULL,0,0,0,NULL,0,0,NULL,NULL,NULL,NULL,0,NULL,NULL,NULL,NULL,NULL,NULL,NULL,NULL,0,0,0,0.0000),(82,NULL,NULL,'images, picture, responsive, retina',NULL,0,0,NULL,NULL,0,0,0,NULL,0,0,NULL,NULL,NULL,NULL,0,NULL,NULL,NULL,NULL,NULL,NULL,NULL,NULL,0,0,0,0.0000),(83,NULL,NULL,'security, alternate storage, hide files',NULL,0,0,NULL,NULL,0,0,0,NULL,0,0,NULL,NULL,NULL,NULL,0,NULL,NULL,NULL,NULL,NULL,NULL,NULL,NULL,0,0,0,0.0000),(85,NULL,NULL,'cache option, change cache, override, turn on cache, turn off cache, no cache, page cache, caching',NULL,0,0,NULL,NULL,0,0,0,NULL,0,0,NULL,NULL,NULL,NULL,0,NULL,NULL,NULL,NULL,NULL,NULL,NULL,NULL,0,0,0,0.0000),(86,NULL,NULL,'cache option, turn off cache, no cache, page cache, caching',NULL,0,0,NULL,NULL,0,0,0,NULL,0,0,NULL,NULL,NULL,NULL,0,NULL,NULL,NULL,NULL,NULL,NULL,NULL,NULL,0,0,0,0.0000),(87,NULL,NULL,'index search, reindex search, build sitemap, sitemap.xml, clear old versions, page versions, remove old',NULL,0,0,NULL,NULL,0,0,0,NULL,0,0,NULL,NULL,NULL,NULL,0,NULL,NULL,NULL,NULL,NULL,NULL,NULL,NULL,0,0,0,0.0000),(88,NULL,NULL,'queries, database, mysql',NULL,0,0,NULL,NULL,0,0,0,NULL,0,0,NULL,NULL,NULL,NULL,0,NULL,NULL,NULL,NULL,NULL,NULL,NULL,NULL,0,0,0,0.0000),(90,NULL,NULL,'editors, hide site, offline, private, public, access',NULL,0,0,NULL,NULL,0,0,0,NULL,0,0,NULL,NULL,NULL,NULL,0,NULL,NULL,NULL,NULL,NULL,NULL,NULL,NULL,0,0,0,0.0000),(91,NULL,NULL,'security, actions, administrator, admin, package, marketplace, search',NULL,0,0,NULL,NULL,0,0,0,NULL,0,0,NULL,NULL,NULL,NULL,0,NULL,NULL,NULL,NULL,NULL,NULL,NULL,NULL,0,0,0,0.0000),(94,NULL,NULL,'security, lock ip, lock out, block ip, address, restrict, access',NULL,0,0,NULL,NULL,0,0,0,NULL,0,0,NULL,NULL,NULL,NULL,0,NULL,NULL,NULL,NULL,NULL,NULL,NULL,NULL,0,0,0,0.0000),(95,NULL,NULL,'security, registration',NULL,0,0,NULL,NULL,0,0,0,NULL,0,0,NULL,NULL,NULL,NULL,0,NULL,NULL,NULL,NULL,NULL,NULL,NULL,NULL,0,0,0,0.0000),(96,NULL,NULL,'antispam, block spam, security',NULL,0,0,NULL,NULL,0,0,0,NULL,0,0,NULL,NULL,NULL,NULL,0,NULL,NULL,NULL,NULL,NULL,NULL,NULL,NULL,0,0,0,0.0000),(97,NULL,NULL,'lock site, under construction, hide, hidden',NULL,0,0,NULL,NULL,0,0,0,NULL,0,0,NULL,NULL,NULL,NULL,0,NULL,NULL,NULL,NULL,NULL,NULL,NULL,NULL,0,0,0,0.0000),(99,NULL,NULL,'profile, login, redirect, specific, dashboard, administrators',NULL,0,0,NULL,NULL,0,0,0,NULL,0,0,NULL,NULL,NULL,NULL,0,NULL,NULL,NULL,NULL,NULL,NULL,NULL,NULL,0,0,0,0.0000),(100,NULL,NULL,'member profile, member page, community, forums, social, avatar',NULL,0,0,NULL,NULL,0,0,0,NULL,0,0,NULL,NULL,NULL,NULL,0,NULL,NULL,NULL,NULL,NULL,NULL,NULL,NULL,0,0,0,0.0000),(101,NULL,NULL,'signup, new user, community, public registration, public, registration',NULL,0,0,NULL,NULL,0,0,0,NULL,0,0,NULL,NULL,NULL,NULL,0,NULL,NULL,NULL,NULL,NULL,NULL,NULL,NULL,0,0,0,0.0000),(102,NULL,NULL,'auth, authentication, types, oauth, facebook, login, registration',NULL,0,0,NULL,NULL,0,0,0,NULL,0,0,NULL,NULL,NULL,NULL,0,NULL,NULL,NULL,NULL,NULL,NULL,NULL,NULL,0,0,0,0.0000),(103,NULL,NULL,'smtp, mail settings',NULL,0,0,NULL,NULL,0,0,0,NULL,0,0,NULL,NULL,NULL,NULL,0,NULL,NULL,NULL,NULL,NULL,NULL,NULL,NULL,0,0,0,0.0000),(104,NULL,NULL,'email server, mail settings, mail configuration, external, internal',NULL,0,0,NULL,NULL,0,0,0,NULL,0,0,NULL,NULL,NULL,NULL,0,NULL,NULL,NULL,NULL,NULL,NULL,NULL,NULL,0,0,0,0.0000),(105,NULL,NULL,'test smtp, test mail',NULL,0,0,NULL,NULL,0,0,0,NULL,0,0,NULL,NULL,NULL,NULL,0,NULL,NULL,NULL,NULL,NULL,NULL,NULL,NULL,0,0,0,0.0000),(106,NULL,NULL,'email server, mail settings, mail configuration, private message, message system, import, email, message',NULL,0,0,NULL,NULL,0,0,0,NULL,0,0,NULL,NULL,NULL,NULL,0,NULL,NULL,NULL,NULL,NULL,NULL,NULL,NULL,0,0,0,0.0000),(107,NULL,NULL,'conversations',NULL,0,0,NULL,NULL,0,0,0,NULL,0,0,NULL,NULL,NULL,NULL,0,NULL,NULL,NULL,NULL,NULL,NULL,NULL,NULL,0,0,0,0.0000),(108,NULL,NULL,'conversations',NULL,0,0,NULL,NULL,0,0,0,NULL,0,0,NULL,NULL,NULL,NULL,0,NULL,NULL,NULL,NULL,NULL,NULL,NULL,NULL,0,0,0,0.0000),(109,NULL,NULL,'conversations ratings, ratings, community, community points',NULL,0,0,NULL,NULL,0,0,0,NULL,0,0,NULL,NULL,NULL,NULL,0,NULL,NULL,NULL,NULL,NULL,NULL,NULL,NULL,0,0,0,0.0000),(110,NULL,NULL,'conversations bad words, banned words, banned, bad words, bad, words, list',NULL,0,0,NULL,NULL,0,0,0,NULL,0,0,NULL,NULL,NULL,NULL,0,NULL,NULL,NULL,NULL,NULL,NULL,NULL,NULL,0,0,0,0.0000),(112,NULL,NULL,'attribute configuration',NULL,0,0,NULL,NULL,0,0,0,NULL,0,0,NULL,NULL,NULL,NULL,0,NULL,NULL,NULL,NULL,NULL,NULL,NULL,NULL,0,0,0,0.0000),(113,NULL,NULL,'attributes, sets',NULL,0,0,NULL,NULL,0,0,0,NULL,0,0,NULL,NULL,NULL,NULL,0,NULL,NULL,NULL,NULL,NULL,NULL,NULL,NULL,0,0,0,0.0000),(114,NULL,NULL,'attributes, types',NULL,0,0,NULL,NULL,0,0,0,NULL,0,0,NULL,NULL,NULL,NULL,0,NULL,NULL,NULL,NULL,NULL,NULL,NULL,NULL,0,0,0,0.0000),(115,NULL,NULL,'topics, tags, taxonomy',NULL,0,0,NULL,NULL,0,0,0,NULL,0,0,NULL,NULL,NULL,NULL,0,NULL,NULL,NULL,NULL,NULL,NULL,NULL,NULL,0,0,0,0.0000),(117,NULL,NULL,NULL,NULL,0,0,NULL,NULL,0,1,0,NULL,0,0,NULL,NULL,NULL,NULL,0,NULL,NULL,NULL,NULL,NULL,NULL,NULL,NULL,0,0,0,0.0000),(118,NULL,NULL,'overrides, system info, debug, support, help',NULL,0,0,NULL,NULL,0,0,0,NULL,0,0,NULL,NULL,NULL,NULL,0,NULL,NULL,NULL,NULL,NULL,NULL,NULL,NULL,0,0,0,0.0000),(119,NULL,NULL,'errors, exceptions, develop, support, help',NULL,0,0,NULL,NULL,0,0,0,NULL,0,0,NULL,NULL,NULL,NULL,0,NULL,NULL,NULL,NULL,NULL,NULL,NULL,NULL,0,0,0,0.0000),(120,NULL,NULL,'email, logging, logs, smtp, pop, errors, mysql, log',NULL,0,0,NULL,NULL,0,0,0,NULL,0,0,NULL,NULL,NULL,NULL,0,NULL,NULL,NULL,NULL,NULL,NULL,NULL,NULL,0,0,0,0.0000),(121,NULL,NULL,'network, proxy server',NULL,0,0,NULL,NULL,0,0,0,NULL,0,0,NULL,NULL,NULL,NULL,0,NULL,NULL,NULL,NULL,NULL,NULL,NULL,NULL,0,0,0,0.0000),(122,NULL,NULL,'database, entities, doctrine, orm',NULL,0,0,NULL,NULL,0,0,0,NULL,0,0,NULL,NULL,NULL,NULL,0,NULL,NULL,NULL,NULL,NULL,NULL,NULL,NULL,0,0,0,0.0000),(123,NULL,NULL,'export, backup, database, sql, mysql, encryption, restore',NULL,0,0,NULL,NULL,0,0,0,NULL,0,0,NULL,NULL,NULL,NULL,0,NULL,NULL,NULL,NULL,NULL,NULL,NULL,NULL,0,0,0,0.0000),(125,NULL,NULL,'upgrade, new version, update',NULL,0,0,NULL,NULL,0,0,0,NULL,0,0,NULL,NULL,NULL,NULL,0,NULL,NULL,NULL,NULL,NULL,NULL,NULL,NULL,0,0,0,0.0000),(126,NULL,NULL,NULL,NULL,1,0,NULL,NULL,0,0,0,NULL,0,0,NULL,NULL,NULL,NULL,0,NULL,NULL,NULL,NULL,NULL,NULL,NULL,NULL,0,0,0,0.0000),(127,NULL,NULL,NULL,NULL,1,0,NULL,NULL,0,1,0,NULL,0,0,NULL,NULL,NULL,NULL,0,NULL,NULL,NULL,NULL,NULL,NULL,NULL,NULL,0,0,0,0.0000),(128,NULL,NULL,NULL,'fa fa-edit',0,0,NULL,NULL,0,0,0,NULL,0,0,NULL,NULL,NULL,NULL,0,NULL,NULL,NULL,NULL,NULL,NULL,NULL,NULL,0,0,0,0.0000),(129,NULL,NULL,NULL,'fa fa-trash-o',0,0,NULL,NULL,0,0,0,NULL,0,0,NULL,NULL,NULL,NULL,0,NULL,NULL,NULL,NULL,NULL,NULL,NULL,NULL,0,0,0,0.0000),(130,NULL,NULL,NULL,'fa fa-th',0,0,NULL,NULL,0,0,0,NULL,0,0,NULL,NULL,NULL,NULL,0,NULL,NULL,NULL,NULL,NULL,NULL,NULL,NULL,0,0,0,0.0000),(133,NULL,NULL,NULL,'fa fa-briefcase',0,0,NULL,NULL,0,0,0,NULL,0,0,NULL,NULL,NULL,NULL,0,NULL,NULL,NULL,NULL,NULL,NULL,NULL,NULL,0,0,0,0.0000),(174,NULL,NULL,NULL,NULL,0,0,NULL,NULL,0,0,0,NULL,0,0,NULL,NULL,NULL,NULL,0,NULL,NULL,NULL,NULL,NULL,NULL,NULL,NULL,0,0,0,0.0000),(177,'','','',NULL,0,0,'',NULL,0,0,0,NULL,0,0,NULL,NULL,NULL,NULL,0,'\n3\n',NULL,NULL,NULL,NULL,NULL,NULL,NULL,0,0,0,0.0000),(178,NULL,NULL,NULL,NULL,0,0,NULL,NULL,0,0,0,NULL,0,0,NULL,NULL,NULL,NULL,0,NULL,NULL,NULL,NULL,NULL,NULL,NULL,NULL,0,0,0,0.0000),(179,NULL,NULL,NULL,NULL,0,0,NULL,'',0,0,0,NULL,0,0,NULL,'fa-newspaper-o',NULL,NULL,0,NULL,NULL,NULL,NULL,NULL,NULL,NULL,NULL,1,0,0,0.0000),(180,NULL,NULL,NULL,NULL,0,0,NULL,NULL,0,0,0,NULL,0,0,NULL,NULL,NULL,NULL,0,NULL,NULL,NULL,NULL,NULL,NULL,NULL,NULL,1,0,0,0.0000),(181,NULL,NULL,NULL,NULL,0,0,NULL,'',0,0,0,NULL,0,0,NULL,NULL,NULL,NULL,0,NULL,NULL,NULL,NULL,NULL,NULL,NULL,NULL,0,0,0,0.0000),(182,NULL,NULL,NULL,NULL,0,0,NULL,'\nLorem\nLandscape\n',0,0,0,NULL,18,18,NULL,NULL,NULL,NULL,0,NULL,NULL,NULL,NULL,NULL,NULL,NULL,NULL,0,0,0,0.0000),(183,NULL,NULL,NULL,NULL,0,0,NULL,'\nLandscape\nLove\n',0,0,0,NULL,17,17,NULL,NULL,NULL,NULL,0,NULL,NULL,NULL,NULL,NULL,NULL,NULL,NULL,0,0,0,0.0000),(184,NULL,NULL,NULL,NULL,0,0,NULL,'\nLove\nTheme\n',0,0,0,NULL,16,16,NULL,NULL,NULL,NULL,0,NULL,NULL,NULL,NULL,NULL,NULL,NULL,NULL,0,0,0,0.0000),(185,NULL,NULL,NULL,NULL,0,0,NULL,'',0,0,0,NULL,0,0,NULL,NULL,NULL,NULL,0,NULL,NULL,NULL,NULL,NULL,NULL,NULL,NULL,0,0,0,0.0000),(186,NULL,NULL,NULL,NULL,0,0,NULL,'\nGraphics\nDesign\n',0,0,0,NULL,15,15,NULL,NULL,NULL,NULL,0,NULL,NULL,NULL,NULL,NULL,NULL,NULL,NULL,0,0,0,0.0000),(187,NULL,NULL,NULL,NULL,0,0,NULL,'\nGraphics\nTypography\n',0,0,0,NULL,0,14,NULL,NULL,NULL,NULL,0,NULL,NULL,NULL,NULL,NULL,NULL,NULL,NULL,0,0,0,0.0000),(188,NULL,NULL,NULL,NULL,0,0,NULL,'\nGraphics\nDesign\nFolder\n',0,0,0,NULL,0,13,NULL,NULL,NULL,NULL,0,NULL,NULL,NULL,NULL,NULL,NULL,NULL,NULL,0,0,0,0.0000),(189,NULL,NULL,NULL,NULL,0,0,NULL,'\nTheme\nTypography\n',0,0,0,NULL,0,12,NULL,NULL,NULL,NULL,0,NULL,NULL,NULL,NULL,NULL,NULL,NULL,NULL,0,0,0,0.0000),(199,NULL,NULL,NULL,NULL,0,0,NULL,NULL,0,0,0,NULL,0,0,NULL,NULL,NULL,NULL,0,NULL,NULL,NULL,NULL,NULL,NULL,NULL,NULL,0,0,0,0.0000),(208,NULL,NULL,NULL,NULL,1,0,NULL,NULL,0,0,0,NULL,0,0,NULL,NULL,NULL,NULL,0,NULL,NULL,NULL,NULL,NULL,NULL,NULL,NULL,0,0,0,0.0000),(209,NULL,NULL,NULL,NULL,1,0,NULL,NULL,0,0,0,NULL,0,0,NULL,NULL,NULL,NULL,0,NULL,NULL,NULL,NULL,NULL,NULL,NULL,NULL,0,0,0,0.0000),(210,NULL,NULL,NULL,NULL,1,0,NULL,NULL,0,0,0,NULL,0,0,NULL,NULL,NULL,NULL,0,NULL,NULL,NULL,NULL,NULL,NULL,NULL,NULL,0,0,0,0.0000),(211,NULL,NULL,NULL,NULL,1,0,NULL,NULL,0,0,0,NULL,0,0,NULL,NULL,NULL,NULL,0,NULL,NULL,NULL,NULL,NULL,NULL,NULL,NULL,0,0,0,0.0000),(212,NULL,NULL,NULL,NULL,1,0,NULL,NULL,0,0,0,NULL,0,0,NULL,NULL,NULL,NULL,0,NULL,NULL,NULL,NULL,NULL,NULL,NULL,NULL,0,0,0,0.0000),(214,NULL,NULL,NULL,NULL,1,0,NULL,NULL,0,1,0,NULL,0,0,NULL,NULL,NULL,NULL,0,NULL,NULL,NULL,NULL,NULL,NULL,NULL,NULL,0,0,0,0.0000),(215,NULL,NULL,NULL,NULL,1,0,NULL,NULL,0,1,0,NULL,0,0,NULL,NULL,NULL,NULL,0,NULL,NULL,NULL,NULL,NULL,NULL,NULL,NULL,0,0,0,0.0000),(216,NULL,NULL,'global, password, reset, change password, force, sign out',NULL,0,0,NULL,NULL,0,0,0,NULL,0,0,NULL,NULL,NULL,NULL,0,NULL,NULL,NULL,NULL,NULL,NULL,NULL,NULL,0,0,0,0.0000),(220,NULL,NULL,NULL,NULL,0,0,NULL,NULL,0,0,0,NULL,0,0,NULL,NULL,NULL,NULL,0,NULL,NULL,NULL,NULL,NULL,NULL,NULL,NULL,0,0,1,2.0000),(221,NULL,NULL,NULL,NULL,1,0,NULL,NULL,0,0,0,NULL,0,0,NULL,NULL,NULL,NULL,0,NULL,NULL,NULL,NULL,NULL,NULL,NULL,NULL,0,0,1,1.0000);
/*!40000 ALTER TABLE `CollectionSearchIndexAttributes` ENABLE KEYS */;
UNLOCK TABLES;

--
-- Table structure for table `CollectionVersionAreaStyles`
--

DROP TABLE IF EXISTS `CollectionVersionAreaStyles`;
/*!40101 SET @saved_cs_client     = @@character_set_client */;
/*!40101 SET character_set_client = utf8 */;
CREATE TABLE `CollectionVersionAreaStyles` (
  `cID` int(10) unsigned NOT NULL DEFAULT '0',
  `cvID` int(10) unsigned NOT NULL DEFAULT '0',
  `arHandle` varchar(255) COLLATE utf8_unicode_ci NOT NULL,
  `issID` int(10) unsigned NOT NULL DEFAULT '0',
  PRIMARY KEY (`cID`,`cvID`,`arHandle`),
  KEY `issID` (`issID`)
) ENGINE=InnoDB DEFAULT CHARSET=utf8 COLLATE=utf8_unicode_ci;
/*!40101 SET character_set_client = @saved_cs_client */;

--
-- Dumping data for table `CollectionVersionAreaStyles`
--

LOCK TABLES `CollectionVersionAreaStyles` WRITE;
/*!40000 ALTER TABLE `CollectionVersionAreaStyles` DISABLE KEYS */;
INSERT INTO `CollectionVersionAreaStyles` VALUES (1,1,'Main',7),(1,2,'Main',7),(1,1,'Header Image',8),(1,2,'Header Image',8),(1,1,'Main - 1',9),(1,2,'Main - 1',9),(1,3,'Main - 1',9),(1,4,'Main - 1',9),(1,5,'Main - 1',9),(1,6,'Main - 1',9),(1,7,'Main - 1',9),(1,8,'Main - 1',9),(1,9,'Main - 1',9),(1,10,'Main - 1',9),(1,11,'Main - 1',9),(1,12,'Main - 1',9),(1,13,'Main - 1',9),(1,1,'Main - 2',10),(1,2,'Main - 2',10),(177,1,'Main',11),(177,2,'Main',11),(177,3,'Main',11),(177,4,'Main',11),(177,1,'Main - 1',12),(177,2,'Main - 1',12),(177,3,'Main - 1',12),(177,4,'Main - 1',12),(177,1,'Main Bottom',13),(177,2,'Main Bottom',13),(177,3,'Main Bottom',13),(177,4,'Main Bottom',13),(177,1,'Header Image',15),(177,2,'Header Image',15),(177,3,'Header Image',15),(177,4,'Header Image',15),(178,1,'Main',17),(178,1,'Main - 1',18),(178,1,'Main Bottom',20),(178,1,'Header',24),(1,3,'Main',31),(1,4,'Main',31),(1,5,'Main',31),(1,6,'Main',31),(1,7,'Main',31),(1,8,'Main',31),(1,9,'Main',31),(1,10,'Main',31),(1,11,'Main',31),(1,12,'Main',31),(1,13,'Main',31),(1,3,'Main - 2',33),(1,4,'Main - 2',33),(1,5,'Main - 2',33),(1,6,'Main - 2',33),(1,7,'Main - 2',33),(1,8,'Main - 2',33),(1,9,'Main - 2',33),(1,10,'Main - 2',33),(1,11,'Main - 2',33),(1,12,'Main - 2',33),(1,13,'Main - 2',33),(177,3,'Main - 2 : 23',39),(177,4,'Main - 2 : 23',39),(177,3,'Main - 2 : 24',40),(177,4,'Main - 2 : 24',40),(177,3,'Main - 2 : 25',41),(177,4,'Main - 2 : 25',41),(180,2,'Main - 1',45),(180,3,'Main - 1',45),(180,4,'Main - 1',45),(179,2,'Header',50);
/*!40000 ALTER TABLE `CollectionVersionAreaStyles` ENABLE KEYS */;
UNLOCK TABLES;

--
-- Table structure for table `CollectionVersionBlockStyles`
--

DROP TABLE IF EXISTS `CollectionVersionBlockStyles`;
/*!40101 SET @saved_cs_client     = @@character_set_client */;
/*!40101 SET character_set_client = utf8 */;
CREATE TABLE `CollectionVersionBlockStyles` (
  `cID` int(10) unsigned NOT NULL DEFAULT '0',
  `cvID` int(10) unsigned NOT NULL DEFAULT '0',
  `bID` int(10) unsigned NOT NULL DEFAULT '0',
  `arHandle` varchar(255) COLLATE utf8_unicode_ci NOT NULL,
  `issID` int(10) unsigned NOT NULL DEFAULT '0',
  PRIMARY KEY (`cID`,`cvID`,`bID`,`arHandle`),
  KEY `bID` (`bID`,`issID`),
  KEY `issID` (`issID`)
) ENGINE=InnoDB DEFAULT CHARSET=utf8 COLLATE=utf8_unicode_ci;
/*!40101 SET character_set_client = @saved_cs_client */;

--
-- Dumping data for table `CollectionVersionBlockStyles`
--

LOCK TABLES `CollectionVersionBlockStyles` WRITE;
/*!40000 ALTER TABLE `CollectionVersionBlockStyles` DISABLE KEYS */;
INSERT INTO `CollectionVersionBlockStyles` VALUES (185,1,30,'Header',1),(186,1,30,'Header',1),(186,2,30,'Header',1),(186,3,30,'Header',1),(187,1,30,'Header',1),(187,2,30,'Header',1),(187,3,30,'Header',1),(188,1,30,'Header',1),(188,2,30,'Header',1),(188,3,30,'Header',1),(188,4,30,'Header',1),(189,1,30,'Header',1),(189,2,30,'Header',1),(189,3,30,'Header',1),(185,1,34,'Header',2),(186,1,34,'Header',2),(186,2,34,'Header',2),(186,3,34,'Header',2),(187,1,34,'Header',2),(187,2,34,'Header',2),(187,3,34,'Header',2),(188,1,34,'Header',2),(188,2,34,'Header',2),(188,3,34,'Header',2),(188,4,34,'Header',2),(189,1,34,'Header',2),(189,2,34,'Header',2),(189,3,34,'Header',2),(185,1,43,'Main - 1',3),(186,1,43,'Main - 1',3),(186,2,43,'Main - 1',3),(186,3,43,'Main - 1',3),(187,1,43,'Main - 1',3),(187,2,43,'Main - 1',3),(187,3,43,'Main - 1',3),(188,1,43,'Main - 1',3),(188,2,43,'Main - 1',3),(188,3,43,'Main - 1',3),(188,4,43,'Main - 1',3),(189,1,43,'Main - 1',3),(189,2,43,'Main - 1',3),(189,3,43,'Main - 1',3),(185,1,45,'Main - 1',4),(186,1,45,'Main - 1',4),(186,2,45,'Main - 1',4),(186,3,45,'Main - 1',4),(187,1,45,'Main - 1',4),(187,2,45,'Main - 1',4),(187,3,45,'Main - 1',4),(188,1,45,'Main - 1',4),(188,2,45,'Main - 1',4),(188,3,45,'Main - 1',4),(188,4,45,'Main - 1',4),(189,1,45,'Main - 1',4),(189,2,45,'Main - 1',4),(189,3,45,'Main - 1',4),(171,1,61,'Main',5),(1,1,68,'Main',6),(1,2,68,'Main',6),(1,3,68,'Main - 2',6),(1,4,68,'Main - 2',6),(1,5,68,'Main - 2',6),(1,6,68,'Main - 2',6),(1,7,68,'Main - 2',6),(1,8,68,'Main - 2',6),(1,9,68,'Main - 2',6),(1,10,68,'Main - 2',6),(1,11,68,'Main - 2',6),(1,12,68,'Main - 2',6),(1,13,68,'Main - 2',6),(177,1,95,'Main - 2',14),(177,2,95,'Main - 2',14),(177,3,95,'Main - 2',14),(177,4,95,'Main - 2',14),(178,1,103,'Main',16),(178,1,110,'Main Bottom : 28',19),(178,1,120,'Header : 31',21),(178,1,121,'Header : 32',22),(178,1,122,'Header : 33',23),(180,1,160,'Main - 1',25),(180,2,160,'Main - 1',25),(180,1,161,'Main - 1',26),(180,2,161,'Main - 1',26),(180,3,161,'Main - 1',26),(180,4,161,'Main - 1',26),(180,1,163,'Main - 1',27),(180,2,163,'Main - 1',27),(180,3,163,'Main - 1',27),(180,4,163,'Main - 1',27),(1,3,172,'Header Image',28),(1,4,172,'Header Image',28),(1,5,172,'Header Image',28),(1,6,172,'Header Image',28),(1,7,172,'Header Image',28),(1,8,209,'Header Image',28),(1,9,209,'Header Image',28),(1,10,209,'Header Image',28),(1,3,177,'Header',29),(1,4,177,'Header',29),(1,5,177,'Header',29),(1,6,177,'Header',29),(1,7,177,'Header',29),(1,8,177,'Header',29),(1,9,177,'Header',29),(1,10,177,'Header',29),(1,11,177,'Header',29),(1,12,177,'Header',29),(1,13,177,'Header',29),(1,3,178,'Header',30),(1,4,178,'Header',30),(1,5,178,'Header',30),(1,6,178,'Header',30),(1,7,178,'Header',30),(1,8,178,'Header',30),(1,9,178,'Header',30),(1,10,178,'Header',30),(1,11,178,'Header',30),(1,12,178,'Header',30),(1,13,178,'Header',30),(1,3,186,'Main',32),(1,4,186,'Main',32),(1,5,186,'Main',32),(1,6,186,'Main',32),(1,7,186,'Main',32),(1,8,186,'Main',32),(1,9,186,'Main',32),(1,10,186,'Main',32),(1,11,186,'Main',32),(1,12,186,'Main',32),(1,13,186,'Main',32),(1,3,187,'Main - 1',34),(1,4,190,'Header',35),(1,5,190,'Header',35),(1,6,190,'Header',35),(1,7,190,'Header',35),(1,8,190,'Header',35),(1,9,190,'Header',35),(1,10,190,'Header',35),(1,11,190,'Header',35),(1,12,190,'Header',35),(1,13,190,'Header',35),(1,4,192,'Main - 1',36),(1,5,193,'Main - 1',36),(1,6,194,'Main - 1',36),(1,7,194,'Main - 1',36),(1,8,194,'Main - 1',36),(1,9,194,'Main - 1',36),(1,10,194,'Main - 1',36),(1,11,194,'Main - 1',36),(1,12,194,'Main - 1',36),(1,13,194,'Main - 1',36),(177,3,208,'Main - 2',42),(177,4,208,'Main - 2',42),(1,11,211,'Header Image',43),(1,12,211,'Header Image',43),(1,13,211,'Header Image',43),(180,2,213,'Main - 1',46),(180,3,213,'Main - 1',46),(180,4,213,'Main - 1',46),(180,2,214,'Main - 1',47),(180,3,214,'Main - 1',47),(180,4,214,'Main - 1',47),(180,2,215,'Header',48),(180,3,215,'Header',48),(180,4,215,'Header',48),(180,2,216,'Header',49),(180,3,216,'Header',49),(180,4,216,'Header',49),(180,3,224,'Main - 1',51),(180,4,224,'Main - 1',52),(220,1,238,'Main',53);
/*!40000 ALTER TABLE `CollectionVersionBlockStyles` ENABLE KEYS */;
UNLOCK TABLES;

--
-- Table structure for table `CollectionVersionBlocksCacheSettings`
--

DROP TABLE IF EXISTS `CollectionVersionBlocksCacheSettings`;
/*!40101 SET @saved_cs_client     = @@character_set_client */;
/*!40101 SET character_set_client = utf8 */;
CREATE TABLE `CollectionVersionBlocksCacheSettings` (
  `cID` int(10) unsigned NOT NULL DEFAULT '0',
  `cvID` int(10) unsigned NOT NULL DEFAULT '1',
  `bID` int(10) unsigned NOT NULL DEFAULT '0',
  `arHandle` varchar(255) COLLATE utf8_unicode_ci NOT NULL,
  `btCacheBlockOutput` tinyint(1) NOT NULL DEFAULT '0',
  `btCacheBlockOutputOnPost` tinyint(1) NOT NULL DEFAULT '0',
  `btCacheBlockOutputForRegisteredUsers` tinyint(1) NOT NULL DEFAULT '0',
  `btCacheBlockOutputLifetime` int(10) unsigned NOT NULL DEFAULT '0',
  PRIMARY KEY (`cID`,`cvID`,`bID`,`arHandle`),
  KEY `bID` (`bID`,`cID`,`cvID`,`arHandle`)
) ENGINE=InnoDB DEFAULT CHARSET=utf8 COLLATE=utf8_unicode_ci;
/*!40101 SET character_set_client = @saved_cs_client */;

--
-- Dumping data for table `CollectionVersionBlocksCacheSettings`
--

LOCK TABLES `CollectionVersionBlocksCacheSettings` WRITE;
/*!40000 ALTER TABLE `CollectionVersionBlocksCacheSettings` DISABLE KEYS */;
/*!40000 ALTER TABLE `CollectionVersionBlocksCacheSettings` ENABLE KEYS */;
UNLOCK TABLES;

--
-- Table structure for table `CollectionVersionBlocksOutputCache`
--

DROP TABLE IF EXISTS `CollectionVersionBlocksOutputCache`;
/*!40101 SET @saved_cs_client     = @@character_set_client */;
/*!40101 SET character_set_client = utf8 */;
CREATE TABLE `CollectionVersionBlocksOutputCache` (
  `cID` int(10) unsigned NOT NULL DEFAULT '0',
  `cvID` int(10) unsigned NOT NULL DEFAULT '1',
  `bID` int(10) unsigned NOT NULL DEFAULT '0',
  `arHandle` varchar(255) COLLATE utf8_unicode_ci NOT NULL,
  `btCachedBlockOutput` longtext COLLATE utf8_unicode_ci,
  `btCachedBlockOutputExpires` int(10) unsigned NOT NULL DEFAULT '0',
  PRIMARY KEY (`cID`,`cvID`,`bID`,`arHandle`),
  KEY `bID` (`bID`,`cID`,`cvID`,`arHandle`)
) ENGINE=InnoDB DEFAULT CHARSET=utf8 COLLATE=utf8_unicode_ci;
/*!40101 SET character_set_client = @saved_cs_client */;

--
-- Dumping data for table `CollectionVersionBlocksOutputCache`
--

LOCK TABLES `CollectionVersionBlocksOutputCache` WRITE;
/*!40000 ALTER TABLE `CollectionVersionBlocksOutputCache` DISABLE KEYS */;
/*!40000 ALTER TABLE `CollectionVersionBlocksOutputCache` ENABLE KEYS */;
UNLOCK TABLES;

--
-- Table structure for table `CollectionVersionFeatureAssignments`
--

DROP TABLE IF EXISTS `CollectionVersionFeatureAssignments`;
/*!40101 SET @saved_cs_client     = @@character_set_client */;
/*!40101 SET character_set_client = utf8 */;
CREATE TABLE `CollectionVersionFeatureAssignments` (
  `cID` int(10) unsigned NOT NULL DEFAULT '0',
  `cvID` int(10) unsigned NOT NULL DEFAULT '1',
  `faID` int(10) unsigned NOT NULL DEFAULT '0',
  PRIMARY KEY (`cID`,`cvID`,`faID`),
  KEY `faID` (`faID`)
) ENGINE=InnoDB DEFAULT CHARSET=utf8 COLLATE=utf8_unicode_ci;
/*!40101 SET character_set_client = @saved_cs_client */;

--
-- Dumping data for table `CollectionVersionFeatureAssignments`
--

LOCK TABLES `CollectionVersionFeatureAssignments` WRITE;
/*!40000 ALTER TABLE `CollectionVersionFeatureAssignments` DISABLE KEYS */;
INSERT INTO `CollectionVersionFeatureAssignments` VALUES (173,1,1),(1,1,2),(1,2,2),(1,1,3),(1,2,3),(1,1,4),(1,2,4),(186,1,5),(186,2,5),(187,1,6),(187,2,6),(188,1,7),(188,2,7),(188,3,7),(189,1,8),(189,2,8),(1,3,9),(1,4,9),(1,5,9),(1,6,9),(1,7,9),(1,3,10),(1,4,10),(1,5,10),(1,6,10),(1,7,10),(1,8,10),(1,9,10),(1,10,10),(1,11,10),(199,2,11),(177,3,12),(177,3,13),(177,3,14),(1,8,15),(1,9,15),(1,10,15),(1,11,16),(1,12,16),(1,13,16),(1,12,17),(1,13,17),(177,4,18),(177,4,19),(177,4,20),(186,3,21),(187,3,22),(188,4,23),(189,3,24);
/*!40000 ALTER TABLE `CollectionVersionFeatureAssignments` ENABLE KEYS */;
UNLOCK TABLES;

--
-- Table structure for table `CollectionVersionRelatedEdits`
--

DROP TABLE IF EXISTS `CollectionVersionRelatedEdits`;
/*!40101 SET @saved_cs_client     = @@character_set_client */;
/*!40101 SET character_set_client = utf8 */;
CREATE TABLE `CollectionVersionRelatedEdits` (
  `cID` int(10) unsigned NOT NULL DEFAULT '0',
  `cvID` int(10) unsigned NOT NULL DEFAULT '0',
  `cRelationID` int(10) unsigned NOT NULL DEFAULT '0',
  `cvRelationID` int(10) unsigned NOT NULL DEFAULT '0',
  PRIMARY KEY (`cID`,`cvID`,`cRelationID`,`cvRelationID`)
) ENGINE=InnoDB DEFAULT CHARSET=utf8 COLLATE=utf8_unicode_ci;
/*!40101 SET character_set_client = @saved_cs_client */;

--
-- Dumping data for table `CollectionVersionRelatedEdits`
--

LOCK TABLES `CollectionVersionRelatedEdits` WRITE;
/*!40000 ALTER TABLE `CollectionVersionRelatedEdits` DISABLE KEYS */;
/*!40000 ALTER TABLE `CollectionVersionRelatedEdits` ENABLE KEYS */;
UNLOCK TABLES;

--
-- Table structure for table `CollectionVersionThemeCustomStyles`
--

DROP TABLE IF EXISTS `CollectionVersionThemeCustomStyles`;
/*!40101 SET @saved_cs_client     = @@character_set_client */;
/*!40101 SET character_set_client = utf8 */;
CREATE TABLE `CollectionVersionThemeCustomStyles` (
  `cID` int(10) unsigned NOT NULL DEFAULT '0',
  `cvID` int(10) unsigned NOT NULL DEFAULT '1',
  `pThemeID` int(10) unsigned NOT NULL DEFAULT '0',
  `scvlID` int(10) unsigned DEFAULT '0',
  `preset` varchar(255) COLLATE utf8_unicode_ci DEFAULT NULL,
  `sccRecordID` int(10) unsigned DEFAULT '0',
  PRIMARY KEY (`cID`,`cvID`,`pThemeID`),
  KEY `pThemeID` (`pThemeID`),
  KEY `scvlID` (`scvlID`),
  KEY `sccRecordID` (`sccRecordID`)
) ENGINE=InnoDB DEFAULT CHARSET=utf8 COLLATE=utf8_unicode_ci;
/*!40101 SET character_set_client = @saved_cs_client */;

--
-- Dumping data for table `CollectionVersionThemeCustomStyles`
--

LOCK TABLES `CollectionVersionThemeCustomStyles` WRITE;
/*!40000 ALTER TABLE `CollectionVersionThemeCustomStyles` DISABLE KEYS */;
/*!40000 ALTER TABLE `CollectionVersionThemeCustomStyles` ENABLE KEYS */;
UNLOCK TABLES;

--
-- Table structure for table `CollectionVersions`
--

DROP TABLE IF EXISTS `CollectionVersions`;
/*!40101 SET @saved_cs_client     = @@character_set_client */;
/*!40101 SET character_set_client = utf8 */;
CREATE TABLE `CollectionVersions` (
  `cID` int(10) unsigned NOT NULL DEFAULT '0',
  `cvID` int(10) unsigned NOT NULL DEFAULT '1',
  `cvName` text COLLATE utf8_unicode_ci,
  `cvHandle` varchar(255) COLLATE utf8_unicode_ci DEFAULT NULL,
  `cvDescription` text COLLATE utf8_unicode_ci,
  `cvDatePublic` datetime DEFAULT NULL,
  `cvDateCreated` datetime NOT NULL DEFAULT '1000-01-01 00:00:00',
  `cvComments` varchar(255) COLLATE utf8_unicode_ci DEFAULT NULL,
  `cvIsApproved` tinyint(1) NOT NULL DEFAULT '0',
  `cvIsNew` tinyint(1) NOT NULL DEFAULT '0',
  `cvAuthorUID` int(10) unsigned DEFAULT NULL,
  `cvApproverUID` int(10) unsigned DEFAULT NULL,
  `pThemeID` int(10) unsigned NOT NULL DEFAULT '0',
  `pTemplateID` int(10) unsigned NOT NULL DEFAULT '0',
  `cvActivateDatetime` datetime DEFAULT NULL,
  `cvPublishDate` datetime DEFAULT NULL,
  PRIMARY KEY (`cID`,`cvID`),
  KEY `cvIsApproved` (`cvIsApproved`),
  KEY `cvAuthorUID` (`cvAuthorUID`),
  KEY `cvApproverUID` (`cvApproverUID`),
  KEY `pThemeID` (`pThemeID`),
  KEY `pTemplateID` (`pTemplateID`)
) ENGINE=InnoDB DEFAULT CHARSET=utf8 COLLATE=utf8_unicode_ci;
/*!40101 SET character_set_client = @saved_cs_client */;

--
-- Dumping data for table `CollectionVersions`
--

LOCK TABLES `CollectionVersions` WRITE;
/*!40000 ALTER TABLE `CollectionVersions` DISABLE KEYS */;
INSERT INTO `CollectionVersions` VALUES (1,1,'Home','home','','2015-09-04 15:31:06','2015-09-04 15:31:06','Initial Version',0,0,1,NULL,2,8,NULL,NULL),(1,2,'Home','home','','2015-09-04 15:31:00','2015-09-04 15:43:50','New Version 2',0,0,1,1,2,8,NULL,NULL),(1,3,'Home','home','','2015-09-04 15:31:00','2015-09-04 15:57:08','Version 3',0,0,1,1,2,8,NULL,NULL),(1,4,'Home','home','','2015-09-04 15:31:00','2015-09-04 16:27:43','Version 4',0,0,1,1,2,8,NULL,NULL),(1,5,'Home','home','','2015-09-04 15:31:00','2015-09-04 16:37:42','Version 5',0,0,1,1,2,8,NULL,NULL),(1,6,'Home','home','','2015-09-04 15:31:00','2015-09-04 16:38:13','Version 6',0,0,1,1,2,8,NULL,NULL),(1,7,'Home','home','','2015-09-04 15:31:00','2015-09-04 17:06:54','New Version 7',0,0,1,1,2,8,NULL,NULL),(1,8,'Home','home','','2015-09-04 15:31:00','2015-09-04 17:08:25','Version 8',0,0,1,1,2,8,NULL,NULL),(1,9,'Home','home','','2015-09-04 15:31:00','2015-09-04 17:09:14','Version 9',0,0,1,1,2,8,NULL,NULL),(1,10,'Home','home','','2015-09-04 15:31:00','2015-09-04 22:20:11','New Version 10',0,0,1,1,2,8,NULL,NULL),(1,11,'Home','home','','2015-09-04 15:31:00','2015-09-07 08:18:45','Version 11',0,0,1,1,2,8,NULL,NULL),(1,12,'Home','home','','2015-09-04 15:31:00','2015-09-07 08:21:18','Version 12',0,0,1,1,2,8,NULL,NULL),(1,13,'Home','','','2015-09-04 15:31:00','2015-10-29 11:07:59','Version 13',1,0,1,1,2,8,NULL,NULL),(2,1,'Dashboard','dashboard','','2015-09-04 15:31:18','2015-09-04 15:31:18','Initial Version',1,0,1,NULL,2,0,NULL,NULL),(3,1,'Sitemap','sitemap','Whole world at a glance.','2015-09-04 15:31:19','2015-09-04 15:31:19','Initial Version',1,0,1,NULL,2,0,NULL,NULL),(4,1,'Full Sitemap','full','','2015-09-04 15:31:19','2015-09-04 15:31:19','Initial Version',1,0,1,NULL,2,0,NULL,NULL),(5,1,'Flat View','explore','','2015-09-04 15:31:19','2015-09-04 15:31:19','Initial Version',1,0,1,NULL,2,0,NULL,NULL),(6,1,'Page Search','search','','2015-09-04 15:31:19','2015-09-04 15:31:19','Initial Version',1,0,1,NULL,2,0,NULL,NULL),(7,1,'Files','files','All documents and images.','2015-09-04 15:31:19','2015-09-04 15:31:19','Initial Version',1,0,1,NULL,2,0,NULL,NULL),(8,1,'File Manager','search','','2015-09-04 15:31:19','2015-09-04 15:31:19','Initial Version',1,0,1,NULL,2,0,NULL,NULL),(9,1,'Attributes','attributes','','2015-09-04 15:31:19','2015-09-04 15:31:19','Initial Version',1,0,1,NULL,2,0,NULL,NULL),(10,1,'File Sets','sets','','2015-09-04 15:31:19','2015-09-04 15:31:19','Initial Version',1,0,1,NULL,2,0,NULL,NULL),(11,1,'Add File Set','add_set','','2015-09-04 15:31:19','2015-09-04 15:31:19','Initial Version',1,0,1,NULL,2,0,NULL,NULL),(12,1,'Members','users','Add and manage the user accounts and groups on your website.','2015-09-04 15:31:19','2015-09-04 15:31:19','Initial Version',1,0,1,NULL,2,0,NULL,NULL),(13,1,'Search Users','search','','2015-09-04 15:31:19','2015-09-04 15:31:19','Initial Version',1,0,1,NULL,2,0,NULL,NULL),(14,1,'User Groups','groups','','2015-09-04 15:31:19','2015-09-04 15:31:19','Initial Version',1,0,1,NULL,2,0,NULL,NULL),(15,1,'Attributes','attributes','','2015-09-04 15:31:19','2015-09-04 15:31:19','Initial Version',1,0,1,NULL,2,0,NULL,NULL),(16,1,'Add User','add','','2015-09-04 15:31:19','2015-09-04 15:31:19','Initial Version',1,0,1,NULL,2,0,NULL,NULL),(17,1,'Add Group','add_group','','2015-09-04 15:31:19','2015-09-04 15:31:19','Initial Version',1,0,1,NULL,2,0,NULL,NULL),(18,1,'Move Multiple Groups','bulkupdate','','2015-09-04 15:31:19','2015-09-04 15:31:19','Initial Version',1,0,1,NULL,2,0,NULL,NULL),(19,1,'Group Sets','group_sets','','2015-09-04 15:31:19','2015-09-04 15:31:19','Initial Version',1,0,1,NULL,2,0,NULL,NULL),(20,1,'Community Points','points',NULL,'2015-09-04 15:31:19','2015-09-04 15:31:19','Initial Version',1,0,1,NULL,2,0,NULL,NULL),(21,1,'Assign Points','assign',NULL,'2015-09-04 15:31:19','2015-09-04 15:31:19','Initial Version',1,0,1,NULL,2,0,NULL,NULL),(22,1,'Actions','actions',NULL,'2015-09-04 15:31:19','2015-09-04 15:31:19','Initial Version',1,0,1,NULL,2,0,NULL,NULL),(23,1,'Reports','reports','Get data from forms and logs.','2015-09-04 15:31:19','2015-09-04 15:31:19','Initial Version',1,0,1,NULL,2,0,NULL,NULL),(24,1,'Form Results','forms','Get submission data.','2015-09-04 15:31:19','2015-09-04 15:31:19','Initial Version',1,0,1,NULL,2,0,NULL,NULL),(25,1,'Surveys','surveys','','2015-09-04 15:31:19','2015-09-04 15:31:19','Initial Version',1,0,1,NULL,2,0,NULL,NULL),(26,1,'Logs','logs','','2015-09-04 15:31:19','2015-09-04 15:31:19','Initial Version',1,0,1,NULL,2,0,NULL,NULL),(27,1,'Pages & Themes','pages','Reskin your site.','2015-09-04 15:31:19','2015-09-04 15:31:19','Initial Version',1,0,1,NULL,2,0,NULL,NULL),(28,1,'Themes','themes','Reskin your site.','2015-09-04 15:31:19','2015-09-04 15:31:19','Initial Version',1,0,1,NULL,2,0,NULL,NULL),(29,1,'Inspect','inspect','','2015-09-04 15:31:19','2015-09-04 15:31:19','Initial Version',1,0,1,NULL,2,0,NULL,NULL),(30,1,'Page Types','types','','2015-09-04 15:31:19','2015-09-04 15:31:19','Initial Version',1,0,1,NULL,2,0,NULL,NULL),(31,1,'Organize Page Type Order','organize','','2015-09-04 15:31:19','2015-09-04 15:31:19','Initial Version',1,0,1,NULL,2,0,NULL,NULL),(32,1,'Add Page Type','add','','2015-09-04 15:31:19','2015-09-04 15:31:19','Initial Version',1,0,1,NULL,2,0,NULL,NULL),(33,1,'Compose Form','form','','2015-09-04 15:31:19','2015-09-04 15:31:19','Initial Version',1,0,1,NULL,2,0,NULL,NULL),(34,1,'Defaults and Output','output','','2015-09-04 15:31:19','2015-09-04 15:31:19','Initial Version',1,0,1,NULL,2,0,NULL,NULL),(35,1,'Page Type Attributes','attributes','','2015-09-04 15:31:19','2015-09-04 15:31:19','Initial Version',1,0,1,NULL,2,0,NULL,NULL),(36,1,'Page Type Permissions','permissions','','2015-09-04 15:31:19','2015-09-04 15:31:19','Initial Version',1,0,1,NULL,2,0,NULL,NULL),(37,1,'Page Templates','templates','Form factors for pages in your site.','2015-09-04 15:31:19','2015-09-04 15:31:19','Initial Version',1,0,1,NULL,2,0,NULL,NULL),(38,1,'Add Page Template','add','Add page templates to your site.','2015-09-04 15:31:19','2015-09-04 15:31:19','Initial Version',1,0,1,NULL,2,0,NULL,NULL),(39,1,'Attributes','attributes','','2015-09-04 15:31:19','2015-09-04 15:31:19','Initial Version',1,0,1,NULL,2,0,NULL,NULL),(40,1,'Single Pages','single','','2015-09-04 15:31:19','2015-09-04 15:31:19','Initial Version',1,0,1,NULL,2,0,NULL,NULL),(41,1,'RSS Feeds','feeds','','2015-09-04 15:31:19','2015-09-04 15:31:19','Initial Version',1,0,1,NULL,2,0,NULL,NULL),(42,1,'Conversations','conversations','','2015-09-04 15:31:19','2015-09-04 15:31:19','Initial Version',1,0,1,NULL,2,0,NULL,NULL),(43,1,'Messages','messages','','2015-09-04 15:31:19','2015-09-04 15:31:19','Initial Version',1,0,1,NULL,2,0,NULL,NULL),(44,1,'Workflow','workflow','','2015-09-04 15:31:19','2015-09-04 15:31:19','Initial Version',1,0,1,NULL,2,0,NULL,NULL),(45,1,'Waiting for Me','me','','2015-09-04 15:31:19','2015-09-04 15:31:19','Initial Version',1,0,1,NULL,2,0,NULL,NULL),(46,1,'Workflow List','workflows','','2015-09-04 15:31:19','2015-09-04 15:31:19','Initial Version',1,0,1,NULL,2,0,NULL,NULL),(47,1,'Stacks & Blocks','blocks','Manage sitewide content and administer block types.','2015-09-04 15:31:19','2015-09-04 15:31:19','Initial Version',1,0,1,NULL,2,0,NULL,NULL),(48,1,'Stacks','stacks','Share content across your site.','2015-09-04 15:31:19','2015-09-04 15:31:19','Initial Version',1,0,1,NULL,2,0,NULL,NULL),(49,1,'Block & Stack Permissions','permissions','Control who can add blocks and stacks on your site.','2015-09-04 15:31:19','2015-09-04 15:31:19','Initial Version',1,0,1,NULL,2,0,NULL,NULL),(50,1,'Stack List','list','','2015-09-04 15:31:19','2015-09-04 15:31:19','Initial Version',1,0,1,NULL,2,0,NULL,NULL),(51,1,'Block Types','types','Manage the installed block types in your site.','2015-09-04 15:31:19','2015-09-04 15:31:19','Initial Version',1,0,1,NULL,2,0,NULL,NULL),(52,1,'Extend concrete5','extend','','2015-09-04 15:31:19','2015-09-04 15:31:19','Initial Version',1,0,1,NULL,2,0,NULL,NULL),(53,1,'Dashboard','news','','2015-09-04 15:31:20','2015-09-04 15:31:20','Initial Version',1,0,1,NULL,2,0,NULL,NULL),(54,1,'Add Functionality','install','Install add-ons & themes.','2015-09-04 15:31:20','2015-09-04 15:31:20','Initial Version',1,0,1,NULL,2,0,NULL,NULL),(55,1,'Update Add-Ons','update','Update your installed packages.','2015-09-04 15:31:20','2015-09-04 15:31:20','Initial Version',1,0,1,NULL,2,0,NULL,NULL),(56,1,'Connect to the Community','connect','Connect to the concrete5 community.','2015-09-04 15:31:20','2015-09-04 15:31:20','Initial Version',1,0,1,NULL,2,0,NULL,NULL),(57,1,'Get More Themes','themes','Download themes from concrete5.org.','2015-09-04 15:31:20','2015-09-04 15:31:20','Initial Version',1,0,1,NULL,2,0,NULL,NULL),(58,1,'Get More Add-Ons','addons','Download add-ons from concrete5.org.','2015-09-04 15:31:20','2015-09-04 15:31:20','Initial Version',1,0,1,NULL,2,0,NULL,NULL),(59,1,'System & Settings','system','Secure and setup your site.','2015-09-04 15:31:20','2015-09-04 15:31:20','Initial Version',1,0,1,NULL,2,0,NULL,NULL),(60,1,'Basics','basics','Basic information about your website.','2015-09-04 15:31:20','2015-09-04 15:31:20','Initial Version',1,0,1,NULL,2,0,NULL,NULL),(61,1,'Name & Attributes','name','','2015-09-04 15:31:20','2015-09-04 15:31:20','Initial Version',1,0,1,NULL,2,0,NULL,NULL),(62,1,'Accessibility','accessibility','','2015-09-04 15:31:20','2015-09-04 15:31:20','Initial Version',1,0,1,NULL,2,0,NULL,NULL),(63,1,'Social Links','social','','2015-09-04 15:31:20','2015-09-04 15:31:20','Initial Version',1,0,1,NULL,2,0,NULL,NULL),(64,1,'Bookmark Icons','icons','Bookmark icon and mobile home screen icon setup.','2015-09-04 15:31:20','2015-09-04 15:31:20','Initial Version',1,0,1,NULL,2,0,NULL,NULL),(65,1,'Rich Text Editor','editor','','2015-09-04 15:31:20','2015-09-04 15:31:20','Initial Version',1,0,1,NULL,2,0,NULL,NULL),(66,1,'Languages','multilingual','','2015-09-04 15:31:20','2015-09-04 15:31:20','Initial Version',1,0,1,NULL,2,0,NULL,NULL),(67,1,'Time Zone','timezone','','2015-09-04 15:31:20','2015-09-04 15:31:20','Initial Version',1,0,1,NULL,2,0,NULL,NULL),(68,1,'Multilingual','multilingual','Run your site in multiple languages.','2015-09-04 15:31:20','2015-09-04 15:31:20','Initial Version',1,0,1,NULL,2,0,NULL,NULL),(69,1,'Multilingual Setup','setup','','2015-09-04 15:31:20','2015-09-04 15:31:20','Initial Version',1,0,1,NULL,2,0,NULL,NULL),(70,1,'Copy Languages','copy','','2015-09-04 15:31:20','2015-09-04 15:31:20','Initial Version',1,0,1,NULL,2,0,NULL,NULL),(71,1,'Page Report','page_report','','2015-09-04 15:31:20','2015-09-04 15:31:20','Initial Version',1,0,1,NULL,2,0,NULL,NULL),(72,1,'Translate Site Interface','translate_interface','','2015-09-04 15:31:20','2015-09-04 15:31:20','Initial Version',1,0,1,NULL,2,0,NULL,NULL),(73,1,'SEO & Statistics','seo','Enable pretty URLs and tracking codes.','2015-09-04 15:31:20','2015-09-04 15:31:20','Initial Version',1,0,1,NULL,2,0,NULL,NULL),(74,1,'URLs and Redirection','urls','','2015-09-04 15:31:20','2015-09-04 15:31:20','Initial Version',1,0,1,NULL,2,0,NULL,NULL),(75,1,'Bulk SEO Updater','bulk','','2015-09-04 15:31:20','2015-09-04 15:31:20','Initial Version',1,0,1,NULL,2,0,NULL,NULL),(76,1,'Tracking Codes','codes','','2015-09-04 15:31:20','2015-09-04 15:31:20','Initial Version',1,0,1,NULL,2,0,NULL,NULL),(77,1,'Excluded URL Word List','excluded','','2015-09-04 15:31:20','2015-09-04 15:31:20','Initial Version',1,0,1,NULL,2,0,NULL,NULL),(78,1,'Search Index','searchindex','','2015-09-04 15:31:20','2015-09-04 15:31:20','Initial Version',1,0,1,NULL,2,0,NULL,NULL),(79,1,'Files','files','','2015-09-04 15:31:20','2015-09-04 15:31:20','Initial Version',1,0,1,NULL,2,0,NULL,NULL),(80,1,'File Manager Permissions','permissions','','2015-09-04 15:31:20','2015-09-04 15:31:20','Initial Version',1,0,1,NULL,2,0,NULL,NULL),(81,1,'Allowed File Types','filetypes','','2015-09-04 15:31:20','2015-09-04 15:31:20','Initial Version',1,0,1,NULL,2,0,NULL,NULL),(82,1,'Thumbnails','thumbnails','','2015-09-04 15:31:20','2015-09-04 15:31:20','Initial Version',1,0,1,NULL,2,0,NULL,NULL),(83,1,'File Storage Locations','storage','','2015-09-04 15:31:20','2015-09-04 15:31:20','Initial Version',1,0,1,NULL,2,0,NULL,NULL),(84,1,'Optimization','optimization','Keep your site running well.','2015-09-04 15:31:20','2015-09-04 15:31:20','Initial Version',1,0,1,NULL,2,0,NULL,NULL),(85,1,'Cache & Speed Settings','cache','','2015-09-04 15:31:20','2015-09-04 15:31:20','Initial Version',1,0,1,NULL,2,0,NULL,NULL),(86,1,'Clear Cache','clearcache','','2015-09-04 15:31:20','2015-09-04 15:31:20','Initial Version',1,0,1,NULL,2,0,NULL,NULL),(87,1,'Automated Jobs','jobs','','2015-09-04 15:31:20','2015-09-04 15:31:20','Initial Version',1,0,1,NULL,2,0,NULL,NULL),(88,1,'Database Query Log','query_log','','2015-09-04 15:31:20','2015-09-04 15:31:20','Initial Version',1,0,1,NULL,2,0,NULL,NULL),(89,1,'Permissions & Access','permissions','Control who sees and edits your site.','2015-09-04 15:31:20','2015-09-04 15:31:20','Initial Version',1,0,1,NULL,2,0,NULL,NULL),(90,1,'Site Access','site','','2015-09-04 15:31:20','2015-09-04 15:31:20','Initial Version',1,0,1,NULL,2,0,NULL,NULL),(91,1,'Task Permissions','tasks','','2015-09-04 15:31:20','2015-09-04 15:31:20','Initial Version',1,0,1,NULL,2,0,NULL,NULL),(92,1,'User Permissions','users','','2015-09-04 15:31:20','2015-09-04 15:31:20','Initial Version',1,0,1,NULL,2,0,NULL,NULL),(93,1,'Advanced Permissions','advanced','','2015-09-04 15:31:20','2015-09-04 15:31:20','Initial Version',1,0,1,NULL,2,0,NULL,NULL),(94,1,'IP Blacklist','blacklist','','2015-09-04 15:31:20','2015-09-04 15:31:20','Initial Version',1,0,1,NULL,2,0,NULL,NULL),(95,1,'Captcha Setup','captcha','','2015-09-04 15:31:20','2015-09-04 15:31:20','Initial Version',1,0,1,NULL,2,0,NULL,NULL),(96,1,'Spam Control','antispam','','2015-09-04 15:31:20','2015-09-04 15:31:20','Initial Version',1,0,1,NULL,2,0,NULL,NULL),(97,1,'Maintenance Mode','maintenance','','2015-09-04 15:31:21','2015-09-04 15:31:21','Initial Version',1,0,1,NULL,2,0,NULL,NULL),(98,1,'Login & Registration','registration','Change login behaviors and setup public profiles.','2015-09-04 15:31:21','2015-09-04 15:31:21','Initial Version',1,0,1,NULL,2,0,NULL,NULL),(99,1,'Login Destination','postlogin','','2015-09-04 15:31:21','2015-09-04 15:31:21','Initial Version',1,0,1,NULL,2,0,NULL,NULL),(100,1,'Public Profiles','profiles','','2015-09-04 15:31:21','2015-09-04 15:31:21','Initial Version',1,0,1,NULL,2,0,NULL,NULL),(101,1,'Public Registration','open','','2015-09-04 15:31:21','2015-09-04 15:31:21','Initial Version',1,0,1,NULL,2,0,NULL,NULL),(102,1,'Authentication Types','authentication','','2015-09-04 15:31:21','2015-09-04 15:31:21','Initial Version',1,0,1,NULL,2,0,NULL,NULL),(103,1,'Email','mail','Control how your site send and processes mail.','2015-09-04 15:31:21','2015-09-04 15:31:21','Initial Version',1,0,1,NULL,2,0,NULL,NULL),(104,1,'SMTP Method','method','','2015-09-04 15:31:21','2015-09-04 15:31:21','Initial Version',1,0,1,NULL,2,0,NULL,NULL),(105,1,'Test Mail Settings','test','','2015-09-04 15:31:21','2015-09-04 15:31:21','Initial Version',1,0,1,NULL,2,0,NULL,NULL),(106,1,'Email Importers','importers','','2015-09-04 15:31:21','2015-09-04 15:31:21','Initial Version',1,0,1,NULL,2,0,NULL,NULL),(107,1,'Conversations','conversations','Manage your conversations settings','2015-09-04 15:31:21','2015-09-04 15:31:21','Initial Version',1,0,1,NULL,2,0,NULL,NULL),(108,1,'Settings','settings','','2015-09-04 15:31:21','2015-09-04 15:31:21','Initial Version',1,0,1,NULL,2,0,NULL,NULL),(109,1,'Community Points','points','','2015-09-04 15:31:21','2015-09-04 15:31:21','Initial Version',1,0,1,NULL,2,0,NULL,NULL),(110,1,'Banned Words','bannedwords','','2015-09-04 15:31:21','2015-09-04 15:31:21','Initial Version',1,0,1,NULL,2,0,NULL,NULL),(111,1,'Conversation Permissions','permissions','','2015-09-04 15:31:21','2015-09-04 15:31:21','Initial Version',1,0,1,NULL,2,0,NULL,NULL),(112,1,'Attributes','attributes','Setup attributes for pages, users, files and more.','2015-09-04 15:31:21','2015-09-04 15:31:21','Initial Version',1,0,1,NULL,2,0,NULL,NULL),(113,1,'Sets','sets','Group attributes into sets for easier organization','2015-09-04 15:31:21','2015-09-04 15:31:21','Initial Version',1,0,1,NULL,2,0,NULL,NULL),(114,1,'Types','types','Choose which attribute types are available for different items.','2015-09-04 15:31:21','2015-09-04 15:31:21','Initial Version',1,0,1,NULL,2,0,NULL,NULL),(115,1,'Topics','topics','','2015-09-04 15:31:21','2015-09-04 15:31:21','Initial Version',1,0,1,NULL,2,0,NULL,NULL),(116,1,'Add Topic Tree','add','','2015-09-04 15:31:21','2015-09-04 15:31:21','Initial Version',1,0,1,NULL,2,0,NULL,NULL),(117,1,'Environment','environment','Advanced settings for web developers.','2015-09-04 15:31:21','2015-09-04 15:31:21','Initial Version',1,0,1,NULL,2,0,NULL,NULL),(118,1,'Environment Information','info','','2015-09-04 15:31:21','2015-09-04 15:31:21','Initial Version',1,0,1,NULL,2,0,NULL,NULL),(119,1,'Debug Settings','debug','','2015-09-04 15:31:21','2015-09-04 15:31:21','Initial Version',1,0,1,NULL,2,0,NULL,NULL),(120,1,'Logging Settings','logging','','2015-09-04 15:31:21','2015-09-04 15:31:21','Initial Version',1,0,1,NULL,2,0,NULL,NULL),(121,1,'Proxy Server','proxy','','2015-09-04 15:31:21','2015-09-04 15:31:21','Initial Version',1,0,1,NULL,2,0,NULL,NULL),(122,1,'Database Entities','entities','','2015-09-04 15:31:21','2015-09-04 15:31:21','Initial Version',1,0,1,NULL,2,0,NULL,NULL),(123,1,'Backup & Restore','backup','Backup or restore your website.','2015-09-04 15:31:21','2015-09-04 15:31:21','Initial Version',1,0,1,NULL,2,0,NULL,NULL),(124,1,'Backup Database','backup','','2015-09-04 15:31:21','2015-09-04 15:31:21','Initial Version',1,0,1,NULL,2,0,NULL,NULL),(125,1,'Update concrete5','update','','2015-09-04 15:31:21','2015-09-04 15:31:21','Initial Version',1,0,1,NULL,2,0,NULL,NULL),(126,1,'Welcome to concrete5','welcome','Learn about how to use concrete5, how to develop for concrete5, and get general help.','2015-09-04 15:31:21','2015-09-04 15:31:21','Initial Version',1,0,1,NULL,2,4,NULL,NULL),(127,1,'Customize Dashboard Home','home','','2015-09-04 15:31:21','2015-09-04 15:31:21','Initial Version',1,0,1,NULL,2,2,NULL,NULL),(128,1,'Drafts','!drafts','','2015-09-04 15:31:24','2015-09-04 15:31:24','Initial Version',1,0,1,NULL,2,0,NULL,NULL),(129,1,'Trash','!trash','','2015-09-04 15:31:24','2015-09-04 15:31:24','Initial Version',1,0,1,NULL,2,0,NULL,NULL),(130,1,'Stacks','!stacks','','2015-09-04 15:31:24','2015-09-04 15:31:24','Initial Version',1,0,1,NULL,2,0,NULL,NULL),(131,1,'Login','login','','2015-09-04 15:31:24','2015-09-04 15:31:24','Initial Version',1,0,1,NULL,2,0,NULL,NULL),(132,1,'Register','register','','2015-09-04 15:31:24','2015-09-04 15:31:24','Initial Version',1,0,1,NULL,2,0,NULL,NULL),(133,1,'My Account','account','','2015-09-04 15:31:24','2015-09-04 15:31:24','Initial Version',1,0,1,NULL,2,0,NULL,NULL),(134,1,'Edit Profile','edit_profile','Edit your user profile and change password.','2015-09-04 15:31:24','2015-09-04 15:31:24','Initial Version',1,0,1,NULL,2,0,NULL,NULL),(135,1,'Profile Picture','avatar','Specify a new image attached to posts or edits.','2015-09-04 15:31:24','2015-09-04 15:31:24','Initial Version',1,0,1,NULL,2,0,NULL,NULL),(136,1,'Messages','messages','Inbox for site-specific messages.','2015-09-04 15:31:24','2015-09-04 15:31:24','Initial Version',1,0,1,NULL,2,0,NULL,NULL),(137,1,'Inbox','inbox','','2015-09-04 15:31:24','2015-09-04 15:31:24','Initial Version',1,0,1,NULL,2,0,NULL,NULL),(138,1,'Members','members','','2015-09-04 15:31:24','2015-09-04 15:31:24','Initial Version',1,0,1,NULL,2,0,NULL,NULL),(139,1,'View Profile','profile','','2015-09-04 15:31:24','2015-09-04 15:31:24','Initial Version',1,0,1,NULL,2,0,NULL,NULL),(140,1,'Directory','directory','','2015-09-04 15:31:24','2015-09-04 15:31:24','Initial Version',1,0,1,NULL,2,0,NULL,NULL),(141,1,'Page Not Found','page_not_found','','2015-09-04 15:31:24','2015-09-04 15:31:24','Initial Version',1,0,1,NULL,2,0,NULL,NULL),(142,1,'Page Forbidden','page_forbidden','','2015-09-04 15:31:24','2015-09-04 15:31:24','Initial Version',1,0,1,NULL,2,0,NULL,NULL),(143,1,'Download File','download_file','','2015-09-04 15:31:24','2015-09-04 15:31:24','Initial Version',1,0,1,NULL,2,0,NULL,NULL),(144,1,'',NULL,NULL,'2015-09-04 15:31:25','2015-09-04 15:31:25','Initial Version',1,0,NULL,NULL,0,5,NULL,NULL),(150,1,'Supermint options','supermint_options','Manage your Supermint Theme options','2015-09-04 15:36:14','2015-09-04 15:36:14','Initial Version',1,0,1,NULL,2,0,NULL,NULL),(151,1,'Theme options','theme_options','','2015-09-04 15:36:14','2015-09-04 15:36:14','Initial Version',1,0,1,NULL,2,0,NULL,NULL),(152,1,'Sliders','sliders','','2015-09-04 15:36:14','2015-09-04 15:36:14','Initial Version',1,0,1,NULL,2,0,NULL,NULL),(153,1,'Fonts','fonts','','2015-09-04 15:36:14','2015-09-04 15:36:14','Initial Version',1,0,1,NULL,2,0,NULL,NULL),(154,1,'Site Settings','site_settings','','2015-09-04 15:36:14','2015-09-04 15:36:14','Initial Version',1,0,1,NULL,2,0,NULL,NULL),(155,1,'Presets','options_presets','','2015-09-04 15:36:14','2015-09-04 15:36:14','Initial Version',1,0,1,NULL,2,0,NULL,NULL),(161,1,'Lorem Ipsum','lorem-ipsum',NULL,'2015-09-04 15:36:25','2015-09-04 15:36:25','Initial Version',1,0,1,NULL,2,0,NULL,NULL),(162,1,'Contact Us','contact-us',NULL,'2015-09-04 15:36:25','2015-09-04 15:36:25','Initial Version',1,0,1,NULL,2,0,NULL,NULL),(163,1,'Footer 01','footer-01',NULL,'2015-09-04 15:36:25','2015-09-04 15:36:25','Initial Version',1,0,1,NULL,2,0,NULL,NULL),(164,1,'Footer 02','footer-02',NULL,'2015-09-04 15:36:25','2015-09-04 15:36:25','Initial Version',1,0,1,NULL,2,0,NULL,NULL),(165,1,'Footer 03','footer-03',NULL,'2015-09-04 15:36:25','2015-09-04 15:36:25','Initial Version',1,0,1,NULL,2,0,NULL,NULL),(166,1,'Footer 04','footer-04',NULL,'2015-09-04 15:36:25','2015-09-04 15:36:25','Initial Version',1,0,1,NULL,2,0,NULL,NULL),(167,1,'Footer Contact','footer-contact',NULL,'2015-09-04 15:36:25','2015-09-04 15:36:25','Initial Version',1,0,1,NULL,2,0,NULL,NULL),(168,1,'Footer Legal','footer-legal',NULL,'2015-09-04 15:36:25','2015-09-04 15:36:25','Initial Version',1,0,1,NULL,2,0,NULL,NULL),(169,1,'Footer Navigation','footer-navigation',NULL,'2015-09-04 15:36:25','2015-09-04 15:36:25','Initial Version',1,0,1,NULL,2,0,NULL,NULL),(170,1,'Header Navigation','header-navigation',NULL,'2015-09-04 15:36:25','2015-09-04 15:36:25','Initial Version',1,0,1,NULL,2,0,NULL,NULL),(171,1,'Header Right','header-right',NULL,'2015-09-04 15:36:25','2015-09-04 15:36:25','Initial Version',1,0,1,NULL,2,0,NULL,NULL),(172,1,'Header Site Title','header-site-title',NULL,'2015-09-04 15:36:25','2015-09-04 15:36:25','Initial Version',1,0,1,NULL,2,0,NULL,NULL),(173,1,'Logo','logo',NULL,'2015-09-04 15:36:25','2015-09-04 15:36:25','Initial Version',1,0,1,NULL,2,0,NULL,NULL),(174,1,'Responsive Navigation','responsive-navigation',NULL,'2015-09-04 15:36:25','2015-09-04 15:36:25','Initial Version',0,0,1,NULL,2,0,NULL,NULL),(174,2,'Responsive Navigation','responsive-navigation',NULL,'2015-09-04 15:36:25','2015-10-29 11:07:58','New Version 2',0,0,1,1,2,0,NULL,NULL),(174,3,'Responsive Navigation','responsive-navigation',NULL,'2015-09-04 15:36:25','2015-10-29 11:08:11','New Version 3',1,0,1,1,2,0,NULL,NULL),(175,1,'Reviews','reviews',NULL,'2015-09-04 15:36:25','2015-09-04 15:36:25','Initial Version',1,0,1,NULL,2,0,NULL,NULL),(176,1,'',NULL,NULL,'2015-09-04 15:36:26','2015-09-04 15:36:26','Initial Version',1,0,NULL,NULL,0,8,NULL,NULL),(177,1,'About us','about-us','Who we are & what we do','2015-09-04 15:36:26','2015-09-04 15:36:26','Initial Version',0,0,1,NULL,2,8,NULL,NULL),(177,2,'Services','services','What we do','2015-09-04 15:36:26','2015-09-04 16:50:32','New Version 2',0,0,1,1,2,8,NULL,NULL),(177,3,'Services','services','What we do','2015-09-04 15:36:26','2015-09-04 16:52:10','Version 3',0,0,1,1,2,8,NULL,NULL),(177,4,'Services','services','What we do','2015-09-04 15:36:26','2015-09-07 10:04:46','Version 4',1,0,1,1,2,8,NULL,NULL),(178,1,'Contact','contact','Don\'t hesitate to reach out!','2015-09-04 15:36:26','2015-09-04 15:36:26','Initial Version',1,0,1,NULL,2,8,NULL,NULL),(179,1,'Blog','blog','Lorem ipsum dolor sit amet, consectetuer adipiscing elit.','2015-09-04 15:36:26','2015-09-04 15:36:26','Initial Version',0,0,1,NULL,2,7,NULL,NULL),(179,2,'Blog','blog','Lorem ipsum dolor sit amet, consectetuer adipiscing elit.','2015-09-04 15:36:26','2015-09-07 08:28:12','Version 2',1,0,1,1,2,7,NULL,NULL),(180,1,'Portfolio','portfolio','Lorem ipsum dolor sit amet, consectetuer adipiscing elit. Aenean commodo ligula eget dolor.','2015-09-04 15:36:26','2015-09-04 15:36:26','Initial Version',0,0,1,NULL,2,8,NULL,NULL),(180,2,'Portfolio','portfolio','Lorem ipsum dolor sit amet, consectetuer adipiscing elit. Aenean commodo ligula eget dolor.','2015-09-04 15:36:26','2015-09-07 08:24:47','Version 2',0,0,1,1,2,8,NULL,NULL),(180,3,'Portfolio','portfolio','Lorem ipsum dolor sit amet, consectetuer adipiscing elit. Aenean commodo ligula eget dolor.','2015-09-04 15:36:26','2015-09-07 10:18:54','Version 3',0,0,1,1,2,8,NULL,NULL),(180,4,'Portfolio','portfolio','Lorem ipsum dolor sit amet, consectetuer adipiscing elit. Aenean commodo ligula eget dolor.','2015-09-04 15:36:26','2015-09-07 10:20:00','Version 4',1,0,1,1,2,8,NULL,NULL),(181,1,'',NULL,NULL,'2015-09-04 15:36:26','2015-09-04 15:36:26','Initial Version',1,0,NULL,NULL,0,7,NULL,NULL),(182,1,'Lorem Ipsum','lorem-ipsum','Lorem ipsum dolor sit amet, consectetuer adipiscing elit. Aenean commodo ligula eget dolor.','2015-09-04 15:36:26','2015-09-04 15:36:26','Initial Version',0,0,1,NULL,2,7,NULL,NULL),(182,2,'Lorem Ipsum','lorem-ipsum','Lorem ipsum dolor sit amet, consectetuer adipiscing elit. Aenean commodo ligula eget dolor.','2015-09-04 15:36:00','2015-09-07 10:24:07','New Version 2',1,0,1,1,2,7,NULL,NULL),(183,1,'Awesome post','awesome-post','Lorem ipsum dolor sit amet, consectetuer adipiscing elit. Aenean commodo ligula eget dolor. Aenean massa. ','2015-09-04 15:36:26','2015-09-04 15:36:26','Initial Version',0,0,1,NULL,2,7,NULL,NULL),(183,2,'Awesome post','awesome-post','Lorem ipsum dolor sit amet, consectetuer adipiscing elit. Aenean commodo ligula eget dolor. Aenean massa. ','2015-09-04 15:36:00','2015-09-07 10:31:30','New Version 2',1,0,1,1,2,7,NULL,NULL),(184,1,'Beautifull theme','beautifull-theme','Lorem ipsum dolor sit amet, consectetuer adipiscing elit. Aenean commodo ligula eget dolor. Aenean massa.','2015-09-04 15:36:26','2015-09-04 15:36:26','Initial Version',0,0,1,NULL,2,7,NULL,NULL),(184,2,'Beautifull theme','beautifull-theme','Lorem ipsum dolor sit amet, consectetuer adipiscing elit. Aenean commodo ligula eget dolor. Aenean massa.','2015-09-04 15:36:00','2015-09-07 10:31:58','New Version 2',1,0,1,1,2,7,NULL,NULL),(185,1,'',NULL,NULL,'2015-09-04 15:36:26','2015-09-04 15:36:26','Initial Version',1,0,NULL,NULL,0,8,NULL,NULL),(186,1,'Graphic Design','graphic-design','Lorem ipsum dolor sit amet, consectetuer adipiscing elit.','2015-09-04 15:36:26','2015-09-04 15:36:26','Initial Version',0,0,1,NULL,2,8,NULL,NULL),(186,2,'Graphic Design','graphic-design','Lorem ipsum dolor sit amet, consectetuer adipiscing elit.','2015-09-04 15:36:00','2015-09-07 10:13:26','New Version 2',0,0,1,1,2,8,NULL,NULL),(186,3,'Graphic Design','graphic-design','Lorem ipsum dolor sit amet, consectetuer adipiscing elit.','2015-09-04 15:36:00','2015-09-07 10:15:53','Version 3',1,0,1,1,2,8,NULL,NULL),(187,1,'Typo creation','typo-creation','Lorem ipsum dolor sit amet, consectetuer adipiscing elit.','2015-09-04 15:36:26','2015-09-04 15:36:26','Initial Version',0,0,1,NULL,2,8,NULL,NULL),(187,2,'Typo creation','typo-creation','Lorem ipsum dolor sit amet, consectetuer adipiscing elit.','2015-09-04 15:36:00','2015-09-07 10:13:47','New Version 2',0,0,1,1,2,8,NULL,NULL),(187,3,'Typo creation','typo-creation','Lorem ipsum dolor sit amet, consectetuer adipiscing elit.','2015-09-04 15:36:00','2015-09-07 10:16:42','Version 3',1,0,1,1,2,8,NULL,NULL),(188,1,'Folder Creation','folder-creation','Lorem ipsum dolor sit amet, consectetuer adipiscing elit.','2015-09-04 15:36:26','2015-09-04 15:36:26','Initial Version',0,0,1,NULL,2,8,NULL,NULL),(188,2,'Folder Creation','folder-creation','Lorem ipsum dolor sit amet, consectetuer adipiscing elit.','2015-09-04 15:36:00','2015-09-07 10:14:02','New Version 2',0,0,1,1,2,8,NULL,NULL),(188,3,'Folder Creation','folder-creation','Lorem ipsum dolor sit amet, consectetuer adipiscing elit.','2015-09-04 15:36:00','2015-09-07 10:14:24','New Version 3',0,0,1,1,2,8,NULL,NULL),(188,4,'Folder Creation','folder-creation','Lorem ipsum dolor sit amet, consectetuer adipiscing elit.','2015-09-04 15:36:00','2015-09-07 10:17:26','Version 4',1,0,1,1,2,8,NULL,NULL),(189,1,'Awesome theme','awesome-theme','Lorem ipsum dolor sit amet, consectetuer adipiscing elit. ','2015-09-04 15:36:26','2015-09-04 15:36:26','Initial Version',0,0,1,NULL,2,8,NULL,NULL),(189,2,'Awesome theme','awesome-theme','Lorem ipsum dolor sit amet, consectetuer adipiscing elit. ','2015-09-04 15:36:00','2015-09-07 10:14:37','New Version 2',0,0,1,1,2,8,NULL,NULL),(189,3,'Awesome theme','awesome-theme','Lorem ipsum dolor sit amet, consectetuer adipiscing elit. ','2015-09-04 15:36:00','2015-09-07 10:18:00','Version 3',1,0,1,1,2,8,NULL,NULL),(190,1,'',NULL,NULL,'2015-09-04 15:36:26','2015-09-04 15:36:26','Initial Version',1,0,NULL,NULL,0,6,NULL,NULL),(191,1,'',NULL,NULL,'2015-09-04 15:36:26','2015-09-04 15:36:26','Initial Version',1,0,NULL,NULL,0,7,NULL,NULL),(192,1,'',NULL,NULL,'2015-09-04 15:36:26','2015-09-04 15:36:26','Initial Version',1,0,NULL,NULL,0,5,NULL,NULL),(193,1,'',NULL,NULL,'2015-09-04 15:36:26','2015-09-04 15:36:26','Initial Version',1,0,NULL,NULL,0,5,NULL,NULL),(194,1,'',NULL,NULL,'2015-09-04 15:36:26','2015-09-04 15:36:26','Initial Version',1,0,NULL,NULL,0,6,NULL,NULL),(195,1,'',NULL,NULL,'2015-09-04 15:36:27','2015-09-04 15:36:27','Initial Version',1,0,NULL,NULL,0,8,NULL,NULL),(196,1,'',NULL,NULL,'2015-09-04 15:36:27','2015-09-04 15:36:27','Initial Version',1,0,NULL,NULL,0,6,NULL,NULL),(197,1,'',NULL,NULL,'2015-09-04 15:36:27','2015-09-04 15:36:27','Initial Version',1,0,NULL,NULL,0,7,NULL,NULL),(198,1,'',NULL,NULL,'2015-09-04 15:36:27','2015-09-04 15:36:27','Initial Version',1,0,NULL,NULL,0,5,NULL,NULL),(199,1,'Site Logo','site-logo',NULL,'2015-09-04 16:48:36','2015-09-04 16:48:36','Initial Version',0,0,1,NULL,2,0,NULL,NULL),(199,2,'Site Logo','site-logo',NULL,'2015-09-04 16:48:36','2015-09-04 16:49:16','New Version 2',1,0,1,1,2,0,NULL,NULL),(200,1,'Generate Install Data','generate_install_data',NULL,'2015-09-07 08:30:53','2015-09-07 08:30:53','Initial Version',1,0,1,NULL,2,0,NULL,NULL),(201,1,'',NULL,NULL,'2015-09-07 08:31:02','2015-09-07 08:31:02','Initial Version',1,0,NULL,NULL,0,9,NULL,NULL),(202,1,'',NULL,NULL,'2015-09-07 08:31:02','2015-09-07 08:31:02','Initial Version',1,0,NULL,NULL,0,9,NULL,NULL),(203,1,'',NULL,NULL,'2015-09-07 08:31:02','2015-09-07 08:31:02','Initial Version',1,0,NULL,NULL,0,9,NULL,NULL),(204,1,'Image Uploading','image_uploading',NULL,'2017-03-08 15:30:26','2017-03-08 15:30:26','Initial Version',1,0,1,NULL,2,0,NULL,NULL),(205,1,'Express','express','Express Data Objects','2017-03-08 15:55:23','2017-03-08 15:55:23','Initial Version',1,0,1,NULL,0,0,NULL,NULL),(206,1,'View Entries','entries',NULL,'2017-03-08 15:55:23','2017-03-08 15:55:23','Initial Version',1,0,1,NULL,0,0,NULL,NULL),(207,1,'Express','express',NULL,'2017-03-08 15:55:23','2017-03-08 15:55:23','Initial Version',1,0,1,NULL,0,0,NULL,NULL),(208,1,'Data Objects','entities',NULL,'2017-03-08 15:55:23','2017-03-08 15:55:23','Initial Version',1,0,1,NULL,0,0,NULL,NULL),(209,1,'Attributes','attributes',NULL,'2017-03-08 15:55:23','2017-03-08 15:55:23','Initial Version',1,0,1,NULL,0,0,NULL,NULL),(210,1,'Associations','associations',NULL,'2017-03-08 15:55:23','2017-03-08 15:55:23','Initial Version',1,0,1,NULL,0,0,NULL,NULL),(211,1,'Forms','forms',NULL,'2017-03-08 15:55:23','2017-03-08 15:55:23','Initial Version',1,0,1,NULL,0,0,NULL,NULL),(212,1,'Customize Search','customize_search',NULL,'2017-03-08 15:55:23','2017-03-08 15:55:23','Initial Version',1,0,1,NULL,0,0,NULL,NULL),(213,1,'Custom Entry Locations','entries',NULL,'2017-03-08 15:55:23','2017-03-08 15:55:23','Initial Version',1,0,1,NULL,0,0,NULL,NULL),(214,1,'Form Results','legacy',NULL,'2017-03-08 15:55:23','2017-03-08 15:55:23','Initial Version',1,0,1,NULL,0,0,NULL,NULL),(215,1,'Custom Attributes','attributes',NULL,'2017-03-08 15:55:23','2017-03-08 15:55:23','Initial Version',1,0,1,NULL,0,0,NULL,NULL),(216,1,'Global Password Reset','global_password_reset','Signs out all users, resets all passwords and forces users to choose a new one','2017-03-08 15:55:23','2017-03-08 15:55:23','Initial Version',1,0,1,NULL,0,0,NULL,NULL),(217,1,'Notification Settings','notification',NULL,'2017-03-08 15:55:23','2017-03-08 15:55:23','Initial Version',1,0,1,NULL,0,0,NULL,NULL),(218,1,'Workflows','workflows',NULL,'2017-03-08 15:55:46','2017-03-08 15:55:46','Initial Version',1,0,1,NULL,0,0,NULL,NULL),(219,1,'Messages','messages',NULL,'2017-03-08 15:55:46','2017-03-08 15:55:46','Initial Version',1,0,1,NULL,0,0,NULL,NULL),(220,1,'Welcome','welcome','','2017-03-08 15:55:46','2017-03-08 15:55:46','Initial Version',1,0,1,NULL,0,0,NULL,NULL),(221,1,'Welcome Back','desktop','','2017-03-08 15:55:46','2017-03-08 15:55:46','Initial Version',1,0,1,NULL,0,0,NULL,NULL),(222,1,'Waiting for Me','me','','2017-03-08 15:55:46','2017-03-08 15:55:46','Initial Version',1,0,1,NULL,0,10,NULL,NULL);
/*!40000 ALTER TABLE `CollectionVersions` ENABLE KEYS */;
UNLOCK TABLES;

--
-- Table structure for table `Collections`
--

DROP TABLE IF EXISTS `Collections`;
/*!40101 SET @saved_cs_client     = @@character_set_client */;
/*!40101 SET character_set_client = utf8 */;
CREATE TABLE `Collections` (
  `cID` int(10) unsigned NOT NULL AUTO_INCREMENT,
  `cDateAdded` datetime NOT NULL DEFAULT '0000-00-00 00:00:00',
  `cDateModified` datetime NOT NULL DEFAULT '0000-00-00 00:00:00',
  `cHandle` varchar(255) COLLATE utf8_unicode_ci DEFAULT NULL,
  PRIMARY KEY (`cID`),
  KEY `cIDDateModified` (`cID`,`cDateModified`),
  KEY `cDateModified` (`cDateModified`),
  KEY `cDateAdded` (`cDateAdded`)
) ENGINE=InnoDB AUTO_INCREMENT=223 DEFAULT CHARSET=utf8 COLLATE=utf8_unicode_ci;
/*!40101 SET character_set_client = @saved_cs_client */;

--
-- Dumping data for table `Collections`
--

LOCK TABLES `Collections` WRITE;
/*!40000 ALTER TABLE `Collections` DISABLE KEYS */;
INSERT INTO `Collections` VALUES (1,'2015-09-04 15:31:06','2017-03-08 15:55:47','home'),(2,'2015-09-04 15:31:18','2015-09-04 15:31:19','dashboard'),(3,'2015-09-04 15:31:19','2015-09-04 15:31:19','sitemap'),(4,'2015-09-04 15:31:19','2015-09-04 15:31:19','full'),(5,'2015-09-04 15:31:19','2015-09-04 15:31:19','explore'),(6,'2015-09-04 15:31:19','2015-09-04 15:31:19','search'),(7,'2015-09-04 15:31:19','2015-09-04 15:31:19','files'),(8,'2015-09-04 15:31:19','2015-09-04 15:31:19','search'),(9,'2015-09-04 15:31:19','2015-09-04 15:31:19','attributes'),(10,'2015-09-04 15:31:19','2015-09-04 15:31:19','sets'),(11,'2015-09-04 15:31:19','2015-09-04 15:31:19','add_set'),(12,'2015-09-04 15:31:19','2015-09-04 15:31:19','users'),(13,'2015-09-04 15:31:19','2015-09-04 15:31:19','search'),(14,'2015-09-04 15:31:19','2015-09-04 15:31:19','groups'),(15,'2015-09-04 15:31:19','2015-09-04 15:31:19','attributes'),(16,'2015-09-04 15:31:19','2015-09-04 15:31:19','add'),(17,'2015-09-04 15:31:19','2015-09-04 15:31:19','add_group'),(18,'2015-09-04 15:31:19','2015-09-04 15:31:19','bulkupdate'),(19,'2015-09-04 15:31:19','2015-09-04 15:31:19','group_sets'),(20,'2015-09-04 15:31:19','2015-09-04 15:31:19','points'),(21,'2015-09-04 15:31:19','2015-09-04 15:31:19','assign'),(22,'2015-09-04 15:31:19','2015-09-04 15:31:19','actions'),(23,'2015-09-04 15:31:19','2015-09-04 15:31:19','reports'),(24,'2015-09-04 15:31:19','2015-09-04 15:31:19','forms'),(25,'2015-09-04 15:31:19','2015-09-04 15:31:19','surveys'),(26,'2015-09-04 15:31:19','2015-09-04 15:31:19','logs'),(27,'2015-09-04 15:31:19','2015-09-04 15:31:19','pages'),(28,'2015-09-04 15:31:19','2015-09-04 15:31:19','themes'),(29,'2015-09-04 15:31:19','2015-09-04 15:31:19','inspect'),(30,'2015-09-04 15:31:19','2015-09-04 15:31:19','types'),(31,'2015-09-04 15:31:19','2015-09-04 15:31:19','organize'),(32,'2015-09-04 15:31:19','2015-09-04 15:31:19','add'),(33,'2015-09-04 15:31:19','2015-09-04 15:31:19','form'),(34,'2015-09-04 15:31:19','2015-09-04 15:31:19','output'),(35,'2015-09-04 15:31:19','2015-09-04 15:31:19','attributes'),(36,'2015-09-04 15:31:19','2015-09-04 15:31:19','permissions'),(37,'2015-09-04 15:31:19','2015-09-04 15:31:19','templates'),(38,'2015-09-04 15:31:19','2015-09-04 15:31:19','add'),(39,'2015-09-04 15:31:19','2015-09-04 15:31:19','attributes'),(40,'2015-09-04 15:31:19','2015-09-04 15:31:19','single'),(41,'2015-09-04 15:31:19','2015-09-04 15:31:19','feeds'),(42,'2015-09-04 15:31:19','2015-09-04 15:31:19','conversations'),(43,'2015-09-04 15:31:19','2015-09-04 15:31:19','messages'),(44,'2015-09-04 15:31:19','2017-03-08 15:55:45','workflow'),(45,'2015-09-04 15:31:19','2015-09-04 15:31:19','me'),(46,'2015-09-04 15:31:19','2015-09-04 15:31:19','workflows'),(47,'2015-09-04 15:31:19','2015-09-04 15:31:19','blocks'),(48,'2015-09-04 15:31:19','2015-09-04 15:31:19','stacks'),(49,'2015-09-04 15:31:19','2015-09-04 15:31:19','permissions'),(50,'2015-09-04 15:31:19','2015-09-04 15:31:19','list'),(51,'2015-09-04 15:31:19','2015-09-04 15:31:19','types'),(52,'2015-09-04 15:31:19','2015-09-04 15:31:20','extend'),(53,'2015-09-04 15:31:20','2015-09-04 15:31:20','news'),(54,'2015-09-04 15:31:20','2015-09-04 15:31:20','install'),(55,'2015-09-04 15:31:20','2015-09-04 15:31:20','update'),(56,'2015-09-04 15:31:20','2015-09-04 15:31:20','connect'),(57,'2015-09-04 15:31:20','2015-09-04 15:31:20','themes'),(58,'2015-09-04 15:31:20','2015-09-04 15:31:20','addons'),(59,'2015-09-04 15:31:20','2015-09-04 15:31:20','system'),(60,'2015-09-04 15:31:20','2015-09-04 15:31:20','basics'),(61,'2015-09-04 15:31:20','2017-03-08 15:55:23','name'),(62,'2015-09-04 15:31:20','2015-09-04 15:31:20','accessibility'),(63,'2015-09-04 15:31:20','2015-09-04 15:31:20','social'),(64,'2015-09-04 15:31:20','2015-09-04 15:31:20','icons'),(65,'2015-09-04 15:31:20','2015-09-04 15:31:20','editor'),(66,'2015-09-04 15:31:20','2015-09-04 15:31:20','multilingual'),(67,'2015-09-04 15:31:20','2015-09-04 15:31:20','timezone'),(68,'2015-09-04 15:31:20','2015-09-04 15:31:20','multilingual'),(69,'2015-09-04 15:31:20','2015-09-04 15:31:20','setup'),(70,'2015-09-04 15:31:20','2015-09-04 15:31:20','copy'),(71,'2015-09-04 15:31:20','2015-09-04 15:31:20','page_report'),(72,'2015-09-04 15:31:20','2015-09-04 15:31:20','translate_interface'),(73,'2015-09-04 15:31:20','2015-09-04 15:31:20','seo'),(74,'2015-09-04 15:31:20','2015-09-04 15:31:20','urls'),(75,'2015-09-04 15:31:20','2015-09-04 15:31:20','bulk'),(76,'2015-09-04 15:31:20','2015-09-04 15:31:20','codes'),(77,'2015-09-04 15:31:20','2015-09-04 15:31:20','excluded'),(78,'2015-09-04 15:31:20','2015-09-04 15:31:20','searchindex'),(79,'2015-09-04 15:31:20','2015-09-04 15:31:20','files'),(80,'2015-09-04 15:31:20','2015-09-04 15:31:20','permissions'),(81,'2015-09-04 15:31:20','2015-09-04 15:31:20','filetypes'),(82,'2015-09-04 15:31:20','2015-09-04 15:31:20','thumbnails'),(83,'2015-09-04 15:31:20','2015-09-04 15:31:20','storage'),(84,'2015-09-04 15:31:20','2015-09-04 15:31:20','optimization'),(85,'2015-09-04 15:31:20','2015-09-04 15:31:20','cache'),(86,'2015-09-04 15:31:20','2015-09-04 15:31:20','clearcache'),(87,'2015-09-04 15:31:20','2015-09-04 15:31:20','jobs'),(88,'2015-09-04 15:31:20','2015-09-04 15:31:20','query_log'),(89,'2015-09-04 15:31:20','2015-09-04 15:31:20','permissions'),(90,'2015-09-04 15:31:20','2015-09-04 15:31:20','site'),(91,'2015-09-04 15:31:20','2015-09-04 15:31:20','tasks'),(92,'2015-09-04 15:31:20','2015-09-04 15:31:20','users'),(93,'2015-09-04 15:31:20','2015-09-04 15:31:20','advanced'),(94,'2015-09-04 15:31:20','2015-09-04 15:31:20','blacklist'),(95,'2015-09-04 15:31:20','2015-09-04 15:31:20','captcha'),(96,'2015-09-04 15:31:20','2015-09-04 15:31:20','antispam'),(97,'2015-09-04 15:31:21','2015-09-04 15:31:21','maintenance'),(98,'2015-09-04 15:31:21','2015-09-04 15:31:21','registration'),(99,'2015-09-04 15:31:21','2015-09-04 15:31:21','postlogin'),(100,'2015-09-04 15:31:21','2015-09-04 15:31:21','profiles'),(101,'2015-09-04 15:31:21','2015-09-04 15:31:21','open'),(102,'2015-09-04 15:31:21','2015-09-04 15:31:21','authentication'),(103,'2015-09-04 15:31:21','2015-09-04 15:31:21','mail'),(104,'2015-09-04 15:31:21','2015-09-04 15:31:21','method'),(105,'2015-09-04 15:31:21','2015-09-04 15:31:21','test'),(106,'2015-09-04 15:31:21','2015-09-04 15:31:21','importers'),(107,'2015-09-04 15:31:21','2015-09-04 15:31:21','conversations'),(108,'2015-09-04 15:31:21','2015-09-04 15:31:21','settings'),(109,'2015-09-04 15:31:21','2015-09-04 15:31:21','points'),(110,'2015-09-04 15:31:21','2015-09-04 15:31:21','bannedwords'),(111,'2015-09-04 15:31:21','2015-09-04 15:31:21','permissions'),(112,'2015-09-04 15:31:21','2015-09-04 15:31:21','attributes'),(113,'2015-09-04 15:31:21','2015-09-04 15:31:21','sets'),(114,'2015-09-04 15:31:21','2015-09-04 15:31:21','types'),(115,'2015-09-04 15:31:21','2015-09-04 15:31:21','topics'),(116,'2015-09-04 15:31:21','2015-09-04 15:31:21','add'),(117,'2015-09-04 15:31:21','2015-09-04 15:31:21','environment'),(118,'2015-09-04 15:31:21','2015-09-04 15:31:21','info'),(119,'2015-09-04 15:31:21','2015-09-04 15:31:21','debug'),(120,'2015-09-04 15:31:21','2015-09-04 15:31:21','logging'),(121,'2015-09-04 15:31:21','2015-09-04 15:31:21','proxy'),(122,'2015-09-04 15:31:21','2015-09-04 15:31:21','entities'),(123,'2015-09-04 15:31:21','2015-09-04 15:31:21','backup'),(124,'2015-09-04 15:31:21','2015-09-04 15:31:21','backup'),(125,'2015-09-04 15:31:21','2015-09-04 15:31:21','update'),(126,'2015-09-04 15:31:21','2017-03-08 15:55:46','welcome'),(127,'2015-09-04 15:31:21','2015-09-04 15:31:21','home'),(128,'2015-09-04 15:31:24','2015-09-04 15:31:24','!drafts'),(129,'2015-09-04 15:31:24','2015-09-04 15:31:24','!trash'),(130,'2015-09-04 15:31:24','2015-09-04 15:31:24','!stacks'),(131,'2015-09-04 15:31:24','2015-09-04 15:31:24','login'),(132,'2015-09-04 15:31:24','2015-09-04 15:31:24','register'),(133,'2015-09-04 15:31:24','2015-09-04 15:31:24','account'),(134,'2015-09-04 15:31:24','2015-09-04 15:31:24','edit_profile'),(135,'2015-09-04 15:31:24','2015-09-04 15:31:24','avatar'),(136,'2015-09-04 15:31:24','2017-03-08 15:55:46','messages'),(137,'2015-09-04 15:31:24','2015-09-04 15:31:24','inbox'),(138,'2015-09-04 15:31:24','2017-03-08 15:55:47','members'),(139,'2015-09-04 15:31:24','2015-09-04 15:31:24','profile'),(140,'2015-09-04 15:31:24','2015-09-04 15:31:24','directory'),(141,'2015-09-04 15:31:24','2015-09-04 15:31:24','page_not_found'),(142,'2015-09-04 15:31:24','2015-09-04 15:31:24','page_forbidden'),(143,'2015-09-04 15:31:24','2015-09-04 15:31:24','download_file'),(144,'2015-09-04 15:31:25','2015-09-04 15:31:25',NULL),(150,'2015-09-04 15:36:14','2015-09-04 15:36:14','supermint_options'),(151,'2015-09-04 15:36:14','2015-09-04 15:36:14','theme_options'),(152,'2015-09-04 15:36:14','2015-09-04 15:36:14','sliders'),(153,'2015-09-04 15:36:14','2015-09-04 15:36:14','fonts'),(154,'2015-09-04 15:36:14','2015-09-04 15:36:14','site_settings'),(155,'2015-09-04 15:36:14','2015-09-04 15:36:14','options_presets'),(161,'2015-09-04 15:36:25','2015-09-04 15:36:25','lorem-ipsum'),(162,'2015-09-04 15:36:25','2015-09-04 15:36:25','contact-us'),(163,'2015-09-04 15:36:25','2015-09-04 15:36:25','footer-01'),(164,'2015-09-04 15:36:25','2015-09-04 15:36:25','footer-02'),(165,'2015-09-04 15:36:25','2015-09-04 15:36:25','footer-03'),(166,'2015-09-04 15:36:25','2015-09-04 15:36:25','footer-04'),(167,'2015-09-04 15:36:25','2015-09-04 15:36:25','footer-contact'),(168,'2015-09-04 15:36:25','2015-09-04 15:36:25','footer-legal'),(169,'2015-09-04 15:36:25','2015-09-04 15:36:25','footer-navigation'),(170,'2015-09-04 15:36:25','2015-09-04 15:36:25','header-navigation'),(171,'2015-09-04 15:36:25','2015-09-04 15:36:25','header-right'),(172,'2015-09-04 15:36:25','2015-09-04 15:36:25','header-site-title'),(173,'2015-09-04 15:36:25','2015-09-04 15:36:25','logo'),(174,'2015-09-04 15:36:25','2015-10-29 11:08:18','responsive-navigation'),(175,'2015-09-04 15:36:25','2015-09-04 15:36:25','reviews'),(176,'2015-09-04 15:36:26','2015-09-04 15:36:26',NULL),(177,'2015-09-04 15:36:26','2015-09-07 10:05:44','about-us'),(178,'2015-09-04 15:36:26','2015-09-04 15:36:26','contact'),(179,'2015-09-04 15:36:26','2015-09-07 08:29:02','blog'),(180,'2015-09-04 15:36:26','2015-09-07 10:20:04','portfolio'),(181,'2015-09-04 15:36:26','2015-09-04 15:36:26',NULL),(182,'2015-09-04 15:36:26','2015-09-07 10:31:00','lorem-ipsum'),(183,'2015-09-04 15:36:26','2015-09-07 10:31:36','awesome-post'),(184,'2015-09-04 15:36:26','2015-09-07 10:32:05','beautifull-theme'),(185,'2015-09-04 15:36:26','2015-09-04 15:36:26',NULL),(186,'2015-09-04 15:36:26','2015-09-07 10:16:01','graphic-design'),(187,'2015-09-04 15:36:26','2015-09-07 10:16:58','typo-creation'),(188,'2015-09-04 15:36:26','2015-09-07 10:17:30','folder-creation'),(189,'2015-09-04 15:36:26','2015-09-07 10:18:03','awesome-theme'),(190,'2015-09-04 15:36:26','2015-09-04 15:36:26',NULL),(191,'2015-09-04 15:36:26','2015-09-04 15:36:26',NULL),(192,'2015-09-04 15:36:26','2015-09-04 15:36:26',NULL),(193,'2015-09-04 15:36:26','2015-09-04 15:36:26',NULL),(194,'2015-09-04 15:36:26','2015-09-04 15:36:26',NULL),(195,'2015-09-04 15:36:27','2015-09-04 15:36:27',NULL),(196,'2015-09-04 15:36:27','2015-09-04 15:36:27',NULL),(197,'2015-09-04 15:36:27','2015-09-04 15:36:27',NULL),(198,'2015-09-04 15:36:27','2015-09-04 15:36:27',NULL),(199,'2015-09-04 16:48:36','2015-09-04 16:49:18','site-logo'),(200,'2015-09-07 08:30:53','2015-09-07 08:30:53','generate_install_data'),(201,'2015-09-07 08:31:02','2015-09-07 08:31:02',NULL),(202,'2015-09-07 08:31:02','2015-09-07 08:31:02',NULL),(203,'2015-09-07 08:31:02','2015-09-07 08:31:02',NULL),(204,'2017-03-08 15:30:26','2017-03-08 15:30:26','image_uploading'),(205,'2017-03-08 15:55:23','2017-03-08 15:55:23','express'),(206,'2017-03-08 15:55:23','2017-03-08 15:55:23','entries'),(207,'2017-03-08 15:55:23','2017-03-08 15:55:23','express'),(208,'2017-03-08 15:55:23','2017-03-08 15:55:23','entities'),(209,'2017-03-08 15:55:23','2017-03-08 15:55:23','attributes'),(210,'2017-03-08 15:55:23','2017-03-08 15:55:23','associations'),(211,'2017-03-08 15:55:23','2017-03-08 15:55:23','forms'),(212,'2017-03-08 15:55:23','2017-03-08 15:55:23','customize_search'),(213,'2017-03-08 15:55:23','2017-03-08 15:55:23','entries'),(214,'2017-03-08 15:55:23','2017-03-08 15:55:23','legacy'),(215,'2017-03-08 15:55:23','2017-03-08 15:55:23','attributes'),(216,'2017-03-08 15:55:23','2017-03-08 15:55:23','global_password_reset'),(217,'2017-03-08 15:55:23','2017-03-08 15:55:23','notification'),(218,'2017-03-08 15:55:46','2017-03-08 15:55:46','workflows'),(219,'2017-03-08 15:55:46','2017-03-08 15:55:46','messages'),(220,'2017-03-08 15:55:46','2017-03-08 15:55:46','welcome'),(221,'2017-03-08 15:55:46','2017-03-08 15:55:46','desktop'),(222,'2017-03-08 15:55:46','2017-03-08 15:55:46','me');
/*!40000 ALTER TABLE `Collections` ENABLE KEYS */;
UNLOCK TABLES;

--
-- Table structure for table `Config`
--

DROP TABLE IF EXISTS `Config`;
/*!40101 SET @saved_cs_client     = @@character_set_client */;
/*!40101 SET character_set_client = utf8 */;
CREATE TABLE `Config` (
  `configNamespace` varchar(255) COLLATE utf8_unicode_ci NOT NULL DEFAULT '',
  `configGroup` varchar(255) COLLATE utf8_unicode_ci NOT NULL,
  `configItem` varchar(255) COLLATE utf8_unicode_ci NOT NULL,
  `configValue` longtext COLLATE utf8_unicode_ci,
  PRIMARY KEY (`configNamespace`,`configGroup`,`configItem`),
  KEY `configGroup` (`configGroup`)
) ENGINE=InnoDB DEFAULT CHARSET=utf8 COLLATE=utf8_unicode_ci;
/*!40101 SET character_set_client = @saved_cs_client */;

--
-- Dumping data for table `Config`
--

LOCK TABLES `Config` WRITE;
/*!40000 ALTER TABLE `Config` DISABLE KEYS */;
INSERT INTO `Config` VALUES ('','concrete','security.token.encryption','2hR1jPX9ZZ3rzWFz68n2FezvIBUAX3kzgJE2Bp1Xv5L60KFbScj4ckIMAqTtukW2'),('','concrete','security.token.jobs','FTF68Y41nkAqXG7r0NhSJQBP80QtSWBE2uFMtt0ImccqiVsPvx1pIvcnUwleDYft'),('','concrete','security.token.validation','9WgSnDaNjgFy3JyZoB5MCzC1PJLeZcYNpSXtumPJSF3yOrz95SGFJBOenTP6feKe');
/*!40000 ALTER TABLE `Config` ENABLE KEYS */;
UNLOCK TABLES;

--
-- Table structure for table `ConfigStore`
--

DROP TABLE IF EXISTS `ConfigStore`;
/*!40101 SET @saved_cs_client     = @@character_set_client */;
/*!40101 SET character_set_client = utf8 */;
CREATE TABLE `ConfigStore` (
  `cfKey` varchar(64) COLLATE utf8_unicode_ci NOT NULL,
  `timestamp` timestamp NOT NULL DEFAULT CURRENT_TIMESTAMP,
  `cfValue` longtext COLLATE utf8_unicode_ci,
  `uID` int(10) unsigned NOT NULL DEFAULT '0',
  `pkgID` int(10) unsigned NOT NULL DEFAULT '0',
  PRIMARY KEY (`cfKey`,`uID`),
  KEY `uID` (`uID`,`cfKey`),
  KEY `pkgID` (`pkgID`,`cfKey`)
) ENGINE=InnoDB DEFAULT CHARSET=utf8 COLLATE=utf8_unicode_ci;
/*!40101 SET character_set_client = @saved_cs_client */;

--
-- Dumping data for table `ConfigStore`
--

LOCK TABLES `ConfigStore` WRITE;
/*!40000 ALTER TABLE `ConfigStore` DISABLE KEYS */;
INSERT INTO `ConfigStore` VALUES ('MAIN_HELP_LAST_VIEWED','2015-09-04 13:33:13','1441373593',1,0),('NEWSFLOW_LAST_VIEWED','2015-09-04 13:31:26','1488983490',1,0);
/*!40000 ALTER TABLE `ConfigStore` ENABLE KEYS */;
UNLOCK TABLES;

--
-- Table structure for table `ConversationDiscussions`
--

DROP TABLE IF EXISTS `ConversationDiscussions`;
/*!40101 SET @saved_cs_client     = @@character_set_client */;
/*!40101 SET character_set_client = utf8 */;
CREATE TABLE `ConversationDiscussions` (
  `cnvDiscussionID` int(10) unsigned NOT NULL AUTO_INCREMENT,
  `cnvDiscussionDateCreated` datetime NOT NULL,
  `cID` int(10) unsigned DEFAULT NULL,
  PRIMARY KEY (`cnvDiscussionID`),
  KEY `cID` (`cID`)
) ENGINE=InnoDB DEFAULT CHARSET=utf8 COLLATE=utf8_unicode_ci;
/*!40101 SET character_set_client = @saved_cs_client */;

--
-- Dumping data for table `ConversationDiscussions`
--

LOCK TABLES `ConversationDiscussions` WRITE;
/*!40000 ALTER TABLE `ConversationDiscussions` DISABLE KEYS */;
/*!40000 ALTER TABLE `ConversationDiscussions` ENABLE KEYS */;
UNLOCK TABLES;

--
-- Table structure for table `ConversationEditors`
--

DROP TABLE IF EXISTS `ConversationEditors`;
/*!40101 SET @saved_cs_client     = @@character_set_client */;
/*!40101 SET character_set_client = utf8 */;
CREATE TABLE `ConversationEditors` (
  `cnvEditorID` int(10) unsigned NOT NULL AUTO_INCREMENT,
  `cnvEditorHandle` varchar(64) COLLATE utf8_unicode_ci DEFAULT NULL,
  `cnvEditorName` varchar(255) COLLATE utf8_unicode_ci DEFAULT NULL,
  `cnvEditorIsActive` tinyint(1) NOT NULL DEFAULT '0',
  `pkgID` int(10) unsigned NOT NULL DEFAULT '0',
  PRIMARY KEY (`cnvEditorID`),
  KEY `pkgID` (`pkgID`,`cnvEditorHandle`)
) ENGINE=InnoDB AUTO_INCREMENT=4 DEFAULT CHARSET=utf8 COLLATE=utf8_unicode_ci;
/*!40101 SET character_set_client = @saved_cs_client */;

--
-- Dumping data for table `ConversationEditors`
--

LOCK TABLES `ConversationEditors` WRITE;
/*!40000 ALTER TABLE `ConversationEditors` DISABLE KEYS */;
INSERT INTO `ConversationEditors` VALUES (1,'plain_text','Plain Text',1,0),(2,'markdown','Markdown',0,0),(3,'redactor','Redactor',0,0);
/*!40000 ALTER TABLE `ConversationEditors` ENABLE KEYS */;
UNLOCK TABLES;

--
-- Table structure for table `ConversationFeatureDetailAssignments`
--

DROP TABLE IF EXISTS `ConversationFeatureDetailAssignments`;
/*!40101 SET @saved_cs_client     = @@character_set_client */;
/*!40101 SET character_set_client = utf8 */;
CREATE TABLE `ConversationFeatureDetailAssignments` (
  `faID` int(10) unsigned NOT NULL DEFAULT '0',
  `cnvID` int(10) unsigned NOT NULL DEFAULT '0',
  PRIMARY KEY (`faID`),
  KEY `cnvID` (`cnvID`)
) ENGINE=InnoDB DEFAULT CHARSET=utf8 COLLATE=utf8_unicode_ci;
/*!40101 SET character_set_client = @saved_cs_client */;

--
-- Dumping data for table `ConversationFeatureDetailAssignments`
--

LOCK TABLES `ConversationFeatureDetailAssignments` WRITE;
/*!40000 ALTER TABLE `ConversationFeatureDetailAssignments` DISABLE KEYS */;
/*!40000 ALTER TABLE `ConversationFeatureDetailAssignments` ENABLE KEYS */;
UNLOCK TABLES;

--
-- Table structure for table `ConversationFlaggedMessageTypes`
--

DROP TABLE IF EXISTS `ConversationFlaggedMessageTypes`;
/*!40101 SET @saved_cs_client     = @@character_set_client */;
/*!40101 SET character_set_client = utf8 */;
CREATE TABLE `ConversationFlaggedMessageTypes` (
  `cnvMessageFlagTypeID` int(10) unsigned NOT NULL AUTO_INCREMENT,
  `cnvMessageFlagTypeHandle` varchar(64) COLLATE utf8_unicode_ci DEFAULT NULL,
  PRIMARY KEY (`cnvMessageFlagTypeID`),
  UNIQUE KEY `cnvMessageFlagTypeHandle` (`cnvMessageFlagTypeHandle`)
) ENGINE=InnoDB AUTO_INCREMENT=2 DEFAULT CHARSET=utf8 COLLATE=utf8_unicode_ci;
/*!40101 SET character_set_client = @saved_cs_client */;

--
-- Dumping data for table `ConversationFlaggedMessageTypes`
--

LOCK TABLES `ConversationFlaggedMessageTypes` WRITE;
/*!40000 ALTER TABLE `ConversationFlaggedMessageTypes` DISABLE KEYS */;
INSERT INTO `ConversationFlaggedMessageTypes` VALUES (1,'spam');
/*!40000 ALTER TABLE `ConversationFlaggedMessageTypes` ENABLE KEYS */;
UNLOCK TABLES;

--
-- Table structure for table `ConversationFlaggedMessages`
--

DROP TABLE IF EXISTS `ConversationFlaggedMessages`;
/*!40101 SET @saved_cs_client     = @@character_set_client */;
/*!40101 SET character_set_client = utf8 */;
CREATE TABLE `ConversationFlaggedMessages` (
  `cnvMessageID` int(10) unsigned NOT NULL,
  `cnvMessageFlagTypeID` int(11) DEFAULT NULL,
  PRIMARY KEY (`cnvMessageID`),
  KEY `cnvMessageFlagTypeID` (`cnvMessageFlagTypeID`)
) ENGINE=InnoDB DEFAULT CHARSET=utf8 COLLATE=utf8_unicode_ci;
/*!40101 SET character_set_client = @saved_cs_client */;

--
-- Dumping data for table `ConversationFlaggedMessages`
--

LOCK TABLES `ConversationFlaggedMessages` WRITE;
/*!40000 ALTER TABLE `ConversationFlaggedMessages` DISABLE KEYS */;
/*!40000 ALTER TABLE `ConversationFlaggedMessages` ENABLE KEYS */;
UNLOCK TABLES;

--
-- Table structure for table `ConversationMessageAttachments`
--

DROP TABLE IF EXISTS `ConversationMessageAttachments`;
/*!40101 SET @saved_cs_client     = @@character_set_client */;
/*!40101 SET character_set_client = utf8 */;
CREATE TABLE `ConversationMessageAttachments` (
  `cnvMessageAttachmentID` int(10) unsigned NOT NULL AUTO_INCREMENT,
  `cnvMessageID` int(11) DEFAULT NULL,
  `fID` int(11) DEFAULT NULL,
  PRIMARY KEY (`cnvMessageAttachmentID`),
  KEY `cnvMessageID` (`cnvMessageID`),
  KEY `fID` (`fID`)
) ENGINE=InnoDB DEFAULT CHARSET=utf8 COLLATE=utf8_unicode_ci;
/*!40101 SET character_set_client = @saved_cs_client */;

--
-- Dumping data for table `ConversationMessageAttachments`
--

LOCK TABLES `ConversationMessageAttachments` WRITE;
/*!40000 ALTER TABLE `ConversationMessageAttachments` DISABLE KEYS */;
/*!40000 ALTER TABLE `ConversationMessageAttachments` ENABLE KEYS */;
UNLOCK TABLES;

--
-- Table structure for table `ConversationMessageNotifications`
--

DROP TABLE IF EXISTS `ConversationMessageNotifications`;
/*!40101 SET @saved_cs_client     = @@character_set_client */;
/*!40101 SET character_set_client = utf8 */;
CREATE TABLE `ConversationMessageNotifications` (
  `cnvMessageID` int(10) unsigned NOT NULL,
  `nID` int(10) unsigned NOT NULL,
  PRIMARY KEY (`nID`),
  CONSTRAINT `FK_559DE1CBED024EFD` FOREIGN KEY (`nID`) REFERENCES `Notifications` (`nID`) ON DELETE CASCADE
) ENGINE=InnoDB DEFAULT CHARSET=utf8 COLLATE=utf8_unicode_ci;
/*!40101 SET character_set_client = @saved_cs_client */;

--
-- Dumping data for table `ConversationMessageNotifications`
--

LOCK TABLES `ConversationMessageNotifications` WRITE;
/*!40000 ALTER TABLE `ConversationMessageNotifications` DISABLE KEYS */;
/*!40000 ALTER TABLE `ConversationMessageNotifications` ENABLE KEYS */;
UNLOCK TABLES;

--
-- Table structure for table `ConversationMessageRatings`
--

DROP TABLE IF EXISTS `ConversationMessageRatings`;
/*!40101 SET @saved_cs_client     = @@character_set_client */;
/*!40101 SET character_set_client = utf8 */;
CREATE TABLE `ConversationMessageRatings` (
  `cnvMessageRatingID` int(10) unsigned NOT NULL AUTO_INCREMENT,
  `cnvMessageID` int(10) unsigned DEFAULT NULL,
  `cnvRatingTypeID` int(10) unsigned NOT NULL DEFAULT '0',
  `cnvMessageRatingIP` tinyblob,
  `timestamp` datetime DEFAULT NULL,
  `uID` int(10) unsigned NOT NULL DEFAULT '0',
  PRIMARY KEY (`cnvMessageRatingID`),
  KEY `cnvMessageID` (`cnvMessageID`,`cnvRatingTypeID`),
  KEY `cnvRatingTypeID` (`cnvRatingTypeID`),
  KEY `uID` (`uID`)
) ENGINE=InnoDB DEFAULT CHARSET=utf8 COLLATE=utf8_unicode_ci;
/*!40101 SET character_set_client = @saved_cs_client */;

--
-- Dumping data for table `ConversationMessageRatings`
--

LOCK TABLES `ConversationMessageRatings` WRITE;
/*!40000 ALTER TABLE `ConversationMessageRatings` DISABLE KEYS */;
/*!40000 ALTER TABLE `ConversationMessageRatings` ENABLE KEYS */;
UNLOCK TABLES;

--
-- Table structure for table `ConversationMessages`
--

DROP TABLE IF EXISTS `ConversationMessages`;
/*!40101 SET @saved_cs_client     = @@character_set_client */;
/*!40101 SET character_set_client = utf8 */;
CREATE TABLE `ConversationMessages` (
  `cnvMessageID` int(10) unsigned NOT NULL AUTO_INCREMENT,
  `cnvID` int(10) unsigned NOT NULL DEFAULT '0',
  `uID` int(10) unsigned NOT NULL DEFAULT '0',
  `cnvEditorID` int(10) unsigned NOT NULL DEFAULT '0',
  `cnvMessageAuthorName` varchar(255) COLLATE utf8_unicode_ci DEFAULT NULL,
  `cnvMessageAuthorEmail` varchar(255) COLLATE utf8_unicode_ci DEFAULT NULL,
  `cnvMessageAuthorWebsite` varchar(255) COLLATE utf8_unicode_ci DEFAULT NULL,
  `cnvMessageSubmitIP` tinyblob,
  `cnvMessageSubmitUserAgent` longtext COLLATE utf8_unicode_ci,
  `cnvMessageLevel` int(10) unsigned NOT NULL DEFAULT '0',
  `cnvMessageParentID` int(10) unsigned NOT NULL DEFAULT '0',
  `cnvMessageDateCreated` datetime DEFAULT NULL,
  `cnvMessageSubject` text COLLATE utf8_unicode_ci,
  `cnvMessageBody` text COLLATE utf8_unicode_ci,
  `cnvIsMessageDeleted` tinyint(1) NOT NULL DEFAULT '0',
  `cnvIsMessageApproved` tinyint(1) NOT NULL DEFAULT '0',
  `cnvMessageTotalRatingScore` bigint(20) DEFAULT '0',
  PRIMARY KEY (`cnvMessageID`),
  KEY `cnvID` (`cnvID`),
  KEY `cnvMessageParentID` (`cnvMessageParentID`),
  KEY `uID` (`uID`)
) ENGINE=InnoDB DEFAULT CHARSET=utf8 COLLATE=utf8_unicode_ci;
/*!40101 SET character_set_client = @saved_cs_client */;

--
-- Dumping data for table `ConversationMessages`
--

LOCK TABLES `ConversationMessages` WRITE;
/*!40000 ALTER TABLE `ConversationMessages` DISABLE KEYS */;
/*!40000 ALTER TABLE `ConversationMessages` ENABLE KEYS */;
UNLOCK TABLES;

--
-- Table structure for table `ConversationPermissionAddMessageAccessList`
--

DROP TABLE IF EXISTS `ConversationPermissionAddMessageAccessList`;
/*!40101 SET @saved_cs_client     = @@character_set_client */;
/*!40101 SET character_set_client = utf8 */;
CREATE TABLE `ConversationPermissionAddMessageAccessList` (
  `paID` int(10) unsigned NOT NULL DEFAULT '0',
  `peID` int(10) unsigned NOT NULL DEFAULT '0',
  `permission` varchar(1) COLLATE utf8_unicode_ci NOT NULL DEFAULT 'A',
  PRIMARY KEY (`paID`,`peID`),
  KEY `peID` (`peID`)
) ENGINE=InnoDB DEFAULT CHARSET=utf8 COLLATE=utf8_unicode_ci;
/*!40101 SET character_set_client = @saved_cs_client */;

--
-- Dumping data for table `ConversationPermissionAddMessageAccessList`
--

LOCK TABLES `ConversationPermissionAddMessageAccessList` WRITE;
/*!40000 ALTER TABLE `ConversationPermissionAddMessageAccessList` DISABLE KEYS */;
/*!40000 ALTER TABLE `ConversationPermissionAddMessageAccessList` ENABLE KEYS */;
UNLOCK TABLES;

--
-- Table structure for table `ConversationPermissionAssignments`
--

DROP TABLE IF EXISTS `ConversationPermissionAssignments`;
/*!40101 SET @saved_cs_client     = @@character_set_client */;
/*!40101 SET character_set_client = utf8 */;
CREATE TABLE `ConversationPermissionAssignments` (
  `cnvID` int(10) unsigned NOT NULL DEFAULT '0',
  `pkID` int(10) unsigned NOT NULL DEFAULT '0',
  `paID` int(10) unsigned NOT NULL DEFAULT '0',
  PRIMARY KEY (`cnvID`,`pkID`,`paID`),
  KEY `paID` (`paID`),
  KEY `pkID` (`pkID`)
) ENGINE=InnoDB DEFAULT CHARSET=utf8 COLLATE=utf8_unicode_ci;
/*!40101 SET character_set_client = @saved_cs_client */;

--
-- Dumping data for table `ConversationPermissionAssignments`
--

LOCK TABLES `ConversationPermissionAssignments` WRITE;
/*!40000 ALTER TABLE `ConversationPermissionAssignments` DISABLE KEYS */;
INSERT INTO `ConversationPermissionAssignments` VALUES (0,66,90),(0,67,91),(0,70,92),(0,69,93),(0,71,94),(0,68,95),(0,72,96),(0,73,97);
/*!40000 ALTER TABLE `ConversationPermissionAssignments` ENABLE KEYS */;
UNLOCK TABLES;

--
-- Table structure for table `ConversationRatingTypes`
--

DROP TABLE IF EXISTS `ConversationRatingTypes`;
/*!40101 SET @saved_cs_client     = @@character_set_client */;
/*!40101 SET character_set_client = utf8 */;
CREATE TABLE `ConversationRatingTypes` (
  `cnvRatingTypeID` int(10) unsigned NOT NULL AUTO_INCREMENT,
  `cnvRatingTypeHandle` varchar(255) COLLATE utf8_unicode_ci DEFAULT NULL,
  `cnvRatingTypeName` varchar(10) COLLATE utf8_unicode_ci DEFAULT NULL,
  `cnvRatingTypeCommunityPoints` int(11) DEFAULT NULL,
  `pkgID` int(10) unsigned NOT NULL DEFAULT '0',
  PRIMARY KEY (`cnvRatingTypeID`),
  UNIQUE KEY `cnvRatingTypeHandle` (`cnvRatingTypeHandle`),
  KEY `pkgID` (`pkgID`,`cnvRatingTypeHandle`)
) ENGINE=InnoDB AUTO_INCREMENT=3 DEFAULT CHARSET=utf8 COLLATE=utf8_unicode_ci;
/*!40101 SET character_set_client = @saved_cs_client */;

--
-- Dumping data for table `ConversationRatingTypes`
--

LOCK TABLES `ConversationRatingTypes` WRITE;
/*!40000 ALTER TABLE `ConversationRatingTypes` DISABLE KEYS */;
INSERT INTO `ConversationRatingTypes` VALUES (1,'up_vote','Up Vote',1,0),(2,'down_vote','Down Vote',0,0);
/*!40000 ALTER TABLE `ConversationRatingTypes` ENABLE KEYS */;
UNLOCK TABLES;

--
-- Table structure for table `ConversationSubscriptions`
--

DROP TABLE IF EXISTS `ConversationSubscriptions`;
/*!40101 SET @saved_cs_client     = @@character_set_client */;
/*!40101 SET character_set_client = utf8 */;
CREATE TABLE `ConversationSubscriptions` (
  `cnvID` int(10) unsigned NOT NULL DEFAULT '0',
  `uID` int(10) unsigned NOT NULL DEFAULT '0',
  `type` varchar(1) COLLATE utf8_unicode_ci DEFAULT 'S',
  PRIMARY KEY (`cnvID`,`uID`),
  KEY `cnvID` (`cnvID`),
  KEY `uID` (`uID`)
) ENGINE=InnoDB DEFAULT CHARSET=utf8 COLLATE=utf8_unicode_ci;
/*!40101 SET character_set_client = @saved_cs_client */;

--
-- Dumping data for table `ConversationSubscriptions`
--

LOCK TABLES `ConversationSubscriptions` WRITE;
/*!40000 ALTER TABLE `ConversationSubscriptions` DISABLE KEYS */;
INSERT INTO `ConversationSubscriptions` VALUES (0,1,'S');
/*!40000 ALTER TABLE `ConversationSubscriptions` ENABLE KEYS */;
UNLOCK TABLES;

--
-- Table structure for table `Conversations`
--

DROP TABLE IF EXISTS `Conversations`;
/*!40101 SET @saved_cs_client     = @@character_set_client */;
/*!40101 SET character_set_client = utf8 */;
CREATE TABLE `Conversations` (
  `cnvID` int(10) unsigned NOT NULL AUTO_INCREMENT,
  `cID` int(10) unsigned DEFAULT '0',
  `cnvDateCreated` datetime NOT NULL,
  `cnvDateLastMessage` datetime DEFAULT NULL,
  `cnvParentMessageID` int(10) unsigned DEFAULT '0',
  `cnvAttachmentsEnabled` tinyint(1) NOT NULL DEFAULT '1',
  `cnvMessagesTotal` int(10) unsigned DEFAULT '0',
  `cnvOverrideGlobalPermissions` tinyint(1) DEFAULT '0',
  `cnvAttachmentOverridesEnabled` tinyint(1) NOT NULL DEFAULT '0',
  `cnvMaxFilesGuest` int(11) DEFAULT '0',
  `cnvMaxFilesRegistered` int(11) DEFAULT '0',
  `cnvMaxFileSizeGuest` int(11) DEFAULT '0',
  `cnvMaxFileSizeRegistered` int(11) DEFAULT '0',
  `cnvFileExtensions` text COLLATE utf8_unicode_ci,
  `cnvNotificationOverridesEnabled` tinyint(1) NOT NULL DEFAULT '0',
  `cnvEnableSubscription` tinyint(1) DEFAULT '0',
  PRIMARY KEY (`cnvID`),
  KEY `cID` (`cID`),
  KEY `cnvParentMessageID` (`cnvParentMessageID`)
) ENGINE=InnoDB DEFAULT CHARSET=utf8 COLLATE=utf8_unicode_ci;
/*!40101 SET character_set_client = @saved_cs_client */;

--
-- Dumping data for table `Conversations`
--

LOCK TABLES `Conversations` WRITE;
/*!40000 ALTER TABLE `Conversations` DISABLE KEYS */;
/*!40000 ALTER TABLE `Conversations` ENABLE KEYS */;
UNLOCK TABLES;

--
-- Table structure for table `DownloadStatistics`
--

DROP TABLE IF EXISTS `DownloadStatistics`;
/*!40101 SET @saved_cs_client     = @@character_set_client */;
/*!40101 SET character_set_client = utf8 */;
CREATE TABLE `DownloadStatistics` (
  `dsID` int(10) unsigned NOT NULL AUTO_INCREMENT,
  `fID` int(10) unsigned NOT NULL,
  `fvID` int(10) unsigned NOT NULL,
  `uID` int(10) unsigned NOT NULL,
  `rcID` int(10) unsigned NOT NULL,
  `timestamp` timestamp NOT NULL DEFAULT CURRENT_TIMESTAMP,
  PRIMARY KEY (`dsID`),
  KEY `fID` (`fID`,`timestamp`),
  KEY `fvID` (`fID`,`fvID`),
  KEY `uID` (`uID`),
  KEY `rcID` (`rcID`),
  KEY `timestamp` (`timestamp`)
) ENGINE=InnoDB DEFAULT CHARSET=utf8 COLLATE=utf8_unicode_ci;
/*!40101 SET character_set_client = @saved_cs_client */;

--
-- Dumping data for table `DownloadStatistics`
--

LOCK TABLES `DownloadStatistics` WRITE;
/*!40000 ALTER TABLE `DownloadStatistics` DISABLE KEYS */;
/*!40000 ALTER TABLE `DownloadStatistics` ENABLE KEYS */;
UNLOCK TABLES;

--
-- Table structure for table `ExpressAttributeKeys`
--

DROP TABLE IF EXISTS `ExpressAttributeKeys`;
/*!40101 SET @saved_cs_client     = @@character_set_client */;
/*!40101 SET character_set_client = utf8 */;
CREATE TABLE `ExpressAttributeKeys` (
  `entity_id` char(36) COLLATE utf8_unicode_ci DEFAULT NULL COMMENT '(DC2Type:guid)',
  `akID` int(10) unsigned NOT NULL,
  PRIMARY KEY (`akID`),
  KEY `IDX_8C881F181257D5D` (`entity_id`),
  CONSTRAINT `FK_8C881F1B6561A7E` FOREIGN KEY (`akID`) REFERENCES `AttributeKeys` (`akID`) ON DELETE CASCADE,
  CONSTRAINT `FK_8C881F181257D5D` FOREIGN KEY (`entity_id`) REFERENCES `ExpressEntities` (`id`)
) ENGINE=InnoDB DEFAULT CHARSET=utf8 COLLATE=utf8_unicode_ci;
/*!40101 SET character_set_client = @saved_cs_client */;

--
-- Dumping data for table `ExpressAttributeKeys`
--

LOCK TABLES `ExpressAttributeKeys` WRITE;
/*!40000 ALTER TABLE `ExpressAttributeKeys` DISABLE KEYS */;
/*!40000 ALTER TABLE `ExpressAttributeKeys` ENABLE KEYS */;
UNLOCK TABLES;

--
-- Table structure for table `ExpressEntities`
--

DROP TABLE IF EXISTS `ExpressEntities`;
/*!40101 SET @saved_cs_client     = @@character_set_client */;
/*!40101 SET character_set_client = utf8 */;
CREATE TABLE `ExpressEntities` (
  `id` char(36) COLLATE utf8_unicode_ci NOT NULL COMMENT '(DC2Type:guid)',
  `default_view_form_id` char(36) COLLATE utf8_unicode_ci DEFAULT NULL COMMENT '(DC2Type:guid)',
  `default_edit_form_id` char(36) COLLATE utf8_unicode_ci DEFAULT NULL COMMENT '(DC2Type:guid)',
  `name` varchar(255) COLLATE utf8_unicode_ci NOT NULL,
  `handle` varchar(255) COLLATE utf8_unicode_ci NOT NULL,
  `plural_handle` varchar(255) COLLATE utf8_unicode_ci DEFAULT NULL,
  `supports_custom_display_order` tinyint(1) NOT NULL,
  `description` longtext COLLATE utf8_unicode_ci,
  `result_column_set` longtext COLLATE utf8_unicode_ci COMMENT '(DC2Type:object)',
  `include_in_public_list` tinyint(1) NOT NULL,
  `entity_results_node_id` int(11) NOT NULL,
  `created_date` datetime NOT NULL,
  `pkgID` int(10) unsigned DEFAULT NULL,
  PRIMARY KEY (`id`),
  UNIQUE KEY `UNIQ_BC772AA6918020D9` (`handle`),
  UNIQUE KEY `UNIQ_BC772AA6547D6B2D` (`default_view_form_id`),
  UNIQUE KEY `UNIQ_BC772AA6C7DEC56D` (`default_edit_form_id`),
  KEY `IDX_BC772AA6CE45CBB0` (`pkgID`)
) ENGINE=InnoDB DEFAULT CHARSET=utf8 COLLATE=utf8_unicode_ci;
/*!40101 SET character_set_client = @saved_cs_client */;

--
-- Dumping data for table `ExpressEntities`
--

LOCK TABLES `ExpressEntities` WRITE;
/*!40000 ALTER TABLE `ExpressEntities` DISABLE KEYS */;
/*!40000 ALTER TABLE `ExpressEntities` ENABLE KEYS */;
UNLOCK TABLES;

--
-- Table structure for table `ExpressEntityAssociationSelectedEntries`
--

DROP TABLE IF EXISTS `ExpressEntityAssociationSelectedEntries`;
/*!40101 SET @saved_cs_client     = @@character_set_client */;
/*!40101 SET character_set_client = utf8 */;
CREATE TABLE `ExpressEntityAssociationSelectedEntries` (
  `id` int(11) NOT NULL,
  `exSelectedEntryID` int(11) NOT NULL,
  PRIMARY KEY (`id`,`exSelectedEntryID`),
  KEY `IDX_1F9C570CBF396750` (`id`),
  KEY `IDX_1F9C570CC7B1F65C` (`exSelectedEntryID`),
  CONSTRAINT `FK_1F9C570CC7B1F65C` FOREIGN KEY (`exSelectedEntryID`) REFERENCES `ExpressEntityEntries` (`exEntryID`),
  CONSTRAINT `FK_1F9C570CBF396750` FOREIGN KEY (`id`) REFERENCES `ExpressEntityEntryAssociations` (`id`)
) ENGINE=InnoDB DEFAULT CHARSET=utf8 COLLATE=utf8_unicode_ci;
/*!40101 SET character_set_client = @saved_cs_client */;

--
-- Dumping data for table `ExpressEntityAssociationSelectedEntries`
--

LOCK TABLES `ExpressEntityAssociationSelectedEntries` WRITE;
/*!40000 ALTER TABLE `ExpressEntityAssociationSelectedEntries` DISABLE KEYS */;
/*!40000 ALTER TABLE `ExpressEntityAssociationSelectedEntries` ENABLE KEYS */;
UNLOCK TABLES;

--
-- Table structure for table `ExpressEntityAssociations`
--

DROP TABLE IF EXISTS `ExpressEntityAssociations`;
/*!40101 SET @saved_cs_client     = @@character_set_client */;
/*!40101 SET character_set_client = utf8 */;
CREATE TABLE `ExpressEntityAssociations` (
  `id` char(36) COLLATE utf8_unicode_ci NOT NULL COMMENT '(DC2Type:guid)',
  `source_entity_id` char(36) COLLATE utf8_unicode_ci DEFAULT NULL COMMENT '(DC2Type:guid)',
  `target_entity_id` char(36) COLLATE utf8_unicode_ci DEFAULT NULL COMMENT '(DC2Type:guid)',
  `is_owned_by_association` tinyint(1) NOT NULL,
  `is_owning_association` tinyint(1) NOT NULL,
  `target_property_name` varchar(255) COLLATE utf8_unicode_ci DEFAULT NULL,
  `inversed_by_property_name` varchar(255) COLLATE utf8_unicode_ci DEFAULT NULL,
  `type` varchar(255) COLLATE utf8_unicode_ci NOT NULL,
  `association_type` varchar(255) COLLATE utf8_unicode_ci DEFAULT NULL,
  PRIMARY KEY (`id`),
  KEY `IDX_98A0F796E9BBEE93` (`source_entity_id`),
  KEY `IDX_98A0F796B5910F71` (`target_entity_id`),
  CONSTRAINT `FK_98A0F796B5910F71` FOREIGN KEY (`target_entity_id`) REFERENCES `ExpressEntities` (`id`),
  CONSTRAINT `FK_98A0F796E9BBEE93` FOREIGN KEY (`source_entity_id`) REFERENCES `ExpressEntities` (`id`)
) ENGINE=InnoDB DEFAULT CHARSET=utf8 COLLATE=utf8_unicode_ci;
/*!40101 SET character_set_client = @saved_cs_client */;

--
-- Dumping data for table `ExpressEntityAssociations`
--

LOCK TABLES `ExpressEntityAssociations` WRITE;
/*!40000 ALTER TABLE `ExpressEntityAssociations` DISABLE KEYS */;
/*!40000 ALTER TABLE `ExpressEntityAssociations` ENABLE KEYS */;
UNLOCK TABLES;

--
-- Table structure for table `ExpressEntityEntries`
--

DROP TABLE IF EXISTS `ExpressEntityEntries`;
/*!40101 SET @saved_cs_client     = @@character_set_client */;
/*!40101 SET character_set_client = utf8 */;
CREATE TABLE `ExpressEntityEntries` (
  `exEntryID` int(11) NOT NULL AUTO_INCREMENT,
  `exEntryDisplayOrder` int(11) NOT NULL,
  `exEntryDateCreated` datetime NOT NULL,
  `exEntryEntityID` char(36) COLLATE utf8_unicode_ci DEFAULT NULL COMMENT '(DC2Type:guid)',
  PRIMARY KEY (`exEntryID`),
  KEY `IDX_B8AE3531AFC87D03` (`exEntryEntityID`),
  CONSTRAINT `FK_B8AE3531AFC87D03` FOREIGN KEY (`exEntryEntityID`) REFERENCES `ExpressEntities` (`id`)
) ENGINE=InnoDB DEFAULT CHARSET=utf8 COLLATE=utf8_unicode_ci;
/*!40101 SET character_set_client = @saved_cs_client */;

--
-- Dumping data for table `ExpressEntityEntries`
--

LOCK TABLES `ExpressEntityEntries` WRITE;
/*!40000 ALTER TABLE `ExpressEntityEntries` DISABLE KEYS */;
/*!40000 ALTER TABLE `ExpressEntityEntries` ENABLE KEYS */;
UNLOCK TABLES;

--
-- Table structure for table `ExpressEntityEntryAssociations`
--

DROP TABLE IF EXISTS `ExpressEntityEntryAssociations`;
/*!40101 SET @saved_cs_client     = @@character_set_client */;
/*!40101 SET character_set_client = utf8 */;
CREATE TABLE `ExpressEntityEntryAssociations` (
  `id` int(11) NOT NULL AUTO_INCREMENT,
  `association_id` char(36) COLLATE utf8_unicode_ci DEFAULT NULL COMMENT '(DC2Type:guid)',
  `exEntryID` int(11) DEFAULT NULL,
  `type` varchar(255) COLLATE utf8_unicode_ci NOT NULL,
  PRIMARY KEY (`id`),
  KEY `IDX_25B3A0826DCB6296` (`exEntryID`),
  KEY `IDX_25B3A082EFB9C8A5` (`association_id`),
  CONSTRAINT `FK_25B3A082EFB9C8A5` FOREIGN KEY (`association_id`) REFERENCES `ExpressEntityAssociations` (`id`),
  CONSTRAINT `FK_25B3A0826DCB6296` FOREIGN KEY (`exEntryID`) REFERENCES `ExpressEntityEntries` (`exEntryID`)
) ENGINE=InnoDB DEFAULT CHARSET=utf8 COLLATE=utf8_unicode_ci;
/*!40101 SET character_set_client = @saved_cs_client */;

--
-- Dumping data for table `ExpressEntityEntryAssociations`
--

LOCK TABLES `ExpressEntityEntryAssociations` WRITE;
/*!40000 ALTER TABLE `ExpressEntityEntryAssociations` DISABLE KEYS */;
/*!40000 ALTER TABLE `ExpressEntityEntryAssociations` ENABLE KEYS */;
UNLOCK TABLES;

--
-- Table structure for table `ExpressEntityEntryAttributeValues`
--

DROP TABLE IF EXISTS `ExpressEntityEntryAttributeValues`;
/*!40101 SET @saved_cs_client     = @@character_set_client */;
/*!40101 SET character_set_client = utf8 */;
CREATE TABLE `ExpressEntityEntryAttributeValues` (
  `exEntryID` int(11) NOT NULL,
  `akID` int(10) unsigned NOT NULL,
  `avID` int(10) unsigned DEFAULT NULL,
  PRIMARY KEY (`exEntryID`,`akID`),
  KEY `IDX_6DB641546DCB6296` (`exEntryID`),
  KEY `IDX_6DB64154B6561A7E` (`akID`),
  KEY `IDX_6DB64154A2A82A5D` (`avID`),
  CONSTRAINT `FK_6DB64154A2A82A5D` FOREIGN KEY (`avID`) REFERENCES `AttributeValues` (`avID`),
  CONSTRAINT `FK_6DB641546DCB6296` FOREIGN KEY (`exEntryID`) REFERENCES `ExpressEntityEntries` (`exEntryID`),
  CONSTRAINT `FK_6DB64154B6561A7E` FOREIGN KEY (`akID`) REFERENCES `AttributeKeys` (`akID`)
) ENGINE=InnoDB DEFAULT CHARSET=utf8 COLLATE=utf8_unicode_ci;
/*!40101 SET character_set_client = @saved_cs_client */;

--
-- Dumping data for table `ExpressEntityEntryAttributeValues`
--

LOCK TABLES `ExpressEntityEntryAttributeValues` WRITE;
/*!40000 ALTER TABLE `ExpressEntityEntryAttributeValues` DISABLE KEYS */;
/*!40000 ALTER TABLE `ExpressEntityEntryAttributeValues` ENABLE KEYS */;
UNLOCK TABLES;

--
-- Table structure for table `ExpressFormFieldSetAssociationControls`
--

DROP TABLE IF EXISTS `ExpressFormFieldSetAssociationControls`;
/*!40101 SET @saved_cs_client     = @@character_set_client */;
/*!40101 SET character_set_client = utf8 */;
CREATE TABLE `ExpressFormFieldSetAssociationControls` (
  `id` char(36) COLLATE utf8_unicode_ci NOT NULL COMMENT '(DC2Type:guid)',
  `association_id` char(36) COLLATE utf8_unicode_ci DEFAULT NULL COMMENT '(DC2Type:guid)',
  `association_entity_label_mask` varchar(255) COLLATE utf8_unicode_ci DEFAULT NULL,
  PRIMARY KEY (`id`),
  KEY `IDX_E6DF21BBEFB9C8A5` (`association_id`),
  CONSTRAINT `FK_E6DF21BBBF396750` FOREIGN KEY (`id`) REFERENCES `ExpressFormFieldSetControls` (`id`) ON DELETE CASCADE,
  CONSTRAINT `FK_E6DF21BBEFB9C8A5` FOREIGN KEY (`association_id`) REFERENCES `ExpressEntityAssociations` (`id`)
) ENGINE=InnoDB DEFAULT CHARSET=utf8 COLLATE=utf8_unicode_ci;
/*!40101 SET character_set_client = @saved_cs_client */;

--
-- Dumping data for table `ExpressFormFieldSetAssociationControls`
--

LOCK TABLES `ExpressFormFieldSetAssociationControls` WRITE;
/*!40000 ALTER TABLE `ExpressFormFieldSetAssociationControls` DISABLE KEYS */;
/*!40000 ALTER TABLE `ExpressFormFieldSetAssociationControls` ENABLE KEYS */;
UNLOCK TABLES;

--
-- Table structure for table `ExpressFormFieldSetAttributeKeyControls`
--

DROP TABLE IF EXISTS `ExpressFormFieldSetAttributeKeyControls`;
/*!40101 SET @saved_cs_client     = @@character_set_client */;
/*!40101 SET character_set_client = utf8 */;
CREATE TABLE `ExpressFormFieldSetAttributeKeyControls` (
  `id` char(36) COLLATE utf8_unicode_ci NOT NULL COMMENT '(DC2Type:guid)',
  `akID` int(10) unsigned DEFAULT NULL,
  PRIMARY KEY (`id`),
  KEY `IDX_8481F9D1B6561A7E` (`akID`),
  CONSTRAINT `FK_8481F9D1BF396750` FOREIGN KEY (`id`) REFERENCES `ExpressFormFieldSetControls` (`id`) ON DELETE CASCADE,
  CONSTRAINT `FK_8481F9D1B6561A7E` FOREIGN KEY (`akID`) REFERENCES `AttributeKeys` (`akID`)
) ENGINE=InnoDB DEFAULT CHARSET=utf8 COLLATE=utf8_unicode_ci;
/*!40101 SET character_set_client = @saved_cs_client */;

--
-- Dumping data for table `ExpressFormFieldSetAttributeKeyControls`
--

LOCK TABLES `ExpressFormFieldSetAttributeKeyControls` WRITE;
/*!40000 ALTER TABLE `ExpressFormFieldSetAttributeKeyControls` DISABLE KEYS */;
/*!40000 ALTER TABLE `ExpressFormFieldSetAttributeKeyControls` ENABLE KEYS */;
UNLOCK TABLES;

--
-- Table structure for table `ExpressFormFieldSetControls`
--

DROP TABLE IF EXISTS `ExpressFormFieldSetControls`;
/*!40101 SET @saved_cs_client     = @@character_set_client */;
/*!40101 SET character_set_client = utf8 */;
CREATE TABLE `ExpressFormFieldSetControls` (
  `id` char(36) COLLATE utf8_unicode_ci NOT NULL COMMENT '(DC2Type:guid)',
  `field_set_id` int(11) DEFAULT NULL,
  `is_required` tinyint(1) NOT NULL,
  `position` int(11) NOT NULL,
  `custom_label` longtext COLLATE utf8_unicode_ci,
  `type` varchar(255) COLLATE utf8_unicode_ci NOT NULL,
  PRIMARY KEY (`id`),
  KEY `IDX_E42868A43ABF811A` (`field_set_id`),
  CONSTRAINT `FK_E42868A43ABF811A` FOREIGN KEY (`field_set_id`) REFERENCES `ExpressFormFieldSets` (`id`)
) ENGINE=InnoDB DEFAULT CHARSET=utf8 COLLATE=utf8_unicode_ci;
/*!40101 SET character_set_client = @saved_cs_client */;

--
-- Dumping data for table `ExpressFormFieldSetControls`
--

LOCK TABLES `ExpressFormFieldSetControls` WRITE;
/*!40000 ALTER TABLE `ExpressFormFieldSetControls` DISABLE KEYS */;
/*!40000 ALTER TABLE `ExpressFormFieldSetControls` ENABLE KEYS */;
UNLOCK TABLES;

--
-- Table structure for table `ExpressFormFieldSetTextControls`
--

DROP TABLE IF EXISTS `ExpressFormFieldSetTextControls`;
/*!40101 SET @saved_cs_client     = @@character_set_client */;
/*!40101 SET character_set_client = utf8 */;
CREATE TABLE `ExpressFormFieldSetTextControls` (
  `id` char(36) COLLATE utf8_unicode_ci NOT NULL COMMENT '(DC2Type:guid)',
  `headline` varchar(255) COLLATE utf8_unicode_ci DEFAULT NULL,
  `body` longtext COLLATE utf8_unicode_ci,
  PRIMARY KEY (`id`),
  CONSTRAINT `FK_DB5A209ABF396750` FOREIGN KEY (`id`) REFERENCES `ExpressFormFieldSetControls` (`id`) ON DELETE CASCADE
) ENGINE=InnoDB DEFAULT CHARSET=utf8 COLLATE=utf8_unicode_ci;
/*!40101 SET character_set_client = @saved_cs_client */;

--
-- Dumping data for table `ExpressFormFieldSetTextControls`
--

LOCK TABLES `ExpressFormFieldSetTextControls` WRITE;
/*!40000 ALTER TABLE `ExpressFormFieldSetTextControls` DISABLE KEYS */;
/*!40000 ALTER TABLE `ExpressFormFieldSetTextControls` ENABLE KEYS */;
UNLOCK TABLES;

--
-- Table structure for table `ExpressFormFieldSets`
--

DROP TABLE IF EXISTS `ExpressFormFieldSets`;
/*!40101 SET @saved_cs_client     = @@character_set_client */;
/*!40101 SET character_set_client = utf8 */;
CREATE TABLE `ExpressFormFieldSets` (
  `id` int(11) NOT NULL AUTO_INCREMENT,
  `form_id` char(36) COLLATE utf8_unicode_ci DEFAULT NULL COMMENT '(DC2Type:guid)',
  `position` int(11) NOT NULL,
  `title` varchar(255) COLLATE utf8_unicode_ci DEFAULT NULL,
  `description` longtext COLLATE utf8_unicode_ci,
  PRIMARY KEY (`id`),
  KEY `IDX_A33BBBEC5FF69B7D` (`form_id`),
  CONSTRAINT `FK_A33BBBEC5FF69B7D` FOREIGN KEY (`form_id`) REFERENCES `ExpressForms` (`id`)
) ENGINE=InnoDB DEFAULT CHARSET=utf8 COLLATE=utf8_unicode_ci;
/*!40101 SET character_set_client = @saved_cs_client */;

--
-- Dumping data for table `ExpressFormFieldSets`
--

LOCK TABLES `ExpressFormFieldSets` WRITE;
/*!40000 ALTER TABLE `ExpressFormFieldSets` DISABLE KEYS */;
/*!40000 ALTER TABLE `ExpressFormFieldSets` ENABLE KEYS */;
UNLOCK TABLES;

--
-- Table structure for table `ExpressForms`
--

DROP TABLE IF EXISTS `ExpressForms`;
/*!40101 SET @saved_cs_client     = @@character_set_client */;
/*!40101 SET character_set_client = utf8 */;
CREATE TABLE `ExpressForms` (
  `id` char(36) COLLATE utf8_unicode_ci NOT NULL COMMENT '(DC2Type:guid)',
  `entity_id` char(36) COLLATE utf8_unicode_ci DEFAULT NULL COMMENT '(DC2Type:guid)',
  `name` varchar(255) COLLATE utf8_unicode_ci DEFAULT NULL,
  PRIMARY KEY (`id`),
  KEY `IDX_8D09031A81257D5D` (`entity_id`),
  CONSTRAINT `FK_8D09031A81257D5D` FOREIGN KEY (`entity_id`) REFERENCES `ExpressEntities` (`id`)
) ENGINE=InnoDB DEFAULT CHARSET=utf8 COLLATE=utf8_unicode_ci;
/*!40101 SET character_set_client = @saved_cs_client */;

--
-- Dumping data for table `ExpressForms`
--

LOCK TABLES `ExpressForms` WRITE;
/*!40000 ALTER TABLE `ExpressForms` DISABLE KEYS */;
/*!40000 ALTER TABLE `ExpressForms` ENABLE KEYS */;
UNLOCK TABLES;

--
-- Table structure for table `FeatureAssignments`
--

DROP TABLE IF EXISTS `FeatureAssignments`;
/*!40101 SET @saved_cs_client     = @@character_set_client */;
/*!40101 SET character_set_client = utf8 */;
CREATE TABLE `FeatureAssignments` (
  `faID` int(10) unsigned NOT NULL AUTO_INCREMENT,
  `feID` int(10) unsigned DEFAULT NULL,
  `fcID` int(10) unsigned DEFAULT NULL,
  `fdObject` longtext COLLATE utf8_unicode_ci,
  PRIMARY KEY (`faID`),
  KEY `feID` (`feID`),
  KEY `fcID` (`fcID`)
) ENGINE=InnoDB AUTO_INCREMENT=25 DEFAULT CHARSET=utf8 COLLATE=utf8_unicode_ci;
/*!40101 SET character_set_client = @saved_cs_client */;

--
-- Dumping data for table `FeatureAssignments`
--

LOCK TABLES `FeatureAssignments` WRITE;
/*!40000 ALTER TABLE `FeatureAssignments` DISABLE KEYS */;
INSERT INTO `FeatureAssignments` VALUES (1,5,1,'O:40:\"Concrete\\Core\\Feature\\Detail\\ImageDetail\":5:{s:6:\"\0*\0src\";s:71:\"/supermint3.demo.portofolied/application/files/6514/4137/3785/80x90.png\";s:8:\"\0*\0width\";d:80;s:9:\"\0*\0height\";d:90;s:7:\"\0*\0item\";N;s:5:\"error\";s:0:\"\";}'),(2,5,1,'O:40:\"Concrete\\Core\\Feature\\Detail\\ImageDetail\":5:{s:6:\"\0*\0src\";s:73:\"/supermint3.demo.portofolied/application/files/5314/4137/3785/400x400.png\";s:8:\"\0*\0width\";d:400;s:9:\"\0*\0height\";d:400;s:7:\"\0*\0item\";N;s:5:\"error\";s:0:\"\";}'),(3,5,1,'O:40:\"Concrete\\Core\\Feature\\Detail\\ImageDetail\":5:{s:6:\"\0*\0src\";s:73:\"/supermint3.demo.portofolied/application/files/5314/4137/3785/400x400.png\";s:8:\"\0*\0width\";d:400;s:9:\"\0*\0height\";d:400;s:7:\"\0*\0item\";N;s:5:\"error\";s:0:\"\";}'),(4,5,1,'O:40:\"Concrete\\Core\\Feature\\Detail\\ImageDetail\":5:{s:6:\"\0*\0src\";s:73:\"/supermint3.demo.portofolied/application/files/5314/4137/3785/400x400.png\";s:8:\"\0*\0width\";d:400;s:9:\"\0*\0height\";d:400;s:7:\"\0*\0item\";N;s:5:\"error\";s:0:\"\";}'),(5,5,1,'O:40:\"Concrete\\Core\\Feature\\Detail\\ImageDetail\":5:{s:6:\"\0*\0src\";s:74:\"/supermint3.demo.portofolied/application/files/3514/4137/3781/1366-500.png\";s:8:\"\0*\0width\";d:1366;s:9:\"\0*\0height\";d:500;s:7:\"\0*\0item\";N;s:5:\"error\";s:0:\"\";}'),(6,5,1,'O:40:\"Concrete\\Core\\Feature\\Detail\\ImageDetail\":5:{s:6:\"\0*\0src\";s:74:\"/supermint3.demo.portofolied/application/files/3514/4137/3781/1366-500.png\";s:8:\"\0*\0width\";d:1366;s:9:\"\0*\0height\";d:500;s:7:\"\0*\0item\";N;s:5:\"error\";s:0:\"\";}'),(7,5,1,'O:40:\"Concrete\\Core\\Feature\\Detail\\ImageDetail\":5:{s:6:\"\0*\0src\";s:74:\"/supermint3.demo.portofolied/application/files/3514/4137/3781/1366-500.png\";s:8:\"\0*\0width\";d:1366;s:9:\"\0*\0height\";d:500;s:7:\"\0*\0item\";N;s:5:\"error\";s:0:\"\";}'),(8,5,1,'O:40:\"Concrete\\Core\\Feature\\Detail\\ImageDetail\":5:{s:6:\"\0*\0src\";s:74:\"/supermint3.demo.portofolied/application/files/3514/4137/3781/1366-500.png\";s:8:\"\0*\0width\";d:1366;s:9:\"\0*\0height\";d:500;s:7:\"\0*\0item\";N;s:5:\"error\";s:0:\"\";}'),(9,5,1,'O:40:\"Concrete\\Core\\Feature\\Detail\\ImageDetail\":5:{s:6:\"\0*\0src\";s:74:\"/supermint3.demo.portofolied/application/files/6814/4137/3782/1366-768.png\";s:8:\"\0*\0width\";d:1366;s:9:\"\0*\0height\";d:768;s:7:\"\0*\0item\";N;s:5:\"error\";s:0:\"\";}'),(10,5,1,'O:40:\"Concrete\\Core\\Feature\\Detail\\ImageDetail\":5:{s:6:\"\0*\0src\";s:74:\"/supermint3.demo.portofolied/application/files/6814/4137/3782/1366-768.png\";s:8:\"\0*\0width\";d:1366;s:9:\"\0*\0height\";d:768;s:7:\"\0*\0item\";N;s:5:\"error\";s:0:\"\";}'),(11,5,1,'O:40:\"Concrete\\Core\\Feature\\Detail\\ImageDetail\":5:{s:6:\"\0*\0src\";s:70:\"/supermint3.demo.portofolied/application/files/9914/4137/8149/logo.png\";s:8:\"\0*\0width\";d:125;s:9:\"\0*\0height\";d:72;s:7:\"\0*\0item\";N;s:5:\"error\";s:0:\"\";}'),(12,5,1,'O:40:\"Concrete\\Core\\Feature\\Detail\\ImageDetail\":5:{s:6:\"\0*\0src\";s:73:\"/supermint3.demo.portofolied/application/files/5314/4137/3785/400x400.png\";s:8:\"\0*\0width\";d:400;s:9:\"\0*\0height\";d:400;s:7:\"\0*\0item\";N;s:5:\"error\";s:0:\"\";}'),(13,5,1,'O:40:\"Concrete\\Core\\Feature\\Detail\\ImageDetail\":5:{s:6:\"\0*\0src\";s:73:\"/supermint3.demo.portofolied/application/files/5314/4137/3785/400x400.png\";s:8:\"\0*\0width\";d:400;s:9:\"\0*\0height\";d:400;s:7:\"\0*\0item\";N;s:5:\"error\";s:0:\"\";}'),(14,5,1,'O:40:\"Concrete\\Core\\Feature\\Detail\\ImageDetail\":5:{s:6:\"\0*\0src\";s:73:\"/supermint3.demo.portofolied/application/files/5314/4137/3785/400x400.png\";s:8:\"\0*\0width\";d:400;s:9:\"\0*\0height\";d:400;s:7:\"\0*\0item\";N;s:5:\"error\";s:0:\"\";}'),(15,5,1,'O:40:\"Concrete\\Core\\Feature\\Detail\\ImageDetail\":5:{s:6:\"\0*\0src\";s:74:\"/supermint3.demo.portofolied/application/files/6814/4137/3782/1366-768.png\";s:8:\"\0*\0width\";d:1366;s:9:\"\0*\0height\";d:768;s:7:\"\0*\0item\";N;s:5:\"error\";s:0:\"\";}'),(16,5,1,'O:40:\"Concrete\\Core\\Feature\\Detail\\ImageDetail\":5:{s:6:\"\0*\0src\";s:74:\"/supermint3.demo.portofolied/application/files/7414/4137/9204/portrait.jpg\";s:8:\"\0*\0width\";d:1920;s:9:\"\0*\0height\";d:1079;s:7:\"\0*\0item\";N;s:5:\"error\";s:0:\"\";}'),(17,5,1,'O:40:\"Concrete\\Core\\Feature\\Detail\\ImageDetail\":5:{s:6:\"\0*\0src\";s:74:\"/supermint3.demo.portofolied/application/files/6814/4137/3782/1366-768.png\";s:8:\"\0*\0width\";d:1366;s:9:\"\0*\0height\";d:768;s:7:\"\0*\0item\";N;s:5:\"error\";s:0:\"\";}'),(18,5,1,'O:40:\"Concrete\\Core\\Feature\\Detail\\ImageDetail\":5:{s:6:\"\0*\0src\";s:73:\"/supermint3.demo.portofolied/application/files/5314/4137/3785/400x400.png\";s:8:\"\0*\0width\";d:400;s:9:\"\0*\0height\";d:400;s:7:\"\0*\0item\";N;s:5:\"error\";s:0:\"\";}'),(19,5,1,'O:40:\"Concrete\\Core\\Feature\\Detail\\ImageDetail\":5:{s:6:\"\0*\0src\";s:73:\"/supermint3.demo.portofolied/application/files/5314/4137/3785/400x400.png\";s:8:\"\0*\0width\";d:400;s:9:\"\0*\0height\";d:400;s:7:\"\0*\0item\";N;s:5:\"error\";s:0:\"\";}'),(20,5,1,'O:40:\"Concrete\\Core\\Feature\\Detail\\ImageDetail\":5:{s:6:\"\0*\0src\";s:73:\"/supermint3.demo.portofolied/application/files/5314/4137/3785/400x400.png\";s:8:\"\0*\0width\";d:400;s:9:\"\0*\0height\";d:400;s:7:\"\0*\0item\";N;s:5:\"error\";s:0:\"\";}'),(21,5,1,'O:40:\"Concrete\\Core\\Feature\\Detail\\ImageDetail\":5:{s:6:\"\0*\0src\";s:74:\"/supermint3.demo.portofolied/application/files/3514/4137/3781/1366-500.png\";s:8:\"\0*\0width\";d:1366;s:9:\"\0*\0height\";d:500;s:7:\"\0*\0item\";N;s:5:\"error\";s:0:\"\";}'),(22,5,1,'O:40:\"Concrete\\Core\\Feature\\Detail\\ImageDetail\":5:{s:6:\"\0*\0src\";s:74:\"/supermint3.demo.portofolied/application/files/3514/4137/3781/1366-500.png\";s:8:\"\0*\0width\";d:1366;s:9:\"\0*\0height\";d:500;s:7:\"\0*\0item\";N;s:5:\"error\";s:0:\"\";}'),(23,5,1,'O:40:\"Concrete\\Core\\Feature\\Detail\\ImageDetail\":5:{s:6:\"\0*\0src\";s:74:\"/supermint3.demo.portofolied/application/files/3514/4137/3781/1366-500.png\";s:8:\"\0*\0width\";d:1366;s:9:\"\0*\0height\";d:500;s:7:\"\0*\0item\";N;s:5:\"error\";s:0:\"\";}'),(24,5,1,'O:40:\"Concrete\\Core\\Feature\\Detail\\ImageDetail\":5:{s:6:\"\0*\0src\";s:74:\"/supermint3.demo.portofolied/application/files/3514/4137/3781/1366-500.png\";s:8:\"\0*\0width\";d:1366;s:9:\"\0*\0height\";d:500;s:7:\"\0*\0item\";N;s:5:\"error\";s:0:\"\";}');
/*!40000 ALTER TABLE `FeatureAssignments` ENABLE KEYS */;
UNLOCK TABLES;

--
-- Table structure for table `FeatureCategories`
--

DROP TABLE IF EXISTS `FeatureCategories`;
/*!40101 SET @saved_cs_client     = @@character_set_client */;
/*!40101 SET character_set_client = utf8 */;
CREATE TABLE `FeatureCategories` (
  `fcID` int(10) unsigned NOT NULL AUTO_INCREMENT,
  `fcHandle` varchar(255) COLLATE utf8_unicode_ci NOT NULL,
  `pkgID` int(10) unsigned DEFAULT NULL,
  PRIMARY KEY (`fcID`),
  UNIQUE KEY `fcHandle` (`fcHandle`),
  KEY `pkgID` (`pkgID`,`fcID`)
) ENGINE=InnoDB AUTO_INCREMENT=3 DEFAULT CHARSET=utf8 COLLATE=utf8_unicode_ci;
/*!40101 SET character_set_client = @saved_cs_client */;

--
-- Dumping data for table `FeatureCategories`
--

LOCK TABLES `FeatureCategories` WRITE;
/*!40000 ALTER TABLE `FeatureCategories` DISABLE KEYS */;
INSERT INTO `FeatureCategories` VALUES (1,'collection_version',0),(2,'gathering_item',0);
/*!40000 ALTER TABLE `FeatureCategories` ENABLE KEYS */;
UNLOCK TABLES;

--
-- Table structure for table `Features`
--

DROP TABLE IF EXISTS `Features`;
/*!40101 SET @saved_cs_client     = @@character_set_client */;
/*!40101 SET character_set_client = utf8 */;
CREATE TABLE `Features` (
  `feID` int(10) unsigned NOT NULL AUTO_INCREMENT,
  `feHandle` varchar(255) COLLATE utf8_unicode_ci NOT NULL,
  `feScore` int(11) NOT NULL DEFAULT '1',
  `feHasCustomClass` tinyint(1) NOT NULL DEFAULT '0',
  `pkgID` int(10) unsigned DEFAULT NULL,
  PRIMARY KEY (`feID`),
  UNIQUE KEY `feHandle` (`feHandle`),
  KEY `pkgID` (`pkgID`,`feID`)
) ENGINE=InnoDB AUTO_INCREMENT=9 DEFAULT CHARSET=utf8 COLLATE=utf8_unicode_ci;
/*!40101 SET character_set_client = @saved_cs_client */;

--
-- Dumping data for table `Features`
--

LOCK TABLES `Features` WRITE;
/*!40000 ALTER TABLE `Features` DISABLE KEYS */;
INSERT INTO `Features` VALUES (1,'title',1,0,0),(2,'link',1,0,0),(3,'author',1,0,0),(4,'date_time',1,0,0),(5,'image',500,1,0),(6,'conversation',10,1,0),(7,'description',1,0,0),(8,'featured',1000,0,0);
/*!40000 ALTER TABLE `Features` ENABLE KEYS */;
UNLOCK TABLES;

--
-- Table structure for table `FileAttributeKeys`
--

DROP TABLE IF EXISTS `FileAttributeKeys`;
/*!40101 SET @saved_cs_client     = @@character_set_client */;
/*!40101 SET character_set_client = utf8 */;
CREATE TABLE `FileAttributeKeys` (
  `akID` int(10) unsigned NOT NULL,
  PRIMARY KEY (`akID`),
  CONSTRAINT `FK_BC5C7BBB6561A7E` FOREIGN KEY (`akID`) REFERENCES `AttributeKeys` (`akID`) ON DELETE CASCADE
) ENGINE=InnoDB DEFAULT CHARSET=utf8 COLLATE=utf8_unicode_ci;
/*!40101 SET character_set_client = @saved_cs_client */;

--
-- Dumping data for table `FileAttributeKeys`
--

LOCK TABLES `FileAttributeKeys` WRITE;
/*!40000 ALTER TABLE `FileAttributeKeys` DISABLE KEYS */;
INSERT INTO `FileAttributeKeys` VALUES (14),(15),(17);
/*!40000 ALTER TABLE `FileAttributeKeys` ENABLE KEYS */;
UNLOCK TABLES;

--
-- Table structure for table `FileImageThumbnailPaths`
--

DROP TABLE IF EXISTS `FileImageThumbnailPaths`;
/*!40101 SET @saved_cs_client     = @@character_set_client */;
/*!40101 SET character_set_client = utf8 */;
CREATE TABLE `FileImageThumbnailPaths` (
  `fileID` int(10) unsigned NOT NULL,
  `fileVersionID` int(10) unsigned NOT NULL,
  `thumbnailTypeHandle` varchar(255) COLLATE utf8_unicode_ci NOT NULL,
  `storageLocationID` int(10) unsigned NOT NULL,
  `path` longtext COLLATE utf8_unicode_ci NOT NULL,
  `isBuilt` tinyint(1) NOT NULL,
  UNIQUE KEY `thumbnailPathID` (`fileID`,`fileVersionID`,`thumbnailTypeHandle`,`storageLocationID`)
) ENGINE=InnoDB DEFAULT CHARSET=utf8 COLLATE=utf8_unicode_ci;
/*!40101 SET character_set_client = @saved_cs_client */;

--
-- Dumping data for table `FileImageThumbnailPaths`
--

LOCK TABLES `FileImageThumbnailPaths` WRITE;
/*!40000 ALTER TABLE `FileImageThumbnailPaths` DISABLE KEYS */;
INSERT INTO `FileImageThumbnailPaths` VALUES (5,1,'large',1,'/thumbnails/large/9914/4137/8149/logo.jpg',1),(5,1,'medium',1,'/thumbnails/medium/9914/4137/8149/logo.jpg',1),(5,1,'small',1,'/thumbnails/small/9914/4137/8149/logo.jpg',1),(7,1,'large',1,'/thumbnails/large/7314/4139/8002/creative-office.jpg',1),(7,1,'medium',1,'/thumbnails/medium/7314/4139/8002/creative-office.jpg',1),(7,1,'small',1,'/thumbnails/small/7314/4139/8002/creative-office.jpg',1),(12,1,'large',1,'/thumbnails/large/9114/4161/3546/shutterstock_290001401.jpg',1),(12,1,'medium',1,'/thumbnails/medium/9114/4161/3546/shutterstock_290001401.jpg',1),(12,1,'small',1,'/thumbnails/small/9114/4161/3546/shutterstock_290001401.jpg',1),(13,1,'large',1,'/thumbnails/large/9814/4161/3550/shutterstock_258887543.jpg',1),(13,1,'medium',1,'/thumbnails/medium/9814/4161/3550/shutterstock_258887543.jpg',1),(13,1,'small',1,'/thumbnails/small/9814/4161/3550/shutterstock_258887543.jpg',1),(14,1,'large',1,'/thumbnails/large/5114/4161/3553/shutterstock_289791356.jpg',1),(14,1,'medium',1,'/thumbnails/medium/5114/4161/3553/shutterstock_289791356.jpg',1),(14,1,'small',1,'/thumbnails/small/5114/4161/3553/shutterstock_289791356.jpg',1),(15,1,'large',1,'/thumbnails/large/1814/4161/3557/shutterstock_275532029.jpg',1),(15,1,'medium',1,'/thumbnails/medium/1814/4161/3557/shutterstock_275532029.jpg',1),(15,1,'small',1,'/thumbnails/small/1814/4161/3557/shutterstock_275532029.jpg',1),(17,1,'large',1,'/thumbnails/large/6714/4161/4631/blog-social.jpg',1),(17,1,'medium',1,'/thumbnails/medium/6714/4161/4631/blog-social.jpg',1),(17,1,'small',1,'/thumbnails/small/6714/4161/4631/blog-social.jpg',0),(17,1,'tiny',1,'/thumbnails/tiny/6714/4161/4631/blog-social.jpg',0),(18,1,'large',1,'/thumbnails/large/8314/4161/4635/blog-map2.jpg',0),(18,1,'medium',1,'/thumbnails/medium/8314/4161/4635/blog-map2.jpg',0),(18,1,'small',1,'/thumbnails/small/8314/4161/4635/blog-map2.jpg',0),(18,1,'tiny',1,'/thumbnails/tiny/8314/4161/4635/blog-map2.jpg',0);
/*!40000 ALTER TABLE `FileImageThumbnailPaths` ENABLE KEYS */;
UNLOCK TABLES;

--
-- Table structure for table `FileImageThumbnailTypes`
--

DROP TABLE IF EXISTS `FileImageThumbnailTypes`;
/*!40101 SET @saved_cs_client     = @@character_set_client */;
/*!40101 SET character_set_client = utf8 */;
CREATE TABLE `FileImageThumbnailTypes` (
  `ftTypeID` int(11) NOT NULL AUTO_INCREMENT,
  `ftTypeHandle` varchar(255) COLLATE utf8_unicode_ci NOT NULL,
  `ftTypeName` varchar(255) COLLATE utf8_unicode_ci NOT NULL,
  `ftTypeWidth` int(11) NOT NULL,
  `ftTypeHeight` int(11) DEFAULT NULL,
  `ftTypeIsRequired` tinyint(1) NOT NULL,
  PRIMARY KEY (`ftTypeID`)
) ENGINE=InnoDB AUTO_INCREMENT=7 DEFAULT CHARSET=utf8 COLLATE=utf8_unicode_ci;
/*!40101 SET character_set_client = @saved_cs_client */;

--
-- Dumping data for table `FileImageThumbnailTypes`
--

LOCK TABLES `FileImageThumbnailTypes` WRITE;
/*!40000 ALTER TABLE `FileImageThumbnailTypes` DISABLE KEYS */;
INSERT INTO `FileImageThumbnailTypes` VALUES (1,'file_manager_listing','File Manager Thumbnails',60,60,1),(2,'file_manager_detail','File Manager Detail Thumbnails',400,NULL,1),(3,'tiny','Tiny Image',390,NULL,0),(4,'small','Small Image',740,NULL,0),(5,'medium','Medium Image',940,NULL,0),(6,'large','Large Image',1140,NULL,0);
/*!40000 ALTER TABLE `FileImageThumbnailTypes` ENABLE KEYS */;
UNLOCK TABLES;

--
-- Table structure for table `FilePermissionAssignments`
--

DROP TABLE IF EXISTS `FilePermissionAssignments`;
/*!40101 SET @saved_cs_client     = @@character_set_client */;
/*!40101 SET character_set_client = utf8 */;
CREATE TABLE `FilePermissionAssignments` (
  `fID` int(10) unsigned NOT NULL DEFAULT '0',
  `pkID` int(10) unsigned NOT NULL DEFAULT '0',
  `paID` int(10) unsigned NOT NULL DEFAULT '0',
  PRIMARY KEY (`fID`,`pkID`,`paID`),
  KEY `pkID` (`pkID`),
  KEY `paID` (`paID`)
) ENGINE=InnoDB DEFAULT CHARSET=utf8 COLLATE=utf8_unicode_ci;
/*!40101 SET character_set_client = @saved_cs_client */;

--
-- Dumping data for table `FilePermissionAssignments`
--

LOCK TABLES `FilePermissionAssignments` WRITE;
/*!40000 ALTER TABLE `FilePermissionAssignments` DISABLE KEYS */;
/*!40000 ALTER TABLE `FilePermissionAssignments` ENABLE KEYS */;
UNLOCK TABLES;

--
-- Table structure for table `FilePermissionFileTypeAccessList`
--

DROP TABLE IF EXISTS `FilePermissionFileTypeAccessList`;
/*!40101 SET @saved_cs_client     = @@character_set_client */;
/*!40101 SET character_set_client = utf8 */;
CREATE TABLE `FilePermissionFileTypeAccessList` (
  `paID` int(10) unsigned NOT NULL DEFAULT '0',
  `peID` int(10) unsigned NOT NULL DEFAULT '0',
  `permission` varchar(1) COLLATE utf8_unicode_ci NOT NULL DEFAULT '1',
  PRIMARY KEY (`paID`,`peID`),
  KEY `peID` (`peID`)
) ENGINE=InnoDB DEFAULT CHARSET=utf8 COLLATE=utf8_unicode_ci;
/*!40101 SET character_set_client = @saved_cs_client */;

--
-- Dumping data for table `FilePermissionFileTypeAccessList`
--

LOCK TABLES `FilePermissionFileTypeAccessList` WRITE;
/*!40000 ALTER TABLE `FilePermissionFileTypeAccessList` DISABLE KEYS */;
/*!40000 ALTER TABLE `FilePermissionFileTypeAccessList` ENABLE KEYS */;
UNLOCK TABLES;

--
-- Table structure for table `FilePermissionFileTypeAccessListCustom`
--

DROP TABLE IF EXISTS `FilePermissionFileTypeAccessListCustom`;
/*!40101 SET @saved_cs_client     = @@character_set_client */;
/*!40101 SET character_set_client = utf8 */;
CREATE TABLE `FilePermissionFileTypeAccessListCustom` (
  `extension` varchar(64) COLLATE utf8_unicode_ci NOT NULL,
  `paID` int(10) unsigned NOT NULL DEFAULT '0',
  `peID` int(10) unsigned NOT NULL DEFAULT '0',
  PRIMARY KEY (`paID`,`peID`,`extension`),
  KEY `peID` (`peID`)
) ENGINE=InnoDB DEFAULT CHARSET=utf8 COLLATE=utf8_unicode_ci;
/*!40101 SET character_set_client = @saved_cs_client */;

--
-- Dumping data for table `FilePermissionFileTypeAccessListCustom`
--

LOCK TABLES `FilePermissionFileTypeAccessListCustom` WRITE;
/*!40000 ALTER TABLE `FilePermissionFileTypeAccessListCustom` DISABLE KEYS */;
/*!40000 ALTER TABLE `FilePermissionFileTypeAccessListCustom` ENABLE KEYS */;
UNLOCK TABLES;

--
-- Table structure for table `FilePermissionFileTypes`
--

DROP TABLE IF EXISTS `FilePermissionFileTypes`;
/*!40101 SET @saved_cs_client     = @@character_set_client */;
/*!40101 SET character_set_client = utf8 */;
CREATE TABLE `FilePermissionFileTypes` (
  `extension` varchar(32) COLLATE utf8_unicode_ci NOT NULL,
  `fsID` int(10) unsigned NOT NULL DEFAULT '0',
  `gID` int(10) unsigned NOT NULL DEFAULT '0',
  `uID` int(10) unsigned NOT NULL DEFAULT '0',
  PRIMARY KEY (`fsID`,`gID`,`uID`,`extension`),
  KEY `gID` (`gID`),
  KEY `uID` (`uID`)
) ENGINE=InnoDB DEFAULT CHARSET=utf8 COLLATE=utf8_unicode_ci;
/*!40101 SET character_set_client = @saved_cs_client */;

--
-- Dumping data for table `FilePermissionFileTypes`
--

LOCK TABLES `FilePermissionFileTypes` WRITE;
/*!40000 ALTER TABLE `FilePermissionFileTypes` DISABLE KEYS */;
/*!40000 ALTER TABLE `FilePermissionFileTypes` ENABLE KEYS */;
UNLOCK TABLES;

--
-- Table structure for table `FileSearchIndexAttributes`
--

DROP TABLE IF EXISTS `FileSearchIndexAttributes`;
/*!40101 SET @saved_cs_client     = @@character_set_client */;
/*!40101 SET character_set_client = utf8 */;
CREATE TABLE `FileSearchIndexAttributes` (
  `fID` int(10) unsigned NOT NULL DEFAULT '0',
  `ak_width` decimal(14,4) DEFAULT '0.0000',
  `ak_height` decimal(14,4) DEFAULT '0.0000',
  `ak_duration` decimal(14,4) DEFAULT '0.0000',
  PRIMARY KEY (`fID`)
) ENGINE=InnoDB DEFAULT CHARSET=utf8 COLLATE=utf8_unicode_ci;
/*!40101 SET character_set_client = @saved_cs_client */;

--
-- Dumping data for table `FileSearchIndexAttributes`
--

LOCK TABLES `FileSearchIndexAttributes` WRITE;
/*!40000 ALTER TABLE `FileSearchIndexAttributes` DISABLE KEYS */;
INSERT INTO `FileSearchIndexAttributes` VALUES (1,1366.0000,500.0000,0.0000),(2,1366.0000,768.0000,0.0000),(3,400.0000,400.0000,0.0000),(4,80.0000,90.0000,0.0000),(5,125.0000,72.0000,0.0000),(6,1920.0000,1079.0000,0.0000),(7,1366.0000,768.0000,0.0000),(8,1920.0000,1079.0000,0.0000),(9,500.0000,500.0000,0.0000),(10,500.0000,500.0000,0.0000),(11,500.0000,500.0000,0.0000),(12,1820.0000,1023.0000,0.0000),(13,1820.0000,1023.0000,0.0000),(14,1820.0000,1023.0000,0.0000),(15,1820.0000,1023.0000,0.0000),(16,1820.0000,1024.0000,0.0000),(17,1820.0000,1023.0000,0.0000),(18,1820.0000,1024.0000,0.0000);
/*!40000 ALTER TABLE `FileSearchIndexAttributes` ENABLE KEYS */;
UNLOCK TABLES;

--
-- Table structure for table `FileSetFiles`
--

DROP TABLE IF EXISTS `FileSetFiles`;
/*!40101 SET @saved_cs_client     = @@character_set_client */;
/*!40101 SET character_set_client = utf8 */;
CREATE TABLE `FileSetFiles` (
  `fsfID` int(10) unsigned NOT NULL AUTO_INCREMENT,
  `fID` int(10) unsigned NOT NULL,
  `fsID` int(10) unsigned NOT NULL,
  `timestamp` timestamp NOT NULL DEFAULT CURRENT_TIMESTAMP,
  `fsDisplayOrder` int(10) unsigned NOT NULL,
  PRIMARY KEY (`fsfID`),
  KEY `fID` (`fID`),
  KEY `fsID` (`fsID`)
) ENGINE=InnoDB DEFAULT CHARSET=utf8 COLLATE=utf8_unicode_ci;
/*!40101 SET character_set_client = @saved_cs_client */;

--
-- Dumping data for table `FileSetFiles`
--

LOCK TABLES `FileSetFiles` WRITE;
/*!40000 ALTER TABLE `FileSetFiles` DISABLE KEYS */;
/*!40000 ALTER TABLE `FileSetFiles` ENABLE KEYS */;
UNLOCK TABLES;

--
-- Table structure for table `FileSetPermissionAssignments`
--

DROP TABLE IF EXISTS `FileSetPermissionAssignments`;
/*!40101 SET @saved_cs_client     = @@character_set_client */;
/*!40101 SET character_set_client = utf8 */;
CREATE TABLE `FileSetPermissionAssignments` (
  `fsID` int(10) unsigned NOT NULL DEFAULT '0',
  `pkID` int(10) unsigned NOT NULL DEFAULT '0',
  `paID` int(10) unsigned NOT NULL DEFAULT '0',
  PRIMARY KEY (`fsID`,`pkID`,`paID`),
  KEY `paID` (`paID`),
  KEY `pkID` (`pkID`)
) ENGINE=InnoDB DEFAULT CHARSET=utf8 COLLATE=utf8_unicode_ci;
/*!40101 SET character_set_client = @saved_cs_client */;

--
-- Dumping data for table `FileSetPermissionAssignments`
--

LOCK TABLES `FileSetPermissionAssignments` WRITE;
/*!40000 ALTER TABLE `FileSetPermissionAssignments` DISABLE KEYS */;
INSERT INTO `FileSetPermissionAssignments` VALUES (0,39,33),(0,40,34),(0,41,35),(0,42,36),(0,43,37),(0,44,38),(0,46,39),(0,45,40),(0,47,41);
/*!40000 ALTER TABLE `FileSetPermissionAssignments` ENABLE KEYS */;
UNLOCK TABLES;

--
-- Table structure for table `FileSetSavedSearches`
--

DROP TABLE IF EXISTS `FileSetSavedSearches`;
/*!40101 SET @saved_cs_client     = @@character_set_client */;
/*!40101 SET character_set_client = utf8 */;
CREATE TABLE `FileSetSavedSearches` (
  `fsID` int(10) unsigned NOT NULL DEFAULT '0',
  `fsSearchRequest` text COLLATE utf8_unicode_ci,
  `fsResultColumns` text COLLATE utf8_unicode_ci,
  PRIMARY KEY (`fsID`)
) ENGINE=InnoDB DEFAULT CHARSET=utf8 COLLATE=utf8_unicode_ci;
/*!40101 SET character_set_client = @saved_cs_client */;

--
-- Dumping data for table `FileSetSavedSearches`
--

LOCK TABLES `FileSetSavedSearches` WRITE;
/*!40000 ALTER TABLE `FileSetSavedSearches` DISABLE KEYS */;
/*!40000 ALTER TABLE `FileSetSavedSearches` ENABLE KEYS */;
UNLOCK TABLES;

--
-- Table structure for table `FileSets`
--

DROP TABLE IF EXISTS `FileSets`;
/*!40101 SET @saved_cs_client     = @@character_set_client */;
/*!40101 SET character_set_client = utf8 */;
CREATE TABLE `FileSets` (
  `fsID` int(10) unsigned NOT NULL AUTO_INCREMENT,
  `fsName` varchar(64) COLLATE utf8_unicode_ci NOT NULL,
  `uID` int(10) unsigned NOT NULL DEFAULT '0',
  `fsType` smallint(6) NOT NULL,
  `fsOverrideGlobalPermissions` smallint(6) DEFAULT NULL,
  PRIMARY KEY (`fsID`),
  KEY `uID` (`uID`,`fsType`,`fsName`),
  KEY `fsName` (`fsName`),
  KEY `fsType` (`fsType`)
) ENGINE=InnoDB DEFAULT CHARSET=utf8 COLLATE=utf8_unicode_ci;
/*!40101 SET character_set_client = @saved_cs_client */;

--
-- Dumping data for table `FileSets`
--

LOCK TABLES `FileSets` WRITE;
/*!40000 ALTER TABLE `FileSets` DISABLE KEYS */;
/*!40000 ALTER TABLE `FileSets` ENABLE KEYS */;
UNLOCK TABLES;

--
-- Table structure for table `FileStorageLocationTypes`
--

DROP TABLE IF EXISTS `FileStorageLocationTypes`;
/*!40101 SET @saved_cs_client     = @@character_set_client */;
/*!40101 SET character_set_client = utf8 */;
CREATE TABLE `FileStorageLocationTypes` (
  `fslTypeID` int(11) NOT NULL AUTO_INCREMENT,
  `fslTypeHandle` longtext COLLATE utf8_unicode_ci NOT NULL,
  `fslTypeName` longtext COLLATE utf8_unicode_ci NOT NULL,
  `pkgID` int(11) NOT NULL,
  PRIMARY KEY (`fslTypeID`)
) ENGINE=InnoDB AUTO_INCREMENT=3 DEFAULT CHARSET=utf8 COLLATE=utf8_unicode_ci;
/*!40101 SET character_set_client = @saved_cs_client */;

--
-- Dumping data for table `FileStorageLocationTypes`
--

LOCK TABLES `FileStorageLocationTypes` WRITE;
/*!40000 ALTER TABLE `FileStorageLocationTypes` DISABLE KEYS */;
INSERT INTO `FileStorageLocationTypes` VALUES (1,'default','Default',0),(2,'local','Local',0);
/*!40000 ALTER TABLE `FileStorageLocationTypes` ENABLE KEYS */;
UNLOCK TABLES;

--
-- Table structure for table `FileStorageLocations`
--

DROP TABLE IF EXISTS `FileStorageLocations`;
/*!40101 SET @saved_cs_client     = @@character_set_client */;
/*!40101 SET character_set_client = utf8 */;
CREATE TABLE `FileStorageLocations` (
  `fslID` int(10) unsigned NOT NULL AUTO_INCREMENT,
  `fslName` varchar(255) COLLATE utf8_unicode_ci NOT NULL,
  `fslConfiguration` longtext COLLATE utf8_unicode_ci NOT NULL COMMENT '(DC2Type:object)',
  `fslIsDefault` tinyint(1) NOT NULL,
  PRIMARY KEY (`fslID`)
) ENGINE=InnoDB AUTO_INCREMENT=2 DEFAULT CHARSET=utf8 COLLATE=utf8_unicode_ci;
/*!40101 SET character_set_client = @saved_cs_client */;

--
-- Dumping data for table `FileStorageLocations`
--

LOCK TABLES `FileStorageLocations` WRITE;
/*!40000 ALTER TABLE `FileStorageLocations` DISABLE KEYS */;
INSERT INTO `FileStorageLocations` VALUES (1,'Default','O:69:\"Concrete\\Core\\File\\StorageLocation\\Configuration\\DefaultConfiguration\":1:{s:10:\"\0*\0default\";b:1;}',1);
/*!40000 ALTER TABLE `FileStorageLocations` ENABLE KEYS */;
UNLOCK TABLES;

--
-- Table structure for table `FileUsageRecord`
--

DROP TABLE IF EXISTS `FileUsageRecord`;
/*!40101 SET @saved_cs_client     = @@character_set_client */;
/*!40101 SET character_set_client = utf8 */;
CREATE TABLE `FileUsageRecord` (
  `file_id` int(11) NOT NULL,
  `block_id` int(11) NOT NULL,
  `collection_id` int(11) NOT NULL,
  `collection_version_id` int(11) NOT NULL,
  PRIMARY KEY (`file_id`,`block_id`,`collection_id`,`collection_version_id`),
  KEY `block` (`block_id`),
  KEY `collection_version` (`collection_id`,`collection_version_id`)
) ENGINE=InnoDB DEFAULT CHARSET=utf8 COLLATE=utf8_unicode_ci;
/*!40101 SET character_set_client = @saved_cs_client */;

--
-- Dumping data for table `FileUsageRecord`
--

LOCK TABLES `FileUsageRecord` WRITE;
/*!40000 ALTER TABLE `FileUsageRecord` DISABLE KEYS */;
/*!40000 ALTER TABLE `FileUsageRecord` ENABLE KEYS */;
UNLOCK TABLES;

--
-- Table structure for table `FileVersionLog`
--

DROP TABLE IF EXISTS `FileVersionLog`;
/*!40101 SET @saved_cs_client     = @@character_set_client */;
/*!40101 SET character_set_client = utf8 */;
CREATE TABLE `FileVersionLog` (
  `fvlID` int(10) unsigned NOT NULL AUTO_INCREMENT,
  `fID` int(10) unsigned NOT NULL DEFAULT '0',
  `fvID` int(10) unsigned NOT NULL DEFAULT '0',
  `fvUpdateTypeID` smallint(5) unsigned NOT NULL DEFAULT '0',
  `fvUpdateTypeAttributeID` int(10) unsigned NOT NULL DEFAULT '0',
  PRIMARY KEY (`fvlID`),
  KEY `fvID` (`fID`,`fvID`,`fvlID`)
) ENGINE=InnoDB AUTO_INCREMENT=37 DEFAULT CHARSET=utf8 COLLATE=utf8_unicode_ci;
/*!40101 SET character_set_client = @saved_cs_client */;

--
-- Dumping data for table `FileVersionLog`
--

LOCK TABLES `FileVersionLog` WRITE;
/*!40000 ALTER TABLE `FileVersionLog` DISABLE KEYS */;
INSERT INTO `FileVersionLog` VALUES (1,1,1,5,14),(2,1,1,5,15),(3,2,1,5,14),(4,2,1,5,15),(5,3,1,5,14),(6,3,1,5,15),(7,4,1,5,14),(8,4,1,5,15),(9,5,1,5,14),(10,5,1,5,15),(11,6,1,5,14),(12,6,1,5,15),(13,7,1,5,14),(14,7,1,5,15),(15,8,1,5,14),(16,8,1,5,15),(17,9,1,5,14),(18,9,1,5,15),(19,10,1,5,14),(20,10,1,5,15),(21,11,1,5,14),(22,11,1,5,15),(23,12,1,5,14),(24,12,1,5,15),(25,13,1,5,14),(26,13,1,5,15),(27,14,1,5,14),(28,14,1,5,15),(29,15,1,5,14),(30,15,1,5,15),(31,16,1,5,14),(32,16,1,5,15),(33,17,1,5,14),(34,17,1,5,15),(35,18,1,5,14),(36,18,1,5,15);
/*!40000 ALTER TABLE `FileVersionLog` ENABLE KEYS */;
UNLOCK TABLES;

--
-- Table structure for table `Files`
--

DROP TABLE IF EXISTS `Files`;
/*!40101 SET @saved_cs_client     = @@character_set_client */;
/*!40101 SET character_set_client = utf8 */;
CREATE TABLE `Files` (
  `fID` int(10) unsigned NOT NULL AUTO_INCREMENT,
  `fDateAdded` datetime NOT NULL,
  `uID` int(10) unsigned DEFAULT NULL,
  `fslID` int(10) unsigned DEFAULT NULL,
  `ocID` int(10) unsigned NOT NULL,
  `fOverrideSetPermissions` tinyint(1) NOT NULL,
  `fPassword` varchar(255) COLLATE utf8_unicode_ci DEFAULT NULL,
  `folderTreeNodeID` int(10) unsigned NOT NULL,
  PRIMARY KEY (`fID`),
  KEY `uID` (`uID`),
  KEY `fslID` (`fslID`),
  KEY `ocID` (`ocID`),
  KEY `fOverrideSetPermissions` (`fOverrideSetPermissions`),
  CONSTRAINT `FK_C7F46F5DB81D3903` FOREIGN KEY (`fslID`) REFERENCES `FileStorageLocations` (`fslID`),
  CONSTRAINT `FK_C7F46F5DFD71026C` FOREIGN KEY (`uID`) REFERENCES `Users` (`uID`)
) ENGINE=InnoDB AUTO_INCREMENT=19 DEFAULT CHARSET=utf8 COLLATE=utf8_unicode_ci;
/*!40101 SET character_set_client = @saved_cs_client */;

--
-- Dumping data for table `Files`
--

LOCK TABLES `Files` WRITE;
/*!40000 ALTER TABLE `Files` DISABLE KEYS */;
INSERT INTO `Files` VALUES (1,'2015-09-04 15:36:21',1,1,0,0,NULL,6),(2,'2015-09-04 15:36:22',1,1,0,0,NULL,7),(3,'2015-09-04 15:36:25',1,1,0,0,NULL,8),(4,'2015-09-04 15:36:25',1,1,0,0,NULL,9),(5,'2015-09-04 16:49:09',1,1,0,0,NULL,10),(6,'2015-09-04 17:06:44',1,1,0,0,NULL,11),(7,'2015-09-04 22:20:02',1,1,0,0,NULL,12),(8,'2015-09-04 22:23:01',1,1,0,0,NULL,13),(9,'2015-09-07 10:04:31',1,1,0,0,NULL,14),(10,'2015-09-07 10:04:32',1,1,0,0,NULL,15),(11,'2015-09-07 10:04:32',1,1,0,0,NULL,16),(12,'2015-09-07 10:12:26',1,1,0,0,NULL,17),(13,'2015-09-07 10:12:30',1,1,0,0,NULL,18),(14,'2015-09-07 10:12:33',1,1,0,0,NULL,19),(15,'2015-09-07 10:12:37',1,1,0,0,NULL,20),(16,'2015-09-07 10:30:28',1,1,0,0,NULL,21),(17,'2015-09-07 10:30:31',1,1,0,0,NULL,22),(18,'2015-09-07 10:30:35',1,1,0,0,NULL,23);
/*!40000 ALTER TABLE `Files` ENABLE KEYS */;
UNLOCK TABLES;

--
-- Table structure for table `GatheringConfiguredDataSources`
--

DROP TABLE IF EXISTS `GatheringConfiguredDataSources`;
/*!40101 SET @saved_cs_client     = @@character_set_client */;
/*!40101 SET character_set_client = utf8 */;
CREATE TABLE `GatheringConfiguredDataSources` (
  `gcsID` int(10) unsigned NOT NULL AUTO_INCREMENT,
  `gaID` int(10) unsigned DEFAULT NULL,
  `gasID` int(10) unsigned DEFAULT NULL,
  `gcdObject` longtext COLLATE utf8_unicode_ci,
  PRIMARY KEY (`gcsID`),
  KEY `gaID` (`gaID`),
  KEY `gasID` (`gasID`)
) ENGINE=InnoDB DEFAULT CHARSET=utf8 COLLATE=utf8_unicode_ci;
/*!40101 SET character_set_client = @saved_cs_client */;

--
-- Dumping data for table `GatheringConfiguredDataSources`
--

LOCK TABLES `GatheringConfiguredDataSources` WRITE;
/*!40000 ALTER TABLE `GatheringConfiguredDataSources` DISABLE KEYS */;
/*!40000 ALTER TABLE `GatheringConfiguredDataSources` ENABLE KEYS */;
UNLOCK TABLES;

--
-- Table structure for table `GatheringDataSources`
--

DROP TABLE IF EXISTS `GatheringDataSources`;
/*!40101 SET @saved_cs_client     = @@character_set_client */;
/*!40101 SET character_set_client = utf8 */;
CREATE TABLE `GatheringDataSources` (
  `gasID` int(10) unsigned NOT NULL AUTO_INCREMENT,
  `gasName` varchar(255) COLLATE utf8_unicode_ci DEFAULT NULL,
  `gasHandle` varchar(255) COLLATE utf8_unicode_ci NOT NULL,
  `pkgID` int(10) unsigned NOT NULL DEFAULT '0',
  `gasDisplayOrder` int(10) unsigned NOT NULL DEFAULT '0',
  PRIMARY KEY (`gasID`),
  UNIQUE KEY `gasHandle` (`gasHandle`),
  KEY `pkgID` (`pkgID`)
) ENGINE=InnoDB AUTO_INCREMENT=5 DEFAULT CHARSET=utf8 COLLATE=utf8_unicode_ci;
/*!40101 SET character_set_client = @saved_cs_client */;

--
-- Dumping data for table `GatheringDataSources`
--

LOCK TABLES `GatheringDataSources` WRITE;
/*!40000 ALTER TABLE `GatheringDataSources` DISABLE KEYS */;
INSERT INTO `GatheringDataSources` VALUES (1,'Site Page','page',0,0),(2,'RSS Feed','rss_feed',0,1),(3,'Flickr Feed','flickr_feed',0,2),(4,'Twitter','twitter',0,3);
/*!40000 ALTER TABLE `GatheringDataSources` ENABLE KEYS */;
UNLOCK TABLES;

--
-- Table structure for table `GatheringItemFeatureAssignments`
--

DROP TABLE IF EXISTS `GatheringItemFeatureAssignments`;
/*!40101 SET @saved_cs_client     = @@character_set_client */;
/*!40101 SET character_set_client = utf8 */;
CREATE TABLE `GatheringItemFeatureAssignments` (
  `gafaID` int(10) unsigned NOT NULL AUTO_INCREMENT,
  `gaiID` int(10) unsigned DEFAULT NULL,
  `faID` int(10) unsigned DEFAULT NULL,
  PRIMARY KEY (`gafaID`),
  KEY `gaiID` (`gaiID`,`faID`),
  KEY `faID` (`faID`)
) ENGINE=InnoDB DEFAULT CHARSET=utf8 COLLATE=utf8_unicode_ci;
/*!40101 SET character_set_client = @saved_cs_client */;

--
-- Dumping data for table `GatheringItemFeatureAssignments`
--

LOCK TABLES `GatheringItemFeatureAssignments` WRITE;
/*!40000 ALTER TABLE `GatheringItemFeatureAssignments` DISABLE KEYS */;
/*!40000 ALTER TABLE `GatheringItemFeatureAssignments` ENABLE KEYS */;
UNLOCK TABLES;

--
-- Table structure for table `GatheringItemSelectedTemplates`
--

DROP TABLE IF EXISTS `GatheringItemSelectedTemplates`;
/*!40101 SET @saved_cs_client     = @@character_set_client */;
/*!40101 SET character_set_client = utf8 */;
CREATE TABLE `GatheringItemSelectedTemplates` (
  `gaiID` int(10) unsigned NOT NULL DEFAULT '0',
  `gatID` int(10) unsigned NOT NULL DEFAULT '0',
  `gatTypeID` int(10) unsigned DEFAULT '0',
  PRIMARY KEY (`gaiID`,`gatID`),
  UNIQUE KEY `gatUniqueKey` (`gaiID`,`gatTypeID`),
  KEY `gatTypeID` (`gatTypeID`),
  KEY `gatID` (`gatID`)
) ENGINE=InnoDB DEFAULT CHARSET=utf8 COLLATE=utf8_unicode_ci;
/*!40101 SET character_set_client = @saved_cs_client */;

--
-- Dumping data for table `GatheringItemSelectedTemplates`
--

LOCK TABLES `GatheringItemSelectedTemplates` WRITE;
/*!40000 ALTER TABLE `GatheringItemSelectedTemplates` DISABLE KEYS */;
/*!40000 ALTER TABLE `GatheringItemSelectedTemplates` ENABLE KEYS */;
UNLOCK TABLES;

--
-- Table structure for table `GatheringItemTemplateFeatures`
--

DROP TABLE IF EXISTS `GatheringItemTemplateFeatures`;
/*!40101 SET @saved_cs_client     = @@character_set_client */;
/*!40101 SET character_set_client = utf8 */;
CREATE TABLE `GatheringItemTemplateFeatures` (
  `gfeID` int(10) unsigned NOT NULL AUTO_INCREMENT,
  `gatID` int(10) unsigned DEFAULT NULL,
  `feID` int(10) unsigned DEFAULT NULL,
  PRIMARY KEY (`gfeID`),
  KEY `gatID` (`gatID`),
  KEY `feID` (`feID`,`gatID`)
) ENGINE=InnoDB AUTO_INCREMENT=67 DEFAULT CHARSET=utf8 COLLATE=utf8_unicode_ci;
/*!40101 SET character_set_client = @saved_cs_client */;

--
-- Dumping data for table `GatheringItemTemplateFeatures`
--

LOCK TABLES `GatheringItemTemplateFeatures` WRITE;
/*!40000 ALTER TABLE `GatheringItemTemplateFeatures` DISABLE KEYS */;
INSERT INTO `GatheringItemTemplateFeatures` VALUES (4,1,1),(10,2,1),(13,3,1),(16,4,1),(19,5,1),(23,7,1),(29,11,1),(33,12,1),(37,13,1),(42,14,1),(47,15,1),(53,17,1),(56,18,1),(63,21,1),(64,22,1),(3,1,2),(9,2,2),(12,3,2),(15,4,2),(18,5,2),(21,6,2),(25,8,2),(27,9,2),(41,13,3),(46,14,3),(51,16,3),(55,17,3),(62,20,3),(66,22,3),(2,1,4),(8,2,4),(14,4,4),(17,5,4),(31,11,4),(35,12,4),(39,13,4),(44,14,4),(61,20,4),(5,1,5),(22,6,5),(24,8,5),(26,9,5),(28,10,5),(32,11,5),(36,12,5),(40,13,5),(45,14,5),(49,15,5),(50,16,5),(59,19,5),(65,22,5),(20,5,6),(1,1,7),(7,2,7),(11,3,7),(30,11,7),(34,12,7),(38,13,7),(43,14,7),(48,15,7),(52,16,7),(54,17,7),(57,18,7),(58,19,7),(60,20,7),(6,1,8);
/*!40000 ALTER TABLE `GatheringItemTemplateFeatures` ENABLE KEYS */;
UNLOCK TABLES;

--
-- Table structure for table `GatheringItemTemplateTypes`
--

DROP TABLE IF EXISTS `GatheringItemTemplateTypes`;
/*!40101 SET @saved_cs_client     = @@character_set_client */;
/*!40101 SET character_set_client = utf8 */;
CREATE TABLE `GatheringItemTemplateTypes` (
  `gatTypeID` int(10) unsigned NOT NULL AUTO_INCREMENT,
  `gatTypeHandle` varchar(64) COLLATE utf8_unicode_ci NOT NULL,
  `pkgID` int(10) unsigned NOT NULL DEFAULT '0',
  PRIMARY KEY (`gatTypeID`),
  UNIQUE KEY `gatTypeHandle` (`gatTypeHandle`),
  KEY `pkgID` (`pkgID`)
) ENGINE=InnoDB AUTO_INCREMENT=3 DEFAULT CHARSET=utf8 COLLATE=utf8_unicode_ci;
/*!40101 SET character_set_client = @saved_cs_client */;

--
-- Dumping data for table `GatheringItemTemplateTypes`
--

LOCK TABLES `GatheringItemTemplateTypes` WRITE;
/*!40000 ALTER TABLE `GatheringItemTemplateTypes` DISABLE KEYS */;
INSERT INTO `GatheringItemTemplateTypes` VALUES (1,'tile',0),(2,'detail',0);
/*!40000 ALTER TABLE `GatheringItemTemplateTypes` ENABLE KEYS */;
UNLOCK TABLES;

--
-- Table structure for table `GatheringItemTemplates`
--

DROP TABLE IF EXISTS `GatheringItemTemplates`;
/*!40101 SET @saved_cs_client     = @@character_set_client */;
/*!40101 SET character_set_client = utf8 */;
CREATE TABLE `GatheringItemTemplates` (
  `gatID` int(10) unsigned NOT NULL AUTO_INCREMENT,
  `gatHandle` varchar(255) COLLATE utf8_unicode_ci NOT NULL,
  `gatName` text COLLATE utf8_unicode_ci,
  `gatHasCustomClass` tinyint(1) NOT NULL DEFAULT '0',
  `gatFixedSlotWidth` int(10) unsigned DEFAULT '0',
  `gatFixedSlotHeight` int(10) unsigned DEFAULT '0',
  `gatForceDefault` int(10) unsigned DEFAULT '0',
  `pkgID` int(10) unsigned DEFAULT NULL,
  `gatTypeID` int(10) unsigned DEFAULT '0',
  PRIMARY KEY (`gatID`),
  UNIQUE KEY `gatHandle` (`gatHandle`,`gatTypeID`),
  KEY `gatTypeID` (`gatTypeID`),
  KEY `pkgID` (`pkgID`)
) ENGINE=InnoDB AUTO_INCREMENT=23 DEFAULT CHARSET=utf8 COLLATE=utf8_unicode_ci;
/*!40101 SET character_set_client = @saved_cs_client */;

--
-- Dumping data for table `GatheringItemTemplates`
--

LOCK TABLES `GatheringItemTemplates` WRITE;
/*!40000 ALTER TABLE `GatheringItemTemplates` DISABLE KEYS */;
INSERT INTO `GatheringItemTemplates` VALUES (1,'featured','Featured Item',0,6,2,1,0,1),(2,'title_date_description','Title Date & Description',0,0,0,0,0,1),(3,'title_description','Title & Description',0,0,0,0,0,1),(4,'title_date','Title & Date',0,0,0,0,0,1),(5,'title_date_comments','Title, Date & Comments',1,0,0,0,0,1),(6,'thumbnail','Thumbnail',0,0,0,0,0,1),(7,'basic','Basic',0,0,0,0,0,2),(8,'image_sharing_link','Image Sharing Link',0,0,0,0,0,2),(9,'image_conversation','Image Conversation',0,0,0,0,0,2),(10,'image','Large Image',0,0,0,0,0,2),(11,'masthead_image_left','Masthead Image Left',0,0,0,0,0,1),(12,'masthead_image_right','Masthead Image Right',0,0,0,0,0,1),(13,'masthead_image_byline_right','Masthead Image Byline Right',0,0,0,0,0,1),(14,'masthead_image_byline_left','Masthead Image Byline Left',0,0,0,0,0,1),(15,'image_masthead_description_center','Image Masthead Description Center',0,0,0,0,0,1),(16,'image_byline_description_center','Image Byline Description Center',0,0,0,0,0,1),(17,'masthead_byline_description','Masthead Byline Description',0,0,0,0,0,1),(18,'masthead_description','Masthead Description',0,0,0,0,0,1),(19,'thumbnail_description_center','Thumbnail & Description Center',0,0,0,0,0,1),(20,'tweet','Tweet',0,0,0,0,0,1),(21,'vimeo','Vimeo',0,0,0,0,0,1),(22,'image_overlay_headline','Image Overlay Headline',0,0,0,0,0,1);
/*!40000 ALTER TABLE `GatheringItemTemplates` ENABLE KEYS */;
UNLOCK TABLES;

--
-- Table structure for table `GatheringItems`
--

DROP TABLE IF EXISTS `GatheringItems`;
/*!40101 SET @saved_cs_client     = @@character_set_client */;
/*!40101 SET character_set_client = utf8 */;
CREATE TABLE `GatheringItems` (
  `gaiID` int(10) unsigned NOT NULL AUTO_INCREMENT,
  `gaID` int(10) unsigned DEFAULT NULL,
  `gasID` int(10) unsigned DEFAULT NULL,
  `gaiDateTimeCreated` datetime NOT NULL,
  `gaiPublicDateTime` datetime NOT NULL,
  `gaiTitle` text COLLATE utf8_unicode_ci,
  `gaiSlotWidth` int(10) unsigned DEFAULT '1',
  `gaiSlotHeight` int(10) unsigned DEFAULT '1',
  `gaiKey` varchar(255) COLLATE utf8_unicode_ci NOT NULL,
  `gaiBatchDisplayOrder` int(10) unsigned NOT NULL DEFAULT '0',
  `gaiBatchTimestamp` int(10) unsigned NOT NULL DEFAULT '0',
  `gaiIsDeleted` tinyint(1) DEFAULT '0',
  PRIMARY KEY (`gaiID`),
  UNIQUE KEY `gaiUniqueKey` (`gaiKey`,`gasID`,`gaID`),
  KEY `gaID` (`gaID`,`gaiBatchTimestamp`),
  KEY `gasID` (`gasID`)
) ENGINE=InnoDB DEFAULT CHARSET=utf8 COLLATE=utf8_unicode_ci;
/*!40101 SET character_set_client = @saved_cs_client */;

--
-- Dumping data for table `GatheringItems`
--

LOCK TABLES `GatheringItems` WRITE;
/*!40000 ALTER TABLE `GatheringItems` DISABLE KEYS */;
/*!40000 ALTER TABLE `GatheringItems` ENABLE KEYS */;
UNLOCK TABLES;

--
-- Table structure for table `GatheringPermissionAssignments`
--

DROP TABLE IF EXISTS `GatheringPermissionAssignments`;
/*!40101 SET @saved_cs_client     = @@character_set_client */;
/*!40101 SET character_set_client = utf8 */;
CREATE TABLE `GatheringPermissionAssignments` (
  `gaID` int(10) unsigned NOT NULL DEFAULT '0',
  `pkID` int(10) unsigned NOT NULL DEFAULT '0',
  `paID` int(10) unsigned NOT NULL DEFAULT '0',
  PRIMARY KEY (`gaID`,`pkID`,`paID`),
  KEY `pkID` (`pkID`),
  KEY `paID` (`paID`)
) ENGINE=InnoDB DEFAULT CHARSET=utf8 COLLATE=utf8_unicode_ci;
/*!40101 SET character_set_client = @saved_cs_client */;

--
-- Dumping data for table `GatheringPermissionAssignments`
--

LOCK TABLES `GatheringPermissionAssignments` WRITE;
/*!40000 ALTER TABLE `GatheringPermissionAssignments` DISABLE KEYS */;
/*!40000 ALTER TABLE `GatheringPermissionAssignments` ENABLE KEYS */;
UNLOCK TABLES;

--
-- Table structure for table `Gatherings`
--

DROP TABLE IF EXISTS `Gatherings`;
/*!40101 SET @saved_cs_client     = @@character_set_client */;
/*!40101 SET character_set_client = utf8 */;
CREATE TABLE `Gatherings` (
  `gaID` int(10) unsigned NOT NULL AUTO_INCREMENT,
  `gaDateCreated` datetime NOT NULL,
  `gaDateLastUpdated` datetime NOT NULL,
  PRIMARY KEY (`gaID`),
  KEY `gaDateLastUpdated` (`gaDateLastUpdated`)
) ENGINE=InnoDB DEFAULT CHARSET=utf8 COLLATE=utf8_unicode_ci;
/*!40101 SET character_set_client = @saved_cs_client */;

--
-- Dumping data for table `Gatherings`
--

LOCK TABLES `Gatherings` WRITE;
/*!40000 ALTER TABLE `Gatherings` DISABLE KEYS */;
/*!40000 ALTER TABLE `Gatherings` ENABLE KEYS */;
UNLOCK TABLES;

--
-- Table structure for table `GroupSetGroups`
--

DROP TABLE IF EXISTS `GroupSetGroups`;
/*!40101 SET @saved_cs_client     = @@character_set_client */;
/*!40101 SET character_set_client = utf8 */;
CREATE TABLE `GroupSetGroups` (
  `gID` int(10) unsigned NOT NULL DEFAULT '0',
  `gsID` int(10) unsigned NOT NULL DEFAULT '0',
  PRIMARY KEY (`gID`,`gsID`),
  KEY `gsID` (`gsID`)
) ENGINE=InnoDB DEFAULT CHARSET=utf8 COLLATE=utf8_unicode_ci;
/*!40101 SET character_set_client = @saved_cs_client */;

--
-- Dumping data for table `GroupSetGroups`
--

LOCK TABLES `GroupSetGroups` WRITE;
/*!40000 ALTER TABLE `GroupSetGroups` DISABLE KEYS */;
/*!40000 ALTER TABLE `GroupSetGroups` ENABLE KEYS */;
UNLOCK TABLES;

--
-- Table structure for table `GroupSets`
--

DROP TABLE IF EXISTS `GroupSets`;
/*!40101 SET @saved_cs_client     = @@character_set_client */;
/*!40101 SET character_set_client = utf8 */;
CREATE TABLE `GroupSets` (
  `gsID` int(10) unsigned NOT NULL AUTO_INCREMENT,
  `gsName` varchar(255) COLLATE utf8_unicode_ci DEFAULT NULL,
  `pkgID` int(10) unsigned NOT NULL DEFAULT '0',
  PRIMARY KEY (`gsID`),
  KEY `gsName` (`gsName`),
  KEY `pkgID` (`pkgID`,`gsID`)
) ENGINE=InnoDB DEFAULT CHARSET=utf8 COLLATE=utf8_unicode_ci;
/*!40101 SET character_set_client = @saved_cs_client */;

--
-- Dumping data for table `GroupSets`
--

LOCK TABLES `GroupSets` WRITE;
/*!40000 ALTER TABLE `GroupSets` DISABLE KEYS */;
/*!40000 ALTER TABLE `GroupSets` ENABLE KEYS */;
UNLOCK TABLES;

--
-- Table structure for table `Groups`
--

DROP TABLE IF EXISTS `Groups`;
/*!40101 SET @saved_cs_client     = @@character_set_client */;
/*!40101 SET character_set_client = utf8 */;
CREATE TABLE `Groups` (
  `gID` int(10) unsigned NOT NULL AUTO_INCREMENT,
  `gName` varchar(128) COLLATE utf8_unicode_ci NOT NULL,
  `gDescription` varchar(255) COLLATE utf8_unicode_ci NOT NULL,
  `gUserExpirationIsEnabled` tinyint(1) NOT NULL DEFAULT '0',
  `gUserExpirationMethod` varchar(12) COLLATE utf8_unicode_ci DEFAULT NULL,
  `gUserExpirationSetDateTime` datetime DEFAULT NULL,
  `gUserExpirationInterval` int(10) unsigned NOT NULL DEFAULT '0',
  `gUserExpirationAction` varchar(20) COLLATE utf8_unicode_ci DEFAULT NULL,
  `gIsBadge` tinyint(1) NOT NULL DEFAULT '0',
  `gBadgeFID` int(10) unsigned NOT NULL DEFAULT '0',
  `gBadgeDescription` varchar(255) COLLATE utf8_unicode_ci DEFAULT NULL,
  `gBadgeCommunityPointValue` int(11) NOT NULL DEFAULT '0',
  `gIsAutomated` tinyint(1) NOT NULL DEFAULT '0',
  `gCheckAutomationOnRegister` tinyint(1) NOT NULL DEFAULT '0',
  `gCheckAutomationOnLogin` tinyint(1) NOT NULL DEFAULT '0',
  `gCheckAutomationOnJobRun` tinyint(1) NOT NULL DEFAULT '0',
  `gPath` text COLLATE utf8_unicode_ci,
  `pkgID` int(10) unsigned NOT NULL DEFAULT '0',
  PRIMARY KEY (`gID`),
  KEY `gName` (`gName`),
  KEY `gBadgeFID` (`gBadgeFID`),
  KEY `pkgID` (`pkgID`),
  KEY `gPath` (`gPath`(255))
) ENGINE=InnoDB AUTO_INCREMENT=4 DEFAULT CHARSET=utf8 COLLATE=utf8_unicode_ci;
/*!40101 SET character_set_client = @saved_cs_client */;

--
-- Dumping data for table `Groups`
--

LOCK TABLES `Groups` WRITE;
/*!40000 ALTER TABLE `Groups` DISABLE KEYS */;
INSERT INTO `Groups` VALUES (1,'Guest','The guest group represents unregistered visitors to your site.',0,NULL,NULL,0,NULL,0,0,NULL,0,0,0,0,0,'/Guest',0),(2,'Registered Users','The registered users group represents all user accounts.',0,NULL,NULL,0,NULL,0,0,NULL,0,0,0,0,0,'/Registered Users',0),(3,'Administrators','',0,NULL,NULL,0,NULL,0,0,NULL,0,0,0,0,0,'/Administrators',0);
/*!40000 ALTER TABLE `Groups` ENABLE KEYS */;
UNLOCK TABLES;

--
-- Table structure for table `JobSetJobs`
--

DROP TABLE IF EXISTS `JobSetJobs`;
/*!40101 SET @saved_cs_client     = @@character_set_client */;
/*!40101 SET character_set_client = utf8 */;
CREATE TABLE `JobSetJobs` (
  `jsID` int(10) unsigned NOT NULL DEFAULT '0',
  `jID` int(10) unsigned NOT NULL DEFAULT '0',
  `jRunOrder` int(10) unsigned NOT NULL DEFAULT '0',
  PRIMARY KEY (`jsID`,`jID`),
  KEY `jID` (`jID`)
) ENGINE=InnoDB DEFAULT CHARSET=utf8 COLLATE=utf8_unicode_ci;
/*!40101 SET character_set_client = @saved_cs_client */;

--
-- Dumping data for table `JobSetJobs`
--

LOCK TABLES `JobSetJobs` WRITE;
/*!40000 ALTER TABLE `JobSetJobs` DISABLE KEYS */;
INSERT INTO `JobSetJobs` VALUES (1,1,0),(1,4,0),(1,5,0),(1,6,0),(1,7,0);
/*!40000 ALTER TABLE `JobSetJobs` ENABLE KEYS */;
UNLOCK TABLES;

--
-- Table structure for table `JobSets`
--

DROP TABLE IF EXISTS `JobSets`;
/*!40101 SET @saved_cs_client     = @@character_set_client */;
/*!40101 SET character_set_client = utf8 */;
CREATE TABLE `JobSets` (
  `jsID` int(10) unsigned NOT NULL AUTO_INCREMENT,
  `jsName` varchar(128) COLLATE utf8_unicode_ci NOT NULL,
  `pkgID` int(10) unsigned NOT NULL DEFAULT '0',
  `jDateLastRun` datetime DEFAULT NULL,
  `isScheduled` smallint(6) NOT NULL DEFAULT '0',
  `scheduledInterval` varchar(255) COLLATE utf8_unicode_ci NOT NULL DEFAULT 'days',
  `scheduledValue` int(11) NOT NULL DEFAULT '0',
  PRIMARY KEY (`jsID`),
  KEY `pkgID` (`pkgID`),
  KEY `jsName` (`jsName`)
) ENGINE=InnoDB AUTO_INCREMENT=2 DEFAULT CHARSET=utf8 COLLATE=utf8_unicode_ci;
/*!40101 SET character_set_client = @saved_cs_client */;

--
-- Dumping data for table `JobSets`
--

LOCK TABLES `JobSets` WRITE;
/*!40000 ALTER TABLE `JobSets` DISABLE KEYS */;
INSERT INTO `JobSets` VALUES (1,'Default',0,NULL,0,'days',0);
/*!40000 ALTER TABLE `JobSets` ENABLE KEYS */;
UNLOCK TABLES;

--
-- Table structure for table `Jobs`
--

DROP TABLE IF EXISTS `Jobs`;
/*!40101 SET @saved_cs_client     = @@character_set_client */;
/*!40101 SET character_set_client = utf8 */;
CREATE TABLE `Jobs` (
  `jID` int(10) unsigned NOT NULL AUTO_INCREMENT,
  `jName` varchar(100) COLLATE utf8_unicode_ci NOT NULL,
  `jDescription` varchar(255) COLLATE utf8_unicode_ci NOT NULL,
  `jDateInstalled` datetime DEFAULT NULL,
  `jDateLastRun` datetime DEFAULT NULL,
  `pkgID` int(10) unsigned NOT NULL DEFAULT '0',
  `jLastStatusText` longtext COLLATE utf8_unicode_ci,
  `jLastStatusCode` smallint(6) NOT NULL DEFAULT '0',
  `jStatus` varchar(14) COLLATE utf8_unicode_ci NOT NULL DEFAULT 'ENABLED',
  `jHandle` varchar(255) COLLATE utf8_unicode_ci NOT NULL,
  `jNotUninstallable` smallint(6) NOT NULL DEFAULT '0',
  `isScheduled` smallint(6) NOT NULL DEFAULT '0',
  `scheduledInterval` varchar(255) COLLATE utf8_unicode_ci NOT NULL DEFAULT 'days',
  `scheduledValue` int(11) NOT NULL DEFAULT '0',
  PRIMARY KEY (`jID`),
  UNIQUE KEY `jHandle` (`jHandle`),
  KEY `pkgID` (`pkgID`),
  KEY `isScheduled` (`isScheduled`,`jDateLastRun`,`jID`),
  KEY `jDateLastRun` (`jDateLastRun`,`jID`)
) ENGINE=InnoDB AUTO_INCREMENT=9 DEFAULT CHARSET=utf8 COLLATE=utf8_unicode_ci;
/*!40101 SET character_set_client = @saved_cs_client */;

--
-- Dumping data for table `Jobs`
--

LOCK TABLES `Jobs` WRITE;
/*!40000 ALTER TABLE `Jobs` DISABLE KEYS */;
INSERT INTO `Jobs` VALUES (1,'Index Search Engine - Updates','Index the site to allow searching to work quickly and accurately. Only reindexes pages that have changed since last indexing.','2015-09-04 15:31:18',NULL,0,NULL,0,'ENABLED','index_search',1,0,'days',0),(2,'Index Search Engine - All','Empties the page search index and reindexes all pages.','2015-09-04 15:31:18',NULL,0,NULL,0,'ENABLED','index_search_all',1,0,'days',0),(3,'Check Automated Groups','Automatically add users to groups and assign badges.','2015-09-04 15:31:18',NULL,0,NULL,0,'ENABLED','check_automated_groups',0,0,'days',0),(4,'Generate the sitemap.xml file','Generate the sitemap.xml file that search engines use to crawl your site.','2015-09-04 15:31:18',NULL,0,NULL,0,'ENABLED','generate_sitemap',0,0,'days',0),(5,'Process Email Posts','Polls an email account and grabs private messages/postings that are sent there..','2015-09-04 15:31:18',NULL,0,NULL,0,'ENABLED','process_email',0,0,'days',0),(6,'Remove Old Page Versions','Removes all except the 10 most recent page versions for each page.','2015-09-04 15:31:18',NULL,0,NULL,0,'ENABLED','remove_old_page_versions',0,0,'days',0),(7,'Update Gatherings','Loads new items into gatherings.','2015-09-04 15:31:18',NULL,0,NULL,0,'ENABLED','update_gatherings',0,0,'days',0),(8,'Update Statistics Trackers','Scan the sitemap for file usage and stack usage to update statistics trackers','2017-03-08 15:55:47',NULL,0,NULL,0,'ENABLED','update_statistics',0,0,'days',0);
/*!40000 ALTER TABLE `Jobs` ENABLE KEYS */;
UNLOCK TABLES;

--
-- Table structure for table `JobsLog`
--

DROP TABLE IF EXISTS `JobsLog`;
/*!40101 SET @saved_cs_client     = @@character_set_client */;
/*!40101 SET character_set_client = utf8 */;
CREATE TABLE `JobsLog` (
  `jlID` int(10) unsigned NOT NULL AUTO_INCREMENT,
  `jID` int(10) unsigned NOT NULL,
  `jlMessage` longtext COLLATE utf8_unicode_ci NOT NULL,
  `jlTimestamp` timestamp NOT NULL DEFAULT CURRENT_TIMESTAMP,
  `jlError` int(11) NOT NULL DEFAULT '0',
  PRIMARY KEY (`jlID`),
  KEY `jID` (`jID`)
) ENGINE=InnoDB DEFAULT CHARSET=utf8 COLLATE=utf8_unicode_ci;
/*!40101 SET character_set_client = @saved_cs_client */;

--
-- Dumping data for table `JobsLog`
--

LOCK TABLES `JobsLog` WRITE;
/*!40000 ALTER TABLE `JobsLog` DISABLE KEYS */;
/*!40000 ALTER TABLE `JobsLog` ENABLE KEYS */;
UNLOCK TABLES;

--
-- Table structure for table `LegacyAttributeKeys`
--

DROP TABLE IF EXISTS `LegacyAttributeKeys`;
/*!40101 SET @saved_cs_client     = @@character_set_client */;
/*!40101 SET character_set_client = utf8 */;
CREATE TABLE `LegacyAttributeKeys` (
  `akID` int(10) unsigned NOT NULL,
  PRIMARY KEY (`akID`),
  CONSTRAINT `FK_740BA2BBB6561A7E` FOREIGN KEY (`akID`) REFERENCES `AttributeKeys` (`akID`) ON DELETE CASCADE
) ENGINE=InnoDB DEFAULT CHARSET=utf8 COLLATE=utf8_unicode_ci;
/*!40101 SET character_set_client = @saved_cs_client */;

--
-- Dumping data for table `LegacyAttributeKeys`
--

LOCK TABLES `LegacyAttributeKeys` WRITE;
/*!40000 ALTER TABLE `LegacyAttributeKeys` DISABLE KEYS */;
/*!40000 ALTER TABLE `LegacyAttributeKeys` ENABLE KEYS */;
UNLOCK TABLES;

--
-- Table structure for table `Logs`
--

DROP TABLE IF EXISTS `Logs`;
/*!40101 SET @saved_cs_client     = @@character_set_client */;
/*!40101 SET character_set_client = utf8 */;
CREATE TABLE `Logs` (
  `logID` int(10) unsigned NOT NULL AUTO_INCREMENT,
  `channel` varchar(255) COLLATE utf8_unicode_ci DEFAULT NULL,
  `time` int(10) unsigned NOT NULL,
  `message` longtext COLLATE utf8_unicode_ci,
  `uID` int(10) unsigned DEFAULT NULL,
  `level` int(11) NOT NULL,
  PRIMARY KEY (`logID`),
  KEY `channel` (`channel`),
  KEY `uID` (`uID`)
) ENGINE=InnoDB AUTO_INCREMENT=18 DEFAULT CHARSET=utf8 COLLATE=utf8_unicode_ci;
/*!40101 SET character_set_client = @saved_cs_client */;

--
-- Dumping data for table `Logs`
--

LOCK TABLES `Logs` WRITE;
/*!40000 ALTER TABLE `Logs` DISABLE KEYS */;
INSERT INTO `Logs` VALUES (1,'application',1441373780,'Page \"Header Site Title\" at path \"/!stacks/header-site-title\" deleted',1,100),(2,'application',1441373780,'Page \"Header Navigation\" at path \"/!stacks/header-navigation\" deleted',1,100),(3,'application',1441373780,'Page \"Footer Legal\" at path \"/!stacks/footer-legal\" deleted',1,100),(4,'application',1441373780,'Page \"Footer Navigation\" at path \"/!stacks/footer-navigation\" deleted',1,100),(5,'application',1441373780,'Page \"Footer Contact\" at path \"/!stacks/footer-contact\" deleted',1,100),(6,'application',1441373780,'Page \"\" at path \"\" deleted',1,100),(7,'application',1441373780,'Page \"\" at path \"\" deleted',1,100),(8,'application',1441373780,'Page \"\" at path \"\" deleted',1,100),(9,'application',1441373780,'Page \"\" at path \"\" deleted',1,100),(10,'application',1441373780,'Page \"\" at path \"\" deleted',1,100),(11,'exceptions',1441377198,'Exception Occurred: /Applications/MAMP/htdocs/_packages5.7/theme_supermint/blocks/page_list/templates/supermint_static_block.php:51 in_array() expects parameter 2 to be array, object given (2)\n',1,600),(12,'exceptions',1488983402,'Exception Occurred: /Applications/MAMP/htdocs/_concrete5_engine/concrete/vendor/doctrine/dbal/lib/Doctrine/DBAL/Driver/AbstractMySQLDriver.php:71 An exception occurred while executing \'SELECT t0.issID AS issID1, t0.customClass AS customClass2, t0.backgroundColor AS backgroundColor3, t0.backgroundImageFileID AS backgroundImageFileID4, t0.backgroundRepeat AS backgroundRepeat5, t0.backgroundSize AS backgroundSize6, t0.backgroundPosition AS backgroundPosition7, t0.borderColor AS borderColor8, t0.borderStyle AS borderStyle9, t0.borderWidth AS borderWidth10, t0.borderRadius AS borderRadius11, t0.baseFontSize AS baseFontSize12, t0.alignment AS alignment13, t0.textColor AS textColor14, t0.linkColor AS linkColor15, t0.marginTop AS marginTop16, t0.marginBottom AS marginBottom17, t0.marginLeft AS marginLeft18, t0.marginRight AS marginRight19, t0.paddingTop AS paddingTop20, t0.paddingBottom AS paddingBottom21, t0.paddingLeft AS paddingLeft22, t0.paddingRight AS paddingRight23, t0.rotate AS rotate24, t0.boxShadowHorizontal AS boxShadowHorizontal25, t0.boxShadowVertical AS boxShadowVertical26, t0.boxShadowBlur AS boxShadowBlur27, t0.boxShadowSpread AS boxShadowSpread28, t0.boxShadowColor AS boxShadowColor29, t0.hideOnExtraSmallDevice AS hideOnExtraSmallDevice30, t0.hideOnSmallDevice AS hideOnSmallDevice31, t0.hideOnMediumDevice AS hideOnMediumDevice32, t0.hideOnLargeDevice AS hideOnLargeDevice33 FROM StyleCustomizerInlineStyleSets t0 WHERE t0.issID = ?\' with params [\"6\"]:\n\nSQLSTATE[42S22]: Column not found: 1054 Unknown column \'t0.backgroundSize\' in \'field list\' (0)\n',0,600),(13,'exceptions',1488983413,'Exception Occurred: /Applications/MAMP/htdocs/_concrete5_engine/concrete/vendor/doctrine/dbal/lib/Doctrine/DBAL/Driver/AbstractMySQLDriver.php:71 An exception occurred while executing \'SELECT t0.issID AS issID1, t0.customClass AS customClass2, t0.backgroundColor AS backgroundColor3, t0.backgroundImageFileID AS backgroundImageFileID4, t0.backgroundRepeat AS backgroundRepeat5, t0.backgroundSize AS backgroundSize6, t0.backgroundPosition AS backgroundPosition7, t0.borderColor AS borderColor8, t0.borderStyle AS borderStyle9, t0.borderWidth AS borderWidth10, t0.borderRadius AS borderRadius11, t0.baseFontSize AS baseFontSize12, t0.alignment AS alignment13, t0.textColor AS textColor14, t0.linkColor AS linkColor15, t0.marginTop AS marginTop16, t0.marginBottom AS marginBottom17, t0.marginLeft AS marginLeft18, t0.marginRight AS marginRight19, t0.paddingTop AS paddingTop20, t0.paddingBottom AS paddingBottom21, t0.paddingLeft AS paddingLeft22, t0.paddingRight AS paddingRight23, t0.rotate AS rotate24, t0.boxShadowHorizontal AS boxShadowHorizontal25, t0.boxShadowVertical AS boxShadowVertical26, t0.boxShadowBlur AS boxShadowBlur27, t0.boxShadowSpread AS boxShadowSpread28, t0.boxShadowColor AS boxShadowColor29, t0.hideOnExtraSmallDevice AS hideOnExtraSmallDevice30, t0.hideOnSmallDevice AS hideOnSmallDevice31, t0.hideOnMediumDevice AS hideOnMediumDevice32, t0.hideOnLargeDevice AS hideOnLargeDevice33 FROM StyleCustomizerInlineStyleSets t0 WHERE t0.issID = ?\' with params [\"6\"]:\n\nSQLSTATE[42S22]: Column not found: 1054 Unknown column \'t0.backgroundSize\' in \'field list\' (0)\n',1,600),(14,'application',1488984945,'Page \"Workflow\" at path \"/dashboard/workflow\" Moved to trash',1,100),(15,'application',1488984946,'Page \"Welcome to concrete5\" at path \"/dashboard/welcome\" Moved to trash',1,100),(16,'application',1488984946,'Page \"Messages\" at path \"/account/messages\" Moved to trash',1,100),(17,'application',1488984947,'Page \"Members\" at path \"/members\" Moved to trash',1,100);
/*!40000 ALTER TABLE `Logs` ENABLE KEYS */;
UNLOCK TABLES;

--
-- Table structure for table `MailImporters`
--

DROP TABLE IF EXISTS `MailImporters`;
/*!40101 SET @saved_cs_client     = @@character_set_client */;
/*!40101 SET character_set_client = utf8 */;
CREATE TABLE `MailImporters` (
  `miID` int(10) unsigned NOT NULL AUTO_INCREMENT,
  `miHandle` varchar(64) COLLATE utf8_unicode_ci NOT NULL,
  `miServer` varchar(255) COLLATE utf8_unicode_ci DEFAULT NULL,
  `miUsername` varchar(255) COLLATE utf8_unicode_ci DEFAULT NULL,
  `miPassword` varchar(255) COLLATE utf8_unicode_ci DEFAULT NULL,
  `miEncryption` varchar(32) COLLATE utf8_unicode_ci DEFAULT NULL,
  `miIsEnabled` tinyint(1) NOT NULL DEFAULT '0',
  `miEmail` varchar(255) COLLATE utf8_unicode_ci DEFAULT NULL,
  `miPort` int(10) unsigned NOT NULL DEFAULT '0',
  `pkgID` int(10) unsigned DEFAULT NULL,
  `miConnectionMethod` varchar(8) COLLATE utf8_unicode_ci DEFAULT 'POP',
  PRIMARY KEY (`miID`),
  UNIQUE KEY `miHandle` (`miHandle`),
  KEY `pkgID` (`pkgID`,`miID`)
) ENGINE=InnoDB AUTO_INCREMENT=2 DEFAULT CHARSET=utf8 COLLATE=utf8_unicode_ci;
/*!40101 SET character_set_client = @saved_cs_client */;

--
-- Dumping data for table `MailImporters`
--

LOCK TABLES `MailImporters` WRITE;
/*!40000 ALTER TABLE `MailImporters` DISABLE KEYS */;
INSERT INTO `MailImporters` VALUES (1,'private_message','',NULL,NULL,NULL,0,'',0,0,'POP');
/*!40000 ALTER TABLE `MailImporters` ENABLE KEYS */;
UNLOCK TABLES;

--
-- Table structure for table `MailValidationHashes`
--

DROP TABLE IF EXISTS `MailValidationHashes`;
/*!40101 SET @saved_cs_client     = @@character_set_client */;
/*!40101 SET character_set_client = utf8 */;
CREATE TABLE `MailValidationHashes` (
  `mvhID` int(10) unsigned NOT NULL AUTO_INCREMENT,
  `miID` int(10) unsigned NOT NULL DEFAULT '0',
  `email` varchar(254) COLLATE utf8_unicode_ci NOT NULL,
  `mHash` varchar(128) COLLATE utf8_unicode_ci NOT NULL,
  `mDateGenerated` int(10) unsigned NOT NULL DEFAULT '0',
  `mDateRedeemed` int(10) unsigned NOT NULL DEFAULT '0',
  `data` text COLLATE utf8_unicode_ci,
  PRIMARY KEY (`mvhID`),
  UNIQUE KEY `mHash` (`mHash`),
  KEY `miID` (`miID`)
) ENGINE=InnoDB DEFAULT CHARSET=utf8 COLLATE=utf8_unicode_ci;
/*!40101 SET character_set_client = @saved_cs_client */;

--
-- Dumping data for table `MailValidationHashes`
--

LOCK TABLES `MailValidationHashes` WRITE;
/*!40000 ALTER TABLE `MailValidationHashes` DISABLE KEYS */;
/*!40000 ALTER TABLE `MailValidationHashes` ENABLE KEYS */;
UNLOCK TABLES;

--
-- Table structure for table `MultilingualPageRelations`
--

DROP TABLE IF EXISTS `MultilingualPageRelations`;
/*!40101 SET @saved_cs_client     = @@character_set_client */;
/*!40101 SET character_set_client = utf8 */;
CREATE TABLE `MultilingualPageRelations` (
  `mpRelationID` int(10) unsigned NOT NULL,
  `cID` int(10) unsigned NOT NULL,
  `mpLanguage` varchar(32) COLLATE utf8_unicode_ci DEFAULT NULL,
  `mpLocale` varchar(32) COLLATE utf8_unicode_ci NOT NULL,
  PRIMARY KEY (`mpRelationID`,`cID`)
) ENGINE=InnoDB DEFAULT CHARSET=utf8 COLLATE=utf8_unicode_ci;
/*!40101 SET character_set_client = @saved_cs_client */;

--
-- Dumping data for table `MultilingualPageRelations`
--

LOCK TABLES `MultilingualPageRelations` WRITE;
/*!40000 ALTER TABLE `MultilingualPageRelations` DISABLE KEYS */;
/*!40000 ALTER TABLE `MultilingualPageRelations` ENABLE KEYS */;
UNLOCK TABLES;

--
-- Table structure for table `MultilingualSections`
--

DROP TABLE IF EXISTS `MultilingualSections`;
/*!40101 SET @saved_cs_client     = @@character_set_client */;
/*!40101 SET character_set_client = utf8 */;
CREATE TABLE `MultilingualSections` (
  `cID` int(10) unsigned NOT NULL DEFAULT '0',
  `msLanguage` varchar(32) COLLATE utf8_unicode_ci NOT NULL DEFAULT '',
  `msCountry` varchar(32) COLLATE utf8_unicode_ci NOT NULL DEFAULT '',
  `msNumPlurals` int(11) NOT NULL DEFAULT '2',
  `msPluralRule` varchar(400) COLLATE utf8_unicode_ci NOT NULL DEFAULT '(n != 1)',
  `msPluralCases` varchar(1000) COLLATE utf8_unicode_ci NOT NULL DEFAULT 'one@1\nother@0, 2~16, 100, 1000, 10000, 100000, 1000000, ',
  PRIMARY KEY (`cID`)
) ENGINE=InnoDB DEFAULT CHARSET=utf8 COLLATE=utf8_unicode_ci;
/*!40101 SET character_set_client = @saved_cs_client */;

--
-- Dumping data for table `MultilingualSections`
--

LOCK TABLES `MultilingualSections` WRITE;
/*!40000 ALTER TABLE `MultilingualSections` DISABLE KEYS */;
/*!40000 ALTER TABLE `MultilingualSections` ENABLE KEYS */;
UNLOCK TABLES;

--
-- Table structure for table `MultilingualTranslations`
--

DROP TABLE IF EXISTS `MultilingualTranslations`;
/*!40101 SET @saved_cs_client     = @@character_set_client */;
/*!40101 SET character_set_client = utf8 */;
CREATE TABLE `MultilingualTranslations` (
  `mtID` int(10) unsigned NOT NULL AUTO_INCREMENT,
  `mtSectionID` int(10) unsigned NOT NULL DEFAULT '0',
  `msgid` text COLLATE utf8_unicode_ci NOT NULL,
  `msgidPlural` text COLLATE utf8_unicode_ci,
  `msgstr` text COLLATE utf8_unicode_ci,
  `msgstrPlurals` text COLLATE utf8_unicode_ci,
  `context` text COLLATE utf8_unicode_ci,
  `comments` text COLLATE utf8_unicode_ci,
  `reference` text COLLATE utf8_unicode_ci,
  `flags` text COLLATE utf8_unicode_ci,
  `updated` datetime DEFAULT NULL,
  PRIMARY KEY (`mtID`)
) ENGINE=InnoDB DEFAULT CHARSET=utf8 COLLATE=utf8_unicode_ci;
/*!40101 SET character_set_client = @saved_cs_client */;

--
-- Dumping data for table `MultilingualTranslations`
--

LOCK TABLES `MultilingualTranslations` WRITE;
/*!40000 ALTER TABLE `MultilingualTranslations` DISABLE KEYS */;
/*!40000 ALTER TABLE `MultilingualTranslations` ENABLE KEYS */;
UNLOCK TABLES;

--
-- Table structure for table `NotificationAlerts`
--

DROP TABLE IF EXISTS `NotificationAlerts`;
/*!40101 SET @saved_cs_client     = @@character_set_client */;
/*!40101 SET character_set_client = utf8 */;
CREATE TABLE `NotificationAlerts` (
  `naID` int(10) unsigned NOT NULL AUTO_INCREMENT,
  `naIsArchived` tinyint(1) NOT NULL,
  `uID` int(10) unsigned DEFAULT NULL,
  `nID` int(10) unsigned DEFAULT NULL,
  PRIMARY KEY (`naID`),
  KEY `IDX_E11C7408FD71026C` (`uID`),
  KEY `IDX_E11C7408ED024EFD` (`nID`),
  CONSTRAINT `FK_E11C7408ED024EFD` FOREIGN KEY (`nID`) REFERENCES `Notifications` (`nID`),
  CONSTRAINT `FK_E11C7408FD71026C` FOREIGN KEY (`uID`) REFERENCES `Users` (`uID`)
) ENGINE=InnoDB DEFAULT CHARSET=utf8 COLLATE=utf8_unicode_ci;
/*!40101 SET character_set_client = @saved_cs_client */;

--
-- Dumping data for table `NotificationAlerts`
--

LOCK TABLES `NotificationAlerts` WRITE;
/*!40000 ALTER TABLE `NotificationAlerts` DISABLE KEYS */;
/*!40000 ALTER TABLE `NotificationAlerts` ENABLE KEYS */;
UNLOCK TABLES;

--
-- Table structure for table `NotificationPermissionSubscriptionList`
--

DROP TABLE IF EXISTS `NotificationPermissionSubscriptionList`;
/*!40101 SET @saved_cs_client     = @@character_set_client */;
/*!40101 SET character_set_client = utf8 */;
CREATE TABLE `NotificationPermissionSubscriptionList` (
  `paID` int(10) unsigned NOT NULL DEFAULT '0',
  `peID` int(10) unsigned NOT NULL DEFAULT '0',
  `permission` varchar(1) COLLATE utf8_unicode_ci NOT NULL DEFAULT '1',
  PRIMARY KEY (`paID`,`peID`),
  KEY `peID` (`peID`)
) ENGINE=InnoDB DEFAULT CHARSET=utf8 COLLATE=utf8_unicode_ci;
/*!40101 SET character_set_client = @saved_cs_client */;

--
-- Dumping data for table `NotificationPermissionSubscriptionList`
--

LOCK TABLES `NotificationPermissionSubscriptionList` WRITE;
/*!40000 ALTER TABLE `NotificationPermissionSubscriptionList` DISABLE KEYS */;
/*!40000 ALTER TABLE `NotificationPermissionSubscriptionList` ENABLE KEYS */;
UNLOCK TABLES;

--
-- Table structure for table `NotificationPermissionSubscriptionListCustom`
--

DROP TABLE IF EXISTS `NotificationPermissionSubscriptionListCustom`;
/*!40101 SET @saved_cs_client     = @@character_set_client */;
/*!40101 SET character_set_client = utf8 */;
CREATE TABLE `NotificationPermissionSubscriptionListCustom` (
  `paID` int(10) unsigned NOT NULL DEFAULT '0',
  `peID` int(10) unsigned NOT NULL DEFAULT '0',
  `nSubscriptionIdentifier` varchar(255) COLLATE utf8_unicode_ci NOT NULL,
  PRIMARY KEY (`paID`,`peID`,`nSubscriptionIdentifier`),
  KEY `peID` (`peID`),
  KEY `nSubscriptionIdentifier` (`nSubscriptionIdentifier`)
) ENGINE=InnoDB DEFAULT CHARSET=utf8 COLLATE=utf8_unicode_ci;
/*!40101 SET character_set_client = @saved_cs_client */;

--
-- Dumping data for table `NotificationPermissionSubscriptionListCustom`
--

LOCK TABLES `NotificationPermissionSubscriptionListCustom` WRITE;
/*!40000 ALTER TABLE `NotificationPermissionSubscriptionListCustom` DISABLE KEYS */;
/*!40000 ALTER TABLE `NotificationPermissionSubscriptionListCustom` ENABLE KEYS */;
UNLOCK TABLES;

--
-- Table structure for table `Notifications`
--

DROP TABLE IF EXISTS `Notifications`;
/*!40101 SET @saved_cs_client     = @@character_set_client */;
/*!40101 SET character_set_client = utf8 */;
CREATE TABLE `Notifications` (
  `nID` int(10) unsigned NOT NULL AUTO_INCREMENT,
  `nDate` datetime NOT NULL,
  `type` varchar(255) COLLATE utf8_unicode_ci NOT NULL,
  PRIMARY KEY (`nID`)
) ENGINE=InnoDB DEFAULT CHARSET=utf8 COLLATE=utf8_unicode_ci;
/*!40101 SET character_set_client = @saved_cs_client */;

--
-- Dumping data for table `Notifications`
--

LOCK TABLES `Notifications` WRITE;
/*!40000 ALTER TABLE `Notifications` DISABLE KEYS */;
/*!40000 ALTER TABLE `Notifications` ENABLE KEYS */;
UNLOCK TABLES;

--
-- Table structure for table `OauthUserMap`
--

DROP TABLE IF EXISTS `OauthUserMap`;
/*!40101 SET @saved_cs_client     = @@character_set_client */;
/*!40101 SET character_set_client = utf8 */;
CREATE TABLE `OauthUserMap` (
  `user_id` int(10) unsigned NOT NULL,
  `namespace` varchar(255) COLLATE utf8_unicode_ci NOT NULL,
  `binding` varchar(255) COLLATE utf8_unicode_ci NOT NULL,
  PRIMARY KEY (`user_id`,`namespace`),
  UNIQUE KEY `oauth_binding` (`binding`,`namespace`)
) ENGINE=InnoDB DEFAULT CHARSET=utf8 COLLATE=utf8_unicode_ci;
/*!40101 SET character_set_client = @saved_cs_client */;

--
-- Dumping data for table `OauthUserMap`
--

LOCK TABLES `OauthUserMap` WRITE;
/*!40000 ALTER TABLE `OauthUserMap` DISABLE KEYS */;
/*!40000 ALTER TABLE `OauthUserMap` ENABLE KEYS */;
UNLOCK TABLES;

--
-- Table structure for table `PageFeeds`
--

DROP TABLE IF EXISTS `PageFeeds`;
/*!40101 SET @saved_cs_client     = @@character_set_client */;
/*!40101 SET character_set_client = utf8 */;
CREATE TABLE `PageFeeds` (
  `pfID` int(10) unsigned NOT NULL AUTO_INCREMENT,
  `cParentID` int(10) unsigned NOT NULL,
  `pfTitle` varchar(255) COLLATE utf8_unicode_ci NOT NULL,
  `pfHandle` varchar(255) COLLATE utf8_unicode_ci NOT NULL,
  `pfDescription` varchar(255) COLLATE utf8_unicode_ci NOT NULL,
  `pfIncludeAllDescendents` tinyint(1) NOT NULL,
  `pfContentToDisplay` varchar(255) COLLATE utf8_unicode_ci NOT NULL,
  `pfAreaHandleToDisplay` varchar(255) COLLATE utf8_unicode_ci DEFAULT NULL,
  `customTopicAttributeKeyHandle` varchar(255) COLLATE utf8_unicode_ci DEFAULT NULL,
  `customTopicTreeNodeID` int(10) unsigned NOT NULL,
  `pfDisplayAliases` tinyint(1) NOT NULL,
  `ptID` int(10) unsigned NOT NULL,
  `pfDisplayFeaturedOnly` tinyint(1) NOT NULL,
  `iconFID` int(10) unsigned NOT NULL,
  PRIMARY KEY (`pfID`)
) ENGINE=InnoDB DEFAULT CHARSET=utf8 COLLATE=utf8_unicode_ci;
/*!40101 SET character_set_client = @saved_cs_client */;

--
-- Dumping data for table `PageFeeds`
--

LOCK TABLES `PageFeeds` WRITE;
/*!40000 ALTER TABLE `PageFeeds` DISABLE KEYS */;
/*!40000 ALTER TABLE `PageFeeds` ENABLE KEYS */;
UNLOCK TABLES;

--
-- Table structure for table `PagePaths`
--

DROP TABLE IF EXISTS `PagePaths`;
/*!40101 SET @saved_cs_client     = @@character_set_client */;
/*!40101 SET character_set_client = utf8 */;
CREATE TABLE `PagePaths` (
  `ppID` int(11) NOT NULL AUTO_INCREMENT,
  `cID` int(10) unsigned NOT NULL,
  `cPath` text COLLATE utf8_unicode_ci NOT NULL,
  `ppIsCanonical` tinyint(1) NOT NULL,
  `ppGeneratedFromURLSlugs` tinyint(1) NOT NULL,
  PRIMARY KEY (`ppID`)
) ENGINE=InnoDB AUTO_INCREMENT=201 DEFAULT CHARSET=utf8 COLLATE=utf8_unicode_ci;
/*!40101 SET character_set_client = @saved_cs_client */;

--
-- Dumping data for table `PagePaths`
--

LOCK TABLES `PagePaths` WRITE;
/*!40000 ALTER TABLE `PagePaths` DISABLE KEYS */;
INSERT INTO `PagePaths` VALUES (1,2,'/dashboard',1,1),(2,3,'/dashboard/sitemap',1,1),(3,4,'/dashboard/sitemap/full',1,1),(4,5,'/dashboard/sitemap/explore',1,1),(5,6,'/dashboard/sitemap/search',1,1),(6,7,'/dashboard/files',1,1),(7,8,'/dashboard/files/search',1,1),(8,9,'/dashboard/files/attributes',1,1),(9,10,'/dashboard/files/sets',1,1),(10,11,'/dashboard/files/add_set',1,1),(11,12,'/dashboard/users',1,1),(12,13,'/dashboard/users/search',1,1),(13,14,'/dashboard/users/groups',1,1),(14,15,'/dashboard/users/attributes',1,1),(15,16,'/dashboard/users/add',1,1),(16,17,'/dashboard/users/add_group',1,1),(17,18,'/dashboard/users/groups/bulkupdate',1,1),(18,19,'/dashboard/users/group_sets',1,1),(19,20,'/dashboard/users/points',1,1),(20,21,'/dashboard/users/points/assign',1,1),(21,22,'/dashboard/users/points/actions',1,1),(22,23,'/dashboard/reports',1,1),(23,24,'/dashboard/reports/forms',1,1),(24,25,'/dashboard/reports/surveys',1,1),(25,26,'/dashboard/reports/logs',1,1),(26,27,'/dashboard/pages',1,1),(27,28,'/dashboard/pages/themes',1,1),(28,29,'/dashboard/pages/themes/inspect',1,1),(29,30,'/dashboard/pages/types',1,1),(30,31,'/dashboard/pages/types/organize',1,1),(31,32,'/dashboard/pages/types/add',1,1),(32,33,'/dashboard/pages/types/form',1,1),(33,34,'/dashboard/pages/types/output',1,1),(34,35,'/dashboard/pages/types/attributes',1,1),(35,36,'/dashboard/pages/types/permissions',1,1),(36,37,'/dashboard/pages/templates',1,1),(37,38,'/dashboard/pages/templates/add',1,1),(38,39,'/dashboard/pages/attributes',1,1),(39,40,'/dashboard/pages/single',1,1),(40,41,'/dashboard/pages/feeds',1,1),(41,42,'/dashboard/conversations',1,1),(42,43,'/dashboard/conversations/messages',1,1),(43,44,'/!trash/workflow',1,1),(44,45,'/!trash/workflow/me',1,1),(45,46,'/!trash/workflow/workflows',1,1),(46,47,'/dashboard/blocks',1,1),(47,48,'/dashboard/blocks/stacks',1,1),(48,49,'/dashboard/blocks/permissions',1,1),(49,50,'/dashboard/blocks/stacks/list',1,1),(50,51,'/dashboard/blocks/types',1,1),(51,52,'/dashboard/extend',1,1),(52,53,'/dashboard/news',1,1),(53,54,'/dashboard/extend/install',1,1),(54,55,'/dashboard/extend/update',1,1),(55,56,'/dashboard/extend/connect',1,1),(56,57,'/dashboard/extend/themes',1,1),(57,58,'/dashboard/extend/addons',1,1),(58,59,'/dashboard/system',1,1),(59,60,'/dashboard/system/basics',1,1),(60,61,'/dashboard/system/basics/name',1,1),(61,62,'/dashboard/system/basics/accessibility',1,1),(62,63,'/dashboard/system/basics/social',1,1),(63,64,'/dashboard/system/basics/icons',1,1),(64,65,'/dashboard/system/basics/editor',1,1),(65,66,'/dashboard/system/basics/multilingual',1,1),(66,67,'/dashboard/system/basics/timezone',1,1),(67,68,'/dashboard/system/multilingual',1,1),(68,69,'/dashboard/system/multilingual/setup',1,1),(69,70,'/dashboard/system/multilingual/copy',1,1),(70,71,'/dashboard/system/multilingual/page_report',1,1),(71,72,'/dashboard/system/multilingual/translate_interface',1,1),(72,73,'/dashboard/system/seo',1,1),(73,74,'/dashboard/system/seo/urls',1,1),(74,75,'/dashboard/system/seo/bulk',1,1),(75,76,'/dashboard/system/seo/codes',1,1),(76,77,'/dashboard/system/seo/excluded',1,1),(77,78,'/dashboard/system/seo/searchindex',1,1),(78,79,'/dashboard/system/files',1,1),(79,80,'/dashboard/system/files/permissions',1,1),(80,81,'/dashboard/system/files/filetypes',1,1),(81,82,'/dashboard/system/files/thumbnails',1,1),(82,83,'/dashboard/system/files/storage',1,1),(83,84,'/dashboard/system/optimization',1,1),(84,85,'/dashboard/system/optimization/cache',1,1),(85,86,'/dashboard/system/optimization/clearcache',1,1),(86,87,'/dashboard/system/optimization/jobs',1,1),(87,88,'/dashboard/system/optimization/query_log',1,1),(88,89,'/dashboard/system/permissions',1,1),(89,90,'/dashboard/system/permissions/site',1,1),(90,91,'/dashboard/system/permissions/tasks',1,1),(91,92,'/dashboard/system/permissions/users',1,1),(92,93,'/dashboard/system/permissions/advanced',1,1),(93,94,'/dashboard/system/permissions/blacklist',1,1),(94,95,'/dashboard/system/permissions/captcha',1,1),(95,96,'/dashboard/system/permissions/antispam',1,1),(96,97,'/dashboard/system/permissions/maintenance',1,1),(97,98,'/dashboard/system/registration',1,1),(98,99,'/dashboard/system/registration/postlogin',1,1),(99,100,'/dashboard/system/registration/profiles',1,1),(100,101,'/dashboard/system/registration/open',1,1),(101,102,'/dashboard/system/registration/authentication',1,1),(102,103,'/dashboard/system/mail',1,1),(103,104,'/dashboard/system/mail/method',1,1),(104,105,'/dashboard/system/mail/method/test',1,1),(105,106,'/dashboard/system/mail/importers',1,1),(106,107,'/dashboard/system/conversations',1,1),(107,108,'/dashboard/system/conversations/settings',1,1),(108,109,'/dashboard/system/conversations/points',1,1),(109,110,'/dashboard/system/conversations/bannedwords',1,1),(110,111,'/dashboard/system/conversations/permissions',1,1),(111,112,'/dashboard/system/attributes',1,1),(112,113,'/dashboard/system/attributes/sets',1,1),(113,114,'/dashboard/system/attributes/types',1,1),(114,115,'/dashboard/system/attributes/topics',1,1),(115,116,'/dashboard/system/attributes/topics/add',1,1),(116,117,'/dashboard/system/environment',1,1),(117,118,'/dashboard/system/environment/info',1,1),(118,119,'/dashboard/system/environment/debug',1,1),(119,120,'/dashboard/system/environment/logging',1,1),(120,121,'/dashboard/system/environment/proxy',1,1),(121,122,'/dashboard/system/environment/entities',1,1),(122,123,'/dashboard/system/backup',1,1),(123,124,'/dashboard/system/backup/backup',1,1),(124,125,'/dashboard/system/backup/update',1,1),(125,126,'/!trash/welcome',1,1),(126,127,'/dashboard/home',1,1),(127,128,'/!drafts',1,1),(128,129,'/!trash',1,1),(129,130,'/!stacks',1,1),(130,131,'/login',1,1),(131,132,'/register',1,1),(132,133,'/account',1,1),(133,134,'/account/edit_profile',1,1),(134,135,'/account/avatar',1,1),(135,136,'/!trash/messages',1,1),(136,137,'/!trash/messages/inbox',1,1),(137,138,'/!trash/members',1,1),(138,139,'/!trash/members/profile',1,1),(139,140,'/!trash/members/directory',1,1),(140,141,'/page_not_found',1,1),(141,142,'/page_forbidden',1,1),(142,143,'/download_file',1,1),(148,150,'/dashboard/supermint_options',1,1),(149,151,'/dashboard/supermint_options/theme_options',1,1),(150,152,'/dashboard/supermint_options/sliders',1,1),(151,153,'/dashboard/supermint_options/fonts',1,1),(152,154,'/dashboard/supermint_options/site_settings',1,1),(153,155,'/dashboard/supermint_options/options_presets',1,1),(154,161,'/!stacks/lorem-ipsum',1,1),(155,162,'/!stacks/contact-us',1,1),(156,163,'/!stacks/footer-01',1,1),(157,164,'/!stacks/footer-02',1,1),(158,165,'/!stacks/footer-03',1,1),(159,166,'/!stacks/footer-04',1,1),(160,167,'/!stacks/footer-contact',1,1),(161,168,'/!stacks/footer-legal',1,1),(162,169,'/!stacks/footer-navigation',1,1),(163,170,'/!stacks/header-navigation',1,1),(164,171,'/!stacks/header-right',1,1),(165,172,'/!stacks/header-site-title',1,1),(166,173,'/!stacks/logo',1,1),(167,174,'/!stacks/responsive-navigation',1,1),(168,175,'/!stacks/reviews',1,1),(169,177,'/services',1,1),(170,178,'/contact',1,1),(171,179,'/blog',1,1),(172,180,'/portfolio',1,1),(173,182,'/blog/lorem-ipsum',1,1),(174,183,'/blog/awesome-post',1,1),(175,184,'/blog/beautifull-theme',1,1),(176,186,'/portfolio/graphic-design',1,1),(177,187,'/portfolio/typo-creation',1,1),(178,188,'/portfolio/folder-creation',1,1),(179,189,'/portfolio/awesome-theme',1,1),(180,199,'/!stacks/site-logo',1,1),(181,200,'/dashboard/generate_install_data',1,1),(182,204,'/dashboard/system/files/image_uploading',1,1),(183,205,'/dashboard/express',1,1),(184,206,'/dashboard/express/entries',1,1),(185,207,'/dashboard/system/express',1,1),(186,208,'/dashboard/system/express/entities',1,1),(187,209,'/dashboard/system/express/entities/attributes',1,1),(188,210,'/dashboard/system/express/entities/associations',1,1),(189,211,'/dashboard/system/express/entities/forms',1,1),(190,212,'/dashboard/system/express/entities/customize_search',1,1),(191,213,'/dashboard/system/express/entries',1,1),(192,214,'/dashboard/reports/forms/legacy',1,1),(193,215,'/dashboard/system/basics/attributes',1,1),(194,216,'/dashboard/system/registration/global_password_reset',1,1),(195,217,'/dashboard/system/registration/notification',1,1),(196,218,'/dashboard/system/permissions/workflows',1,1),(197,219,'/account/messages',1,1),(198,220,'/dashboard/welcome',1,1),(199,221,'/account/welcome',1,0),(200,222,'/dashboard/welcome/me',1,1);
/*!40000 ALTER TABLE `PagePaths` ENABLE KEYS */;
UNLOCK TABLES;

--
-- Table structure for table `PagePermissionAssignments`
--

DROP TABLE IF EXISTS `PagePermissionAssignments`;
/*!40101 SET @saved_cs_client     = @@character_set_client */;
/*!40101 SET character_set_client = utf8 */;
CREATE TABLE `PagePermissionAssignments` (
  `cID` int(10) unsigned NOT NULL DEFAULT '0',
  `pkID` int(10) unsigned NOT NULL DEFAULT '0',
  `paID` int(10) unsigned NOT NULL DEFAULT '0',
  PRIMARY KEY (`cID`,`pkID`,`paID`),
  KEY `paID` (`paID`,`pkID`),
  KEY `pkID` (`pkID`)
) ENGINE=InnoDB DEFAULT CHARSET=utf8 COLLATE=utf8_unicode_ci;
/*!40101 SET character_set_client = @saved_cs_client */;

--
-- Dumping data for table `PagePermissionAssignments`
--

LOCK TABLES `PagePermissionAssignments` WRITE;
/*!40000 ALTER TABLE `PagePermissionAssignments` DISABLE KEYS */;
INSERT INTO `PagePermissionAssignments` VALUES (1,1,42),(2,1,61),(128,1,62),(131,1,59),(132,1,60),(1,2,43),(128,2,78),(1,3,44),(128,3,64),(1,4,45),(128,4,65),(1,5,46),(128,5,79),(1,6,47),(128,6,80),(1,7,48),(128,7,68),(1,8,50),(128,8,69),(1,9,51),(128,9,81),(1,11,52),(128,11,71),(1,12,53),(128,12,82),(1,13,54),(128,13,83),(1,14,55),(128,14,84),(1,15,56),(128,15,75),(1,16,57),(128,16,76),(1,17,58),(128,17,77),(1,18,49);
/*!40000 ALTER TABLE `PagePermissionAssignments` ENABLE KEYS */;
UNLOCK TABLES;

--
-- Table structure for table `PagePermissionPageTypeAccessList`
--

DROP TABLE IF EXISTS `PagePermissionPageTypeAccessList`;
/*!40101 SET @saved_cs_client     = @@character_set_client */;
/*!40101 SET character_set_client = utf8 */;
CREATE TABLE `PagePermissionPageTypeAccessList` (
  `paID` int(10) unsigned NOT NULL DEFAULT '0',
  `peID` int(10) unsigned NOT NULL DEFAULT '0',
  `permission` varchar(1) COLLATE utf8_unicode_ci NOT NULL DEFAULT '1',
  `externalLink` tinyint(1) NOT NULL DEFAULT '0',
  PRIMARY KEY (`paID`,`peID`),
  KEY `peID` (`peID`)
) ENGINE=InnoDB DEFAULT CHARSET=utf8 COLLATE=utf8_unicode_ci;
/*!40101 SET character_set_client = @saved_cs_client */;

--
-- Dumping data for table `PagePermissionPageTypeAccessList`
--

LOCK TABLES `PagePermissionPageTypeAccessList` WRITE;
/*!40000 ALTER TABLE `PagePermissionPageTypeAccessList` DISABLE KEYS */;
/*!40000 ALTER TABLE `PagePermissionPageTypeAccessList` ENABLE KEYS */;
UNLOCK TABLES;

--
-- Table structure for table `PagePermissionPageTypeAccessListCustom`
--

DROP TABLE IF EXISTS `PagePermissionPageTypeAccessListCustom`;
/*!40101 SET @saved_cs_client     = @@character_set_client */;
/*!40101 SET character_set_client = utf8 */;
CREATE TABLE `PagePermissionPageTypeAccessListCustom` (
  `paID` int(10) unsigned NOT NULL DEFAULT '0',
  `peID` int(10) unsigned NOT NULL DEFAULT '0',
  `ptID` int(10) unsigned NOT NULL DEFAULT '0',
  PRIMARY KEY (`paID`,`peID`,`ptID`),
  KEY `peID` (`peID`),
  KEY `ptID` (`ptID`)
) ENGINE=InnoDB DEFAULT CHARSET=utf8 COLLATE=utf8_unicode_ci;
/*!40101 SET character_set_client = @saved_cs_client */;

--
-- Dumping data for table `PagePermissionPageTypeAccessListCustom`
--

LOCK TABLES `PagePermissionPageTypeAccessListCustom` WRITE;
/*!40000 ALTER TABLE `PagePermissionPageTypeAccessListCustom` DISABLE KEYS */;
/*!40000 ALTER TABLE `PagePermissionPageTypeAccessListCustom` ENABLE KEYS */;
UNLOCK TABLES;

--
-- Table structure for table `PagePermissionPropertyAccessList`
--

DROP TABLE IF EXISTS `PagePermissionPropertyAccessList`;
/*!40101 SET @saved_cs_client     = @@character_set_client */;
/*!40101 SET character_set_client = utf8 */;
CREATE TABLE `PagePermissionPropertyAccessList` (
  `paID` int(10) unsigned NOT NULL DEFAULT '0',
  `peID` int(10) unsigned NOT NULL DEFAULT '0',
  `name` tinyint(1) DEFAULT '0',
  `publicDateTime` tinyint(1) DEFAULT '0',
  `uID` tinyint(1) DEFAULT '0',
  `description` tinyint(1) DEFAULT '0',
  `paths` tinyint(1) DEFAULT '0',
  `attributePermission` varchar(1) COLLATE utf8_unicode_ci NOT NULL DEFAULT '1',
  PRIMARY KEY (`paID`,`peID`),
  KEY `peID` (`peID`),
  KEY `uID` (`uID`)
) ENGINE=InnoDB DEFAULT CHARSET=utf8 COLLATE=utf8_unicode_ci;
/*!40101 SET character_set_client = @saved_cs_client */;

--
-- Dumping data for table `PagePermissionPropertyAccessList`
--

LOCK TABLES `PagePermissionPropertyAccessList` WRITE;
/*!40000 ALTER TABLE `PagePermissionPropertyAccessList` DISABLE KEYS */;
/*!40000 ALTER TABLE `PagePermissionPropertyAccessList` ENABLE KEYS */;
UNLOCK TABLES;

--
-- Table structure for table `PagePermissionPropertyAttributeAccessListCustom`
--

DROP TABLE IF EXISTS `PagePermissionPropertyAttributeAccessListCustom`;
/*!40101 SET @saved_cs_client     = @@character_set_client */;
/*!40101 SET character_set_client = utf8 */;
CREATE TABLE `PagePermissionPropertyAttributeAccessListCustom` (
  `paID` int(10) unsigned NOT NULL DEFAULT '0',
  `peID` int(10) unsigned NOT NULL DEFAULT '0',
  `akID` int(10) unsigned NOT NULL DEFAULT '0',
  PRIMARY KEY (`paID`,`peID`,`akID`),
  KEY `peID` (`peID`),
  KEY `akID` (`akID`)
) ENGINE=InnoDB DEFAULT CHARSET=utf8 COLLATE=utf8_unicode_ci;
/*!40101 SET character_set_client = @saved_cs_client */;

--
-- Dumping data for table `PagePermissionPropertyAttributeAccessListCustom`
--

LOCK TABLES `PagePermissionPropertyAttributeAccessListCustom` WRITE;
/*!40000 ALTER TABLE `PagePermissionPropertyAttributeAccessListCustom` DISABLE KEYS */;
/*!40000 ALTER TABLE `PagePermissionPropertyAttributeAccessListCustom` ENABLE KEYS */;
UNLOCK TABLES;

--
-- Table structure for table `PagePermissionThemeAccessList`
--

DROP TABLE IF EXISTS `PagePermissionThemeAccessList`;
/*!40101 SET @saved_cs_client     = @@character_set_client */;
/*!40101 SET character_set_client = utf8 */;
CREATE TABLE `PagePermissionThemeAccessList` (
  `paID` int(10) unsigned NOT NULL DEFAULT '0',
  `peID` int(10) unsigned NOT NULL DEFAULT '0',
  `permission` varchar(1) COLLATE utf8_unicode_ci NOT NULL DEFAULT '1',
  PRIMARY KEY (`paID`,`peID`),
  KEY `peID` (`peID`)
) ENGINE=InnoDB DEFAULT CHARSET=utf8 COLLATE=utf8_unicode_ci;
/*!40101 SET character_set_client = @saved_cs_client */;

--
-- Dumping data for table `PagePermissionThemeAccessList`
--

LOCK TABLES `PagePermissionThemeAccessList` WRITE;
/*!40000 ALTER TABLE `PagePermissionThemeAccessList` DISABLE KEYS */;
/*!40000 ALTER TABLE `PagePermissionThemeAccessList` ENABLE KEYS */;
UNLOCK TABLES;

--
-- Table structure for table `PagePermissionThemeAccessListCustom`
--

DROP TABLE IF EXISTS `PagePermissionThemeAccessListCustom`;
/*!40101 SET @saved_cs_client     = @@character_set_client */;
/*!40101 SET character_set_client = utf8 */;
CREATE TABLE `PagePermissionThemeAccessListCustom` (
  `paID` int(10) unsigned NOT NULL DEFAULT '0',
  `peID` int(10) unsigned NOT NULL DEFAULT '0',
  `pThemeID` int(10) unsigned NOT NULL DEFAULT '0',
  PRIMARY KEY (`paID`,`peID`,`pThemeID`),
  KEY `peID` (`peID`),
  KEY `pThemeID` (`pThemeID`)
) ENGINE=InnoDB DEFAULT CHARSET=utf8 COLLATE=utf8_unicode_ci;
/*!40101 SET character_set_client = @saved_cs_client */;

--
-- Dumping data for table `PagePermissionThemeAccessListCustom`
--

LOCK TABLES `PagePermissionThemeAccessListCustom` WRITE;
/*!40000 ALTER TABLE `PagePermissionThemeAccessListCustom` DISABLE KEYS */;
/*!40000 ALTER TABLE `PagePermissionThemeAccessListCustom` ENABLE KEYS */;
UNLOCK TABLES;

--
-- Table structure for table `PageSearchIndex`
--

DROP TABLE IF EXISTS `PageSearchIndex`;
/*!40101 SET @saved_cs_client     = @@character_set_client */;
/*!40101 SET character_set_client = utf8 */;
CREATE TABLE `PageSearchIndex` (
  `cID` int(10) unsigned NOT NULL DEFAULT '0',
  `content` longtext COLLATE utf8_unicode_ci,
  `cName` varchar(255) COLLATE utf8_unicode_ci DEFAULT NULL,
  `cDescription` text COLLATE utf8_unicode_ci,
  `cPath` text COLLATE utf8_unicode_ci,
  `cDatePublic` datetime DEFAULT NULL,
  `cDateLastIndexed` datetime DEFAULT NULL,
  `cDateLastSitemapped` datetime DEFAULT NULL,
  `cRequiresReindex` tinyint(1) DEFAULT '0',
  PRIMARY KEY (`cID`),
  KEY `cDateLastIndexed` (`cDateLastIndexed`),
  KEY `cDateLastSitemapped` (`cDateLastSitemapped`),
  KEY `cRequiresReindex` (`cRequiresReindex`),
  FULLTEXT KEY `cName` (`cName`),
  FULLTEXT KEY `cDescription` (`cDescription`),
  FULLTEXT KEY `content` (`content`),
  FULLTEXT KEY `content2` (`cName`,`cDescription`,`content`)
) ENGINE=MyISAM DEFAULT CHARSET=utf8 COLLATE=utf8_unicode_ci;
/*!40101 SET character_set_client = @saved_cs_client */;

--
-- Dumping data for table `PageSearchIndex`
--

LOCK TABLES `PageSearchIndex` WRITE;
/*!40000 ALTER TABLE `PageSearchIndex` DISABLE KEYS */;
INSERT INTO `PageSearchIndex` VALUES (2,'','Dashboard','','/dashboard','2015-09-04 15:31:18','2015-09-04 15:31:21',NULL,0),(3,'','Sitemap','Whole world at a glance.','/dashboard/sitemap','2015-09-04 15:31:19','2015-09-04 15:31:21',NULL,0),(4,'','Full Sitemap','','/dashboard/sitemap/full','2015-09-04 15:31:19','2015-09-04 15:31:21',NULL,0),(5,'','Flat View','','/dashboard/sitemap/explore','2015-09-04 15:31:19','2015-09-04 15:31:21',NULL,0),(6,'','Page Search','','/dashboard/sitemap/search','2015-09-04 15:31:19','2015-09-04 15:31:22',NULL,0),(8,'','File Manager','','/dashboard/files/search','2015-09-04 15:31:19','2015-09-04 15:31:22',NULL,0),(9,'','Attributes','','/dashboard/files/attributes','2015-09-04 15:31:19','2015-09-04 15:31:22',NULL,0),(10,'','File Sets','','/dashboard/files/sets','2015-09-04 15:31:19','2015-09-04 15:31:22',NULL,0),(11,'','Add File Set','','/dashboard/files/add_set','2015-09-04 15:31:19','2015-09-04 15:31:22',NULL,0),(12,'','Members','Add and manage the user accounts and groups on your website.','/dashboard/users','2015-09-04 15:31:19','2015-09-04 15:31:22',NULL,0),(13,'','Search Users','','/dashboard/users/search','2015-09-04 15:31:19','2015-09-04 15:31:22',NULL,0),(14,'','User Groups','','/dashboard/users/groups','2015-09-04 15:31:19','2015-09-04 15:31:22',NULL,0),(15,'','Attributes','','/dashboard/users/attributes','2015-09-04 15:31:19','2015-09-04 15:31:22',NULL,0),(16,'','Add User','','/dashboard/users/add','2015-09-04 15:31:19','2015-09-04 15:31:22',NULL,0),(17,'','Add Group','','/dashboard/users/add_group','2015-09-04 15:31:19','2015-09-04 15:31:22',NULL,0),(19,'','Group Sets','','/dashboard/users/group_sets','2015-09-04 15:31:19','2015-09-04 15:31:22',NULL,0),(20,'','Community Points',NULL,'/dashboard/users/points','2015-09-04 15:31:19','2015-09-04 15:31:22',NULL,0),(22,'','Actions',NULL,'/dashboard/users/points/actions','2015-09-04 15:31:19','2015-09-04 15:31:22',NULL,0),(23,'','Reports','Get data from forms and logs.','/dashboard/reports','2015-09-04 15:31:19','2015-09-04 15:31:22',NULL,0),(24,'','Form Results','Get submission data.','/dashboard/reports/forms','2015-09-04 15:31:19','2015-09-04 15:31:22',NULL,0),(25,'','Surveys','','/dashboard/reports/surveys','2015-09-04 15:31:19','2015-09-04 15:31:22',NULL,0),(26,'','Logs','','/dashboard/reports/logs','2015-09-04 15:31:19','2015-09-04 15:31:22',NULL,0),(28,'','Themes','Reskin your site.','/dashboard/pages/themes','2015-09-04 15:31:19','2015-09-04 15:31:22',NULL,0),(29,'','Inspect','','/dashboard/pages/themes/inspect','2015-09-04 15:31:19','2015-09-04 15:31:22',NULL,0),(31,'','Organize Page Type Order','','/dashboard/pages/types/organize','2015-09-04 15:31:19','2015-09-04 15:31:22',NULL,0),(32,'','Add Page Type','','/dashboard/pages/types/add','2015-09-04 15:31:19','2015-09-04 15:31:22',NULL,0),(33,'','Compose Form','','/dashboard/pages/types/form','2015-09-04 15:31:19','2015-09-04 15:31:22',NULL,0),(34,'','Defaults and Output','','/dashboard/pages/types/output','2015-09-04 15:31:19','2015-09-04 15:31:22',NULL,0),(35,'','Page Type Attributes','','/dashboard/pages/types/attributes','2015-09-04 15:31:19','2015-09-04 15:31:22',NULL,0),(36,'','Page Type Permissions','','/dashboard/pages/types/permissions','2015-09-04 15:31:19','2015-09-04 15:31:22',NULL,0),(38,'','Add Page Template','Add page templates to your site.','/dashboard/pages/templates/add','2015-09-04 15:31:19','2015-09-04 15:31:22',NULL,0),(39,'','Attributes','','/dashboard/pages/attributes','2015-09-04 15:31:19','2015-09-04 15:31:22',NULL,0),(40,'','Single Pages','','/dashboard/pages/single','2015-09-04 15:31:19','2015-09-04 15:31:22',NULL,0),(41,'','RSS Feeds','','/dashboard/pages/feeds','2015-09-04 15:31:19','2015-09-04 15:31:22',NULL,0),(43,'','Messages','','/dashboard/conversations/messages','2015-09-04 15:31:19','2015-09-04 15:31:22',NULL,0),(44,'','Workflow','','/dashboard/workflow','2015-09-04 15:31:19','2015-09-04 15:31:22',NULL,0),(48,'','Stacks','Share content across your site.','/dashboard/blocks/stacks','2015-09-04 15:31:19','2015-09-04 15:31:22',NULL,0),(50,'','Stack List','','/dashboard/blocks/stacks/list','2015-09-04 15:31:19','2015-09-04 15:31:22',NULL,0),(51,'','Block Types','Manage the installed block types in your site.','/dashboard/blocks/types','2015-09-04 15:31:19','2015-09-04 15:31:22',NULL,0),(52,'','Extend concrete5','','/dashboard/extend','2015-09-04 15:31:19','2015-09-04 15:31:22',NULL,0),(53,'','Dashboard','','/dashboard/news','2015-09-04 15:31:20','2015-09-04 15:31:22',NULL,0),(54,'','Add Functionality','Install add-ons & themes.','/dashboard/extend/install','2015-09-04 15:31:20','2015-09-04 15:31:22',NULL,0),(55,'','Update Add-Ons','Update your installed packages.','/dashboard/extend/update','2015-09-04 15:31:20','2015-09-04 15:31:22',NULL,0),(56,'','Connect to the Community','Connect to the concrete5 community.','/dashboard/extend/connect','2015-09-04 15:31:20','2015-09-04 15:31:22',NULL,0),(57,'','Get More Themes','Download themes from concrete5.org.','/dashboard/extend/themes','2015-09-04 15:31:20','2015-09-04 15:31:22',NULL,0),(58,'','Get More Add-Ons','Download add-ons from concrete5.org.','/dashboard/extend/addons','2015-09-04 15:31:20','2015-09-04 15:31:22',NULL,0),(59,'','System & Settings','Secure and setup your site.','/dashboard/system','2015-09-04 15:31:20','2015-09-04 15:31:22',NULL,0),(61,'','Site Name','','/dashboard/system/basics/name','2015-09-04 15:31:20','2015-09-04 15:31:22',NULL,0),(62,'','Accessibility','','/dashboard/system/basics/accessibility','2015-09-04 15:31:20','2015-09-04 15:31:22',NULL,0),(63,'','Social Links','','/dashboard/system/basics/social','2015-09-04 15:31:20','2015-09-04 15:31:22',NULL,0),(64,'','Bookmark Icons','Bookmark icon and mobile home screen icon setup.','/dashboard/system/basics/icons','2015-09-04 15:31:20','2015-09-04 15:31:22',NULL,0),(65,'','Rich Text Editor','','/dashboard/system/basics/editor','2015-09-04 15:31:20','2015-09-04 15:31:22',NULL,0),(66,'','Languages','','/dashboard/system/basics/multilingual','2015-09-04 15:31:20','2015-09-04 15:31:22',NULL,0),(67,'','Time Zone','','/dashboard/system/basics/timezone','2015-09-04 15:31:20','2015-09-04 15:31:22',NULL,0),(68,'','Multilingual','Run your site in multiple languages.','/dashboard/system/multilingual','2015-09-04 15:31:20','2015-09-04 15:31:22',NULL,0),(74,'','URLs and Redirection','','/dashboard/system/seo/urls','2015-09-04 15:31:20','2015-09-04 15:31:22',NULL,0),(75,'','Bulk SEO Updater','','/dashboard/system/seo/bulk','2015-09-04 15:31:20','2015-09-04 15:31:22',NULL,0),(76,'','Tracking Codes','','/dashboard/system/seo/codes','2015-09-04 15:31:20','2015-09-04 15:31:22',NULL,0),(77,'','Excluded URL Word List','','/dashboard/system/seo/excluded','2015-09-04 15:31:20','2015-09-04 15:31:22',NULL,0),(78,'','Search Index','','/dashboard/system/seo/searchindex','2015-09-04 15:31:20','2015-09-04 15:31:23',NULL,0),(80,'','File Manager Permissions','','/dashboard/system/files/permissions','2015-09-04 15:31:20','2015-09-04 15:31:23',NULL,0),(81,'','Allowed File Types','','/dashboard/system/files/filetypes','2015-09-04 15:31:20','2015-09-04 15:31:23',NULL,0),(82,'','Thumbnails','','/dashboard/system/files/thumbnails','2015-09-04 15:31:20','2015-09-04 15:31:23',NULL,0),(83,'','File Storage Locations','','/dashboard/system/files/storage','2015-09-04 15:31:20','2015-09-04 15:31:23',NULL,0),(85,'','Cache & Speed Settings','','/dashboard/system/optimization/cache','2015-09-04 15:31:20','2015-09-04 15:31:23',NULL,0),(86,'','Clear Cache','','/dashboard/system/optimization/clearcache','2015-09-04 15:31:20','2015-09-04 15:31:23',NULL,0),(87,'','Automated Jobs','','/dashboard/system/optimization/jobs','2015-09-04 15:31:20','2015-09-04 15:31:23',NULL,0),(88,'','Database Query Log','','/dashboard/system/optimization/query_log','2015-09-04 15:31:20','2015-09-04 15:31:23',NULL,0),(90,'','Site Access','','/dashboard/system/permissions/site','2015-09-04 15:31:20','2015-09-04 15:31:23',NULL,0),(91,'','Task Permissions','','/dashboard/system/permissions/tasks','2015-09-04 15:31:20','2015-09-04 15:31:23',NULL,0),(94,'','IP Blacklist','','/dashboard/system/permissions/blacklist','2015-09-04 15:31:20','2015-09-04 15:31:23',NULL,0),(95,'','Captcha Setup','','/dashboard/system/permissions/captcha','2015-09-04 15:31:20','2015-09-04 15:31:23',NULL,0),(96,'','Spam Control','','/dashboard/system/permissions/antispam','2015-09-04 15:31:20','2015-09-04 15:31:23',NULL,0),(97,'','Maintenance Mode','','/dashboard/system/permissions/maintenance','2015-09-04 15:31:21','2015-09-04 15:31:23',NULL,0),(99,'','Login Destination','','/dashboard/system/registration/postlogin','2015-09-04 15:31:21','2015-09-04 15:31:23',NULL,0),(100,'','Public Profiles','','/dashboard/system/registration/profiles','2015-09-04 15:31:21','2015-09-04 15:31:23',NULL,0),(101,'','Public Registration','','/dashboard/system/registration/open','2015-09-04 15:31:21','2015-09-04 15:31:23',NULL,0),(102,'','Authentication Types','','/dashboard/system/registration/authentication','2015-09-04 15:31:21','2015-09-04 15:31:23',NULL,0),(103,'','Email','Control how your site send and processes mail.','/dashboard/system/mail','2015-09-04 15:31:21','2015-09-04 15:31:23',NULL,0),(104,'','SMTP Method','','/dashboard/system/mail/method','2015-09-04 15:31:21','2015-09-04 15:31:23',NULL,0),(105,'','Test Mail Settings','','/dashboard/system/mail/method/test','2015-09-04 15:31:21','2015-09-04 15:31:23',NULL,0),(106,'','Email Importers','','/dashboard/system/mail/importers','2015-09-04 15:31:21','2015-09-04 15:31:23',NULL,0),(107,'','Conversations','Manage your conversations settings','/dashboard/system/conversations','2015-09-04 15:31:21','2015-09-04 15:31:23',NULL,0),(108,'','Settings','','/dashboard/system/conversations/settings','2015-09-04 15:31:21','2015-09-04 15:31:23',NULL,0),(109,'','Community Points','','/dashboard/system/conversations/points','2015-09-04 15:31:21','2015-09-04 15:31:23',NULL,0),(110,'','Banned Words','','/dashboard/system/conversations/bannedwords','2015-09-04 15:31:21','2015-09-04 15:31:23',NULL,0),(112,'','Attributes','Setup attributes for pages, users, files and more.','/dashboard/system/attributes','2015-09-04 15:31:21','2015-09-04 15:31:23',NULL,0),(113,'','Sets','Group attributes into sets for easier organization','/dashboard/system/attributes/sets','2015-09-04 15:31:21','2015-09-04 15:31:23',NULL,0),(114,'','Types','Choose which attribute types are available for different items.','/dashboard/system/attributes/types','2015-09-04 15:31:21','2015-09-04 15:31:23',NULL,0),(115,'','Topics','','/dashboard/system/attributes/topics','2015-09-04 15:31:21','2015-09-04 15:31:23',NULL,0),(117,NULL,NULL,NULL,NULL,NULL,NULL,NULL,0),(118,'','Environment Information','','/dashboard/system/environment/info','2015-09-04 15:31:21','2015-09-04 15:31:23',NULL,0),(119,'','Debug Settings','','/dashboard/system/environment/debug','2015-09-04 15:31:21','2015-09-04 15:31:23',NULL,0),(120,'','Logging Settings','','/dashboard/system/environment/logging','2015-09-04 15:31:21','2015-09-04 15:31:23',NULL,0),(121,'','Proxy Server','','/dashboard/system/environment/proxy','2015-09-04 15:31:21','2015-09-04 15:31:23',NULL,0),(122,'','Database Entities','','/dashboard/system/environment/entities','2015-09-04 15:31:21','2015-09-04 15:31:23',NULL,0),(123,'','Backup & Restore','Backup or restore your website.','/dashboard/system/backup','2015-09-04 15:31:21','2015-09-04 15:31:23',NULL,0),(125,'','Update concrete5','','/dashboard/system/backup/update','2015-09-04 15:31:21','2015-09-04 15:31:23',NULL,0),(126,'                                        ','Welcome to concrete5','Learn about how to use concrete5, how to develop for concrete5, and get general help.','/dashboard/welcome','2015-09-04 15:31:21','2015-09-04 15:31:23',NULL,0),(127,'','Customize Dashboard Home','','/dashboard/home','2015-09-04 15:31:21','2015-09-04 15:31:24',NULL,0),(128,'','Drafts','','/!drafts','2015-09-04 15:31:24','2015-09-04 15:31:24',NULL,0),(129,'','Trash','','/!trash','2015-09-04 15:31:24','2015-09-04 15:31:24',NULL,0),(130,'','Stacks','','/!stacks','2015-09-04 15:31:24','2015-09-04 15:31:24',NULL,0),(133,'','My Account','','/account','2015-09-04 15:31:24','2015-09-04 15:31:24',NULL,0),(1,'Some facts About A small introduction about My self    Some Real Number  It\'s fun    My workWhat can i do  HTML & PHP freeWebdesignBusyFootingFree  JONATHAN DOE   WEBDESIGNER & WEB DEVELOPER FROM USA Lorem ipsum dolor sit amet, consectetuer adipiscing elit. Aenean commodo ligula eget dolor. Aenean massa. Cum sociis natoque penatibus et magnis dis parturient montes, nascetur ridiculus mus. Donec quam felis, ultricies nec, pellentesque eu, pretium quis, sem.    Nulla consequat massa quis enim. Donec pede justo, fringilla vel, aliquet nec.    ','Home','',NULL,'2015-09-04 15:31:00','2015-10-29 11:08:22',NULL,0),(181,'','',NULL,NULL,'2015-09-04 15:36:26','2015-09-04 15:36:26',NULL,0),(185,'','',NULL,NULL,'2015-09-04 15:36:26','2015-09-04 15:36:27',NULL,0),(182,'Tags Archives  Lorem ipsum dolor sit amet, consectetuer adipiscing elit. Aenean commodo ligula eget dolor. Aenean massa. Cum sociis natoque penatibus et magnis dis parturient montes, nascetur ridiculus mus. Donec quam felis, ultricies nec, pellentesque eu, pretium quis, sem.  Nulla consequat massa quis enim. Donec pede justo, fringilla vel, aliquet nec, vulputate eget, arcu. In enim justo, rhoncus ut, imperdiet a, venenatis vitae, justo. Nullam dictum felis eu pede mollis pretium. Integer tincidunt. Cras dapibus. Vivamus elementum semper nisi.  Aenean vulputate eleifend tellus. Aenean leo ligula, porttitor eu, consequat vitae, eleifend ac, enim. Aliquam lorem ante, dapibus in, viverra quis, feugiat a, tellus. Phasellus viverra nulla ut metus varius laoreet. Quisque rutrum. Aenean imperdiet. Etiam ultricies nisi vel augue. Curabitur ullamcorper ultricies nisi. Nam eget dui. Etiam rhoncus. Maecenas tempus, tellus eget condimentum rhoncus, sem quam semper libero, sit amet adipiscing sem neque sed ipsum. Nam quam nunc, blandit vel, luctus pulvinar, hendrerit id, lorem. Maecenas nec odio et ante tincidunt tempus. Donec vitae sapien ut libero venenatis faucibus. Nullam quis ante. Etiam sit amet orci eget eros faucibus tincidunt. Duis leo. Sed fringilla mauris sit amet nibh. Donec sodales sagittis magna. Sed consequat, leo eget bibendum sodales, augue velit cursus nunc, quis gravida magna mi a libero.  Fusce vulputate eleifend sapien. Vestibulum purus quam, scelerisque ut, mollis sed, nonummy id, metus. Nullam accumsan lorem in dui. Cras ultricies mi eu turpis hendrerit fringilla.  Vestibulum ante ipsum primis in faucibus orci luctus et ultrices posuere cubilia Curae; In ac dui quis mi consectetuer lacinia. Nam pretium turpis et arcu. Duis arcu tortor, suscipit eget, imperdiet nec, imperdiet iaculis, ipsum. Sed aliquam ultrices mauris.  Integer ante arcu, accumsan a, consectetuer eget, posuere ut, mauris. Praesent adipiscing. Phasellus ullamcorper ipsum rutrum nunc. Nunc nonummy metus. Vestibulum volutpat pretium libero. Cras id dui. Aenean ut eros et nisl sagittis vestibulum.  ','Lorem Ipsum','Lorem ipsum dolor sit amet, consectetuer adipiscing elit. Aenean commodo ligula eget dolor.','/blog/lorem-ipsum','2015-09-04 15:36:00','2015-09-07 10:31:07',NULL,0),(183,'Tags Archives  Lorem ipsum dolor sit amet, consectetuer adipiscing elit. Aenean commodo ligula eget dolor. Aenean massa. Cum sociis natoque penatibus et magnis dis parturient montes, nascetur ridiculus mus. Donec quam felis, ultricies nec, pellentesque eu, pretium quis, sem.  Nulla consequat massa quis enim. Donec pede justo, fringilla vel, aliquet nec, vulputate eget, arcu. In enim justo, rhoncus ut, imperdiet a, venenatis vitae, justo. Nullam dictum felis eu pede mollis pretium. Integer tincidunt. Cras dapibus. Vivamus elementum semper nisi.  Aenean vulputate eleifend tellus. Aenean leo ligula, porttitor eu, consequat vitae, eleifend ac, enim. Aliquam lorem ante, dapibus in, viverra quis, feugiat a, tellus. Phasellus viverra nulla ut metus varius laoreet. Quisque rutrum. Aenean imperdiet. Etiam ultricies nisi vel augue.  Curabitur ullamcorper ultricies nisi. Nam eget dui. Etiam rhoncus. Maecenas tempus, tellus eget condimentum rhoncus, sem quam semper libero, sit amet adipiscing sem neque sed ipsum. Nam quam nunc, blandit vel, luctus pulvinar, hendrerit id, lorem. Maecenas nec odio et ante tincidunt tempus. Donec vitae sapien ut libero venenatis faucibus. Nullam quis ante. Etiam sit amet orci eget eros faucibus tincidunt. Duis leo. Sed fringilla mauris sit amet nibh. Donec sodales sagittis magna. Sed consequat, leo eget bibendum sodales, augue velit cursus nunc, quis gravida magna mi a libero. Fusce vulputate eleifend sapien. Vestibulum purus quam, scelerisque ut, mollis sed, nonummy id, metus. Nullam accumsan lorem in dui. Cras ultricies mi eu turpis hendrerit fringilla.  Vestibulum ante ipsum primis in faucibus orci luctus et ultrices posuere cubilia Curae; In ac dui quis mi consectetuer lacinia. Nam pretium turpis et arcu. Duis arcu tortor, suscipit eget, imperdiet nec, imperdiet iaculis, ipsum. Sed aliquam ultrices mauris.  Integer ante arcu, accumsan a, consectetuer eget, posuere ut, mauris. Praesent adipiscing. Phasellus ullamcorper ipsum rutrum nunc. Nunc nonummy metus. Vestibulum volutpat pretium libero. Cras id dui. Aenean ut eros et nisl sagittis vestibulum.  ','Awesome post','Lorem ipsum dolor sit amet, consectetuer adipiscing elit. Aenean commodo ligula eget dolor. Aenean massa. ','/blog/awesome-post','2015-09-04 15:36:00','2015-09-07 10:31:42',NULL,0),(184,'Tags Archives  Lorem ipsum dolor sit amet, consectetuer adipiscing elit. Aenean commodo ligula eget dolor. Aenean massa. Cum sociis natoque penatibus et magnis dis parturient montes, nascetur ridiculus mus. Donec quam felis, ultricies nec, pellentesque eu, pretium quis, sem.  Nulla consequat massa quis enim. Donec pede justo, fringilla vel, aliquet nec, vulputate eget, arcu. In enim justo, rhoncus ut, imperdiet a, venenatis vitae, justo. Nullam dictum felis eu pede mollis pretium. Integer tincidunt. Cras dapibus. Vivamus elementum semper nisi.  Aenean vulputate eleifend tellus. Aenean leo ligula, porttitor eu, consequat vitae, eleifend ac, enim. Aliquam lorem ante, dapibus in, viverra quis, feugiat a, tellus. Phasellus viverra nulla ut metus varius laoreet. Quisque rutrum. Aenean imperdiet. Etiam ultricies nisi vel augue.  Curabitur ullamcorper ultricies nisi. Nam eget dui. Etiam rhoncus. Maecenas tempus, tellus eget condimentum rhoncus, sem quam semper libero, sit amet adipiscing sem neque sed ipsum. Nam quam nunc, blandit vel, luctus pulvinar, hendrerit id, lorem. Maecenas nec odio et ante tincidunt tempus.  Donec vitae sapien ut libero venenatis faucibus. Nullam quis ante. Etiam sit amet orci eget eros faucibus tincidunt. Duis leo. Sed fringilla mauris sit amet nibh. Donec sodales sagittis magna. Sed consequat, leo eget bibendum sodales, augue velit cursus nunc, quis gravida magna mi a libero.  Fusce vulputate eleifend sapien. Vestibulum purus quam, scelerisque ut, mollis sed, nonummy id, metus. Nullam accumsan lorem in dui. Cras ultricies mi eu turpis hendrerit fringilla.  Vestibulum ante ipsum primis in faucibus orci luctus et ultrices posuere cubilia Curae; In ac dui quis mi consectetuer lacinia. Nam pretium turpis et arcu. Duis arcu tortor, suscipit eget, imperdiet nec, imperdiet iaculis, ipsum. Sed aliquam ultrices mauris.  Integer ante arcu, accumsan a, consectetuer eget, posuere ut, mauris. Praesent adipiscing. Phasellus ullamcorper ipsum rutrum nunc. Nunc nonummy metus. Vestibulum volutpat pretium libero. Cras id dui. Aenean ut eros et nisl sagittis vestibulum.  ','Beautifull theme','Lorem ipsum dolor sit amet, consectetuer adipiscing elit. Aenean commodo ligula eget dolor. Aenean massa.','/blog/beautifull-theme','2015-09-04 15:36:00','2015-09-07 10:32:10',NULL,0),(177,'Got a question ?Lorem ipsum dolor sit amet, consectetur adipisicing elit, sed do eiusmod tempor incididunt ut labore et dolore magna aliqua.   Ask the team    Skills backed by years of experienceLorem ipsum dolor sit amet, consectetuer adipiscing elit. Aenean commodo ligula eget dolor.  Aenean massa. Cum sociis natoque penatibus et magnis dis parturient montes, nascetur ridiculus mus.  Who I amI\'m John Doe and we love what we do. We are located in  Europe and reply always within 24 hours.  Donec ullamcorper nulla non metus auctor fringilla. Sed posuere consectetur est at lobortis. Morbi leo risus , porta ac consect etur, vestibulum at eros. Donec ullamcorper nulla non metus.    Mission My mission is clear : provide best and fully tested products and solutions for my customers  Donec ullamcorper nulla non metus auctor fringilla. Sed posuere consectetur est at lobortis. Morbi leo risus, porta ac consectetur ac, vestibulum at eros. Donec ullamcorper nulla non metus.  Passion I love working with Concrete5. Themes based on this CMS gives unlimited possibilities.  Donec ullamcorper nulla non metus auctor fringilla. Sed posuere consectetur est at lobortis. Morbi leo risus, porta ac consectetur ac, vestibulum at eros. Donec ullamcorper nulla non metus.  Why I   what we do   Lorem ipsum dolor sit amet, consectetur adipiscing elit. Integer lorem quam, adipiscing condimentum tristique vel, eleifend sed turpis. Lorem ipsum dolor sit amet, consectetur adipiscing elit. Integer lorem quam, adipiscing condimentum tristique vel, eleifend sed turpis. Lorem ipsum dolor sit amet.      Services ','Services','What we do','/services','2015-09-04 15:36:26','2015-09-07 10:05:47',NULL,0),(178,'Dont hesitate to reach out!Lorem ipsum dolor sit amet, consectetuer adipiscing elit. Aenean commodo ligula eget dolor. Aenean massa. Cum sociis natoque penatibus et magnis dis parturient montes, nascetur ridiculus mus. Donec quam felis, ultricies nec, pellentesque eu, pretium quis, sem.    Dont hesitate to reach out!   MyConcreteLab Inc.  Street with no name  565625 Dreamland  sales@myconcretelab.com  Meet our team If you got questions that needs fast reply, you can contact with one of our team members  Jane Doe\nMyconcretelab\nLorem ipsum dolor sit amet, consectetuer adipiscing elit. Aenean commodo ligula eget dolor. Aenean massa. Cum sociis natoque penatibus et magnis dis parturient montes, nascetur ridiculus mus. Donec quam felis, ultricies nec, pellentesque eu, pretium quis, sem.     Jane Doe\nMyconcretelab\nLorem ipsum dolor sit amet, consectetuer adipiscing elit. Aenean commodo ligula eget dolor. Aenean massa. Cum sociis natoque penatibus et magnis dis parturient montes, nascetur ridiculus mus. Donec quam felis, ultricies nec, pellentesque eu, pretium quis, sem.     MyConcreteLab Inc.  Street with no name  56562 Dreamland  sales@myconcretelab.com  Fax : 00 32 567 8912 23  ','Contact','Don\'t hesitate to reach out!','/contact','2015-09-04 15:36:26','2015-09-04 15:36:33',NULL,0),(179,' Lorem ipsum dolor sit amet, consectetuer adipiscing elit. Aenean commodo ligula eget dolor. Aenean massa. Cum sociis natoque penatibus et magnis dis parturient montes.  ','Blog','Lorem ipsum dolor sit amet, consectetuer adipiscing elit.','/blog','2015-09-04 15:36:26','2015-09-07 08:29:05',NULL,0),(186,'Impress your audience with Supermint Clean, and stately aesthetic. From its stunning features and custom templates to the plethora of theme options, Supermint delights visually and functionally, giving you the power to customize your site with just a click of the mouse. And if Supermints numerous features, robust options, and arresting design werent enough, rest assured knowing that your theme is backed by Myconcretelab customer service.     ','Graphic Design','Lorem ipsum dolor sit amet, consectetuer adipiscing elit.','/portfolio/graphic-design','2015-09-04 15:36:00','2015-09-07 10:16:07',NULL,0),(187,'Impress your audience with Supermint Clean, and stately aesthetic. From its stunning features and custom templates to the plethora of theme options, Supermint delights visually and functionally, giving you the power to customize your site with just a click of the mouse. And if Supermints numerous features, robust options, and arresting design werent enough, rest assured knowing that your theme is backed by Myconcretelab customer service.     ','Typo creation','Lorem ipsum dolor sit amet, consectetuer adipiscing elit.','/portfolio/typo-creation','2015-09-04 15:36:00','2015-09-07 10:17:01',NULL,0),(188,'Impress your audience with Supermint Clean, and stately aesthetic. From its stunning features and custom templates to the plethora of theme options, Supermint delights visually and functionally, giving you the power to customize your site with just a click of the mouse. And if Supermints numerous features, robust options, and arresting design werent enough, rest assured knowing that your theme is backed by Myconcretelab customer service.     ','Folder Creation','Lorem ipsum dolor sit amet, consectetuer adipiscing elit.','/portfolio/folder-creation','2015-09-04 15:36:00','2015-09-07 10:17:34',NULL,0),(180,' Lorem ipsum dolor sit amet, consectetuer adipiscing elit. Aenean commodo ligula eget dolor. Aenean massa. Cum sociis natoque penatibus et magnis dis parturient montes, nascetur ridiculus mus. Donec quam felis, ultricies nec, pellentesque eu, pretium quis, sem. Last Works : All works   ','Portfolio','Lorem ipsum dolor sit amet, consectetuer adipiscing elit. Aenean commodo ligula eget dolor.','/portfolio','2015-09-04 15:36:26','2015-09-07 10:20:07',NULL,0),(189,'Impress your audience with Supermint Clean, and stately aesthetic. From its stunning features and custom templates to the plethora of theme options, Supermint delights visually and functionally, giving you the power to customize your site with just a click of the mouse. And if Supermints numerous features, robust options, and arresting design werent enough, rest assured knowing that your theme is backed by Myconcretelab customer service.     ','Awesome theme','Lorem ipsum dolor sit amet, consectetuer adipiscing elit. ','/portfolio/awesome-theme','2015-09-04 15:36:00','2015-09-07 10:18:06',NULL,0),(199,'','Site Logo',NULL,'/!stacks/site-logo','2015-09-04 16:48:36','2015-09-04 16:49:21',NULL,0),(174,'','Responsive Navigation',NULL,'/!stacks/responsive-navigation','2015-09-04 15:36:25','2015-10-29 11:08:18',NULL,0),(222,'','Waiting for Me','','/dashboard/welcome/me','2017-03-08 15:55:46','2017-03-08 15:55:47',NULL,0);
/*!40000 ALTER TABLE `PageSearchIndex` ENABLE KEYS */;
UNLOCK TABLES;

--
-- Table structure for table `PageTemplates`
--

DROP TABLE IF EXISTS `PageTemplates`;
/*!40101 SET @saved_cs_client     = @@character_set_client */;
/*!40101 SET character_set_client = utf8 */;
CREATE TABLE `PageTemplates` (
  `pTemplateID` int(11) NOT NULL AUTO_INCREMENT,
  `pTemplateHandle` varchar(255) COLLATE utf8_unicode_ci NOT NULL,
  `pTemplateIcon` varchar(255) COLLATE utf8_unicode_ci NOT NULL,
  `pTemplateName` varchar(255) COLLATE utf8_unicode_ci NOT NULL,
  `pTemplateIsInternal` tinyint(1) NOT NULL,
  `pkgID` int(11) NOT NULL,
  PRIMARY KEY (`pTemplateID`)
) ENGINE=InnoDB AUTO_INCREMENT=11 DEFAULT CHARSET=utf8 COLLATE=utf8_unicode_ci;
/*!40101 SET character_set_client = @saved_cs_client */;

--
-- Dumping data for table `PageTemplates`
--

LOCK TABLES `PageTemplates` WRITE;
/*!40000 ALTER TABLE `PageTemplates` DISABLE KEYS */;
INSERT INTO `PageTemplates` VALUES (1,'core_stack','','Stack',1,0),(2,'dashboard_primary_five','','Dashboard Primary + Five',1,0),(3,'dashboard_header_four_col','','Dashboard Header + Four Column',1,0),(4,'dashboard_full','','Dashboard Full',1,0),(5,'full','full.png','Full',0,0),(6,'left_sidebar','left_sidebar.png','Left Sidebar',0,1),(7,'right_sidebar','right_sidebar.png','Right Sidebar',0,1),(8,'wide','full.png','Wide',0,1),(9,'full_wide','full.png','Full Wide',0,1),(10,'desktop','full.png','Desktop',1,0);
/*!40000 ALTER TABLE `PageTemplates` ENABLE KEYS */;
UNLOCK TABLES;

--
-- Table structure for table `PageThemeCustomStyles`
--

DROP TABLE IF EXISTS `PageThemeCustomStyles`;
/*!40101 SET @saved_cs_client     = @@character_set_client */;
/*!40101 SET character_set_client = utf8 */;
CREATE TABLE `PageThemeCustomStyles` (
  `pThemeID` int(10) unsigned NOT NULL DEFAULT '0',
  `scvlID` int(10) unsigned DEFAULT '0',
  `preset` varchar(255) COLLATE utf8_unicode_ci DEFAULT NULL,
  `sccRecordID` int(10) unsigned DEFAULT '0',
  PRIMARY KEY (`pThemeID`),
  KEY `scvlID` (`scvlID`),
  KEY `sccRecordID` (`sccRecordID`)
) ENGINE=InnoDB DEFAULT CHARSET=utf8 COLLATE=utf8_unicode_ci;
/*!40101 SET character_set_client = @saved_cs_client */;

--
-- Dumping data for table `PageThemeCustomStyles`
--

LOCK TABLES `PageThemeCustomStyles` WRITE;
/*!40000 ALTER TABLE `PageThemeCustomStyles` DISABLE KEYS */;
INSERT INTO `PageThemeCustomStyles` VALUES (2,2,'portfolied',0);
/*!40000 ALTER TABLE `PageThemeCustomStyles` ENABLE KEYS */;
UNLOCK TABLES;

--
-- Table structure for table `PageThemes`
--

DROP TABLE IF EXISTS `PageThemes`;
/*!40101 SET @saved_cs_client     = @@character_set_client */;
/*!40101 SET character_set_client = utf8 */;
CREATE TABLE `PageThemes` (
  `pThemeID` int(10) unsigned NOT NULL AUTO_INCREMENT,
  `pThemeHandle` varchar(64) COLLATE utf8_unicode_ci NOT NULL,
  `pThemeName` varchar(255) COLLATE utf8_unicode_ci DEFAULT NULL,
  `pThemeDescription` text COLLATE utf8_unicode_ci,
  `pkgID` int(10) unsigned NOT NULL DEFAULT '0',
  `pThemeHasCustomClass` tinyint(1) NOT NULL DEFAULT '0',
  PRIMARY KEY (`pThemeID`),
  UNIQUE KEY `ptHandle` (`pThemeHandle`),
  KEY `pkgID` (`pkgID`)
) ENGINE=InnoDB AUTO_INCREMENT=3 DEFAULT CHARSET=utf8 COLLATE=utf8_unicode_ci;
/*!40101 SET character_set_client = @saved_cs_client */;

--
-- Dumping data for table `PageThemes`
--

LOCK TABLES `PageThemes` WRITE;
/*!40000 ALTER TABLE `PageThemes` DISABLE KEYS */;
INSERT INTO `PageThemes` VALUES (1,'elemental','Elemental','Elegant, spacious theme with support for blogs, portfolios, layouts and more.',0,1),(2,'supermint','Supermint','A very clean and responsive theme for Concrete5',1,1);
/*!40000 ALTER TABLE `PageThemes` ENABLE KEYS */;
UNLOCK TABLES;

--
-- Table structure for table `PageTypeComposerControlTypes`
--

DROP TABLE IF EXISTS `PageTypeComposerControlTypes`;
/*!40101 SET @saved_cs_client     = @@character_set_client */;
/*!40101 SET character_set_client = utf8 */;
CREATE TABLE `PageTypeComposerControlTypes` (
  `ptComposerControlTypeID` int(10) unsigned NOT NULL AUTO_INCREMENT,
  `ptComposerControlTypeHandle` varchar(255) COLLATE utf8_unicode_ci DEFAULT NULL,
  `ptComposerControlTypeName` varchar(255) COLLATE utf8_unicode_ci DEFAULT NULL,
  `pkgID` int(10) unsigned NOT NULL DEFAULT '0',
  PRIMARY KEY (`ptComposerControlTypeID`),
  UNIQUE KEY `ptComposerControlTypeHandle` (`ptComposerControlTypeHandle`),
  KEY `pkgID` (`pkgID`)
) ENGINE=InnoDB AUTO_INCREMENT=4 DEFAULT CHARSET=utf8 COLLATE=utf8_unicode_ci;
/*!40101 SET character_set_client = @saved_cs_client */;

--
-- Dumping data for table `PageTypeComposerControlTypes`
--

LOCK TABLES `PageTypeComposerControlTypes` WRITE;
/*!40000 ALTER TABLE `PageTypeComposerControlTypes` DISABLE KEYS */;
INSERT INTO `PageTypeComposerControlTypes` VALUES (1,'core_page_property','Built-In Properties',0),(2,'collection_attribute','Custom Attributes',0),(3,'block','Block',0);
/*!40000 ALTER TABLE `PageTypeComposerControlTypes` ENABLE KEYS */;
UNLOCK TABLES;

--
-- Table structure for table `PageTypeComposerFormLayoutSetControls`
--

DROP TABLE IF EXISTS `PageTypeComposerFormLayoutSetControls`;
/*!40101 SET @saved_cs_client     = @@character_set_client */;
/*!40101 SET character_set_client = utf8 */;
CREATE TABLE `PageTypeComposerFormLayoutSetControls` (
  `ptComposerFormLayoutSetControlID` int(10) unsigned NOT NULL AUTO_INCREMENT,
  `ptComposerFormLayoutSetID` int(10) unsigned DEFAULT '0',
  `ptComposerControlTypeID` int(10) unsigned DEFAULT '0',
  `ptComposerControlObject` longtext COLLATE utf8_unicode_ci,
  `ptComposerFormLayoutSetControlDisplayOrder` int(10) unsigned DEFAULT '0',
  `ptComposerFormLayoutSetControlCustomLabel` varchar(255) COLLATE utf8_unicode_ci DEFAULT NULL,
  `ptComposerFormLayoutSetControlCustomTemplate` varchar(255) COLLATE utf8_unicode_ci DEFAULT NULL,
  `ptComposerFormLayoutSetControlDescription` varchar(255) COLLATE utf8_unicode_ci DEFAULT NULL,
  `ptComposerFormLayoutSetControlRequired` int(11) DEFAULT '0',
  PRIMARY KEY (`ptComposerFormLayoutSetControlID`),
  KEY `ptComposerControlTypeID` (`ptComposerControlTypeID`)
) ENGINE=InnoDB AUTO_INCREMENT=28 DEFAULT CHARSET=utf8 COLLATE=utf8_unicode_ci;
/*!40101 SET character_set_client = @saved_cs_client */;

--
-- Dumping data for table `PageTypeComposerFormLayoutSetControls`
--

LOCK TABLES `PageTypeComposerFormLayoutSetControls` WRITE;
/*!40000 ALTER TABLE `PageTypeComposerFormLayoutSetControls` DISABLE KEYS */;
INSERT INTO `PageTypeComposerFormLayoutSetControls` VALUES (7,3,1,'O:78:\"Concrete\\Core\\Page\\Type\\Composer\\Control\\CorePageProperty\\NameCorePageProperty\":13:{s:37:\"\0*\0ptComposerControlRequiredByDefault\";b:1;s:17:\"\0*\0propertyHandle\";s:4:\"name\";s:30:\"\0*\0ptComposerControlTypeHandle\";s:18:\"core_page_property\";s:30:\"\0*\0ptComposerControlIdentifier\";s:4:\"name\";s:24:\"\0*\0ptComposerControlName\";s:9:\"Page Name\";s:27:\"\0*\0ptComposerControlIconSRC\";s:62:\"/supermint3.demo.portofolied/concrete/attributes/text/icon.png\";s:33:\"\0*\0ptComposerControlIconFormatter\";N;s:20:\"\0*\0ptComposerControl\";N;s:41:\"\0*\0ptComposerControlRequiredOnThisRequest\";b:0;s:31:\"\0*\0ptComposerControlCustomLabel\";N;s:31:\"\0*\0ptComposerControlDescription\";N;s:5:\"error\";s:0:\"\";s:36:\"ptComposerFormLayoutSetControlObject\";O:53:\"Concrete\\Core\\Page\\Type\\Composer\\FormLayoutSetControl\":11:{s:23:\"\0*\0ptTargetParentPageID\";i:0;s:5:\"error\";s:0:\"\";s:32:\"ptComposerFormLayoutSetControlID\";s:1:\"7\";s:25:\"ptComposerFormLayoutSetID\";s:1:\"3\";s:23:\"ptComposerControlTypeID\";s:1:\"1\";s:23:\"ptComposerControlObject\";r:1;s:42:\"ptComposerFormLayoutSetControlDisplayOrder\";s:1:\"0\";s:41:\"ptComposerFormLayoutSetControlCustomLabel\";s:9:\"Page Name\";s:44:\"ptComposerFormLayoutSetControlCustomTemplate\";N;s:41:\"ptComposerFormLayoutSetControlDescription\";N;s:38:\"ptComposerFormLayoutSetControlRequired\";s:1:\"1\";}}',0,'Page Name',NULL,NULL,1),(8,3,1,'O:85:\"Concrete\\Core\\Page\\Type\\Composer\\Control\\CorePageProperty\\DescriptionCorePageProperty\":13:{s:17:\"\0*\0propertyHandle\";s:11:\"description\";s:30:\"\0*\0ptComposerControlTypeHandle\";s:18:\"core_page_property\";s:30:\"\0*\0ptComposerControlIdentifier\";s:11:\"description\";s:24:\"\0*\0ptComposerControlName\";s:11:\"Description\";s:27:\"\0*\0ptComposerControlIconSRC\";s:66:\"/supermint3.demo.portofolied/concrete/attributes/textarea/icon.png\";s:33:\"\0*\0ptComposerControlIconFormatter\";N;s:20:\"\0*\0ptComposerControl\";N;s:37:\"\0*\0ptComposerControlRequiredByDefault\";b:0;s:41:\"\0*\0ptComposerControlRequiredOnThisRequest\";b:0;s:31:\"\0*\0ptComposerControlCustomLabel\";N;s:31:\"\0*\0ptComposerControlDescription\";N;s:5:\"error\";s:0:\"\";s:36:\"ptComposerFormLayoutSetControlObject\";O:53:\"Concrete\\Core\\Page\\Type\\Composer\\FormLayoutSetControl\":11:{s:23:\"\0*\0ptTargetParentPageID\";i:0;s:5:\"error\";s:0:\"\";s:32:\"ptComposerFormLayoutSetControlID\";s:1:\"8\";s:25:\"ptComposerFormLayoutSetID\";s:1:\"3\";s:23:\"ptComposerControlTypeID\";s:1:\"1\";s:23:\"ptComposerControlObject\";r:1;s:42:\"ptComposerFormLayoutSetControlDisplayOrder\";s:1:\"1\";s:41:\"ptComposerFormLayoutSetControlCustomLabel\";N;s:44:\"ptComposerFormLayoutSetControlCustomTemplate\";N;s:41:\"ptComposerFormLayoutSetControlDescription\";N;s:38:\"ptComposerFormLayoutSetControlRequired\";s:1:\"0\";}}',1,NULL,NULL,NULL,0),(9,3,1,'O:81:\"Concrete\\Core\\Page\\Type\\Composer\\Control\\CorePageProperty\\UrlSlugCorePageProperty\":13:{s:17:\"\0*\0propertyHandle\";s:8:\"url_slug\";s:30:\"\0*\0ptComposerControlTypeHandle\";s:18:\"core_page_property\";s:30:\"\0*\0ptComposerControlIdentifier\";s:8:\"url_slug\";s:24:\"\0*\0ptComposerControlName\";s:8:\"URL Slug\";s:27:\"\0*\0ptComposerControlIconSRC\";s:62:\"/supermint3.demo.portofolied/concrete/attributes/text/icon.png\";s:33:\"\0*\0ptComposerControlIconFormatter\";N;s:20:\"\0*\0ptComposerControl\";N;s:37:\"\0*\0ptComposerControlRequiredByDefault\";b:0;s:41:\"\0*\0ptComposerControlRequiredOnThisRequest\";b:0;s:31:\"\0*\0ptComposerControlCustomLabel\";N;s:31:\"\0*\0ptComposerControlDescription\";N;s:5:\"error\";s:0:\"\";s:36:\"ptComposerFormLayoutSetControlObject\";O:53:\"Concrete\\Core\\Page\\Type\\Composer\\FormLayoutSetControl\":11:{s:23:\"\0*\0ptTargetParentPageID\";i:0;s:5:\"error\";s:0:\"\";s:32:\"ptComposerFormLayoutSetControlID\";s:1:\"9\";s:25:\"ptComposerFormLayoutSetID\";s:1:\"3\";s:23:\"ptComposerControlTypeID\";s:1:\"1\";s:23:\"ptComposerControlObject\";r:1;s:42:\"ptComposerFormLayoutSetControlDisplayOrder\";s:1:\"2\";s:41:\"ptComposerFormLayoutSetControlCustomLabel\";N;s:44:\"ptComposerFormLayoutSetControlCustomTemplate\";N;s:41:\"ptComposerFormLayoutSetControlDescription\";N;s:38:\"ptComposerFormLayoutSetControlRequired\";s:1:\"0\";}}',2,NULL,NULL,NULL,0),(10,3,1,'O:86:\"Concrete\\Core\\Page\\Type\\Composer\\Control\\CorePageProperty\\PageTemplateCorePageProperty\":13:{s:17:\"\0*\0propertyHandle\";s:13:\"page_template\";s:30:\"\0*\0ptComposerControlTypeHandle\";s:18:\"core_page_property\";s:30:\"\0*\0ptComposerControlIdentifier\";s:13:\"page_template\";s:24:\"\0*\0ptComposerControlName\";s:13:\"Page Template\";s:27:\"\0*\0ptComposerControlIconSRC\";s:64:\"/supermint3.demo.portofolied/concrete/attributes/select/icon.png\";s:33:\"\0*\0ptComposerControlIconFormatter\";N;s:20:\"\0*\0ptComposerControl\";N;s:37:\"\0*\0ptComposerControlRequiredByDefault\";b:0;s:41:\"\0*\0ptComposerControlRequiredOnThisRequest\";b:0;s:31:\"\0*\0ptComposerControlCustomLabel\";N;s:31:\"\0*\0ptComposerControlDescription\";N;s:5:\"error\";s:0:\"\";s:36:\"ptComposerFormLayoutSetControlObject\";O:53:\"Concrete\\Core\\Page\\Type\\Composer\\FormLayoutSetControl\":11:{s:23:\"\0*\0ptTargetParentPageID\";i:0;s:5:\"error\";s:0:\"\";s:32:\"ptComposerFormLayoutSetControlID\";s:2:\"10\";s:25:\"ptComposerFormLayoutSetID\";s:1:\"3\";s:23:\"ptComposerControlTypeID\";s:1:\"1\";s:23:\"ptComposerControlObject\";r:1;s:42:\"ptComposerFormLayoutSetControlDisplayOrder\";s:1:\"3\";s:41:\"ptComposerFormLayoutSetControlCustomLabel\";N;s:44:\"ptComposerFormLayoutSetControlCustomTemplate\";N;s:41:\"ptComposerFormLayoutSetControlDescription\";N;s:38:\"ptComposerFormLayoutSetControlRequired\";s:1:\"0\";}}',3,NULL,NULL,NULL,0),(11,3,1,'O:87:\"Concrete\\Core\\Page\\Type\\Composer\\Control\\CorePageProperty\\PublishTargetCorePageProperty\":13:{s:17:\"\0*\0propertyHandle\";s:14:\"publish_target\";s:30:\"\0*\0ptComposerControlTypeHandle\";s:18:\"core_page_property\";s:30:\"\0*\0ptComposerControlIdentifier\";s:14:\"publish_target\";s:24:\"\0*\0ptComposerControlName\";s:13:\"Page Location\";s:27:\"\0*\0ptComposerControlIconSRC\";s:68:\"/supermint3.demo.portofolied/concrete/attributes/image_file/icon.png\";s:33:\"\0*\0ptComposerControlIconFormatter\";N;s:20:\"\0*\0ptComposerControl\";N;s:37:\"\0*\0ptComposerControlRequiredByDefault\";b:0;s:41:\"\0*\0ptComposerControlRequiredOnThisRequest\";b:0;s:31:\"\0*\0ptComposerControlCustomLabel\";N;s:31:\"\0*\0ptComposerControlDescription\";N;s:5:\"error\";s:0:\"\";s:36:\"ptComposerFormLayoutSetControlObject\";O:53:\"Concrete\\Core\\Page\\Type\\Composer\\FormLayoutSetControl\":11:{s:23:\"\0*\0ptTargetParentPageID\";i:0;s:5:\"error\";s:0:\"\";s:32:\"ptComposerFormLayoutSetControlID\";s:2:\"11\";s:25:\"ptComposerFormLayoutSetID\";s:1:\"3\";s:23:\"ptComposerControlTypeID\";s:1:\"1\";s:23:\"ptComposerControlObject\";r:1;s:42:\"ptComposerFormLayoutSetControlDisplayOrder\";s:1:\"4\";s:41:\"ptComposerFormLayoutSetControlCustomLabel\";N;s:44:\"ptComposerFormLayoutSetControlCustomTemplate\";N;s:41:\"ptComposerFormLayoutSetControlDescription\";N;s:38:\"ptComposerFormLayoutSetControlRequired\";s:1:\"0\";}}',4,NULL,NULL,NULL,0),(12,4,3,'O:53:\"Concrete\\Core\\Page\\Type\\Composer\\Control\\BlockControl\":16:{s:7:\"\0*\0btID\";i:12;s:30:\"\0*\0ptComposerControlTypeHandle\";s:5:\"block\";s:5:\"\0*\0bt\";b:0;s:4:\"\0*\0b\";b:0;s:13:\"\0*\0controller\";N;s:30:\"\0*\0ptComposerControlIdentifier\";i:12;s:24:\"\0*\0ptComposerControlName\";s:7:\"Content\";s:27:\"\0*\0ptComposerControlIconSRC\";s:61:\"/supermint3.demo.portofolied/concrete/blocks/content/icon.png\";s:33:\"\0*\0ptComposerControlIconFormatter\";N;s:20:\"\0*\0ptComposerControl\";N;s:37:\"\0*\0ptComposerControlRequiredByDefault\";b:0;s:41:\"\0*\0ptComposerControlRequiredOnThisRequest\";b:0;s:31:\"\0*\0ptComposerControlCustomLabel\";N;s:31:\"\0*\0ptComposerControlDescription\";N;s:5:\"error\";s:0:\"\";s:36:\"ptComposerFormLayoutSetControlObject\";O:53:\"Concrete\\Core\\Page\\Type\\Composer\\FormLayoutSetControl\":11:{s:23:\"\0*\0ptTargetParentPageID\";i:0;s:5:\"error\";s:0:\"\";s:32:\"ptComposerFormLayoutSetControlID\";s:2:\"12\";s:25:\"ptComposerFormLayoutSetID\";s:1:\"4\";s:23:\"ptComposerControlTypeID\";s:1:\"3\";s:23:\"ptComposerControlObject\";r:1;s:42:\"ptComposerFormLayoutSetControlDisplayOrder\";s:1:\"0\";s:41:\"ptComposerFormLayoutSetControlCustomLabel\";s:4:\"Body\";s:44:\"ptComposerFormLayoutSetControlCustomTemplate\";N;s:41:\"ptComposerFormLayoutSetControlDescription\";N;s:38:\"ptComposerFormLayoutSetControlRequired\";s:1:\"0\";}}',0,'Body',NULL,NULL,0),(13,5,1,'O:78:\"Concrete\\Core\\Page\\Type\\Composer\\Control\\CorePageProperty\\NameCorePageProperty\":13:{s:37:\"\0*\0ptComposerControlRequiredByDefault\";b:1;s:17:\"\0*\0propertyHandle\";s:4:\"name\";s:30:\"\0*\0ptComposerControlTypeHandle\";s:18:\"core_page_property\";s:30:\"\0*\0ptComposerControlIdentifier\";s:4:\"name\";s:24:\"\0*\0ptComposerControlName\";s:9:\"Page Name\";s:27:\"\0*\0ptComposerControlIconSRC\";s:62:\"/supermint3.demo.portofolied/concrete/attributes/text/icon.png\";s:33:\"\0*\0ptComposerControlIconFormatter\";N;s:20:\"\0*\0ptComposerControl\";N;s:41:\"\0*\0ptComposerControlRequiredOnThisRequest\";b:0;s:31:\"\0*\0ptComposerControlCustomLabel\";N;s:31:\"\0*\0ptComposerControlDescription\";N;s:5:\"error\";s:0:\"\";s:36:\"ptComposerFormLayoutSetControlObject\";O:53:\"Concrete\\Core\\Page\\Type\\Composer\\FormLayoutSetControl\":11:{s:23:\"\0*\0ptTargetParentPageID\";i:0;s:5:\"error\";s:0:\"\";s:32:\"ptComposerFormLayoutSetControlID\";s:2:\"13\";s:25:\"ptComposerFormLayoutSetID\";s:1:\"5\";s:23:\"ptComposerControlTypeID\";s:1:\"1\";s:23:\"ptComposerControlObject\";r:1;s:42:\"ptComposerFormLayoutSetControlDisplayOrder\";s:1:\"0\";s:41:\"ptComposerFormLayoutSetControlCustomLabel\";N;s:44:\"ptComposerFormLayoutSetControlCustomTemplate\";N;s:41:\"ptComposerFormLayoutSetControlDescription\";N;s:38:\"ptComposerFormLayoutSetControlRequired\";s:1:\"1\";}}',0,NULL,NULL,NULL,1),(14,5,1,'O:85:\"Concrete\\Core\\Page\\Type\\Composer\\Control\\CorePageProperty\\DescriptionCorePageProperty\":13:{s:17:\"\0*\0propertyHandle\";s:11:\"description\";s:30:\"\0*\0ptComposerControlTypeHandle\";s:18:\"core_page_property\";s:30:\"\0*\0ptComposerControlIdentifier\";s:11:\"description\";s:24:\"\0*\0ptComposerControlName\";s:11:\"Description\";s:27:\"\0*\0ptComposerControlIconSRC\";s:66:\"/supermint3.demo.portofolied/concrete/attributes/textarea/icon.png\";s:33:\"\0*\0ptComposerControlIconFormatter\";N;s:20:\"\0*\0ptComposerControl\";N;s:37:\"\0*\0ptComposerControlRequiredByDefault\";b:0;s:41:\"\0*\0ptComposerControlRequiredOnThisRequest\";b:0;s:31:\"\0*\0ptComposerControlCustomLabel\";N;s:31:\"\0*\0ptComposerControlDescription\";N;s:5:\"error\";s:0:\"\";s:36:\"ptComposerFormLayoutSetControlObject\";O:53:\"Concrete\\Core\\Page\\Type\\Composer\\FormLayoutSetControl\":11:{s:23:\"\0*\0ptTargetParentPageID\";i:0;s:5:\"error\";s:0:\"\";s:32:\"ptComposerFormLayoutSetControlID\";s:2:\"14\";s:25:\"ptComposerFormLayoutSetID\";s:1:\"5\";s:23:\"ptComposerControlTypeID\";s:1:\"1\";s:23:\"ptComposerControlObject\";r:1;s:42:\"ptComposerFormLayoutSetControlDisplayOrder\";s:1:\"1\";s:41:\"ptComposerFormLayoutSetControlCustomLabel\";N;s:44:\"ptComposerFormLayoutSetControlCustomTemplate\";N;s:41:\"ptComposerFormLayoutSetControlDescription\";N;s:38:\"ptComposerFormLayoutSetControlRequired\";s:1:\"0\";}}',1,NULL,NULL,NULL,0),(15,5,1,'O:82:\"Concrete\\Core\\Page\\Type\\Composer\\Control\\CorePageProperty\\DateTimeCorePageProperty\":13:{s:17:\"\0*\0propertyHandle\";s:9:\"date_time\";s:30:\"\0*\0ptComposerControlTypeHandle\";s:18:\"core_page_property\";s:30:\"\0*\0ptComposerControlIdentifier\";s:9:\"date_time\";s:24:\"\0*\0ptComposerControlName\";s:16:\"Public Date/Time\";s:27:\"\0*\0ptComposerControlIconSRC\";s:67:\"/supermint3.demo.portofolied/concrete/attributes/date_time/icon.png\";s:33:\"\0*\0ptComposerControlIconFormatter\";N;s:20:\"\0*\0ptComposerControl\";N;s:37:\"\0*\0ptComposerControlRequiredByDefault\";b:0;s:41:\"\0*\0ptComposerControlRequiredOnThisRequest\";b:0;s:31:\"\0*\0ptComposerControlCustomLabel\";N;s:31:\"\0*\0ptComposerControlDescription\";N;s:5:\"error\";s:0:\"\";s:36:\"ptComposerFormLayoutSetControlObject\";O:53:\"Concrete\\Core\\Page\\Type\\Composer\\FormLayoutSetControl\":11:{s:23:\"\0*\0ptTargetParentPageID\";i:0;s:5:\"error\";s:0:\"\";s:32:\"ptComposerFormLayoutSetControlID\";s:2:\"15\";s:25:\"ptComposerFormLayoutSetID\";s:1:\"5\";s:23:\"ptComposerControlTypeID\";s:1:\"1\";s:23:\"ptComposerControlObject\";r:1;s:42:\"ptComposerFormLayoutSetControlDisplayOrder\";s:1:\"2\";s:41:\"ptComposerFormLayoutSetControlCustomLabel\";N;s:44:\"ptComposerFormLayoutSetControlCustomTemplate\";N;s:41:\"ptComposerFormLayoutSetControlDescription\";N;s:38:\"ptComposerFormLayoutSetControlRequired\";s:1:\"0\";}}',2,NULL,NULL,NULL,0),(16,5,2,'O:67:\"Concrete\\Core\\Page\\Type\\Composer\\Control\\CollectionAttributeControl\":1:{s:7:\"\0*\0akID\";s:1:\"8\";}',3,NULL,NULL,NULL,0),(17,6,2,'O:67:\"Concrete\\Core\\Page\\Type\\Composer\\Control\\CollectionAttributeControl\":1:{s:7:\"\0*\0akID\";s:2:\"20\";}',0,NULL,NULL,NULL,0),(18,6,2,'O:67:\"Concrete\\Core\\Page\\Type\\Composer\\Control\\CollectionAttributeControl\":1:{s:7:\"\0*\0akID\";s:2:\"19\";}',1,NULL,NULL,NULL,0),(19,7,3,'O:53:\"Concrete\\Core\\Page\\Type\\Composer\\Control\\BlockControl\":16:{s:7:\"\0*\0btID\";i:12;s:30:\"\0*\0ptComposerControlTypeHandle\";s:5:\"block\";s:5:\"\0*\0bt\";b:0;s:4:\"\0*\0b\";b:0;s:13:\"\0*\0controller\";N;s:30:\"\0*\0ptComposerControlIdentifier\";i:12;s:24:\"\0*\0ptComposerControlName\";s:7:\"Content\";s:27:\"\0*\0ptComposerControlIconSRC\";s:61:\"/supermint3.demo.portofolied/concrete/blocks/content/icon.png\";s:33:\"\0*\0ptComposerControlIconFormatter\";N;s:20:\"\0*\0ptComposerControl\";N;s:37:\"\0*\0ptComposerControlRequiredByDefault\";b:0;s:41:\"\0*\0ptComposerControlRequiredOnThisRequest\";b:0;s:31:\"\0*\0ptComposerControlCustomLabel\";N;s:31:\"\0*\0ptComposerControlDescription\";N;s:5:\"error\";s:0:\"\";s:36:\"ptComposerFormLayoutSetControlObject\";O:53:\"Concrete\\Core\\Page\\Type\\Composer\\FormLayoutSetControl\":11:{s:23:\"\0*\0ptTargetParentPageID\";i:0;s:5:\"error\";s:0:\"\";s:32:\"ptComposerFormLayoutSetControlID\";s:2:\"19\";s:25:\"ptComposerFormLayoutSetID\";s:1:\"7\";s:23:\"ptComposerControlTypeID\";s:1:\"3\";s:23:\"ptComposerControlObject\";r:1;s:42:\"ptComposerFormLayoutSetControlDisplayOrder\";s:1:\"0\";s:41:\"ptComposerFormLayoutSetControlCustomLabel\";N;s:44:\"ptComposerFormLayoutSetControlCustomTemplate\";N;s:41:\"ptComposerFormLayoutSetControlDescription\";N;s:38:\"ptComposerFormLayoutSetControlRequired\";s:1:\"0\";}}',0,NULL,NULL,NULL,0),(20,8,1,'O:78:\"Concrete\\Core\\Page\\Type\\Composer\\Control\\CorePageProperty\\NameCorePageProperty\":13:{s:37:\"\0*\0ptComposerControlRequiredByDefault\";b:1;s:17:\"\0*\0propertyHandle\";s:4:\"name\";s:30:\"\0*\0ptComposerControlTypeHandle\";s:18:\"core_page_property\";s:30:\"\0*\0ptComposerControlIdentifier\";s:4:\"name\";s:24:\"\0*\0ptComposerControlName\";s:9:\"Page Name\";s:27:\"\0*\0ptComposerControlIconSRC\";s:62:\"/supermint3.demo.portofolied/concrete/attributes/text/icon.png\";s:33:\"\0*\0ptComposerControlIconFormatter\";N;s:20:\"\0*\0ptComposerControl\";N;s:41:\"\0*\0ptComposerControlRequiredOnThisRequest\";b:0;s:31:\"\0*\0ptComposerControlCustomLabel\";N;s:31:\"\0*\0ptComposerControlDescription\";N;s:5:\"error\";s:0:\"\";s:36:\"ptComposerFormLayoutSetControlObject\";O:53:\"Concrete\\Core\\Page\\Type\\Composer\\FormLayoutSetControl\":11:{s:23:\"\0*\0ptTargetParentPageID\";i:0;s:5:\"error\";s:0:\"\";s:32:\"ptComposerFormLayoutSetControlID\";s:2:\"20\";s:25:\"ptComposerFormLayoutSetID\";s:1:\"8\";s:23:\"ptComposerControlTypeID\";s:1:\"1\";s:23:\"ptComposerControlObject\";r:1;s:42:\"ptComposerFormLayoutSetControlDisplayOrder\";s:1:\"0\";s:41:\"ptComposerFormLayoutSetControlCustomLabel\";N;s:44:\"ptComposerFormLayoutSetControlCustomTemplate\";N;s:41:\"ptComposerFormLayoutSetControlDescription\";N;s:38:\"ptComposerFormLayoutSetControlRequired\";s:1:\"1\";}}',0,NULL,NULL,NULL,1),(21,8,1,'O:85:\"Concrete\\Core\\Page\\Type\\Composer\\Control\\CorePageProperty\\DescriptionCorePageProperty\":13:{s:17:\"\0*\0propertyHandle\";s:11:\"description\";s:30:\"\0*\0ptComposerControlTypeHandle\";s:18:\"core_page_property\";s:30:\"\0*\0ptComposerControlIdentifier\";s:11:\"description\";s:24:\"\0*\0ptComposerControlName\";s:11:\"Description\";s:27:\"\0*\0ptComposerControlIconSRC\";s:66:\"/supermint3.demo.portofolied/concrete/attributes/textarea/icon.png\";s:33:\"\0*\0ptComposerControlIconFormatter\";N;s:20:\"\0*\0ptComposerControl\";N;s:37:\"\0*\0ptComposerControlRequiredByDefault\";b:0;s:41:\"\0*\0ptComposerControlRequiredOnThisRequest\";b:0;s:31:\"\0*\0ptComposerControlCustomLabel\";N;s:31:\"\0*\0ptComposerControlDescription\";N;s:5:\"error\";s:0:\"\";s:36:\"ptComposerFormLayoutSetControlObject\";O:53:\"Concrete\\Core\\Page\\Type\\Composer\\FormLayoutSetControl\":11:{s:23:\"\0*\0ptTargetParentPageID\";i:0;s:5:\"error\";s:0:\"\";s:32:\"ptComposerFormLayoutSetControlID\";s:2:\"21\";s:25:\"ptComposerFormLayoutSetID\";s:1:\"8\";s:23:\"ptComposerControlTypeID\";s:1:\"1\";s:23:\"ptComposerControlObject\";r:1;s:42:\"ptComposerFormLayoutSetControlDisplayOrder\";s:1:\"1\";s:41:\"ptComposerFormLayoutSetControlCustomLabel\";N;s:44:\"ptComposerFormLayoutSetControlCustomTemplate\";N;s:41:\"ptComposerFormLayoutSetControlDescription\";N;s:38:\"ptComposerFormLayoutSetControlRequired\";s:1:\"0\";}}',1,NULL,NULL,NULL,0),(22,8,1,'O:82:\"Concrete\\Core\\Page\\Type\\Composer\\Control\\CorePageProperty\\DateTimeCorePageProperty\":13:{s:17:\"\0*\0propertyHandle\";s:9:\"date_time\";s:30:\"\0*\0ptComposerControlTypeHandle\";s:18:\"core_page_property\";s:30:\"\0*\0ptComposerControlIdentifier\";s:9:\"date_time\";s:24:\"\0*\0ptComposerControlName\";s:16:\"Public Date/Time\";s:27:\"\0*\0ptComposerControlIconSRC\";s:67:\"/supermint3.demo.portofolied/concrete/attributes/date_time/icon.png\";s:33:\"\0*\0ptComposerControlIconFormatter\";N;s:20:\"\0*\0ptComposerControl\";N;s:37:\"\0*\0ptComposerControlRequiredByDefault\";b:0;s:41:\"\0*\0ptComposerControlRequiredOnThisRequest\";b:0;s:31:\"\0*\0ptComposerControlCustomLabel\";N;s:31:\"\0*\0ptComposerControlDescription\";N;s:5:\"error\";s:0:\"\";s:36:\"ptComposerFormLayoutSetControlObject\";O:53:\"Concrete\\Core\\Page\\Type\\Composer\\FormLayoutSetControl\":11:{s:23:\"\0*\0ptTargetParentPageID\";i:0;s:5:\"error\";s:0:\"\";s:32:\"ptComposerFormLayoutSetControlID\";s:2:\"22\";s:25:\"ptComposerFormLayoutSetID\";s:1:\"8\";s:23:\"ptComposerControlTypeID\";s:1:\"1\";s:23:\"ptComposerControlObject\";r:1;s:42:\"ptComposerFormLayoutSetControlDisplayOrder\";s:1:\"2\";s:41:\"ptComposerFormLayoutSetControlCustomLabel\";N;s:44:\"ptComposerFormLayoutSetControlCustomTemplate\";N;s:41:\"ptComposerFormLayoutSetControlDescription\";N;s:38:\"ptComposerFormLayoutSetControlRequired\";s:1:\"0\";}}',2,NULL,NULL,NULL,0),(23,8,2,'O:67:\"Concrete\\Core\\Page\\Type\\Composer\\Control\\CollectionAttributeControl\":1:{s:7:\"\0*\0akID\";s:1:\"8\";}',3,NULL,NULL,NULL,0),(24,9,2,'O:67:\"Concrete\\Core\\Page\\Type\\Composer\\Control\\CollectionAttributeControl\":1:{s:7:\"\0*\0akID\";s:2:\"20\";}',0,NULL,NULL,NULL,0),(25,9,2,'O:67:\"Concrete\\Core\\Page\\Type\\Composer\\Control\\CollectionAttributeControl\":1:{s:7:\"\0*\0akID\";s:2:\"19\";}',1,NULL,NULL,NULL,0),(26,9,3,'O:53:\"Concrete\\Core\\Page\\Type\\Composer\\Control\\BlockControl\":16:{s:7:\"\0*\0btID\";i:27;s:30:\"\0*\0ptComposerControlTypeHandle\";s:5:\"block\";s:5:\"\0*\0bt\";b:0;s:4:\"\0*\0b\";b:0;s:13:\"\0*\0controller\";N;s:30:\"\0*\0ptComposerControlIdentifier\";i:27;s:24:\"\0*\0ptComposerControlName\";s:5:\"Image\";s:27:\"\0*\0ptComposerControlIconSRC\";s:59:\"/supermint3.demo.portofolied/concrete/blocks/image/icon.png\";s:33:\"\0*\0ptComposerControlIconFormatter\";N;s:20:\"\0*\0ptComposerControl\";N;s:37:\"\0*\0ptComposerControlRequiredByDefault\";b:0;s:41:\"\0*\0ptComposerControlRequiredOnThisRequest\";b:0;s:31:\"\0*\0ptComposerControlCustomLabel\";N;s:31:\"\0*\0ptComposerControlDescription\";N;s:5:\"error\";s:0:\"\";s:36:\"ptComposerFormLayoutSetControlObject\";O:53:\"Concrete\\Core\\Page\\Type\\Composer\\FormLayoutSetControl\":11:{s:23:\"\0*\0ptTargetParentPageID\";i:0;s:5:\"error\";s:0:\"\";s:32:\"ptComposerFormLayoutSetControlID\";s:2:\"26\";s:25:\"ptComposerFormLayoutSetID\";s:1:\"9\";s:23:\"ptComposerControlTypeID\";s:1:\"3\";s:23:\"ptComposerControlObject\";r:1;s:42:\"ptComposerFormLayoutSetControlDisplayOrder\";s:1:\"2\";s:41:\"ptComposerFormLayoutSetControlCustomLabel\";N;s:44:\"ptComposerFormLayoutSetControlCustomTemplate\";N;s:41:\"ptComposerFormLayoutSetControlDescription\";N;s:38:\"ptComposerFormLayoutSetControlRequired\";s:1:\"0\";}}',2,NULL,NULL,NULL,0),(27,10,3,'O:53:\"Concrete\\Core\\Page\\Type\\Composer\\Control\\BlockControl\":16:{s:7:\"\0*\0btID\";i:12;s:30:\"\0*\0ptComposerControlTypeHandle\";s:5:\"block\";s:5:\"\0*\0bt\";b:0;s:4:\"\0*\0b\";b:0;s:13:\"\0*\0controller\";N;s:30:\"\0*\0ptComposerControlIdentifier\";i:12;s:24:\"\0*\0ptComposerControlName\";s:7:\"Content\";s:27:\"\0*\0ptComposerControlIconSRC\";s:61:\"/supermint3.demo.portofolied/concrete/blocks/content/icon.png\";s:33:\"\0*\0ptComposerControlIconFormatter\";N;s:20:\"\0*\0ptComposerControl\";N;s:37:\"\0*\0ptComposerControlRequiredByDefault\";b:0;s:41:\"\0*\0ptComposerControlRequiredOnThisRequest\";b:0;s:31:\"\0*\0ptComposerControlCustomLabel\";N;s:31:\"\0*\0ptComposerControlDescription\";N;s:5:\"error\";s:0:\"\";s:36:\"ptComposerFormLayoutSetControlObject\";O:53:\"Concrete\\Core\\Page\\Type\\Composer\\FormLayoutSetControl\":11:{s:23:\"\0*\0ptTargetParentPageID\";i:0;s:5:\"error\";s:0:\"\";s:32:\"ptComposerFormLayoutSetControlID\";s:2:\"27\";s:25:\"ptComposerFormLayoutSetID\";s:2:\"10\";s:23:\"ptComposerControlTypeID\";s:1:\"3\";s:23:\"ptComposerControlObject\";r:1;s:42:\"ptComposerFormLayoutSetControlDisplayOrder\";s:1:\"0\";s:41:\"ptComposerFormLayoutSetControlCustomLabel\";N;s:44:\"ptComposerFormLayoutSetControlCustomTemplate\";N;s:41:\"ptComposerFormLayoutSetControlDescription\";N;s:38:\"ptComposerFormLayoutSetControlRequired\";s:1:\"0\";}}',0,NULL,NULL,NULL,0);
/*!40000 ALTER TABLE `PageTypeComposerFormLayoutSetControls` ENABLE KEYS */;
UNLOCK TABLES;

--
-- Table structure for table `PageTypeComposerFormLayoutSets`
--

DROP TABLE IF EXISTS `PageTypeComposerFormLayoutSets`;
/*!40101 SET @saved_cs_client     = @@character_set_client */;
/*!40101 SET character_set_client = utf8 */;
CREATE TABLE `PageTypeComposerFormLayoutSets` (
  `ptComposerFormLayoutSetID` int(10) unsigned NOT NULL AUTO_INCREMENT,
  `ptID` int(10) unsigned DEFAULT '0',
  `ptComposerFormLayoutSetName` varchar(255) COLLATE utf8_unicode_ci DEFAULT NULL,
  `ptComposerFormLayoutSetDescription` text COLLATE utf8_unicode_ci,
  `ptComposerFormLayoutSetDisplayOrder` int(10) unsigned DEFAULT '0',
  PRIMARY KEY (`ptComposerFormLayoutSetID`),
  KEY `ptID` (`ptID`)
) ENGINE=InnoDB AUTO_INCREMENT=11 DEFAULT CHARSET=utf8 COLLATE=utf8_unicode_ci;
/*!40101 SET character_set_client = @saved_cs_client */;

--
-- Dumping data for table `PageTypeComposerFormLayoutSets`
--

LOCK TABLES `PageTypeComposerFormLayoutSets` WRITE;
/*!40000 ALTER TABLE `PageTypeComposerFormLayoutSets` DISABLE KEYS */;
INSERT INTO `PageTypeComposerFormLayoutSets` VALUES (3,7,'Basics','',0),(4,7,'Content','',1),(5,8,'Basics','Set all basic informations',0),(6,8,'Pictures','Set pictures post',1),(7,8,'Content','',2),(8,9,'Basics','',0),(9,9,'Images','',1),(10,9,'Content','',2);
/*!40000 ALTER TABLE `PageTypeComposerFormLayoutSets` ENABLE KEYS */;
UNLOCK TABLES;

--
-- Table structure for table `PageTypeComposerOutputBlocks`
--

DROP TABLE IF EXISTS `PageTypeComposerOutputBlocks`;
/*!40101 SET @saved_cs_client     = @@character_set_client */;
/*!40101 SET character_set_client = utf8 */;
CREATE TABLE `PageTypeComposerOutputBlocks` (
  `ptComposerOutputBlockID` int(10) unsigned NOT NULL AUTO_INCREMENT,
  `cID` int(10) unsigned NOT NULL DEFAULT '0',
  `arHandle` varchar(255) COLLATE utf8_unicode_ci DEFAULT NULL,
  `cbDisplayOrder` int(10) unsigned DEFAULT '0',
  `ptComposerFormLayoutSetControlID` int(10) unsigned NOT NULL DEFAULT '0',
  `bID` int(10) unsigned DEFAULT '0',
  `cvID` int(10) unsigned NOT NULL DEFAULT '0',
  PRIMARY KEY (`ptComposerOutputBlockID`),
  KEY `cID` (`cID`),
  KEY `bID` (`bID`,`cID`),
  KEY `ptComposerFormLayoutSetControlID` (`ptComposerFormLayoutSetControlID`)
) ENGINE=InnoDB DEFAULT CHARSET=utf8 COLLATE=utf8_unicode_ci;
/*!40101 SET character_set_client = @saved_cs_client */;

--
-- Dumping data for table `PageTypeComposerOutputBlocks`
--

LOCK TABLES `PageTypeComposerOutputBlocks` WRITE;
/*!40000 ALTER TABLE `PageTypeComposerOutputBlocks` DISABLE KEYS */;
/*!40000 ALTER TABLE `PageTypeComposerOutputBlocks` ENABLE KEYS */;
UNLOCK TABLES;

--
-- Table structure for table `PageTypeComposerOutputControls`
--

DROP TABLE IF EXISTS `PageTypeComposerOutputControls`;
/*!40101 SET @saved_cs_client     = @@character_set_client */;
/*!40101 SET character_set_client = utf8 */;
CREATE TABLE `PageTypeComposerOutputControls` (
  `ptComposerOutputControlID` int(10) unsigned NOT NULL AUTO_INCREMENT,
  `pTemplateID` int(10) unsigned DEFAULT '0',
  `ptID` int(10) unsigned DEFAULT '0',
  `ptComposerFormLayoutSetControlID` int(10) unsigned DEFAULT '0',
  PRIMARY KEY (`ptComposerOutputControlID`),
  KEY `pTemplateID` (`pTemplateID`,`ptComposerFormLayoutSetControlID`),
  KEY `ptID` (`ptID`),
  KEY `ptComposerFormLayoutSetControlID` (`ptComposerFormLayoutSetControlID`)
) ENGINE=InnoDB AUTO_INCREMENT=26 DEFAULT CHARSET=utf8 COLLATE=utf8_unicode_ci;
/*!40101 SET character_set_client = @saved_cs_client */;

--
-- Dumping data for table `PageTypeComposerOutputControls`
--

LOCK TABLES `PageTypeComposerOutputControls` WRITE;
/*!40000 ALTER TABLE `PageTypeComposerOutputControls` DISABLE KEYS */;
INSERT INTO `PageTypeComposerOutputControls` VALUES (6,5,7,12),(7,9,7,12),(8,6,7,12),(9,7,7,12),(10,8,7,12),(11,5,8,19),(12,9,8,19),(13,6,8,19),(14,7,8,19),(15,8,8,19),(16,5,9,26),(17,9,9,26),(18,6,9,26),(19,7,9,26),(20,8,9,26),(21,5,9,27),(22,9,9,27),(23,6,9,27),(24,7,9,27),(25,8,9,27);
/*!40000 ALTER TABLE `PageTypeComposerOutputControls` ENABLE KEYS */;
UNLOCK TABLES;

--
-- Table structure for table `PageTypePageTemplateDefaultPages`
--

DROP TABLE IF EXISTS `PageTypePageTemplateDefaultPages`;
/*!40101 SET @saved_cs_client     = @@character_set_client */;
/*!40101 SET character_set_client = utf8 */;
CREATE TABLE `PageTypePageTemplateDefaultPages` (
  `pTemplateID` int(10) unsigned NOT NULL DEFAULT '0',
  `ptID` int(10) unsigned NOT NULL DEFAULT '0',
  `cID` int(10) unsigned DEFAULT '0',
  PRIMARY KEY (`pTemplateID`,`ptID`),
  KEY `ptID` (`ptID`),
  KEY `cID` (`cID`)
) ENGINE=InnoDB DEFAULT CHARSET=utf8 COLLATE=utf8_unicode_ci;
/*!40101 SET character_set_client = @saved_cs_client */;

--
-- Dumping data for table `PageTypePageTemplateDefaultPages`
--

LOCK TABLES `PageTypePageTemplateDefaultPages` WRITE;
/*!40000 ALTER TABLE `PageTypePageTemplateDefaultPages` DISABLE KEYS */;
INSERT INTO `PageTypePageTemplateDefaultPages` VALUES (5,6,156),(9,6,157),(6,6,158),(7,6,159),(8,6,160),(8,7,176),(7,8,181),(8,9,185),(6,7,190),(7,7,191),(5,7,192),(5,8,193),(6,8,194),(8,8,195),(6,9,196),(7,9,197),(5,9,198),(9,7,201),(9,8,202),(9,9,203);
/*!40000 ALTER TABLE `PageTypePageTemplateDefaultPages` ENABLE KEYS */;
UNLOCK TABLES;

--
-- Table structure for table `PageTypePageTemplates`
--

DROP TABLE IF EXISTS `PageTypePageTemplates`;
/*!40101 SET @saved_cs_client     = @@character_set_client */;
/*!40101 SET character_set_client = utf8 */;
CREATE TABLE `PageTypePageTemplates` (
  `ptID` int(10) unsigned NOT NULL DEFAULT '0',
  `pTemplateID` int(10) unsigned NOT NULL DEFAULT '0',
  PRIMARY KEY (`ptID`,`pTemplateID`),
  KEY `pTemplateID` (`pTemplateID`)
) ENGINE=InnoDB DEFAULT CHARSET=utf8 COLLATE=utf8_unicode_ci;
/*!40101 SET character_set_client = @saved_cs_client */;

--
-- Dumping data for table `PageTypePageTemplates`
--

LOCK TABLES `PageTypePageTemplates` WRITE;
/*!40000 ALTER TABLE `PageTypePageTemplates` DISABLE KEYS */;
/*!40000 ALTER TABLE `PageTypePageTemplates` ENABLE KEYS */;
UNLOCK TABLES;

--
-- Table structure for table `PageTypePermissionAssignments`
--

DROP TABLE IF EXISTS `PageTypePermissionAssignments`;
/*!40101 SET @saved_cs_client     = @@character_set_client */;
/*!40101 SET character_set_client = utf8 */;
CREATE TABLE `PageTypePermissionAssignments` (
  `ptID` int(10) unsigned NOT NULL DEFAULT '0',
  `pkID` int(10) unsigned NOT NULL DEFAULT '0',
  `paID` int(10) unsigned NOT NULL DEFAULT '0',
  PRIMARY KEY (`ptID`,`pkID`,`paID`),
  KEY `pkID` (`pkID`),
  KEY `ptID` (`ptID`)
) ENGINE=InnoDB DEFAULT CHARSET=utf8 COLLATE=utf8_unicode_ci;
/*!40101 SET character_set_client = @saved_cs_client */;

--
-- Dumping data for table `PageTypePermissionAssignments`
--

LOCK TABLES `PageTypePermissionAssignments` WRITE;
/*!40000 ALTER TABLE `PageTypePermissionAssignments` DISABLE KEYS */;
INSERT INTO `PageTypePermissionAssignments` VALUES (1,59,9),(2,59,9),(3,59,9),(4,59,9),(5,59,9),(6,59,9),(7,59,9),(8,59,9),(9,59,9),(10,59,9),(1,60,9),(2,60,9),(3,60,9),(4,60,9),(5,60,9),(6,60,9),(7,60,9),(8,60,9),(9,60,9),(10,60,9),(1,61,9),(2,61,9),(3,61,9),(4,61,9),(5,61,9),(6,61,9),(7,61,9),(8,61,9),(9,61,9),(10,61,9),(1,62,9),(2,62,9),(3,62,9),(4,62,9),(5,62,9),(6,62,9),(7,62,9),(8,62,9),(9,62,9),(10,62,9),(1,63,26),(2,63,27),(3,63,28),(4,63,29),(5,63,30),(6,63,31),(7,63,98),(8,63,99),(9,63,100),(10,63,105);
/*!40000 ALTER TABLE `PageTypePermissionAssignments` ENABLE KEYS */;
UNLOCK TABLES;

--
-- Table structure for table `PageTypePublishTargetTypes`
--

DROP TABLE IF EXISTS `PageTypePublishTargetTypes`;
/*!40101 SET @saved_cs_client     = @@character_set_client */;
/*!40101 SET character_set_client = utf8 */;
CREATE TABLE `PageTypePublishTargetTypes` (
  `ptPublishTargetTypeID` int(10) unsigned NOT NULL AUTO_INCREMENT,
  `ptPublishTargetTypeHandle` varchar(255) COLLATE utf8_unicode_ci DEFAULT NULL,
  `ptPublishTargetTypeName` varchar(255) COLLATE utf8_unicode_ci DEFAULT NULL,
  `pkgID` int(10) unsigned NOT NULL DEFAULT '0',
  PRIMARY KEY (`ptPublishTargetTypeID`),
  KEY `ptPublishTargetTypeHandle` (`ptPublishTargetTypeHandle`),
  KEY `pkgID` (`pkgID`)
) ENGINE=InnoDB AUTO_INCREMENT=4 DEFAULT CHARSET=utf8 COLLATE=utf8_unicode_ci;
/*!40101 SET character_set_client = @saved_cs_client */;

--
-- Dumping data for table `PageTypePublishTargetTypes`
--

LOCK TABLES `PageTypePublishTargetTypes` WRITE;
/*!40000 ALTER TABLE `PageTypePublishTargetTypes` DISABLE KEYS */;
INSERT INTO `PageTypePublishTargetTypes` VALUES (1,'parent_page','Always publish below a certain page',0),(2,'page_type','Choose from pages of a certain type',0),(3,'all','Choose from all pages when publishing',0);
/*!40000 ALTER TABLE `PageTypePublishTargetTypes` ENABLE KEYS */;
UNLOCK TABLES;

--
-- Table structure for table `PageWorkflowProgress`
--

DROP TABLE IF EXISTS `PageWorkflowProgress`;
/*!40101 SET @saved_cs_client     = @@character_set_client */;
/*!40101 SET character_set_client = utf8 */;
CREATE TABLE `PageWorkflowProgress` (
  `cID` int(10) unsigned NOT NULL DEFAULT '0',
  `wpID` int(10) unsigned NOT NULL DEFAULT '0',
  PRIMARY KEY (`cID`,`wpID`),
  KEY `wpID` (`wpID`)
) ENGINE=InnoDB DEFAULT CHARSET=utf8 COLLATE=utf8_unicode_ci;
/*!40101 SET character_set_client = @saved_cs_client */;

--
-- Dumping data for table `PageWorkflowProgress`
--

LOCK TABLES `PageWorkflowProgress` WRITE;
/*!40000 ALTER TABLE `PageWorkflowProgress` DISABLE KEYS */;
/*!40000 ALTER TABLE `PageWorkflowProgress` ENABLE KEYS */;
UNLOCK TABLES;

--
-- Table structure for table `PermissionAccess`
--

DROP TABLE IF EXISTS `PermissionAccess`;
/*!40101 SET @saved_cs_client     = @@character_set_client */;
/*!40101 SET character_set_client = utf8 */;
CREATE TABLE `PermissionAccess` (
  `paID` int(10) unsigned NOT NULL AUTO_INCREMENT,
  `paIsInUse` tinyint(1) NOT NULL DEFAULT '0',
  PRIMARY KEY (`paID`)
) ENGINE=InnoDB AUTO_INCREMENT=108 DEFAULT CHARSET=utf8 COLLATE=utf8_unicode_ci;
/*!40101 SET character_set_client = @saved_cs_client */;

--
-- Dumping data for table `PermissionAccess`
--

LOCK TABLES `PermissionAccess` WRITE;
/*!40000 ALTER TABLE `PermissionAccess` DISABLE KEYS */;
INSERT INTO `PermissionAccess` VALUES (1,1),(2,1),(3,1),(4,1),(5,1),(6,1),(7,1),(8,1),(9,1),(10,1),(11,1),(12,1),(13,1),(14,1),(15,1),(16,1),(17,1),(18,1),(19,1),(20,1),(21,1),(22,1),(23,1),(24,1),(25,1),(26,1),(27,1),(28,1),(29,1),(30,1),(31,1),(32,1),(33,1),(34,1),(35,1),(36,1),(37,1),(38,1),(39,1),(40,1),(41,1),(42,1),(43,1),(44,1),(45,1),(46,1),(47,1),(48,1),(49,1),(50,1),(51,1),(52,1),(53,1),(54,1),(55,1),(56,1),(57,1),(58,1),(59,1),(60,1),(61,1),(62,1),(63,1),(64,1),(65,1),(66,1),(67,1),(68,1),(69,1),(70,1),(71,1),(72,1),(73,1),(74,1),(75,1),(76,1),(77,1),(78,1),(79,1),(80,1),(81,1),(82,1),(83,1),(84,1),(85,1),(86,1),(87,1),(88,1),(89,1),(90,1),(91,1),(92,1),(93,1),(94,1),(95,1),(96,1),(97,1),(98,1),(99,1),(100,1),(101,1),(102,1),(103,1),(104,1),(105,1),(106,1),(107,1);
/*!40000 ALTER TABLE `PermissionAccess` ENABLE KEYS */;
UNLOCK TABLES;

--
-- Table structure for table `PermissionAccessEntities`
--

DROP TABLE IF EXISTS `PermissionAccessEntities`;
/*!40101 SET @saved_cs_client     = @@character_set_client */;
/*!40101 SET character_set_client = utf8 */;
CREATE TABLE `PermissionAccessEntities` (
  `peID` int(10) unsigned NOT NULL AUTO_INCREMENT,
  `petID` int(10) unsigned DEFAULT NULL,
  PRIMARY KEY (`peID`),
  KEY `petID` (`petID`)
) ENGINE=InnoDB AUTO_INCREMENT=8 DEFAULT CHARSET=utf8 COLLATE=utf8_unicode_ci;
/*!40101 SET character_set_client = @saved_cs_client */;

--
-- Dumping data for table `PermissionAccessEntities`
--

LOCK TABLES `PermissionAccessEntities` WRITE;
/*!40000 ALTER TABLE `PermissionAccessEntities` DISABLE KEYS */;
INSERT INTO `PermissionAccessEntities` VALUES (1,1),(3,1),(5,1),(7,2),(2,5),(6,6),(4,7);
/*!40000 ALTER TABLE `PermissionAccessEntities` ENABLE KEYS */;
UNLOCK TABLES;

--
-- Table structure for table `PermissionAccessEntityGroupSets`
--

DROP TABLE IF EXISTS `PermissionAccessEntityGroupSets`;
/*!40101 SET @saved_cs_client     = @@character_set_client */;
/*!40101 SET character_set_client = utf8 */;
CREATE TABLE `PermissionAccessEntityGroupSets` (
  `peID` int(10) unsigned NOT NULL DEFAULT '0',
  `gsID` int(10) unsigned NOT NULL DEFAULT '0',
  PRIMARY KEY (`peID`,`gsID`),
  KEY `gsID` (`gsID`)
) ENGINE=InnoDB DEFAULT CHARSET=utf8 COLLATE=utf8_unicode_ci;
/*!40101 SET character_set_client = @saved_cs_client */;

--
-- Dumping data for table `PermissionAccessEntityGroupSets`
--

LOCK TABLES `PermissionAccessEntityGroupSets` WRITE;
/*!40000 ALTER TABLE `PermissionAccessEntityGroupSets` DISABLE KEYS */;
/*!40000 ALTER TABLE `PermissionAccessEntityGroupSets` ENABLE KEYS */;
UNLOCK TABLES;

--
-- Table structure for table `PermissionAccessEntityGroups`
--

DROP TABLE IF EXISTS `PermissionAccessEntityGroups`;
/*!40101 SET @saved_cs_client     = @@character_set_client */;
/*!40101 SET character_set_client = utf8 */;
CREATE TABLE `PermissionAccessEntityGroups` (
  `pegID` int(10) unsigned NOT NULL AUTO_INCREMENT,
  `peID` int(10) unsigned NOT NULL DEFAULT '0',
  `gID` int(10) unsigned NOT NULL DEFAULT '0',
  PRIMARY KEY (`pegID`),
  KEY `peID` (`peID`),
  KEY `gID` (`gID`)
) ENGINE=InnoDB AUTO_INCREMENT=4 DEFAULT CHARSET=utf8 COLLATE=utf8_unicode_ci;
/*!40101 SET character_set_client = @saved_cs_client */;

--
-- Dumping data for table `PermissionAccessEntityGroups`
--

LOCK TABLES `PermissionAccessEntityGroups` WRITE;
/*!40000 ALTER TABLE `PermissionAccessEntityGroups` DISABLE KEYS */;
INSERT INTO `PermissionAccessEntityGroups` VALUES (1,1,3),(2,3,1),(3,5,2);
/*!40000 ALTER TABLE `PermissionAccessEntityGroups` ENABLE KEYS */;
UNLOCK TABLES;

--
-- Table structure for table `PermissionAccessEntityTypeCategories`
--

DROP TABLE IF EXISTS `PermissionAccessEntityTypeCategories`;
/*!40101 SET @saved_cs_client     = @@character_set_client */;
/*!40101 SET character_set_client = utf8 */;
CREATE TABLE `PermissionAccessEntityTypeCategories` (
  `petID` int(10) unsigned NOT NULL DEFAULT '0',
  `pkCategoryID` int(10) unsigned NOT NULL DEFAULT '0',
  PRIMARY KEY (`petID`,`pkCategoryID`),
  KEY `pkCategoryID` (`pkCategoryID`)
) ENGINE=InnoDB DEFAULT CHARSET=utf8 COLLATE=utf8_unicode_ci;
/*!40101 SET character_set_client = @saved_cs_client */;

--
-- Dumping data for table `PermissionAccessEntityTypeCategories`
--

LOCK TABLES `PermissionAccessEntityTypeCategories` WRITE;
/*!40000 ALTER TABLE `PermissionAccessEntityTypeCategories` DISABLE KEYS */;
INSERT INTO `PermissionAccessEntityTypeCategories` VALUES (1,1),(2,1),(3,1),(4,1),(5,1),(1,4),(2,4),(3,4),(4,4),(1,5),(2,5),(3,5),(4,5),(6,5),(1,6),(2,6),(3,6),(4,6),(6,6),(1,7),(2,7),(3,7),(4,7),(1,8),(2,8),(3,8),(4,8),(1,9),(2,9),(3,9),(4,9),(1,10),(2,10),(3,10),(4,10),(1,11),(2,11),(3,11),(4,11),(1,12),(2,12),(3,12),(4,12),(1,13),(2,13),(3,13),(4,13),(1,14),(2,14),(3,14),(4,14),(5,14),(1,15),(2,15),(3,15),(4,15),(1,16),(2,16),(3,16),(4,16),(1,17),(2,17),(3,17),(4,17),(1,18),(2,18),(3,18),(4,18),(1,19),(2,19),(3,19),(4,19),(7,19),(1,20),(2,20),(3,20),(4,20),(7,20),(1,21),(2,21),(4,21),(1,22),(2,22),(3,22),(4,22),(6,22),(1,23),(2,23),(3,23),(4,23),(1,24),(2,24),(3,24),(4,24);
/*!40000 ALTER TABLE `PermissionAccessEntityTypeCategories` ENABLE KEYS */;
UNLOCK TABLES;

--
-- Table structure for table `PermissionAccessEntityTypes`
--

DROP TABLE IF EXISTS `PermissionAccessEntityTypes`;
/*!40101 SET @saved_cs_client     = @@character_set_client */;
/*!40101 SET character_set_client = utf8 */;
CREATE TABLE `PermissionAccessEntityTypes` (
  `petID` int(10) unsigned NOT NULL AUTO_INCREMENT,
  `petHandle` varchar(255) COLLATE utf8_unicode_ci NOT NULL,
  `petName` varchar(255) COLLATE utf8_unicode_ci NOT NULL,
  `pkgID` int(10) unsigned DEFAULT NULL,
  PRIMARY KEY (`petID`),
  UNIQUE KEY `petHandle` (`petHandle`),
  KEY `pkgID` (`pkgID`)
) ENGINE=InnoDB AUTO_INCREMENT=8 DEFAULT CHARSET=utf8 COLLATE=utf8_unicode_ci;
/*!40101 SET character_set_client = @saved_cs_client */;

--
-- Dumping data for table `PermissionAccessEntityTypes`
--

LOCK TABLES `PermissionAccessEntityTypes` WRITE;
/*!40000 ALTER TABLE `PermissionAccessEntityTypes` DISABLE KEYS */;
INSERT INTO `PermissionAccessEntityTypes` VALUES (1,'group','Group',0),(2,'user','User',0),(3,'group_set','Group Set',0),(4,'group_combination','Group Combination',0),(5,'page_owner','Page Owner',0),(6,'file_uploader','File Uploader',0),(7,'conversation_message_author','Message Author',0);
/*!40000 ALTER TABLE `PermissionAccessEntityTypes` ENABLE KEYS */;
UNLOCK TABLES;

--
-- Table structure for table `PermissionAccessEntityUsers`
--

DROP TABLE IF EXISTS `PermissionAccessEntityUsers`;
/*!40101 SET @saved_cs_client     = @@character_set_client */;
/*!40101 SET character_set_client = utf8 */;
CREATE TABLE `PermissionAccessEntityUsers` (
  `peID` int(10) unsigned NOT NULL DEFAULT '0',
  `uID` int(10) unsigned NOT NULL DEFAULT '0',
  PRIMARY KEY (`peID`,`uID`),
  KEY `uID` (`uID`)
) ENGINE=InnoDB DEFAULT CHARSET=utf8 COLLATE=utf8_unicode_ci;
/*!40101 SET character_set_client = @saved_cs_client */;

--
-- Dumping data for table `PermissionAccessEntityUsers`
--

LOCK TABLES `PermissionAccessEntityUsers` WRITE;
/*!40000 ALTER TABLE `PermissionAccessEntityUsers` DISABLE KEYS */;
INSERT INTO `PermissionAccessEntityUsers` VALUES (7,1);
/*!40000 ALTER TABLE `PermissionAccessEntityUsers` ENABLE KEYS */;
UNLOCK TABLES;

--
-- Table structure for table `PermissionAccessList`
--

DROP TABLE IF EXISTS `PermissionAccessList`;
/*!40101 SET @saved_cs_client     = @@character_set_client */;
/*!40101 SET character_set_client = utf8 */;
CREATE TABLE `PermissionAccessList` (
  `paID` int(10) unsigned NOT NULL DEFAULT '0',
  `peID` int(10) unsigned NOT NULL DEFAULT '0',
  `pdID` int(10) unsigned NOT NULL DEFAULT '0',
  `accessType` smallint(6) NOT NULL DEFAULT '0',
  PRIMARY KEY (`paID`,`peID`),
  KEY `accessType` (`accessType`),
  KEY `peID` (`peID`),
  KEY `peID_accessType` (`peID`,`accessType`),
  KEY `pdID` (`pdID`),
  KEY `permissionAccessDuration` (`paID`,`pdID`)
) ENGINE=InnoDB DEFAULT CHARSET=utf8 COLLATE=utf8_unicode_ci;
/*!40101 SET character_set_client = @saved_cs_client */;

--
-- Dumping data for table `PermissionAccessList`
--

LOCK TABLES `PermissionAccessList` WRITE;
/*!40000 ALTER TABLE `PermissionAccessList` DISABLE KEYS */;
INSERT INTO `PermissionAccessList` VALUES (1,1,0,10),(2,1,0,10),(3,1,0,10),(4,1,0,10),(5,1,0,10),(6,1,0,10),(7,1,0,10),(8,1,0,10),(9,1,0,10),(10,1,0,10),(11,1,0,10),(12,1,0,10),(13,1,0,10),(14,1,0,10),(15,1,0,10),(16,1,0,10),(17,1,0,10),(18,1,0,10),(19,1,0,10),(20,1,0,10),(21,1,0,10),(22,1,0,10),(23,1,0,10),(24,1,0,10),(25,1,0,10),(26,2,0,10),(27,2,0,10),(28,2,0,10),(29,2,0,10),(30,2,0,10),(31,2,0,10),(32,3,0,10),(33,1,0,10),(33,3,0,10),(34,1,0,10),(35,1,0,10),(36,1,0,10),(37,1,0,10),(38,1,0,10),(39,1,0,10),(40,1,0,10),(41,1,0,10),(42,3,0,10),(43,1,0,10),(44,1,0,10),(45,1,0,10),(46,1,0,10),(47,1,0,10),(48,1,0,10),(49,1,0,10),(50,1,0,10),(51,1,0,10),(52,1,0,10),(53,1,0,10),(54,1,0,10),(55,1,0,10),(56,1,0,10),(57,1,0,10),(58,1,0,10),(59,3,0,10),(60,3,0,10),(61,1,0,10),(62,3,0,10),(63,1,0,10),(64,1,0,10),(65,1,0,10),(66,1,0,10),(67,1,0,10),(68,1,0,10),(69,1,0,10),(70,1,0,10),(71,1,0,10),(72,1,0,10),(73,1,0,10),(74,1,0,10),(75,1,0,10),(76,1,0,10),(77,1,0,10),(78,1,0,10),(78,2,0,10),(79,1,0,10),(79,2,0,10),(80,1,0,10),(80,2,0,10),(81,1,0,10),(81,2,0,10),(82,1,0,10),(82,2,0,10),(83,1,0,10),(83,2,0,10),(84,1,0,10),(84,2,0,10),(85,1,0,10),(86,1,0,10),(87,1,0,10),(88,1,0,10),(89,1,0,10),(90,3,0,10),(91,3,0,10),(92,1,0,10),(92,4,0,10),(93,1,0,10),(93,4,0,10),(94,1,0,10),(94,5,0,10),(95,1,0,10),(96,1,0,10),(97,1,0,10),(98,2,0,10),(99,2,0,10),(100,2,0,10),(101,1,0,10),(102,1,0,10),(103,1,0,10),(104,1,0,10),(105,2,0,10),(106,1,0,10),(106,7,0,10),(107,1,0,10),(107,3,0,10);
/*!40000 ALTER TABLE `PermissionAccessList` ENABLE KEYS */;
UNLOCK TABLES;

--
-- Table structure for table `PermissionAccessWorkflows`
--

DROP TABLE IF EXISTS `PermissionAccessWorkflows`;
/*!40101 SET @saved_cs_client     = @@character_set_client */;
/*!40101 SET character_set_client = utf8 */;
CREATE TABLE `PermissionAccessWorkflows` (
  `paID` int(10) unsigned NOT NULL DEFAULT '0',
  `wfID` int(10) unsigned NOT NULL DEFAULT '0',
  PRIMARY KEY (`paID`,`wfID`),
  KEY `wfID` (`wfID`)
) ENGINE=InnoDB DEFAULT CHARSET=utf8 COLLATE=utf8_unicode_ci;
/*!40101 SET character_set_client = @saved_cs_client */;

--
-- Dumping data for table `PermissionAccessWorkflows`
--

LOCK TABLES `PermissionAccessWorkflows` WRITE;
/*!40000 ALTER TABLE `PermissionAccessWorkflows` DISABLE KEYS */;
/*!40000 ALTER TABLE `PermissionAccessWorkflows` ENABLE KEYS */;
UNLOCK TABLES;

--
-- Table structure for table `PermissionAssignments`
--

DROP TABLE IF EXISTS `PermissionAssignments`;
/*!40101 SET @saved_cs_client     = @@character_set_client */;
/*!40101 SET character_set_client = utf8 */;
CREATE TABLE `PermissionAssignments` (
  `paID` int(10) unsigned NOT NULL DEFAULT '0',
  `pkID` int(10) unsigned NOT NULL DEFAULT '0',
  PRIMARY KEY (`paID`,`pkID`),
  KEY `pkID` (`pkID`)
) ENGINE=InnoDB DEFAULT CHARSET=utf8 COLLATE=utf8_unicode_ci;
/*!40101 SET character_set_client = @saved_cs_client */;

--
-- Dumping data for table `PermissionAssignments`
--

LOCK TABLES `PermissionAssignments` WRITE;
/*!40000 ALTER TABLE `PermissionAssignments` DISABLE KEYS */;
INSERT INTO `PermissionAssignments` VALUES (1,19),(2,20),(3,74),(4,75),(5,76),(6,78),(7,79),(8,80),(9,86),(10,87),(11,89),(12,90),(13,91),(14,92),(15,93),(16,94),(17,95),(18,96),(19,97),(20,98),(21,99),(22,100),(23,101),(24,102),(25,103),(106,114);
/*!40000 ALTER TABLE `PermissionAssignments` ENABLE KEYS */;
UNLOCK TABLES;

--
-- Table structure for table `PermissionDurationObjects`
--

DROP TABLE IF EXISTS `PermissionDurationObjects`;
/*!40101 SET @saved_cs_client     = @@character_set_client */;
/*!40101 SET character_set_client = utf8 */;
CREATE TABLE `PermissionDurationObjects` (
  `pdID` int(10) unsigned NOT NULL AUTO_INCREMENT,
  `pdObject` text COLLATE utf8_unicode_ci NOT NULL,
  PRIMARY KEY (`pdID`)
) ENGINE=InnoDB DEFAULT CHARSET=utf8 COLLATE=utf8_unicode_ci;
/*!40101 SET character_set_client = @saved_cs_client */;

--
-- Dumping data for table `PermissionDurationObjects`
--

LOCK TABLES `PermissionDurationObjects` WRITE;
/*!40000 ALTER TABLE `PermissionDurationObjects` DISABLE KEYS */;
/*!40000 ALTER TABLE `PermissionDurationObjects` ENABLE KEYS */;
UNLOCK TABLES;

--
-- Table structure for table `PermissionKeyCategories`
--

DROP TABLE IF EXISTS `PermissionKeyCategories`;
/*!40101 SET @saved_cs_client     = @@character_set_client */;
/*!40101 SET character_set_client = utf8 */;
CREATE TABLE `PermissionKeyCategories` (
  `pkCategoryID` int(10) unsigned NOT NULL AUTO_INCREMENT,
  `pkCategoryHandle` varchar(255) COLLATE utf8_unicode_ci NOT NULL,
  `pkgID` int(10) unsigned DEFAULT NULL,
  PRIMARY KEY (`pkCategoryID`),
  UNIQUE KEY `pkCategoryHandle` (`pkCategoryHandle`),
  KEY `pkgID` (`pkgID`)
) ENGINE=InnoDB AUTO_INCREMENT=25 DEFAULT CHARSET=utf8 COLLATE=utf8_unicode_ci;
/*!40101 SET character_set_client = @saved_cs_client */;

--
-- Dumping data for table `PermissionKeyCategories`
--

LOCK TABLES `PermissionKeyCategories` WRITE;
/*!40000 ALTER TABLE `PermissionKeyCategories` DISABLE KEYS */;
INSERT INTO `PermissionKeyCategories` VALUES (1,'page',NULL),(2,'single_page',NULL),(3,'stack',NULL),(4,'user',NULL),(5,'file_set',NULL),(6,'file',NULL),(7,'area',NULL),(8,'block_type',NULL),(9,'block',NULL),(10,'admin',NULL),(11,'sitemap',NULL),(12,'marketplace_newsflow',NULL),(13,'basic_workflow',NULL),(14,'page_type',NULL),(15,'gathering',NULL),(16,'group_tree_node',NULL),(17,'category_tree_node',NULL),(18,'topic_tree_node',NULL),(19,'conversation',NULL),(20,'conversation_message',NULL),(21,'multilingual_section',NULL),(22,'file_folder',NULL),(23,'notification',NULL),(24,'express_tree_node',NULL);
/*!40000 ALTER TABLE `PermissionKeyCategories` ENABLE KEYS */;
UNLOCK TABLES;

--
-- Table structure for table `PermissionKeys`
--

DROP TABLE IF EXISTS `PermissionKeys`;
/*!40101 SET @saved_cs_client     = @@character_set_client */;
/*!40101 SET character_set_client = utf8 */;
CREATE TABLE `PermissionKeys` (
  `pkID` int(10) unsigned NOT NULL AUTO_INCREMENT,
  `pkHandle` varchar(255) COLLATE utf8_unicode_ci NOT NULL,
  `pkName` varchar(255) COLLATE utf8_unicode_ci NOT NULL,
  `pkCanTriggerWorkflow` tinyint(1) NOT NULL DEFAULT '0',
  `pkHasCustomClass` tinyint(1) NOT NULL DEFAULT '0',
  `pkDescription` varchar(255) COLLATE utf8_unicode_ci DEFAULT NULL,
  `pkCategoryID` int(10) unsigned DEFAULT NULL,
  `pkgID` int(10) unsigned DEFAULT NULL,
  PRIMARY KEY (`pkID`),
  UNIQUE KEY `akHandle` (`pkHandle`),
  KEY `pkCategoryID` (`pkCategoryID`),
  KEY `pkgID` (`pkgID`)
) ENGINE=InnoDB AUTO_INCREMENT=119 DEFAULT CHARSET=utf8 COLLATE=utf8_unicode_ci;
/*!40101 SET character_set_client = @saved_cs_client */;

--
-- Dumping data for table `PermissionKeys`
--

LOCK TABLES `PermissionKeys` WRITE;
/*!40000 ALTER TABLE `PermissionKeys` DISABLE KEYS */;
INSERT INTO `PermissionKeys` VALUES (1,'view_page','View',0,0,'Can see a page exists and read its content.',1,0),(2,'view_page_versions','View Versions',0,0,'Can view the page versions dialog and read past versions of a page.',1,0),(3,'view_page_in_sitemap','View Page in Sitemap',0,0,'Controls whether a user can see a page in the sitemap or intelligent search.',1,0),(4,'preview_page_as_user','Preview Page As User',0,0,'Ability to see what this page will look like at a specific time in the future as a specific user.',1,0),(5,'edit_page_properties','Edit Properties',0,1,'Ability to change anything in the Page Properties menu.',1,0),(6,'edit_page_contents','Edit Contents',0,0,'Ability to make edits to at least some of the content in the page. You can lock down different block areas and specific blocks by clicking Permissions on them as well. ',1,0),(7,'edit_page_speed_settings','Edit Speed Settings',0,0,'Ability to change caching settings.',1,0),(8,'edit_page_theme','Change Theme',0,1,'Ability to change just the theme for this page.',1,0),(9,'edit_page_template','Change Page Template',0,0,'Ability to change just the page template for this page.',1,0),(10,'edit_page_page_type','Edit Page Type',0,0,'Change the type of an existing page.',1,0),(11,'edit_page_permissions','Edit Permissions',1,0,'Ability to change permissions for this page. Warning: by granting this a user could give themselves more access.',1,0),(12,'delete_page','Delete',1,0,'Ability to move this page to the site\'s Trash.',1,0),(13,'delete_page_versions','Delete Versions',1,0,'Ability to remove old versions of this page.',1,0),(14,'approve_page_versions','Approve Changes',1,0,'Can publish an unapproved version of the page.',1,0),(15,'add_subpage','Add Sub-Page',0,1,'Can add a page beneath the current page.',1,0),(16,'move_or_copy_page','Move or Copy Page',1,0,'Can move or copy this page to another location.',1,0),(17,'schedule_page_contents_guest_access','Schedule Guest Access',0,0,'Can control scheduled guest access to this page.',1,0),(18,'edit_page_multilingual_settings','Edit Multilingual Settings',0,0,'Controls whether a user can see the multilingual settings menu, re-map a page or set a page as ignored in multilingual settings.',1,0),(19,'add_block','Add Block',0,1,'Can add a block to any area on the site. If someone is added here they can add blocks to any area (unless that area has permissions that override these global permissions.)',8,0),(20,'add_stack','Add Stack',0,0,'Can add a stack or block from a stack to any area on the site. If someone is added here they can add stacks to any area (unless that area has permissions that override these global permissions.)',8,0),(21,'view_area','View Area',0,0,'Can view the area and its contents.',7,0),(22,'edit_area_contents','Edit Area Contents',0,0,'Can edit blocks within this area.',7,0),(23,'add_block_to_area','Add Block to Area',0,1,'Can add blocks to this area. This setting overrides the global Add Block permission for this area.',7,0),(24,'add_stack_to_area','Add Stack to Area',0,0,'Can add stacks to this area. This setting overrides the global Add Stack permission for this area.',7,0),(25,'add_layout_to_area','Add Layouts to Area',0,0,'Controls whether users get the ability to add layouts to a particular area.',7,0),(26,'edit_area_design','Edit Area Design',0,0,'Controls whether users see design controls and can modify an area\'s custom CSS.',7,0),(27,'edit_area_permissions','Edit Area Permissions',0,0,'Controls whether users can access the permissions on an area. Custom area permissions could override those of the page.',7,0),(28,'delete_area_contents','Delete Area Contents',0,0,'Controls whether users can delete blocks from this area.',7,0),(29,'schedule_area_contents_guest_access','Schedule Guest Access',0,0,'Controls whether users can schedule guest access permissions on blocks in this area. Guest Access is a shortcut for granting permissions just to the Guest Group.',7,0),(30,'view_block','View Block',0,0,'Controls whether users can view this block in the page.',9,0),(31,'edit_block','Edit Block',0,0,'Controls whether users can edit this block. This overrides any area or page permissions.',9,0),(32,'edit_block_custom_template','Change Custom Template',0,0,'Controls whether users can change the custom template on this block. This overrides any area or page permissions.',9,0),(33,'edit_block_cache_settings','Edit Cache Settings',0,0,'Controls whether users can change the block cache settings for this block instance.',9,0),(34,'edit_block_name','Edit Name',0,0,'Controls whether users can change the block\'s name (rarely used.)',9,0),(35,'delete_block','Delete Block',0,0,'Controls whether users can delete this block. This overrides any area or page permissions.',9,0),(36,'edit_block_design','Edit Design',0,0,'Controls whether users can set custom design properties or CSS on this block.',9,0),(37,'edit_block_permissions','Edit Permissions',0,0,'Controls whether users can change permissions on this block, potentially granting themselves or others greater access.',9,0),(38,'schedule_guest_access','Schedule Guest Access',0,0,'Controls whether users can schedule guest access permissions on this block. Guest Access is a shortcut for granting permissions just to the Guest Group.',9,0),(39,'view_file_set_file','View Files',0,0,'Can view and download files in the site.',5,0),(40,'search_file_set','Search Files in File Manager',0,0,'Can access the file manager',5,0),(41,'edit_file_set_file_properties','Edit File Properties',0,0,'Can edit a file\'s properties.',5,0),(42,'edit_file_set_file_contents','Edit File Contents',0,0,'Can edit or replace files in set.',5,0),(43,'copy_file_set_files','Copy File',0,0,'Can copy files in file set.',5,0),(44,'edit_file_set_permissions','Edit File Access',0,0,'Can edit access to file sets.',5,0),(45,'delete_file_set','Delete File Set',0,0,'Can delete file set.',5,0),(46,'delete_file_set_files','Delete File',0,0,'Can delete files in set.',5,0),(48,'view_file','View Files',0,0,'Can view and download files.',6,0),(49,'view_file_in_file_manager','View File in File Manager',0,0,'Can access the File Manager.',6,0),(50,'edit_file_properties','Edit File Properties',0,0,'Can edit a file\'s properties.',6,0),(51,'edit_file_contents','Edit File Contents',0,0,'Can edit or replace files.',6,0),(52,'copy_file','Copy File',0,0,'Can copy file.',6,0),(53,'edit_file_permissions','Edit File Access',0,0,'Can edit access to file.',6,0),(54,'delete_file','Delete File',0,0,'Can delete file.',6,0),(55,'approve_basic_workflow_action','Approve or Deny',0,0,'Grant ability to approve workflow.',13,0),(56,'notify_on_basic_workflow_entry','Notify on Entry',0,0,'Notify approvers that a change has entered the workflow.',13,0),(57,'notify_on_basic_workflow_approve','Notify on Approve',0,0,'Notify approvers that a change has been approved.',13,0),(58,'notify_on_basic_workflow_deny','Notify on Deny',0,0,'Notify approvers that a change has been denied.',13,0),(59,'add_page_type','Add Pages of This Type',0,0,'',14,0),(60,'edit_page_type','Edit Page Type',0,0,'',14,0),(61,'delete_page_type','Delete Page Type',0,0,'',14,0),(62,'edit_page_type_permissions','Edit Page Type Permissions',0,0,'',14,0),(63,'edit_page_type_drafts','Edit Page Type Drafts',0,0,'',14,0),(64,'view_topic_tree_node','View Topic Tree Node',0,0,'',18,0),(65,'view_category_tree_node','View Topic Category Tree Node',0,0,'',17,0),(66,'add_conversation_message','Add Message to Conversation',0,1,'',19,0),(67,'add_conversation_message_attachments','Add Message Attachments',0,0,'',19,0),(68,'edit_conversation_permissions','Edit Conversation Permissions',0,0,'',19,0),(69,'delete_conversation_message','Delete Message',0,0,'',19,0),(70,'edit_conversation_message','Edit Message',0,0,'',19,0),(71,'rate_conversation_message','Rate Message',0,0,'',19,0),(72,'flag_conversation_message','Flag Message',0,0,'',19,0),(73,'approve_conversation_message','Approve Message',0,0,'',19,0),(74,'edit_user_properties','Edit User Details',0,1,NULL,4,0),(75,'view_user_attributes','View User Attributes',0,1,NULL,4,0),(76,'activate_user','Activate/Deactivate User',1,0,NULL,4,0),(77,'sudo','Sign in as User',0,0,NULL,4,0),(78,'upgrade','Upgrade concrete5',0,0,NULL,10,0),(79,'access_group_search','Access Group Search',0,0,NULL,4,0),(80,'delete_user','Delete User',1,0,NULL,4,0),(81,'search_users_in_group','Search User Group',0,0,NULL,16,0),(82,'edit_group','Edit Group',0,0,NULL,16,0),(83,'assign_group','Assign Group',0,0,NULL,16,0),(84,'add_sub_group','Add Child Group',0,0,NULL,16,0),(85,'edit_group_permissions','Edit Group Permissions',0,0,NULL,16,0),(86,'access_page_type_permissions','Access Page Type Permissions',0,0,NULL,10,0),(87,'backup','Perform Backups',0,0,NULL,10,0),(88,'access_task_permissions','Access Task Permissions',0,0,NULL,10,0),(89,'access_sitemap','Access Sitemap',0,0,NULL,11,0),(90,'access_page_defaults','Access Page Type Defaults',0,0,NULL,10,0),(91,'customize_themes','Customize Themes',0,0,NULL,10,0),(92,'manage_layout_presets','Manage Layout Presets',0,0,NULL,10,0),(93,'empty_trash','Empty Trash',0,0,NULL,10,0),(94,'add_topic_tree','Add Topic Tree',0,0,NULL,10,0),(95,'remove_topic_tree','Remove Topic Tree',0,0,NULL,10,0),(96,'view_in_maintenance_mode','View Site in Maintenance Mode',0,0,'Ability to see and use the website when concrete5 is in maintenance mode.',10,0),(97,'uninstall_packages','Uninstall Packages',0,0,NULL,12,0),(98,'install_packages','Install Packages',0,0,NULL,12,0),(99,'view_newsflow','View Newsflow',0,0,NULL,12,0),(100,'access_user_search_export','Export Site Users',0,0,'Controls whether a user can export site users or not',4,0),(101,'access_user_search','Access User Search',0,0,'Controls whether a user can view the search user interface.',4,0),(102,'edit_gatherings','Edit Gatherings',0,0,'Can edit the footprint and items in all gatherings.',10,0),(103,'edit_gathering_items','Edit Gathering Items',0,0,'',15,0),(104,'view_file_folder_file','View Files',0,0,'View files within folder in the site.',22,0),(105,'search_file_folder','Search File Folder',0,0,'See this file folder in the file manager',22,0),(106,'edit_file_folder','Edit File Folder',0,0,'Edit a file folder.',22,0),(107,'edit_file_folder_file_properties','Edit File Properties',0,0,'Can edit a file\'s properties.',22,0),(108,'edit_file_folder_file_contents','Edit File Contents',0,0,'Can edit or replace files in folder.',22,0),(109,'copy_file_folder_files','Copy File',0,0,'Can copy files in file folder.',22,0),(110,'edit_file_folder_permissions','Edit File Access',0,0,'Can edit access to file folder.',22,0),(111,'delete_file_folder','Delete File Set',0,0,'Can delete file folder.',22,0),(112,'delete_file_folder_files','Delete File',0,0,'Can delete files in folder.',22,0),(113,'add_file','Add File',0,1,'Can add files to folder.',22,0),(114,'notify_in_notification_center','Notify in Notification Center',0,1,'Controls who receives updates in the notification center.',23,0),(115,'view_express_entries','View Entries',0,0,NULL,24,0),(116,'add_express_entries','Add Entry',0,0,NULL,24,0),(117,'edit_express_entries','Edit Entry',0,0,NULL,24,0),(118,'delete_express_entries','Delete Entry',0,0,NULL,24,0);
/*!40000 ALTER TABLE `PermissionKeys` ENABLE KEYS */;
UNLOCK TABLES;

--
-- Table structure for table `PileContents`
--

DROP TABLE IF EXISTS `PileContents`;
/*!40101 SET @saved_cs_client     = @@character_set_client */;
/*!40101 SET character_set_client = utf8 */;
CREATE TABLE `PileContents` (
  `pcID` int(10) unsigned NOT NULL AUTO_INCREMENT,
  `pID` int(10) unsigned NOT NULL DEFAULT '0',
  `itemID` int(10) unsigned NOT NULL DEFAULT '0',
  `itemType` varchar(64) COLLATE utf8_unicode_ci NOT NULL,
  `quantity` int(10) unsigned NOT NULL DEFAULT '1',
  `timestamp` timestamp NOT NULL DEFAULT CURRENT_TIMESTAMP,
  `displayOrder` int(10) unsigned NOT NULL DEFAULT '0',
  PRIMARY KEY (`pcID`),
  KEY `pID` (`pID`,`displayOrder`),
  KEY `itemID` (`itemID`),
  KEY `itemType` (`itemType`,`itemID`,`pID`)
) ENGINE=InnoDB DEFAULT CHARSET=utf8 COLLATE=utf8_unicode_ci;
/*!40101 SET character_set_client = @saved_cs_client */;

--
-- Dumping data for table `PileContents`
--

LOCK TABLES `PileContents` WRITE;
/*!40000 ALTER TABLE `PileContents` DISABLE KEYS */;
/*!40000 ALTER TABLE `PileContents` ENABLE KEYS */;
UNLOCK TABLES;

--
-- Table structure for table `Piles`
--

DROP TABLE IF EXISTS `Piles`;
/*!40101 SET @saved_cs_client     = @@character_set_client */;
/*!40101 SET character_set_client = utf8 */;
CREATE TABLE `Piles` (
  `pID` int(10) unsigned NOT NULL AUTO_INCREMENT,
  `uID` int(10) unsigned DEFAULT NULL,
  `isDefault` tinyint(1) NOT NULL DEFAULT '0',
  `timestamp` timestamp NOT NULL DEFAULT CURRENT_TIMESTAMP,
  `name` varchar(255) COLLATE utf8_unicode_ci DEFAULT NULL,
  `state` varchar(64) COLLATE utf8_unicode_ci NOT NULL,
  PRIMARY KEY (`pID`),
  KEY `uID` (`uID`,`name`)
) ENGINE=InnoDB AUTO_INCREMENT=2 DEFAULT CHARSET=utf8 COLLATE=utf8_unicode_ci;
/*!40101 SET character_set_client = @saved_cs_client */;

--
-- Dumping data for table `Piles`
--

LOCK TABLES `Piles` WRITE;
/*!40000 ALTER TABLE `Piles` DISABLE KEYS */;
INSERT INTO `Piles` VALUES (1,1,1,'2015-09-04 13:57:17',NULL,'READY');
/*!40000 ALTER TABLE `Piles` ENABLE KEYS */;
UNLOCK TABLES;

--
-- Table structure for table `PrivateMessageNotifications`
--

DROP TABLE IF EXISTS `PrivateMessageNotifications`;
/*!40101 SET @saved_cs_client     = @@character_set_client */;
/*!40101 SET character_set_client = utf8 */;
CREATE TABLE `PrivateMessageNotifications` (
  `msgID` int(10) unsigned NOT NULL,
  `nID` int(10) unsigned NOT NULL,
  PRIMARY KEY (`nID`),
  CONSTRAINT `FK_1AB97592ED024EFD` FOREIGN KEY (`nID`) REFERENCES `Notifications` (`nID`) ON DELETE CASCADE
) ENGINE=InnoDB DEFAULT CHARSET=utf8 COLLATE=utf8_unicode_ci;
/*!40101 SET character_set_client = @saved_cs_client */;

--
-- Dumping data for table `PrivateMessageNotifications`
--

LOCK TABLES `PrivateMessageNotifications` WRITE;
/*!40000 ALTER TABLE `PrivateMessageNotifications` DISABLE KEYS */;
/*!40000 ALTER TABLE `PrivateMessageNotifications` ENABLE KEYS */;
UNLOCK TABLES;

--
-- Table structure for table `QueueMessages`
--

DROP TABLE IF EXISTS `QueueMessages`;
/*!40101 SET @saved_cs_client     = @@character_set_client */;
/*!40101 SET character_set_client = utf8 */;
CREATE TABLE `QueueMessages` (
  `message_id` int(10) unsigned NOT NULL AUTO_INCREMENT,
  `queue_id` int(10) unsigned NOT NULL,
  `handle` varchar(32) COLLATE utf8_unicode_ci DEFAULT NULL,
  `body` longtext COLLATE utf8_unicode_ci NOT NULL,
  `md5` varchar(32) COLLATE utf8_unicode_ci NOT NULL,
  `timeout` decimal(14,0) DEFAULT NULL,
  `created` int(10) unsigned NOT NULL,
  PRIMARY KEY (`message_id`),
  UNIQUE KEY `message_handle` (`handle`),
  KEY `message_queueid` (`queue_id`),
  CONSTRAINT `queuemessages_ibfk_1` FOREIGN KEY (`queue_id`) REFERENCES `Queues` (`queue_id`) ON DELETE CASCADE ON UPDATE CASCADE
) ENGINE=InnoDB DEFAULT CHARSET=utf8 COLLATE=utf8_unicode_ci;
/*!40101 SET character_set_client = @saved_cs_client */;

--
-- Dumping data for table `QueueMessages`
--

LOCK TABLES `QueueMessages` WRITE;
/*!40000 ALTER TABLE `QueueMessages` DISABLE KEYS */;
/*!40000 ALTER TABLE `QueueMessages` ENABLE KEYS */;
UNLOCK TABLES;

--
-- Table structure for table `QueuePageDuplicationRelations`
--

DROP TABLE IF EXISTS `QueuePageDuplicationRelations`;
/*!40101 SET @saved_cs_client     = @@character_set_client */;
/*!40101 SET character_set_client = utf8 */;
CREATE TABLE `QueuePageDuplicationRelations` (
  `queue_name` varchar(255) COLLATE utf8_unicode_ci NOT NULL,
  `cID` int(10) unsigned NOT NULL DEFAULT '0',
  `originalCID` int(10) unsigned NOT NULL DEFAULT '0',
  PRIMARY KEY (`cID`,`originalCID`),
  KEY `originalCID` (`originalCID`,`queue_name`)
) ENGINE=InnoDB DEFAULT CHARSET=utf8 COLLATE=utf8_unicode_ci;
/*!40101 SET character_set_client = @saved_cs_client */;

--
-- Dumping data for table `QueuePageDuplicationRelations`
--

LOCK TABLES `QueuePageDuplicationRelations` WRITE;
/*!40000 ALTER TABLE `QueuePageDuplicationRelations` DISABLE KEYS */;
/*!40000 ALTER TABLE `QueuePageDuplicationRelations` ENABLE KEYS */;
UNLOCK TABLES;

--
-- Table structure for table `Queues`
--

DROP TABLE IF EXISTS `Queues`;
/*!40101 SET @saved_cs_client     = @@character_set_client */;
/*!40101 SET character_set_client = utf8 */;
CREATE TABLE `Queues` (
  `queue_id` int(10) unsigned NOT NULL AUTO_INCREMENT,
  `queue_name` varchar(100) COLLATE utf8_unicode_ci NOT NULL,
  `timeout` int(10) unsigned NOT NULL DEFAULT '30',
  PRIMARY KEY (`queue_id`),
  KEY `queue_name` (`queue_name`)
) ENGINE=InnoDB DEFAULT CHARSET=utf8 COLLATE=utf8_unicode_ci;
/*!40101 SET character_set_client = @saved_cs_client */;

--
-- Dumping data for table `Queues`
--

LOCK TABLES `Queues` WRITE;
/*!40000 ALTER TABLE `Queues` DISABLE KEYS */;
/*!40000 ALTER TABLE `Queues` ENABLE KEYS */;
UNLOCK TABLES;

--
-- Table structure for table `SavedFileSearchQueries`
--

DROP TABLE IF EXISTS `SavedFileSearchQueries`;
/*!40101 SET @saved_cs_client     = @@character_set_client */;
/*!40101 SET character_set_client = utf8 */;
CREATE TABLE `SavedFileSearchQueries` (
  `id` int(11) NOT NULL AUTO_INCREMENT,
  `presetName` varchar(255) COLLATE utf8_unicode_ci NOT NULL,
  `query_fields` longtext COLLATE utf8_unicode_ci NOT NULL COMMENT '(DC2Type:object)',
  `query_columns` longtext COLLATE utf8_unicode_ci NOT NULL COMMENT '(DC2Type:object)',
  PRIMARY KEY (`id`)
) ENGINE=InnoDB DEFAULT CHARSET=utf8 COLLATE=utf8_unicode_ci;
/*!40101 SET character_set_client = @saved_cs_client */;

--
-- Dumping data for table `SavedFileSearchQueries`
--

LOCK TABLES `SavedFileSearchQueries` WRITE;
/*!40000 ALTER TABLE `SavedFileSearchQueries` DISABLE KEYS */;
/*!40000 ALTER TABLE `SavedFileSearchQueries` ENABLE KEYS */;
UNLOCK TABLES;

--
-- Table structure for table `SavedPageSearchQueries`
--

DROP TABLE IF EXISTS `SavedPageSearchQueries`;
/*!40101 SET @saved_cs_client     = @@character_set_client */;
/*!40101 SET character_set_client = utf8 */;
CREATE TABLE `SavedPageSearchQueries` (
  `id` int(11) NOT NULL AUTO_INCREMENT,
  `presetName` varchar(255) COLLATE utf8_unicode_ci NOT NULL,
  `query_fields` longtext COLLATE utf8_unicode_ci NOT NULL COMMENT '(DC2Type:object)',
  `query_columns` longtext COLLATE utf8_unicode_ci NOT NULL COMMENT '(DC2Type:object)',
  PRIMARY KEY (`id`)
) ENGINE=InnoDB DEFAULT CHARSET=utf8 COLLATE=utf8_unicode_ci;
/*!40101 SET character_set_client = @saved_cs_client */;

--
-- Dumping data for table `SavedPageSearchQueries`
--

LOCK TABLES `SavedPageSearchQueries` WRITE;
/*!40000 ALTER TABLE `SavedPageSearchQueries` DISABLE KEYS */;
/*!40000 ALTER TABLE `SavedPageSearchQueries` ENABLE KEYS */;
UNLOCK TABLES;

--
-- Table structure for table `SavedUserSearchQueries`
--

DROP TABLE IF EXISTS `SavedUserSearchQueries`;
/*!40101 SET @saved_cs_client     = @@character_set_client */;
/*!40101 SET character_set_client = utf8 */;
CREATE TABLE `SavedUserSearchQueries` (
  `id` int(11) NOT NULL AUTO_INCREMENT,
  `presetName` varchar(255) COLLATE utf8_unicode_ci NOT NULL,
  `query_fields` longtext COLLATE utf8_unicode_ci NOT NULL COMMENT '(DC2Type:object)',
  `query_columns` longtext COLLATE utf8_unicode_ci NOT NULL COMMENT '(DC2Type:object)',
  PRIMARY KEY (`id`)
) ENGINE=InnoDB DEFAULT CHARSET=utf8 COLLATE=utf8_unicode_ci;
/*!40101 SET character_set_client = @saved_cs_client */;

--
-- Dumping data for table `SavedUserSearchQueries`
--

LOCK TABLES `SavedUserSearchQueries` WRITE;
/*!40000 ALTER TABLE `SavedUserSearchQueries` DISABLE KEYS */;
/*!40000 ALTER TABLE `SavedUserSearchQueries` ENABLE KEYS */;
UNLOCK TABLES;

--
-- Table structure for table `Sessions`
--

DROP TABLE IF EXISTS `Sessions`;
/*!40101 SET @saved_cs_client     = @@character_set_client */;
/*!40101 SET character_set_client = utf8 */;
CREATE TABLE `Sessions` (
  `sessionID` varchar(255) COLLATE utf8_unicode_ci NOT NULL,
  `sessionValue` text COLLATE utf8_unicode_ci NOT NULL,
  `sessionTime` int(10) unsigned NOT NULL,
  `sessionLifeTime` int(10) unsigned NOT NULL,
  PRIMARY KEY (`sessionID`)
) ENGINE=InnoDB DEFAULT CHARSET=utf8 COLLATE=utf8_unicode_ci;
/*!40101 SET character_set_client = @saved_cs_client */;

--
-- Dumping data for table `Sessions`
--

LOCK TABLES `Sessions` WRITE;
/*!40000 ALTER TABLE `Sessions` DISABLE KEYS */;
/*!40000 ALTER TABLE `Sessions` ENABLE KEYS */;
UNLOCK TABLES;

--
-- Table structure for table `SiblingPageRelations`
--

DROP TABLE IF EXISTS `SiblingPageRelations`;
/*!40101 SET @saved_cs_client     = @@character_set_client */;
/*!40101 SET character_set_client = utf8 */;
CREATE TABLE `SiblingPageRelations` (
  `mpRelationID` int(10) unsigned NOT NULL,
  `cID` int(10) unsigned NOT NULL,
  PRIMARY KEY (`mpRelationID`,`cID`)
) ENGINE=InnoDB DEFAULT CHARSET=utf8 COLLATE=utf8_unicode_ci;
/*!40101 SET character_set_client = @saved_cs_client */;

--
-- Dumping data for table `SiblingPageRelations`
--

LOCK TABLES `SiblingPageRelations` WRITE;
/*!40000 ALTER TABLE `SiblingPageRelations` DISABLE KEYS */;
/*!40000 ALTER TABLE `SiblingPageRelations` ENABLE KEYS */;
UNLOCK TABLES;

--
-- Table structure for table `SignupRequests`
--

DROP TABLE IF EXISTS `SignupRequests`;
/*!40101 SET @saved_cs_client     = @@character_set_client */;
/*!40101 SET character_set_client = utf8 */;
CREATE TABLE `SignupRequests` (
  `id` int(11) NOT NULL AUTO_INCREMENT,
  `ipFrom` tinyblob,
  `date_access` timestamp NOT NULL DEFAULT CURRENT_TIMESTAMP,
  PRIMARY KEY (`id`),
  KEY `ipFrom` (`ipFrom`(32))
) ENGINE=InnoDB DEFAULT CHARSET=utf8 COLLATE=utf8_unicode_ci;
/*!40101 SET character_set_client = @saved_cs_client */;

--
-- Dumping data for table `SignupRequests`
--

LOCK TABLES `SignupRequests` WRITE;
/*!40000 ALTER TABLE `SignupRequests` DISABLE KEYS */;
/*!40000 ALTER TABLE `SignupRequests` ENABLE KEYS */;
UNLOCK TABLES;

--
-- Table structure for table `SiteAttributeKeys`
--

DROP TABLE IF EXISTS `SiteAttributeKeys`;
/*!40101 SET @saved_cs_client     = @@character_set_client */;
/*!40101 SET character_set_client = utf8 */;
CREATE TABLE `SiteAttributeKeys` (
  `akID` int(10) unsigned NOT NULL,
  PRIMARY KEY (`akID`),
  CONSTRAINT `FK_63D1E182B6561A7E` FOREIGN KEY (`akID`) REFERENCES `AttributeKeys` (`akID`) ON DELETE CASCADE
) ENGINE=InnoDB DEFAULT CHARSET=utf8 COLLATE=utf8_unicode_ci;
/*!40101 SET character_set_client = @saved_cs_client */;

--
-- Dumping data for table `SiteAttributeKeys`
--

LOCK TABLES `SiteAttributeKeys` WRITE;
/*!40000 ALTER TABLE `SiteAttributeKeys` DISABLE KEYS */;
/*!40000 ALTER TABLE `SiteAttributeKeys` ENABLE KEYS */;
UNLOCK TABLES;

--
-- Table structure for table `SiteAttributeValues`
--

DROP TABLE IF EXISTS `SiteAttributeValues`;
/*!40101 SET @saved_cs_client     = @@character_set_client */;
/*!40101 SET character_set_client = utf8 */;
CREATE TABLE `SiteAttributeValues` (
  `siteID` int(10) unsigned NOT NULL,
  `akID` int(10) unsigned NOT NULL,
  `avID` int(10) unsigned DEFAULT NULL,
  PRIMARY KEY (`siteID`,`akID`),
  KEY `IDX_67658AF7521D8435` (`siteID`),
  KEY `IDX_67658AF7B6561A7E` (`akID`),
  KEY `IDX_67658AF7A2A82A5D` (`avID`),
  CONSTRAINT `FK_67658AF7A2A82A5D` FOREIGN KEY (`avID`) REFERENCES `AttributeValues` (`avID`),
  CONSTRAINT `FK_67658AF7521D8435` FOREIGN KEY (`siteID`) REFERENCES `Sites` (`siteID`),
  CONSTRAINT `FK_67658AF7B6561A7E` FOREIGN KEY (`akID`) REFERENCES `AttributeKeys` (`akID`)
) ENGINE=InnoDB DEFAULT CHARSET=utf8 COLLATE=utf8_unicode_ci;
/*!40101 SET character_set_client = @saved_cs_client */;

--
-- Dumping data for table `SiteAttributeValues`
--

LOCK TABLES `SiteAttributeValues` WRITE;
/*!40000 ALTER TABLE `SiteAttributeValues` DISABLE KEYS */;
/*!40000 ALTER TABLE `SiteAttributeValues` ENABLE KEYS */;
UNLOCK TABLES;

--
-- Table structure for table `SiteLocales`
--

DROP TABLE IF EXISTS `SiteLocales`;
/*!40101 SET @saved_cs_client     = @@character_set_client */;
/*!40101 SET character_set_client = utf8 */;
CREATE TABLE `SiteLocales` (
  `siteLocaleID` int(10) unsigned NOT NULL AUTO_INCREMENT,
  `msIsDefault` tinyint(1) NOT NULL,
  `msLanguage` varchar(32) COLLATE utf8_unicode_ci NOT NULL,
  `msCountry` varchar(32) COLLATE utf8_unicode_ci NOT NULL,
  `msNumPlurals` int(11) NOT NULL,
  `msPluralRule` varchar(400) COLLATE utf8_unicode_ci NOT NULL,
  `msPluralCases` varchar(1000) COLLATE utf8_unicode_ci NOT NULL,
  `siteID` int(10) unsigned DEFAULT NULL,
  `siteTreeID` int(10) unsigned DEFAULT NULL,
  PRIMARY KEY (`siteLocaleID`),
  UNIQUE KEY `UNIQ_2527AB2CF9431B4B` (`siteTreeID`),
  KEY `IDX_2527AB2C521D8435` (`siteID`),
  CONSTRAINT `FK_2527AB2CF9431B4B` FOREIGN KEY (`siteTreeID`) REFERENCES `SiteTreeTrees` (`siteTreeID`),
  CONSTRAINT `FK_2527AB2C521D8435` FOREIGN KEY (`siteID`) REFERENCES `Sites` (`siteID`)
) ENGINE=InnoDB AUTO_INCREMENT=2 DEFAULT CHARSET=utf8 COLLATE=utf8_unicode_ci;
/*!40101 SET character_set_client = @saved_cs_client */;

--
-- Dumping data for table `SiteLocales`
--

LOCK TABLES `SiteLocales` WRITE;
/*!40000 ALTER TABLE `SiteLocales` DISABLE KEYS */;
INSERT INTO `SiteLocales` VALUES (1,1,'en','US',2,'(n != 1)','one@1\nother@0, 2~16, 100, 1000, 10000, 100000, 1000000, ',1,1);
/*!40000 ALTER TABLE `SiteLocales` ENABLE KEYS */;
UNLOCK TABLES;

--
-- Table structure for table `SiteSearchIndexAttributes`
--

DROP TABLE IF EXISTS `SiteSearchIndexAttributes`;
/*!40101 SET @saved_cs_client     = @@character_set_client */;
/*!40101 SET character_set_client = utf8 */;
CREATE TABLE `SiteSearchIndexAttributes` (
  `siteID` int(10) unsigned NOT NULL DEFAULT '0',
  PRIMARY KEY (`siteID`)
) ENGINE=InnoDB DEFAULT CHARSET=utf8 COLLATE=utf8_unicode_ci;
/*!40101 SET character_set_client = @saved_cs_client */;

--
-- Dumping data for table `SiteSearchIndexAttributes`
--

LOCK TABLES `SiteSearchIndexAttributes` WRITE;
/*!40000 ALTER TABLE `SiteSearchIndexAttributes` DISABLE KEYS */;
/*!40000 ALTER TABLE `SiteSearchIndexAttributes` ENABLE KEYS */;
UNLOCK TABLES;

--
-- Table structure for table `SiteTreeTrees`
--

DROP TABLE IF EXISTS `SiteTreeTrees`;
/*!40101 SET @saved_cs_client     = @@character_set_client */;
/*!40101 SET character_set_client = utf8 */;
CREATE TABLE `SiteTreeTrees` (
  `siteLocaleID` int(10) unsigned DEFAULT NULL,
  `siteTreeID` int(10) unsigned NOT NULL,
  PRIMARY KEY (`siteTreeID`),
  UNIQUE KEY `UNIQ_A4B9696EACD624CD` (`siteLocaleID`),
  CONSTRAINT `FK_A4B9696EF9431B4B` FOREIGN KEY (`siteTreeID`) REFERENCES `SiteTrees` (`siteTreeID`) ON DELETE CASCADE,
  CONSTRAINT `FK_A4B9696EACD624CD` FOREIGN KEY (`siteLocaleID`) REFERENCES `SiteLocales` (`siteLocaleID`)
) ENGINE=InnoDB DEFAULT CHARSET=utf8 COLLATE=utf8_unicode_ci;
/*!40101 SET character_set_client = @saved_cs_client */;

--
-- Dumping data for table `SiteTreeTrees`
--

LOCK TABLES `SiteTreeTrees` WRITE;
/*!40000 ALTER TABLE `SiteTreeTrees` DISABLE KEYS */;
INSERT INTO `SiteTreeTrees` VALUES (1,1);
/*!40000 ALTER TABLE `SiteTreeTrees` ENABLE KEYS */;
UNLOCK TABLES;

--
-- Table structure for table `SiteTrees`
--

DROP TABLE IF EXISTS `SiteTrees`;
/*!40101 SET @saved_cs_client     = @@character_set_client */;
/*!40101 SET character_set_client = utf8 */;
CREATE TABLE `SiteTrees` (
  `siteTreeID` int(10) unsigned NOT NULL AUTO_INCREMENT,
  `siteHomePageID` int(10) unsigned NOT NULL,
  `treeType` varchar(255) COLLATE utf8_unicode_ci NOT NULL,
  PRIMARY KEY (`siteTreeID`)
) ENGINE=InnoDB AUTO_INCREMENT=2 DEFAULT CHARSET=utf8 COLLATE=utf8_unicode_ci;
/*!40101 SET character_set_client = @saved_cs_client */;

--
-- Dumping data for table `SiteTrees`
--

LOCK TABLES `SiteTrees` WRITE;
/*!40000 ALTER TABLE `SiteTrees` DISABLE KEYS */;
INSERT INTO `SiteTrees` VALUES (1,1,'sitetree');
/*!40000 ALTER TABLE `SiteTrees` ENABLE KEYS */;
UNLOCK TABLES;

--
-- Table structure for table `SiteTypes`
--

DROP TABLE IF EXISTS `SiteTypes`;
/*!40101 SET @saved_cs_client     = @@character_set_client */;
/*!40101 SET character_set_client = utf8 */;
CREATE TABLE `SiteTypes` (
  `siteTypeID` int(10) unsigned NOT NULL AUTO_INCREMENT,
  `siteTypeHandle` varchar(255) COLLATE utf8_unicode_ci NOT NULL,
  `siteTypeName` varchar(255) COLLATE utf8_unicode_ci NOT NULL,
  `siteTypeThemeID` int(11) NOT NULL,
  `siteTypeHomePageTemplateID` int(11) NOT NULL,
  `pkgID` int(10) unsigned DEFAULT NULL,
  PRIMARY KEY (`siteTypeID`),
  UNIQUE KEY `UNIQ_7CBFE97576D39A3C` (`siteTypeHandle`),
  UNIQUE KEY `UNIQ_7CBFE975C7F74FC3` (`siteTypeName`),
  KEY `IDX_7CBFE975CE45CBB0` (`pkgID`),
  CONSTRAINT `FK_7CBFE975CE45CBB0` FOREIGN KEY (`pkgID`) REFERENCES `Packages` (`pkgID`)
) ENGINE=InnoDB AUTO_INCREMENT=2 DEFAULT CHARSET=utf8 COLLATE=utf8_unicode_ci;
/*!40101 SET character_set_client = @saved_cs_client */;

--
-- Dumping data for table `SiteTypes`
--

LOCK TABLES `SiteTypes` WRITE;
/*!40000 ALTER TABLE `SiteTypes` DISABLE KEYS */;
INSERT INTO `SiteTypes` VALUES (1,'default','Default Site Type',0,0,NULL);
/*!40000 ALTER TABLE `SiteTypes` ENABLE KEYS */;
UNLOCK TABLES;

--
-- Table structure for table `Sites`
--

DROP TABLE IF EXISTS `Sites`;
/*!40101 SET @saved_cs_client     = @@character_set_client */;
/*!40101 SET character_set_client = utf8 */;
CREATE TABLE `Sites` (
  `siteID` int(10) unsigned NOT NULL AUTO_INCREMENT,
  `pThemeID` int(10) unsigned NOT NULL,
  `siteIsDefault` tinyint(1) NOT NULL,
  `siteHandle` varchar(255) COLLATE utf8_unicode_ci NOT NULL,
  `siteTypeID` int(10) unsigned DEFAULT NULL,
  PRIMARY KEY (`siteID`),
  UNIQUE KEY `UNIQ_7DC18567D84E1976` (`siteHandle`),
  KEY `IDX_7DC18567E9548DF7` (`siteTypeID`),
  CONSTRAINT `FK_7DC18567E9548DF7` FOREIGN KEY (`siteTypeID`) REFERENCES `SiteTypes` (`siteTypeID`)
) ENGINE=InnoDB AUTO_INCREMENT=2 DEFAULT CHARSET=utf8 COLLATE=utf8_unicode_ci;
/*!40101 SET character_set_client = @saved_cs_client */;

--
-- Dumping data for table `Sites`
--

LOCK TABLES `Sites` WRITE;
/*!40000 ALTER TABLE `Sites` DISABLE KEYS */;
INSERT INTO `Sites` VALUES (1,2,1,'default',1);
/*!40000 ALTER TABLE `Sites` ENABLE KEYS */;
UNLOCK TABLES;

--
-- Table structure for table `StackUsageRecord`
--

DROP TABLE IF EXISTS `StackUsageRecord`;
/*!40101 SET @saved_cs_client     = @@character_set_client */;
/*!40101 SET character_set_client = utf8 */;
CREATE TABLE `StackUsageRecord` (
  `stack_id` int(11) NOT NULL,
  `block_id` int(11) NOT NULL,
  `collection_id` int(11) NOT NULL,
  `collection_version_id` int(11) NOT NULL,
  PRIMARY KEY (`stack_id`,`block_id`,`collection_id`,`collection_version_id`),
  KEY `block` (`block_id`),
  KEY `collection_version` (`collection_id`,`collection_version_id`)
) ENGINE=InnoDB DEFAULT CHARSET=utf8 COLLATE=utf8_unicode_ci;
/*!40101 SET character_set_client = @saved_cs_client */;

--
-- Dumping data for table `StackUsageRecord`
--

LOCK TABLES `StackUsageRecord` WRITE;
/*!40000 ALTER TABLE `StackUsageRecord` DISABLE KEYS */;
/*!40000 ALTER TABLE `StackUsageRecord` ENABLE KEYS */;
UNLOCK TABLES;

--
-- Table structure for table `Stacks`
--

DROP TABLE IF EXISTS `Stacks`;
/*!40101 SET @saved_cs_client     = @@character_set_client */;
/*!40101 SET character_set_client = utf8 */;
CREATE TABLE `Stacks` (
  `stID` int(10) unsigned NOT NULL AUTO_INCREMENT,
  `stName` varchar(255) COLLATE utf8_unicode_ci NOT NULL,
  `stType` int(10) unsigned NOT NULL DEFAULT '0',
  `cID` int(10) unsigned NOT NULL DEFAULT '0',
  `stMultilingualSection` int(10) unsigned NOT NULL DEFAULT '0',
  `siteTreeID` int(10) unsigned DEFAULT '0',
  PRIMARY KEY (`stID`),
  KEY `stType` (`stType`),
  KEY `stName` (`stName`),
  KEY `cID` (`cID`)
) ENGINE=InnoDB AUTO_INCREMENT=22 DEFAULT CHARSET=utf8 COLLATE=utf8_unicode_ci;
/*!40101 SET character_set_client = @saved_cs_client */;

--
-- Dumping data for table `Stacks`
--

LOCK TABLES `Stacks` WRITE;
/*!40000 ALTER TABLE `Stacks` DISABLE KEYS */;
INSERT INTO `Stacks` VALUES (6,'Lorem Ipsum',0,161,0,1),(7,'Contact Us',0,162,0,1),(8,'Footer 01',20,163,0,1),(9,'Footer 02',20,164,0,1),(10,'Footer 03',20,165,0,1),(11,'Footer 04',20,166,0,1),(12,'Footer Contact',20,167,0,1),(13,'Footer Legal',20,168,0,1),(14,'Footer Navigation',20,169,0,1),(15,'Header Navigation',20,170,0,1),(16,'Header Right',20,171,0,1),(17,'Header Site Title',20,172,0,1),(18,'Logo',20,173,0,1),(19,'Responsive Navigation',20,174,0,1),(20,'Reviews',0,175,0,1),(21,'Site Logo',0,199,0,1);
/*!40000 ALTER TABLE `Stacks` ENABLE KEYS */;
UNLOCK TABLES;

--
-- Table structure for table `StyleCustomizerCustomCssRecords`
--

DROP TABLE IF EXISTS `StyleCustomizerCustomCssRecords`;
/*!40101 SET @saved_cs_client     = @@character_set_client */;
/*!40101 SET character_set_client = utf8 */;
CREATE TABLE `StyleCustomizerCustomCssRecords` (
  `sccRecordID` int(11) NOT NULL AUTO_INCREMENT,
  `value` longtext COLLATE utf8_unicode_ci NOT NULL,
  PRIMARY KEY (`sccRecordID`)
) ENGINE=InnoDB DEFAULT CHARSET=utf8 COLLATE=utf8_unicode_ci;
/*!40101 SET character_set_client = @saved_cs_client */;

--
-- Dumping data for table `StyleCustomizerCustomCssRecords`
--

LOCK TABLES `StyleCustomizerCustomCssRecords` WRITE;
/*!40000 ALTER TABLE `StyleCustomizerCustomCssRecords` DISABLE KEYS */;
/*!40000 ALTER TABLE `StyleCustomizerCustomCssRecords` ENABLE KEYS */;
UNLOCK TABLES;

--
-- Table structure for table `StyleCustomizerInlineStylePresets`
--

DROP TABLE IF EXISTS `StyleCustomizerInlineStylePresets`;
/*!40101 SET @saved_cs_client     = @@character_set_client */;
/*!40101 SET character_set_client = utf8 */;
CREATE TABLE `StyleCustomizerInlineStylePresets` (
  `pssPresetID` int(10) unsigned NOT NULL AUTO_INCREMENT,
  `pssPresetName` varchar(255) COLLATE utf8_unicode_ci NOT NULL,
  `issID` int(10) unsigned NOT NULL DEFAULT '0',
  PRIMARY KEY (`pssPresetID`),
  KEY `issID` (`issID`)
) ENGINE=InnoDB DEFAULT CHARSET=utf8 COLLATE=utf8_unicode_ci;
/*!40101 SET character_set_client = @saved_cs_client */;

--
-- Dumping data for table `StyleCustomizerInlineStylePresets`
--

LOCK TABLES `StyleCustomizerInlineStylePresets` WRITE;
/*!40000 ALTER TABLE `StyleCustomizerInlineStylePresets` DISABLE KEYS */;
/*!40000 ALTER TABLE `StyleCustomizerInlineStylePresets` ENABLE KEYS */;
UNLOCK TABLES;

--
-- Table structure for table `StyleCustomizerInlineStyleSets`
--

DROP TABLE IF EXISTS `StyleCustomizerInlineStyleSets`;
/*!40101 SET @saved_cs_client     = @@character_set_client */;
/*!40101 SET character_set_client = utf8 */;
CREATE TABLE `StyleCustomizerInlineStyleSets` (
  `issID` int(11) NOT NULL AUTO_INCREMENT,
  `backgroundColor` varchar(255) COLLATE utf8_unicode_ci DEFAULT NULL,
  `backgroundImageFileID` int(11) NOT NULL,
  `backgroundRepeat` varchar(255) COLLATE utf8_unicode_ci DEFAULT NULL,
  `borderWidth` varchar(255) COLLATE utf8_unicode_ci DEFAULT NULL,
  `borderColor` varchar(255) COLLATE utf8_unicode_ci DEFAULT NULL,
  `borderStyle` varchar(255) COLLATE utf8_unicode_ci DEFAULT NULL,
  `borderRadius` varchar(255) COLLATE utf8_unicode_ci DEFAULT NULL,
  `baseFontSize` varchar(255) COLLATE utf8_unicode_ci DEFAULT NULL,
  `alignment` varchar(255) COLLATE utf8_unicode_ci DEFAULT NULL,
  `textColor` varchar(255) COLLATE utf8_unicode_ci DEFAULT NULL,
  `linkColor` varchar(255) COLLATE utf8_unicode_ci DEFAULT NULL,
  `paddingTop` varchar(255) COLLATE utf8_unicode_ci DEFAULT NULL,
  `paddingBottom` varchar(255) COLLATE utf8_unicode_ci DEFAULT NULL,
  `paddingLeft` varchar(255) COLLATE utf8_unicode_ci DEFAULT NULL,
  `paddingRight` varchar(255) COLLATE utf8_unicode_ci DEFAULT NULL,
  `marginTop` varchar(255) COLLATE utf8_unicode_ci DEFAULT NULL,
  `marginBottom` varchar(255) COLLATE utf8_unicode_ci DEFAULT NULL,
  `marginLeft` varchar(255) COLLATE utf8_unicode_ci DEFAULT NULL,
  `marginRight` varchar(255) COLLATE utf8_unicode_ci DEFAULT NULL,
  `rotate` varchar(255) COLLATE utf8_unicode_ci DEFAULT NULL,
  `boxShadowHorizontal` varchar(255) COLLATE utf8_unicode_ci DEFAULT NULL,
  `boxShadowVertical` varchar(255) COLLATE utf8_unicode_ci DEFAULT NULL,
  `boxShadowBlur` varchar(255) COLLATE utf8_unicode_ci DEFAULT NULL,
  `boxShadowSpread` varchar(255) COLLATE utf8_unicode_ci DEFAULT NULL,
  `boxShadowColor` varchar(255) COLLATE utf8_unicode_ci DEFAULT NULL,
  `customClass` varchar(255) COLLATE utf8_unicode_ci DEFAULT NULL,
  `hideOnExtraSmallDevice` tinyint(1) DEFAULT NULL,
  `hideOnSmallDevice` tinyint(1) DEFAULT NULL,
  `hideOnMediumDevice` tinyint(1) DEFAULT NULL,
  `hideOnLargeDevice` tinyint(1) DEFAULT NULL,
  `backgroundSize` varchar(255) COLLATE utf8_unicode_ci DEFAULT NULL,
  `backgroundPosition` varchar(255) COLLATE utf8_unicode_ci DEFAULT NULL,
  `customID` varchar(255) COLLATE utf8_unicode_ci DEFAULT NULL,
  PRIMARY KEY (`issID`)
) ENGINE=InnoDB AUTO_INCREMENT=54 DEFAULT CHARSET=utf8 COLLATE=utf8_unicode_ci;
/*!40101 SET character_set_client = @saved_cs_client */;

--
-- Dumping data for table `StyleCustomizerInlineStyleSets`
--

LOCK TABLES `StyleCustomizerInlineStyleSets` WRITE;
/*!40000 ALTER TABLE `StyleCustomizerInlineStyleSets` DISABLE KEYS */;
INSERT INTO `StyleCustomizerInlineStyleSets` VALUES (1,'',0,'','','','','','','','','','','','','','','','','','','','','','','','space-m',0,0,0,0,NULL,NULL,NULL),(2,'',0,'','','','','','','','','','','','','','','','','','','','','','','','space-s',0,0,0,0,NULL,NULL,NULL),(3,'',0,'','','','','','','','','','','','','','','','','','','','','','','','space-l',0,0,0,0,NULL,NULL,NULL),(4,'',0,'','','','','','','','','','','','','','','','','','','','','','','','space-l',0,0,0,0,NULL,NULL,NULL),(5,'',0,'','','','','','','right','','','','','','','','','','','','','','','','','',0,0,0,0,NULL,NULL,NULL),(6,'',0,'','','','','','','','','','','','','','','','','','','','','','','','1-column',0,0,0,0,NULL,NULL,NULL),(7,'',0,'','','','','','','','','','','','','','','','','','','','','','','','area-primary area-space-m',0,0,0,0,NULL,NULL,NULL),(8,'',0,'no-repeat','','','','','','','','','','','','','','','','','','','','','','','area-secondary area-space-l topic-idea',0,0,0,0,NULL,NULL,NULL),(9,'',0,'','','','','','','','','','','','','','','','','','','','','','','','area-space-m',0,0,0,0,NULL,NULL,NULL),(10,'',0,'','','','','','','','','','','','','','','','','','','','','','','','area-space-m area-tertiary',0,0,0,0,NULL,NULL,NULL),(11,'',0,'','','','','','','','','','','','','','','','','','','','','','','','area-space-l',0,0,0,0,NULL,NULL,NULL),(12,'',0,'','','','','','','','','','','','','','','','','','','','','','','','area-primary area-space-m',0,0,0,0,NULL,NULL,NULL),(13,'',0,'','','','','','','','','','','','','','','','','','','','','','','','area-primary topic-help area-space-m',0,0,0,0,NULL,NULL,NULL),(14,'',0,'','','','','','','','','','','','','','','','','','','','','','','','space-m',0,0,0,0,NULL,NULL,NULL),(15,'',0,'','','','','','','','','','','','','','','','','','','','','','','','area-quaternary area-space-l',0,0,0,0,NULL,NULL,NULL),(16,'',0,'','','','','','','center','','','','','','','','','','','','','','','','','',0,0,0,0,NULL,NULL,NULL),(17,'',0,'no-repeat','','','','','','','','','','','','','','','','','','','','','','','area-space-l',0,0,0,0,NULL,NULL,NULL),(18,'',0,'no-repeat','','','','','','','','','','','','','','','','','','','','','','','area-secondary area-space-l topic-get-in-touch',0,0,0,0,NULL,NULL,NULL),(19,'',0,'no-repeat','','','','','','','','','','','','','','','','','','','','','','','space-xl',0,0,0,0,NULL,NULL,NULL),(20,'',0,'no-repeat','','','','','','','','','','','','','','','','','','','','','','','area-space-m',0,0,0,0,NULL,NULL,NULL),(21,'',0,'no-repeat','','','','','25px','','','','','','','','','','','','','','','','','','',0,0,0,0,NULL,NULL,NULL),(22,'',0,'no-repeat','','','','','25px','','','','','','','','','','','','','','','','','','',0,0,0,0,NULL,NULL,NULL),(23,'',0,'no-repeat','','','','','25px','','','','','','','','','','','','','','','','','','',0,0,0,0,NULL,NULL,NULL),(24,'',0,'no-repeat','','','','','','','','','','','','','','','','','','','','','','','area-space-m',0,0,0,0,NULL,NULL,NULL),(25,'',0,'','','','','','','','','','','','','','','','','','','','','','','','4-column',0,0,0,0,NULL,NULL,NULL),(26,'',0,'no-repeat','','','','','','','','','','','','','','','','','','','','','','','space-l',0,0,0,0,NULL,NULL,NULL),(27,'',0,'','','','','','','','','','','','','','','','','','','','','','','','2-column',0,0,0,0,NULL,NULL,NULL),(28,NULL,0,'no-repeat',NULL,NULL,NULL,NULL,NULL,NULL,NULL,NULL,NULL,NULL,NULL,NULL,NULL,NULL,NULL,NULL,NULL,NULL,NULL,NULL,NULL,NULL,'quaternary-smoked height-80',0,0,0,0,NULL,NULL,NULL),(29,NULL,0,'no-repeat',NULL,NULL,NULL,NULL,NULL,NULL,NULL,NULL,NULL,NULL,NULL,NULL,NULL,NULL,NULL,NULL,NULL,NULL,NULL,NULL,NULL,NULL,'space-m',0,0,0,0,NULL,NULL,NULL),(30,NULL,0,'no-repeat',NULL,NULL,NULL,NULL,NULL,NULL,NULL,NULL,NULL,NULL,NULL,NULL,NULL,NULL,NULL,NULL,NULL,NULL,NULL,NULL,NULL,NULL,'space-m',0,0,0,0,NULL,NULL,NULL),(31,NULL,0,'no-repeat',NULL,NULL,NULL,NULL,NULL,NULL,NULL,NULL,NULL,NULL,NULL,NULL,NULL,NULL,NULL,NULL,NULL,NULL,NULL,NULL,NULL,NULL,'area-space-m area-secondary',0,0,0,0,NULL,NULL,NULL),(32,NULL,0,'no-repeat',NULL,NULL,NULL,NULL,NULL,NULL,NULL,NULL,NULL,NULL,NULL,NULL,NULL,NULL,NULL,NULL,NULL,NULL,NULL,NULL,NULL,NULL,'space-m',0,0,0,0,NULL,NULL,NULL),(33,NULL,0,'no-repeat',NULL,NULL,NULL,NULL,NULL,NULL,NULL,NULL,NULL,NULL,NULL,NULL,NULL,NULL,NULL,NULL,NULL,NULL,NULL,NULL,NULL,NULL,'area-space-m area-primary',0,0,0,0,NULL,NULL,NULL),(34,NULL,0,'no-repeat',NULL,NULL,NULL,NULL,NULL,NULL,NULL,NULL,NULL,NULL,NULL,NULL,NULL,NULL,NULL,NULL,NULL,NULL,NULL,NULL,NULL,NULL,'3-column',0,0,0,0,NULL,NULL,NULL),(35,NULL,0,'no-repeat',NULL,NULL,NULL,NULL,NULL,NULL,NULL,NULL,NULL,NULL,NULL,NULL,NULL,NULL,NULL,NULL,NULL,NULL,NULL,NULL,NULL,NULL,'space-m',0,0,0,0,NULL,NULL,NULL),(36,NULL,0,'no-repeat',NULL,NULL,NULL,NULL,NULL,NULL,NULL,NULL,NULL,NULL,NULL,NULL,NULL,NULL,NULL,NULL,NULL,NULL,NULL,NULL,NULL,NULL,'3-column no-gap',0,0,0,0,NULL,NULL,NULL),(37,NULL,0,'no-repeat',NULL,NULL,NULL,NULL,NULL,NULL,NULL,NULL,NULL,NULL,NULL,NULL,NULL,NULL,NULL,NULL,NULL,NULL,NULL,NULL,NULL,NULL,'area-white',0,0,0,0,NULL,NULL,NULL),(38,NULL,0,'no-repeat',NULL,NULL,NULL,NULL,NULL,NULL,NULL,NULL,NULL,NULL,NULL,NULL,NULL,NULL,NULL,NULL,NULL,NULL,NULL,NULL,NULL,NULL,'area-tertiary',0,0,0,0,NULL,NULL,NULL),(39,NULL,0,'no-repeat',NULL,NULL,NULL,NULL,NULL,NULL,NULL,NULL,NULL,NULL,NULL,NULL,NULL,NULL,NULL,NULL,NULL,NULL,NULL,NULL,NULL,NULL,'area-quaternary',0,0,0,0,NULL,NULL,NULL),(40,NULL,0,'no-repeat',NULL,NULL,NULL,NULL,NULL,NULL,NULL,NULL,NULL,NULL,NULL,NULL,NULL,NULL,NULL,NULL,NULL,NULL,NULL,NULL,NULL,NULL,'area-quaternary',0,0,0,0,NULL,NULL,NULL),(41,NULL,0,'no-repeat',NULL,NULL,NULL,NULL,NULL,NULL,NULL,NULL,NULL,NULL,NULL,NULL,NULL,NULL,NULL,NULL,NULL,NULL,NULL,NULL,NULL,NULL,'area-quaternary',0,0,0,0,NULL,NULL,NULL),(42,NULL,0,'no-repeat',NULL,NULL,NULL,NULL,NULL,NULL,NULL,NULL,NULL,NULL,NULL,NULL,NULL,NULL,NULL,NULL,NULL,NULL,NULL,NULL,NULL,NULL,'space-m',0,0,0,0,NULL,NULL,NULL),(43,NULL,0,'no-repeat',NULL,NULL,NULL,NULL,NULL,NULL,NULL,NULL,NULL,NULL,NULL,NULL,NULL,NULL,NULL,NULL,NULL,NULL,NULL,NULL,NULL,NULL,'quaternary-smoked height-50',0,0,0,0,NULL,NULL,NULL),(44,NULL,0,'no-repeat',NULL,NULL,NULL,NULL,NULL,NULL,NULL,NULL,NULL,NULL,NULL,NULL,NULL,NULL,NULL,NULL,NULL,NULL,NULL,NULL,NULL,NULL,'area-primary area-space-m',0,0,0,0,NULL,NULL,NULL),(45,NULL,0,'no-repeat',NULL,NULL,NULL,NULL,NULL,NULL,NULL,NULL,NULL,NULL,NULL,NULL,NULL,NULL,NULL,NULL,NULL,NULL,NULL,NULL,NULL,NULL,'area-primary',0,0,0,0,NULL,NULL,NULL),(46,NULL,0,'no-repeat',NULL,NULL,NULL,NULL,NULL,NULL,NULL,NULL,NULL,NULL,NULL,NULL,NULL,NULL,NULL,NULL,NULL,NULL,NULL,NULL,NULL,NULL,'space-m',0,0,0,0,NULL,NULL,NULL),(47,NULL,0,'no-repeat',NULL,NULL,NULL,NULL,NULL,NULL,NULL,NULL,NULL,NULL,NULL,NULL,NULL,NULL,NULL,NULL,NULL,NULL,NULL,NULL,NULL,NULL,'space-m',0,0,0,0,NULL,NULL,NULL),(48,NULL,0,'no-repeat',NULL,NULL,NULL,NULL,NULL,NULL,NULL,NULL,NULL,NULL,NULL,NULL,NULL,NULL,NULL,NULL,NULL,NULL,NULL,NULL,NULL,NULL,'space-m',0,0,0,0,NULL,NULL,NULL),(49,NULL,0,'no-repeat',NULL,NULL,NULL,NULL,NULL,NULL,NULL,NULL,NULL,NULL,NULL,NULL,NULL,NULL,NULL,NULL,NULL,NULL,NULL,NULL,NULL,NULL,'space-m',0,0,0,0,NULL,NULL,NULL),(50,NULL,0,'no-repeat',NULL,NULL,NULL,NULL,NULL,NULL,NULL,NULL,NULL,NULL,NULL,NULL,NULL,NULL,NULL,NULL,NULL,NULL,NULL,NULL,NULL,NULL,'area-quaternary area-space-m',0,0,0,0,NULL,NULL,NULL),(51,NULL,0,'no-repeat',NULL,NULL,NULL,NULL,NULL,NULL,NULL,NULL,NULL,NULL,NULL,NULL,NULL,NULL,NULL,NULL,NULL,NULL,NULL,NULL,NULL,NULL,'3-column no-gap',0,0,0,0,NULL,NULL,NULL),(52,NULL,0,'no-repeat',NULL,NULL,NULL,NULL,NULL,NULL,NULL,NULL,NULL,NULL,NULL,NULL,NULL,NULL,NULL,NULL,NULL,NULL,NULL,NULL,NULL,NULL,'3-column carousel-margin-0px',0,0,0,0,NULL,NULL,NULL),(53,'',0,'','','','','','','','','','','','','','','','','','','','','','','','concrete5-org-stories',0,0,0,0,'','','');
/*!40000 ALTER TABLE `StyleCustomizerInlineStyleSets` ENABLE KEYS */;
UNLOCK TABLES;

--
-- Table structure for table `StyleCustomizerValueLists`
--

DROP TABLE IF EXISTS `StyleCustomizerValueLists`;
/*!40101 SET @saved_cs_client     = @@character_set_client */;
/*!40101 SET character_set_client = utf8 */;
CREATE TABLE `StyleCustomizerValueLists` (
  `scvlID` int(10) unsigned NOT NULL AUTO_INCREMENT,
  PRIMARY KEY (`scvlID`)
) ENGINE=InnoDB AUTO_INCREMENT=3 DEFAULT CHARSET=utf8 COLLATE=utf8_unicode_ci;
/*!40101 SET character_set_client = @saved_cs_client */;

--
-- Dumping data for table `StyleCustomizerValueLists`
--

LOCK TABLES `StyleCustomizerValueLists` WRITE;
/*!40000 ALTER TABLE `StyleCustomizerValueLists` DISABLE KEYS */;
INSERT INTO `StyleCustomizerValueLists` VALUES (1),(2);
/*!40000 ALTER TABLE `StyleCustomizerValueLists` ENABLE KEYS */;
UNLOCK TABLES;

--
-- Table structure for table `StyleCustomizerValues`
--

DROP TABLE IF EXISTS `StyleCustomizerValues`;
/*!40101 SET @saved_cs_client     = @@character_set_client */;
/*!40101 SET character_set_client = utf8 */;
CREATE TABLE `StyleCustomizerValues` (
  `scvID` int(10) unsigned NOT NULL AUTO_INCREMENT,
  `scvlID` int(10) unsigned DEFAULT NULL,
  `value` text COLLATE utf8_unicode_ci,
  PRIMARY KEY (`scvID`),
  KEY `scvlID` (`scvlID`)
) ENGINE=InnoDB AUTO_INCREMENT=35 DEFAULT CHARSET=utf8 COLLATE=utf8_unicode_ci;
/*!40101 SET character_set_client = @saved_cs_client */;

--
-- Dumping data for table `StyleCustomizerValues`
--

LOCK TABLES `StyleCustomizerValues` WRITE;
/*!40000 ALTER TABLE `StyleCustomizerValues` DISABLE KEYS */;
INSERT INTO `StyleCustomizerValues` VALUES (1,1,'O:52:\"Concrete\\Core\\StyleCustomizer\\Style\\Value\\ColorValue\":7:{s:4:\"\0*\0r\";i:255;s:4:\"\0*\0g\";i:120;s:4:\"\0*\0b\";i:79;s:4:\"\0*\0a\";b:0;s:11:\"\0*\0variable\";s:7:\"primary\";s:8:\"\0*\0scvID\";N;s:9:\"\0*\0scvlID\";N;}'),(2,1,'O:52:\"Concrete\\Core\\StyleCustomizer\\Style\\Value\\ColorValue\":7:{s:4:\"\0*\0r\";i:126;s:4:\"\0*\0g\";i:161;s:4:\"\0*\0b\";i:114;s:4:\"\0*\0a\";b:0;s:11:\"\0*\0variable\";s:9:\"secondary\";s:8:\"\0*\0scvID\";N;s:9:\"\0*\0scvlID\";N;}'),(3,1,'O:52:\"Concrete\\Core\\StyleCustomizer\\Style\\Value\\ColorValue\":7:{s:4:\"\0*\0r\";i:242;s:4:\"\0*\0g\";i:244;s:4:\"\0*\0b\";i:243;s:4:\"\0*\0a\";b:0;s:11:\"\0*\0variable\";s:8:\"tertiary\";s:8:\"\0*\0scvID\";N;s:9:\"\0*\0scvlID\";N;}'),(4,1,'O:52:\"Concrete\\Core\\StyleCustomizer\\Style\\Value\\ColorValue\":7:{s:4:\"\0*\0r\";i:58;s:4:\"\0*\0g\";i:48;s:4:\"\0*\0b\";i:66;s:4:\"\0*\0a\";b:0;s:11:\"\0*\0variable\";s:10:\"quaternary\";s:8:\"\0*\0scvID\";N;s:9:\"\0*\0scvlID\";N;}'),(5,1,'O:52:\"Concrete\\Core\\StyleCustomizer\\Style\\Value\\ColorValue\":7:{s:4:\"\0*\0r\";i:242;s:4:\"\0*\0g\";i:244;s:4:\"\0*\0b\";i:243;s:4:\"\0*\0a\";b:0;s:11:\"\0*\0variable\";s:5:\"white\";s:8:\"\0*\0scvID\";N;s:9:\"\0*\0scvlID\";N;}'),(6,1,'O:52:\"Concrete\\Core\\StyleCustomizer\\Style\\Value\\ColorValue\":7:{s:4:\"\0*\0r\";i:58;s:4:\"\0*\0g\";i:48;s:4:\"\0*\0b\";i:66;s:4:\"\0*\0a\";b:0;s:11:\"\0*\0variable\";s:5:\"black\";s:8:\"\0*\0scvID\";N;s:9:\"\0*\0scvlID\";N;}'),(7,1,'O:52:\"Concrete\\Core\\StyleCustomizer\\Style\\Value\\ColorValue\":7:{s:4:\"\0*\0r\";i:92;s:4:\"\0*\0g\";i:184;s:4:\"\0*\0b\";i:92;s:4:\"\0*\0a\";b:0;s:11:\"\0*\0variable\";s:7:\"success\";s:8:\"\0*\0scvID\";N;s:9:\"\0*\0scvlID\";N;}'),(8,1,'O:52:\"Concrete\\Core\\StyleCustomizer\\Style\\Value\\ColorValue\":7:{s:4:\"\0*\0r\";i:91;s:4:\"\0*\0g\";i:192;s:4:\"\0*\0b\";i:222;s:4:\"\0*\0a\";b:0;s:11:\"\0*\0variable\";s:4:\"info\";s:8:\"\0*\0scvID\";N;s:9:\"\0*\0scvlID\";N;}'),(9,1,'O:52:\"Concrete\\Core\\StyleCustomizer\\Style\\Value\\ColorValue\":7:{s:4:\"\0*\0r\";i:240;s:4:\"\0*\0g\";i:173;s:4:\"\0*\0b\";i:78;s:4:\"\0*\0a\";b:0;s:11:\"\0*\0variable\";s:7:\"warning\";s:8:\"\0*\0scvID\";N;s:9:\"\0*\0scvlID\";N;}'),(10,1,'O:52:\"Concrete\\Core\\StyleCustomizer\\Style\\Value\\ColorValue\":7:{s:4:\"\0*\0r\";i:217;s:4:\"\0*\0g\";i:83;s:4:\"\0*\0b\";i:79;s:4:\"\0*\0a\";b:0;s:11:\"\0*\0variable\";s:6:\"danger\";s:8:\"\0*\0scvID\";N;s:9:\"\0*\0scvlID\";N;}'),(11,1,'O:52:\"Concrete\\Core\\StyleCustomizer\\Style\\Value\\ColorValue\":7:{s:4:\"\0*\0r\";i:242;s:4:\"\0*\0g\";i:244;s:4:\"\0*\0b\";i:243;s:4:\"\0*\0a\";b:0;s:11:\"\0*\0variable\";s:7:\"body-bg\";s:8:\"\0*\0scvID\";N;s:9:\"\0*\0scvlID\";N;}'),(12,1,'O:52:\"Concrete\\Core\\StyleCustomizer\\Style\\Value\\ImageValue\":5:{s:11:\"\0*\0imageUrl\";s:86:\"/supermint3.demo.portofolied/packages/theme_supermint/themes/images/patterns/noise.png\";s:6:\"\0*\0fID\";N;s:11:\"\0*\0variable\";s:15:\"body-bg-pattern\";s:8:\"\0*\0scvID\";N;s:9:\"\0*\0scvlID\";N;}'),(13,1,'O:52:\"Concrete\\Core\\StyleCustomizer\\Style\\Value\\ColorValue\":7:{s:4:\"\0*\0r\";i:255;s:4:\"\0*\0g\";i:255;s:4:\"\0*\0b\";i:255;s:4:\"\0*\0a\";b:0;s:11:\"\0*\0variable\";s:8:\"boxed-bg\";s:8:\"\0*\0scvID\";N;s:9:\"\0*\0scvlID\";N;}'),(14,1,'O:52:\"Concrete\\Core\\StyleCustomizer\\Style\\Value\\ColorValue\":7:{s:4:\"\0*\0r\";i:242;s:4:\"\0*\0g\";i:244;s:4:\"\0*\0b\";i:243;s:4:\"\0*\0a\";b:0;s:11:\"\0*\0variable\";s:10:\"content-bg\";s:8:\"\0*\0scvID\";N;s:9:\"\0*\0scvlID\";N;}'),(15,1,'O:51:\"Concrete\\Core\\StyleCustomizer\\Style\\Value\\SizeValue\":5:{s:7:\"\0*\0size\";s:2:\"36\";s:7:\"\0*\0unit\";s:2:\"px\";s:11:\"\0*\0variable\";s:14:\"top-nav-height\";s:8:\"\0*\0scvID\";N;s:9:\"\0*\0scvlID\";N;}'),(16,1,'O:51:\"Concrete\\Core\\StyleCustomizer\\Style\\Value\\SizeValue\":5:{s:7:\"\0*\0size\";s:2:\"16\";s:7:\"\0*\0unit\";s:2:\"px\";s:11:\"\0*\0variable\";s:9:\"body-font\";s:8:\"\0*\0scvID\";N;s:9:\"\0*\0scvlID\";N;}'),(17,1,'O:52:\"Concrete\\Core\\StyleCustomizer\\Style\\Value\\ColorValue\":7:{s:4:\"\0*\0r\";i:217;s:4:\"\0*\0g\";i:217;s:4:\"\0*\0b\";i:217;s:4:\"\0*\0a\";b:0;s:11:\"\0*\0variable\";s:22:\"footer-section-divider\";s:8:\"\0*\0scvID\";N;s:9:\"\0*\0scvlID\";N;}'),(18,2,'O:52:\"Concrete\\Core\\StyleCustomizer\\Style\\Value\\ColorValue\":7:{s:4:\"\0*\0r\";i:255;s:4:\"\0*\0g\";i:120;s:4:\"\0*\0b\";i:79;s:4:\"\0*\0a\";b:0;s:11:\"\0*\0variable\";s:7:\"primary\";s:8:\"\0*\0scvID\";N;s:9:\"\0*\0scvlID\";N;}'),(19,2,'O:52:\"Concrete\\Core\\StyleCustomizer\\Style\\Value\\ColorValue\":7:{s:4:\"\0*\0r\";i:119;s:4:\"\0*\0g\";i:159;s:4:\"\0*\0b\";i:161;s:4:\"\0*\0a\";b:0;s:11:\"\0*\0variable\";s:9:\"secondary\";s:8:\"\0*\0scvID\";N;s:9:\"\0*\0scvlID\";N;}'),(20,2,'O:52:\"Concrete\\Core\\StyleCustomizer\\Style\\Value\\ColorValue\":7:{s:4:\"\0*\0r\";i:242;s:4:\"\0*\0g\";i:244;s:4:\"\0*\0b\";i:243;s:4:\"\0*\0a\";b:0;s:11:\"\0*\0variable\";s:8:\"tertiary\";s:8:\"\0*\0scvID\";N;s:9:\"\0*\0scvlID\";N;}'),(21,2,'O:52:\"Concrete\\Core\\StyleCustomizer\\Style\\Value\\ColorValue\":7:{s:4:\"\0*\0r\";i:58;s:4:\"\0*\0g\";i:48;s:4:\"\0*\0b\";i:66;s:4:\"\0*\0a\";b:0;s:11:\"\0*\0variable\";s:10:\"quaternary\";s:8:\"\0*\0scvID\";N;s:9:\"\0*\0scvlID\";N;}'),(22,2,'O:52:\"Concrete\\Core\\StyleCustomizer\\Style\\Value\\ColorValue\":7:{s:4:\"\0*\0r\";i:242;s:4:\"\0*\0g\";i:244;s:4:\"\0*\0b\";i:243;s:4:\"\0*\0a\";b:0;s:11:\"\0*\0variable\";s:5:\"white\";s:8:\"\0*\0scvID\";N;s:9:\"\0*\0scvlID\";N;}'),(23,2,'O:52:\"Concrete\\Core\\StyleCustomizer\\Style\\Value\\ColorValue\":7:{s:4:\"\0*\0r\";i:58;s:4:\"\0*\0g\";i:48;s:4:\"\0*\0b\";i:66;s:4:\"\0*\0a\";b:0;s:11:\"\0*\0variable\";s:5:\"black\";s:8:\"\0*\0scvID\";N;s:9:\"\0*\0scvlID\";N;}'),(24,2,'O:52:\"Concrete\\Core\\StyleCustomizer\\Style\\Value\\ColorValue\":7:{s:4:\"\0*\0r\";i:92;s:4:\"\0*\0g\";i:184;s:4:\"\0*\0b\";i:92;s:4:\"\0*\0a\";b:0;s:11:\"\0*\0variable\";s:7:\"success\";s:8:\"\0*\0scvID\";N;s:9:\"\0*\0scvlID\";N;}'),(25,2,'O:52:\"Concrete\\Core\\StyleCustomizer\\Style\\Value\\ColorValue\":7:{s:4:\"\0*\0r\";i:91;s:4:\"\0*\0g\";i:192;s:4:\"\0*\0b\";i:222;s:4:\"\0*\0a\";b:0;s:11:\"\0*\0variable\";s:4:\"info\";s:8:\"\0*\0scvID\";N;s:9:\"\0*\0scvlID\";N;}'),(26,2,'O:52:\"Concrete\\Core\\StyleCustomizer\\Style\\Value\\ColorValue\":7:{s:4:\"\0*\0r\";i:240;s:4:\"\0*\0g\";i:173;s:4:\"\0*\0b\";i:78;s:4:\"\0*\0a\";b:0;s:11:\"\0*\0variable\";s:7:\"warning\";s:8:\"\0*\0scvID\";N;s:9:\"\0*\0scvlID\";N;}'),(27,2,'O:52:\"Concrete\\Core\\StyleCustomizer\\Style\\Value\\ColorValue\":7:{s:4:\"\0*\0r\";i:217;s:4:\"\0*\0g\";i:83;s:4:\"\0*\0b\";i:79;s:4:\"\0*\0a\";b:0;s:11:\"\0*\0variable\";s:6:\"danger\";s:8:\"\0*\0scvID\";N;s:9:\"\0*\0scvlID\";N;}'),(28,2,'O:52:\"Concrete\\Core\\StyleCustomizer\\Style\\Value\\ColorValue\":7:{s:4:\"\0*\0r\";i:242;s:4:\"\0*\0g\";i:244;s:4:\"\0*\0b\";i:243;s:4:\"\0*\0a\";b:0;s:11:\"\0*\0variable\";s:7:\"body-bg\";s:8:\"\0*\0scvID\";N;s:9:\"\0*\0scvlID\";N;}'),(29,2,'O:52:\"Concrete\\Core\\StyleCustomizer\\Style\\Value\\ImageValue\":5:{s:11:\"\0*\0imageUrl\";s:86:\"/supermint3.demo.portofolied/packages/theme_supermint/themes/images/patterns/noise.png\";s:6:\"\0*\0fID\";N;s:11:\"\0*\0variable\";s:15:\"body-bg-pattern\";s:8:\"\0*\0scvID\";N;s:9:\"\0*\0scvlID\";N;}'),(30,2,'O:52:\"Concrete\\Core\\StyleCustomizer\\Style\\Value\\ColorValue\":7:{s:4:\"\0*\0r\";i:255;s:4:\"\0*\0g\";i:255;s:4:\"\0*\0b\";i:255;s:4:\"\0*\0a\";b:0;s:11:\"\0*\0variable\";s:8:\"boxed-bg\";s:8:\"\0*\0scvID\";N;s:9:\"\0*\0scvlID\";N;}'),(31,2,'O:52:\"Concrete\\Core\\StyleCustomizer\\Style\\Value\\ColorValue\":7:{s:4:\"\0*\0r\";i:242;s:4:\"\0*\0g\";i:244;s:4:\"\0*\0b\";i:243;s:4:\"\0*\0a\";b:0;s:11:\"\0*\0variable\";s:10:\"content-bg\";s:8:\"\0*\0scvID\";N;s:9:\"\0*\0scvlID\";N;}'),(32,2,'O:51:\"Concrete\\Core\\StyleCustomizer\\Style\\Value\\SizeValue\":5:{s:7:\"\0*\0size\";s:2:\"36\";s:7:\"\0*\0unit\";s:2:\"px\";s:11:\"\0*\0variable\";s:14:\"top-nav-height\";s:8:\"\0*\0scvID\";N;s:9:\"\0*\0scvlID\";N;}'),(33,2,'O:51:\"Concrete\\Core\\StyleCustomizer\\Style\\Value\\SizeValue\":5:{s:7:\"\0*\0size\";s:2:\"16\";s:7:\"\0*\0unit\";s:2:\"px\";s:11:\"\0*\0variable\";s:9:\"body-font\";s:8:\"\0*\0scvID\";N;s:9:\"\0*\0scvlID\";N;}'),(34,2,'O:52:\"Concrete\\Core\\StyleCustomizer\\Style\\Value\\ColorValue\":7:{s:4:\"\0*\0r\";i:217;s:4:\"\0*\0g\";i:217;s:4:\"\0*\0b\";i:217;s:4:\"\0*\0a\";b:0;s:11:\"\0*\0variable\";s:22:\"footer-section-divider\";s:8:\"\0*\0scvID\";N;s:9:\"\0*\0scvlID\";N;}');
/*!40000 ALTER TABLE `StyleCustomizerValues` ENABLE KEYS */;
UNLOCK TABLES;

--
-- Table structure for table `SupermintOptions`
--

DROP TABLE IF EXISTS `SupermintOptions`;
/*!40101 SET @saved_cs_client     = @@character_set_client */;
/*!40101 SET character_set_client = utf8 */;
CREATE TABLE `SupermintOptions` (
  `pID` int(11) DEFAULT NULL,
  `option_key` varchar(255) COLLATE utf8_unicode_ci DEFAULT NULL,
  `option_value` text COLLATE utf8_unicode_ci
) ENGINE=InnoDB DEFAULT CHARSET=utf8 COLLATE=utf8_unicode_ci;
/*!40101 SET character_set_client = @saved_cs_client */;

--
-- Dumping data for table `SupermintOptions`
--

LOCK TABLES `SupermintOptions` WRITE;
/*!40000 ALTER TABLE `SupermintOptions` DISABLE KEYS */;
INSERT INTO `SupermintOptions` VALUES (1,'responsive','1'),(1,'display_top_area','0'),(1,'display_top_bar_area','1'),(1,'layout_mode','wide-wrapper'),(1,'sidebar_size','4'),(1,'sidebar_padding','space-s'),(1,'sidebar_offset','0'),(1,'content_padding','space-s'),(1,'autonav_horizontal_icon','0'),(1,'feature_link_button','1'),(1,'feature_link_text','More'),(1,'default_nav_block_icon','fa-chevron-circle-right'),(1,'navigation_style','large-top-nav'),(1,'disable_embed_nav','0'),(1,'display_searchbox','0'),(1,'first_level_nav_icon','1'),(1,'nav_sub_level_width','220'),(1,'full_width_multicolumn','1'),(1,'nav_multicolumns_item_per_column','5'),(1,'break_columns_on_child','1'),(1,'use_alternate_on_lateral_nav','0'),(1,'display_logo_mobile_nav','0'),(1,'display_main_logo_on_mobile','0'),(1,'full_width_mega','1'),(1,'mega_columns_width','200'),(1,'display_title_mega_menu','0'),(1,'nav_event','click'),(1,'nav_dbl_click_event','url'),(1,'nav_open_on_load','0'),(1,'nav_slide_arrow','0'),(1,'default_nav_icon','fa-chevron-circle-right'),(1,'display_pane_title','0'),(1,'nav_columns','4'),(1,'nav_columns_margin','2'),(1,'nav_open_speed','300'),(1,'nav_close_speed','300'),(1,'nav_slide_speed','300'),(1,'nav_mouseleave_delay','1000'),(1,'nav_shorten_desc','0'),(1,'display_footer','1'),(1,'display_footer_column','half_two'),(1,'footer_global','1'),(1,'footer_credit','<span><i class=\"fa fa-magic\"></i> Designed by <a href=\"http://www.myconcretelab.com/\" rel=\"Concrete5 theme & addons\" title=\"Concrete5 themes & addons by MyConcreteLab\">MyConcreteLab </a></span><span class=\"powered-by\"><i class=\"fa fa-cogs\"></i> Powered by <a href=\"http://www.concrete5.org\" title=\"concrete5 - open source content management system for PHP and MySQL\">concrete5</a></span>'),(1,'popup_content_start_css','opacity: 0;\r\ntransform: translateY(-20px) perspective( 2000px ) rotateX( 10deg );'),(1,'popup_content_animate_css','opacity: 1; transform: translateY(0) perspective( 600px ) rotateX( 0 );'),(1,'popup_content_out_css','opacity: 0; transform: translateY(-20px) perspective( 2000px ) rotateX( 10deg );'),(1,'popup_button_type','button-push'),(1,'popup_button_color','button-primary'),(1,'fix_iframe_zindex','0'),(1,'carousel_slidesToShow','3'),(1,'carousel_margin','10'),(1,'carousel_dots','1'),(1,'carousel_arrows','1'),(1,'carousel_infinite','0'),(1,'carousel_centerMode','0'),(1,'carousel_adaptiveHeight','1'),(1,'carousel_autoplay','1'),(1,'carousel_speed','300'),(1,'carousel_autoplaySpeed','5000'),(1,'carousel_meta','1'),(1,'stack_carousel_slidesToShow','3'),(1,'stack_carousel_margin','10'),(1,'stack_carousel_dots','1'),(1,'stack_carousel_arrows','1'),(1,'stack_carousel_infinite','0'),(1,'stack_carousel_centerMode','0'),(1,'stack_carousel_adaptiveHeight','1'),(1,'stack_carousel_autoplay','1'),(1,'stack_carousel_speed','300'),(1,'stack_carousel_autoplaySpeed','5000'),(1,'image_slider_effect','fxSoftScale'),(1,'image_slider_slidesToShow','1'),(1,'image_slider_margin','10'),(1,'image_slider_dots','1'),(1,'image_slider_arrows','1'),(1,'image_slider_infinite','0'),(1,'image_slider_adaptiveHeight','1'),(1,'image_slider_autoplay','1'),(1,'image_slider_autoplaySpeed','5000'),(1,'image_slider_speed','300'),(1,'p_font','Roboto'),(1,'p_variants','100,300,300italic,500,500italic'),(1,'p_variants_selected','300'),(1,'p_subset','latin'),(1,'alternate_font','Pacifico'),(1,'alternate_variants','regular'),(1,'alternate_variants_selected','regular'),(1,'alternate_subset','latin'),(1,'h1_font','Roboto'),(1,'h1_variants','300'),(1,'h1_variants_selected','300'),(1,'h1_subset','latin'),(1,'h2_font','Roboto'),(1,'h2_variants','300'),(1,'h2_variants_selected','300'),(1,'h2_subset','latin'),(1,'h3_font','Roboto'),(1,'h3_variants','300'),(1,'h3_variants_selected','300'),(1,'h3_subset','latin'),(1,'h4_font','Roboto+Condensed'),(1,'h4_variants','regular'),(1,'h4_variants_selected','regular'),(1,'h4_subset','latin'),(1,'h5_font','Roboto+Condensed'),(1,'h5_variants','regular'),(1,'h5_variants_selected','regular'),(1,'h5_subset','latin'),(1,'h6_font','Roboto+Condensed'),(1,'h6_variants','regular'),(1,'h6_variants_selected','regular'),(1,'h6_subset','latin'),(1,'small_font','Roboto+Condensed'),(1,'small_variants','300'),(1,'small_variants_selected','300'),(1,'small_subset','latin'),(1,'h1_size','40'),(1,'h2_size','30'),(1,'h3_size','25'),(1,'h4_size','20'),(1,'h5_size','17'),(1,'h6_size','16'),(1,'lead_size','14'),(1,'alternate_size','0.8'),(1,'small_tag_size','0.8'),(1,'h1_upp','0'),(1,'h2_upp','0'),(1,'h3_upp','0'),(1,'h4_upp','1'),(1,'h5_upp','1'),(1,'h6_upp','0'),(1,'wide_ratio','1'),(1,'w724_ratio','1'),(1,'full_ratio','1'),(1,'size_minimum','13'),(2,'responsive','1'),(2,'display_top_area','0'),(2,'display_top_bar_area','1'),(2,'layout_mode','wide-wrapper'),(2,'sidebar_size','4'),(2,'sidebar_padding','space-s'),(2,'sidebar_offset','0'),(2,'content_padding','space-s'),(2,'autonav_horizontal_icon','0'),(2,'feature_link_button','1'),(2,'feature_link_text','More'),(2,'default_nav_block_icon','fa-chevron-circle-right'),(2,'navigation_style','regular-top-nav'),(2,'disable_embed_nav','0'),(2,'display_searchbox','0'),(2,'first_level_nav_icon','1'),(2,'nav_sub_level_width','220'),(2,'full_width_multicolumn','0'),(2,'nav_multicolumns_item_per_column','5'),(2,'break_columns_on_child','1'),(2,'use_alternate_on_lateral_nav','0'),(2,'display_logo_mobile_nav','1'),(2,'display_main_logo_on_mobile','0'),(2,'full_width_mega','1'),(2,'mega_columns_width','200'),(2,'display_title_mega_menu','0'),(2,'nav_event','click'),(2,'nav_dbl_click_event','url'),(2,'nav_open_on_load','0'),(2,'nav_slide_arrow','0'),(2,'default_nav_icon','fa-chevron-circle-right'),(2,'display_pane_title','0'),(2,'nav_columns','4'),(2,'nav_columns_margin','2'),(2,'nav_open_speed','300'),(2,'nav_close_speed','300'),(2,'nav_slide_speed','300'),(2,'nav_mouseleave_delay','1000'),(2,'nav_shorten_desc','0'),(2,'display_footer','1'),(2,'display_footer_column','half_two'),(2,'footer_global','1'),(2,'footer_credit','<span><i class=\"fa fa-magic\"></i> Designed by <a href=\"http://www.myconcretelab.com/\" rel=\"Concrete5 theme & addons\" title=\"Concrete5 themes & addons by MyConcreteLab\">MyConcreteLab</a></span><span class=\"powered-by\"><i class=\"fa fa-cogs\"></i> Powered by <a href=\"http://www.concrete5.org\" title=\"concrete5 - open source content management system for PHP and MySQL\">concrete5</a></span>'),(2,'popup_content_start_css','opacity: 0;\n transform: translateY(-20px) perspective( 2000px ) rotateX( 10deg );'),(2,'popup_content_animate_css','opacity: 1; transform: translateY(0) perspective( 600px ) rotateX( 0 );'),(2,'popup_content_out_css','opacity: 0; transform: translateY(-20px) perspective( 2000px ) rotateX( 10deg );'),(2,'popup_button_type','button-push'),(2,'popup_button_color','button-primary'),(2,'fix_iframe_zindex','0'),(2,'carousel_slidesToShow','3'),(2,'carousel_margin','10'),(2,'carousel_dots','1'),(2,'carousel_arrows','1'),(2,'carousel_infinite','1'),(2,'carousel_centerMode','0'),(2,'carousel_adaptiveHeight','1'),(2,'carousel_autoplay','1'),(2,'carousel_speed','300'),(2,'carousel_autoplaySpeed','5000'),(2,'carousel_meta','1'),(2,'stack_carousel_slidesToShow','3'),(2,'stack_carousel_margin','10'),(2,'stack_carousel_dots','1'),(2,'stack_carousel_arrows','1'),(2,'stack_carousel_infinite','1'),(2,'stack_carousel_centerMode','0'),(2,'stack_carousel_adaptiveHeight','1'),(2,'stack_carousel_autoplay','1'),(2,'stack_carousel_speed','300'),(2,'stack_carousel_autoplaySpeed','5000'),(2,'image_slider_effect','fxSoftScale'),(2,'image_slider_slidesToShow','1'),(2,'image_slider_margin','10'),(2,'image_slider_dots','1'),(2,'image_slider_arrows','1'),(2,'image_slider_infinite','1'),(2,'image_slider_adaptiveHeight','1'),(2,'image_slider_autoplay','1'),(2,'image_slider_autoplaySpeed','5000'),(2,'image_slider_speed','300'),(2,'p_font','Roboto+Slab'),(2,'p_variants','300,regular,700'),(2,'p_variants_selected','300'),(2,'p_subset','latin'),(2,'alternate_font','Pacifico'),(2,'alternate_variants','regular'),(2,'alternate_variants_selected','regular'),(2,'alternate_subset','latin'),(2,'h1_font','Roboto+Slab'),(2,'h1_variants','regular'),(2,'h1_variants_selected','regular'),(2,'h1_subset','latin'),(2,'h2_font','Roboto+Slab'),(2,'h2_variants','regular'),(2,'h2_variants_selected','regular'),(2,'h2_subset','latin'),(2,'h3_font','Roboto+Slab'),(2,'h3_variants','regular'),(2,'h3_variants_selected','regular'),(2,'h3_subset','latin'),(2,'h4_font','Roboto+Condensed'),(2,'h4_variants','regular'),(2,'h4_variants_selected','regular'),(2,'h4_subset','latin'),(2,'h5_font','Roboto+Condensed'),(2,'h5_variants','regular'),(2,'h5_variants_selected','regular'),(2,'h5_subset','latin'),(2,'h6_font','Roboto+Condensed'),(2,'h6_variants','regular'),(2,'h6_variants_selected','regular'),(2,'h6_subset','latin'),(2,'small_font','Roboto+Condensed'),(2,'small_variants','300'),(2,'small_variants_selected','300'),(2,'small_subset','latin'),(2,'h1_size','40'),(2,'h2_size','30'),(2,'h3_size','25'),(2,'h4_size','20'),(2,'h5_size','17'),(2,'h6_size','16'),(2,'lead_size','14'),(2,'small_tag_size','0.8'),(2,'h1_upp','0'),(2,'h2_upp','0'),(2,'h3_upp','0'),(2,'h4_upp','1'),(2,'h5_upp','1'),(2,'h6_upp','0'),(2,'wide_ratio','1'),(2,'w724_ratio','1'),(2,'full_ratio','1'),(2,'size_minimum','13'),(3,'responsive','1'),(3,'display_top_bar_area','0'),(3,'layout_mode','wide-wrapper'),(3,'sidebar_size','4'),(3,'sidebar_padding','space-s'),(3,'sidebar_offset','0'),(3,'content_padding','space-s'),(3,'autonav_horizontal_icon','0'),(3,'feature_link_button','1'),(3,'feature_link_text','More'),(3,'default_nav_block_icon','fa-chevron-circle-right'),(3,'slide_nav','dropdown'),(3,'disable_embed_nav','0'),(3,'display_searchbox','0'),(3,'first_level_nav_icon','1'),(3,'nav_sub_level_width','220'),(3,'full_width_multicolumn','1'),(3,'nav_multicolumns_item_per_column','5'),(3,'break_columns_on_child','1'),(3,'full_width_mega','1'),(3,'mega_columns_width','200'),(3,'display_title_mega_menu','0'),(3,'nav_event','click'),(3,'nav_dbl_click_event','url'),(3,'nav_open_on_load','0'),(3,'nav_slide_arrow','0'),(3,'default_nav_icon','fa-chevron-circle-right'),(3,'display_pane_title','0'),(3,'nav_columns','4'),(3,'nav_columns_margin','2'),(3,'nav_open_speed','300'),(3,'nav_close_speed','300'),(3,'nav_slide_speed','300'),(3,'nav_mouseleave_delay','1000'),(3,'nav_shorten_desc','0'),(3,'display_footer_column','half_two'),(3,'footer_global','1'),(3,'footer_credit','<span><i class=\"fa fa-magic\"></i> Designed by <a href=\"http://www.myconcretelab.com/\" rel=\"Concrete5 theme & addons\" title=\"Concrete5 themes & addons by MyConcreteLab\">MyConcreteLab </a></span><span class=\"powered-by\"><i class=\"fa fa-cogs\"></i> Powered by <a href=\"http://www.concrete5.org\" title=\"concrete5 - open source content management system for PHP and MySQL\">concrete5</a></span>'),(3,'popup_content_start_css','opacity: 0;\ntransform: translateY(-20px) perspective( 2000px ) rotateX( 10deg );'),(3,'popup_content_animate_css','opacity: 1; transform: translateY(0) perspective( 600px ) rotateX( 0 );'),(3,'popup_content_out_css','opacity: 0; transform: translateY(-20px) perspective( 2000px ) rotateX( 10deg );'),(3,'popup_button_type','button-push'),(3,'popup_button_color','button-primary'),(3,'fix_iframe_zindex','0'),(3,'carousel_dots','1'),(3,'carousel_infinite','0'),(3,'carousel_centerMode','0'),(3,'carousel_adaptiveHeight','1'),(3,'carousel_autoplay','1'),(3,'carousel_margin','7'),(3,'carousel_speed','300'),(3,'carousel_autoplaySpeed','5000'),(3,'carousel_meta','1'),(3,'image_slider_effect','fxSoftScale'),(3,'image_slider_slidesToShow','1'),(3,'image_slider_slidesToScroll','1'),(3,'image_slider_dots','1'),(3,'image_slider_arrows','1'),(3,'image_slider_infinite','0'),(3,'image_slider_adaptiveHeight','1'),(3,'image_slider_autoplay','1'),(3,'image_slider_autoplaySpeed','5000'),(3,'image_slider_speed','300'),(3,'stack_slider_dots','1'),(3,'stack_slider_arrows','1'),(3,'stack_slider_infinite','0'),(3,'stack_slider_adaptiveHeight','1'),(3,'stack_slider_autoplay','1'),(3,'stack_slider_autoplaySpeed','5000'),(3,'stack_slider_speed','300'),(3,'stack_carousel_slidesToShow','3'),(3,'stack_carousel_slidesToScroll','3'),(3,'stack_carousel_dots','1'),(3,'stack_carousel_arrows','1'),(3,'stack_carousel_infinite','0'),(3,'stack_carousel_centerMode','0'),(3,'stack_carousel_adaptiveHeight','1'),(3,'stack_carousel_autoplay','1'),(3,'stack_carousel_margin','7'),(3,'stack_carousel_speed','300'),(3,'stack_carousel_autoplaySpeed','5000'),(3,'p_font','Open+Sans'),(3,'p_variants','300,300italic,600,600italic'),(3,'p_variants_selected','300'),(3,'p_subset','latin'),(3,'alternate_font','Amatic+SC'),(3,'alternate_variants','regular,700'),(3,'alternate_variants_selected','regular'),(3,'alternate_subset','latin'),(3,'h1_font','Amatic+SC'),(3,'h1_variants','regular,700'),(3,'h1_variants_selected','regular'),(3,'h1_subset','latin'),(3,'h2_font','Martel'),(3,'h2_variants','200,regular'),(3,'h2_variants_selected','regular'),(3,'h2_subset','latin'),(3,'h3_font','Martel'),(3,'h3_variants','200,regular'),(3,'h3_variants_selected','regular'),(3,'h3_subset','latin'),(3,'h4_font','Martel'),(3,'h4_variants','200,regular'),(3,'h4_variants_selected','regular'),(3,'h4_subset','latin'),(3,'h5_font','Martel'),(3,'h5_variants','200,regular'),(3,'h5_variants_selected','regular'),(3,'h5_subset','latin'),(3,'h6_font','Martel'),(3,'h6_variants','200,regular'),(3,'h6_variants_selected','regular'),(3,'h6_subset','latin'),(3,'small_font','Amatic+SC'),(3,'small_variants','regular'),(3,'small_variants_selected','regular'),(3,'small_subset','latin'),(3,'h1_size','55'),(3,'h2_size','30'),(3,'h3_size','25'),(3,'h4_size','20'),(3,'h5_size','17'),(3,'h6_size','16'),(3,'lead_size','14'),(3,'small_tag_size','0.8'),(3,'h1_upp','0'),(3,'h2_upp','0'),(3,'h3_upp','0'),(3,'h4_upp','1'),(3,'h5_upp','1'),(3,'h6_upp','0'),(3,'wide_ratio','1'),(3,'w724_ratio','1'),(3,'full_ratio','1'),(3,'size_minimum','13'),(3,'carousel_arrows','1'),(3,'display_top_area','1'),(3,'navigation_style','lateral-regular'),(3,'display_footer','0'),(3,'alternate_size','2.1'),(3,'use_alternate_on_lateral_nav','1'),(3,'header_position_on_lateral_nav','bottom'),(3,'carousel_slidesToShow','3'),(3,'image_slider_margin','10'),(4,'responsive','1'),(4,'display_top_bar_area','0'),(4,'layout_mode','boxed-wrapper'),(4,'sidebar_size','4'),(4,'sidebar_padding','space-s'),(4,'sidebar_offset','0'),(4,'content_padding','space-s'),(4,'autonav_horizontal_icon','0'),(4,'feature_link_button','1'),(4,'feature_link_text','More'),(4,'default_nav_block_icon','fa-chevron-circle-right'),(4,'slide_nav','dropdown'),(4,'disable_embed_nav','0'),(4,'display_searchbox','0'),(4,'first_level_nav_icon','1'),(4,'nav_sub_level_width','220'),(4,'full_width_multicolumn','1'),(4,'nav_multicolumns_item_per_column','5'),(4,'break_columns_on_child','1'),(4,'full_width_mega','0'),(4,'mega_columns_width','200'),(4,'display_title_mega_menu','0'),(4,'nav_event','click'),(4,'nav_dbl_click_event','url'),(4,'nav_open_on_load','0'),(4,'nav_slide_arrow','0'),(4,'default_nav_icon','fa-chevron-circle-right'),(4,'display_pane_title','0'),(4,'nav_columns','4'),(4,'nav_columns_margin','2'),(4,'nav_open_speed','300'),(4,'nav_close_speed','300'),(4,'nav_slide_speed','300'),(4,'nav_mouseleave_delay','1000'),(4,'nav_shorten_desc','0'),(4,'display_footer_column','half_two'),(4,'footer_global','1'),(4,'footer_credit','<span><i class=\"fa fa-magic\"></i> Designed by <a href=\"http://www.myconcretelab.com/\" rel=\"Concrete5 theme & addons\" title=\"Concrete5 themes & addons by MyConcreteLab\">MyConcreteLab </a></span><span class=\"powered-by\"><i class=\"fa fa-cogs\"></i> Powered by <a href=\"http://www.concrete5.org\" title=\"concrete5 - open source content management system for PHP and MySQL\">concrete5</a></span>'),(4,'popup_content_start_css','opacity: 0;\r\ntransform: translateY(-20px) perspective( 2000px ) rotateX( 10deg );'),(4,'popup_content_animate_css','opacity: 1; transform: translateY(0) perspective( 600px ) rotateX( 0 );'),(4,'popup_content_out_css','opacity: 0; transform: translateY(-20px) perspective( 2000px ) rotateX( 10deg );'),(4,'popup_button_type','button-push'),(4,'popup_button_color','button-primary'),(4,'fix_iframe_zindex','0'),(4,'carousel_dots','1'),(4,'carousel_infinite','0'),(4,'carousel_centerMode','0'),(4,'carousel_adaptiveHeight','1'),(4,'carousel_autoplay','1'),(4,'carousel_margin','7'),(4,'carousel_speed','300'),(4,'carousel_autoplaySpeed','5000'),(4,'carousel_meta','1'),(4,'image_slider_effect','fxSoftScale'),(4,'image_slider_slidesToShow','1'),(4,'image_slider_slidesToScroll','1'),(4,'image_slider_dots','1'),(4,'image_slider_arrows','1'),(4,'image_slider_infinite','0'),(4,'image_slider_adaptiveHeight','1'),(4,'image_slider_autoplay','1'),(4,'image_slider_autoplaySpeed','5000'),(4,'image_slider_speed','300'),(4,'stack_slider_dots','1'),(4,'stack_slider_arrows','1'),(4,'stack_slider_infinite','0'),(4,'stack_slider_adaptiveHeight','1'),(4,'stack_slider_autoplay','1'),(4,'stack_slider_autoplaySpeed','5000'),(4,'stack_slider_speed','300'),(4,'stack_carousel_slidesToShow','3'),(4,'stack_carousel_slidesToScroll','3'),(4,'stack_carousel_dots','1'),(4,'stack_carousel_arrows','1'),(4,'stack_carousel_infinite','0'),(4,'stack_carousel_centerMode','0'),(4,'stack_carousel_adaptiveHeight','1'),(4,'stack_carousel_autoplay','1'),(4,'stack_carousel_margin','7'),(4,'stack_carousel_speed','300'),(4,'stack_carousel_autoplaySpeed','5000'),(4,'p_font','Lato'),(4,'p_variants','100,100italic,300,300italic,regular,700,700italic'),(4,'p_variants_selected','300'),(4,'p_subset','latin'),(4,'alternate_font','Waiting+for+the+Sunrise'),(4,'alternate_variants','regular'),(4,'alternate_variants_selected','regular'),(4,'alternate_subset','latin'),(4,'h1_font','Lato'),(4,'h1_variants','100,100italic'),(4,'h1_variants_selected','100'),(4,'h1_subset','latin'),(4,'h2_font','Lato'),(4,'h2_variants','regular'),(4,'h2_variants_selected','regular'),(4,'h2_subset','latin'),(4,'h3_font','Roboto'),(4,'h3_variants','300'),(4,'h3_variants_selected','300'),(4,'h3_subset','latin'),(4,'h4_font','Lato'),(4,'h4_variants','regular'),(4,'h4_variants_selected','regular'),(4,'h4_subset','latin'),(4,'h5_font','Lato'),(4,'h5_variants','regular'),(4,'h5_variants_selected','regular'),(4,'h5_subset','latin'),(4,'h6_font','Lato'),(4,'h6_variants','regular'),(4,'h6_variants_selected','regular'),(4,'h6_subset','latin'),(4,'small_font','Roboto+Condensed'),(4,'small_variants','300'),(4,'small_variants_selected','300'),(4,'small_subset','latin'),(4,'h1_size','60'),(4,'h2_size','30'),(4,'h3_size','25'),(4,'h4_size','20'),(4,'h5_size','17'),(4,'h6_size','16'),(4,'lead_size','14'),(4,'small_tag_size','0.8'),(4,'h1_upp','0'),(4,'h2_upp','0'),(4,'h3_upp','0'),(4,'h4_upp','1'),(4,'h5_upp','1'),(4,'h6_upp','0'),(4,'wide_ratio','1'),(4,'w724_ratio','1'),(4,'full_ratio','1'),(4,'size_minimum','13'),(4,'carousel_arrows','1'),(4,'display_top_area','0'),(4,'navigation_style','large-top-nav'),(4,'display_footer','1'),(4,'use_alternate_on_lateral_nav','0'),(4,'carousel_slidesToShow','3'),(4,'image_slider_margin','10'),(1,'wide_navbar_fixed','0'),(1,'wide_navbar_colapse','0'),(1,'wide_navbar_contained','0'),(1,'wide_navbar_display_logo','1'),(1,'lateral_nav_element_font','0'),(1,'lateral_nav_element_size','14'),(1,'lateral_nav_element_uppercase','0'),(1,'lateral_nav_element_harmonized','0'),(4,'wide_navbar_fixed','1'),(4,'wide_navbar_colapse','0'),(4,'wide_navbar_contained','0'),(4,'wide_navbar_display_logo','1'),(4,'lateral_nav_element_font','0'),(4,'lateral_nav_element_size','14'),(4,'lateral_nav_element_uppercase','0'),(4,'lateral_nav_element_harmonized','0'),(4,'display_logo_mobile_nav','1'),(4,'display_main_logo_on_mobile','0'),(4,'alternate_size','1.2');
/*!40000 ALTER TABLE `SupermintOptions` ENABLE KEYS */;
UNLOCK TABLES;

--
-- Table structure for table `SupermintOptionsPreset`
--

DROP TABLE IF EXISTS `SupermintOptionsPreset`;
/*!40101 SET @saved_cs_client     = @@character_set_client */;
/*!40101 SET character_set_client = utf8 */;
CREATE TABLE `SupermintOptionsPreset` (
  `pID` int(10) unsigned NOT NULL AUTO_INCREMENT,
  `name` varchar(255) COLLATE utf8_unicode_ci DEFAULT NULL,
  `active` tinyint(1) DEFAULT NULL,
  PRIMARY KEY (`pID`)
) ENGINE=InnoDB AUTO_INCREMENT=5 DEFAULT CHARSET=utf8 COLLATE=utf8_unicode_ci;
/*!40101 SET character_set_client = @saved_cs_client */;

--
-- Dumping data for table `SupermintOptionsPreset`
--

LOCK TABLES `SupermintOptionsPreset` WRITE;
/*!40000 ALTER TABLE `SupermintOptionsPreset` DISABLE KEYS */;
INSERT INTO `SupermintOptionsPreset` VALUES (1,'Base',0),(2,'Business',0),(3,'Fooder',0),(4,'Portfolied',0);
/*!40000 ALTER TABLE `SupermintOptionsPreset` ENABLE KEYS */;
UNLOCK TABLES;

--
-- Table structure for table `SystemAntispamLibraries`
--

DROP TABLE IF EXISTS `SystemAntispamLibraries`;
/*!40101 SET @saved_cs_client     = @@character_set_client */;
/*!40101 SET character_set_client = utf8 */;
CREATE TABLE `SystemAntispamLibraries` (
  `saslHandle` varchar(64) COLLATE utf8_unicode_ci NOT NULL,
  `saslName` varchar(255) COLLATE utf8_unicode_ci DEFAULT NULL,
  `saslIsActive` tinyint(1) NOT NULL DEFAULT '0',
  `pkgID` int(10) unsigned NOT NULL DEFAULT '0',
  PRIMARY KEY (`saslHandle`),
  KEY `pkgID` (`pkgID`)
) ENGINE=InnoDB DEFAULT CHARSET=utf8 COLLATE=utf8_unicode_ci;
/*!40101 SET character_set_client = @saved_cs_client */;

--
-- Dumping data for table `SystemAntispamLibraries`
--

LOCK TABLES `SystemAntispamLibraries` WRITE;
/*!40000 ALTER TABLE `SystemAntispamLibraries` DISABLE KEYS */;
/*!40000 ALTER TABLE `SystemAntispamLibraries` ENABLE KEYS */;
UNLOCK TABLES;

--
-- Table structure for table `SystemCaptchaLibraries`
--

DROP TABLE IF EXISTS `SystemCaptchaLibraries`;
/*!40101 SET @saved_cs_client     = @@character_set_client */;
/*!40101 SET character_set_client = utf8 */;
CREATE TABLE `SystemCaptchaLibraries` (
  `sclHandle` varchar(64) COLLATE utf8_unicode_ci NOT NULL,
  `sclName` varchar(255) COLLATE utf8_unicode_ci DEFAULT NULL,
  `sclIsActive` tinyint(1) NOT NULL DEFAULT '0',
  `pkgID` int(10) unsigned NOT NULL DEFAULT '0',
  PRIMARY KEY (`sclHandle`),
  KEY `pkgID` (`pkgID`)
) ENGINE=InnoDB DEFAULT CHARSET=utf8 COLLATE=utf8_unicode_ci;
/*!40101 SET character_set_client = @saved_cs_client */;

--
-- Dumping data for table `SystemCaptchaLibraries`
--

LOCK TABLES `SystemCaptchaLibraries` WRITE;
/*!40000 ALTER TABLE `SystemCaptchaLibraries` DISABLE KEYS */;
INSERT INTO `SystemCaptchaLibraries` VALUES ('securimage','SecurImage (Default)',1,0);
/*!40000 ALTER TABLE `SystemCaptchaLibraries` ENABLE KEYS */;
UNLOCK TABLES;

--
-- Table structure for table `SystemContentEditorSnippets`
--

DROP TABLE IF EXISTS `SystemContentEditorSnippets`;
/*!40101 SET @saved_cs_client     = @@character_set_client */;
/*!40101 SET character_set_client = utf8 */;
CREATE TABLE `SystemContentEditorSnippets` (
  `scsHandle` varchar(64) COLLATE utf8_unicode_ci NOT NULL,
  `scsName` varchar(255) COLLATE utf8_unicode_ci DEFAULT NULL,
  `scsIsActive` tinyint(1) NOT NULL DEFAULT '0',
  `pkgID` int(10) unsigned NOT NULL DEFAULT '0',
  PRIMARY KEY (`scsHandle`),
  KEY `pkgID` (`pkgID`)
) ENGINE=InnoDB DEFAULT CHARSET=utf8 COLLATE=utf8_unicode_ci;
/*!40101 SET character_set_client = @saved_cs_client */;

--
-- Dumping data for table `SystemContentEditorSnippets`
--

LOCK TABLES `SystemContentEditorSnippets` WRITE;
/*!40000 ALTER TABLE `SystemContentEditorSnippets` DISABLE KEYS */;
INSERT INTO `SystemContentEditorSnippets` VALUES ('copyright','Date Copyright',1,1),('edit_site','Edit site Link',1,1),('page_name','Page Name',1,0),('user_name','User Name',1,0);
/*!40000 ALTER TABLE `SystemContentEditorSnippets` ENABLE KEYS */;
UNLOCK TABLES;

--
-- Table structure for table `SystemDatabaseMigrations`
--

DROP TABLE IF EXISTS `SystemDatabaseMigrations`;
/*!40101 SET @saved_cs_client     = @@character_set_client */;
/*!40101 SET character_set_client = utf8 */;
CREATE TABLE `SystemDatabaseMigrations` (
  `version` varchar(255) COLLATE utf8_unicode_ci NOT NULL,
  PRIMARY KEY (`version`)
) ENGINE=InnoDB DEFAULT CHARSET=utf8 COLLATE=utf8_unicode_ci;
/*!40101 SET character_set_client = @saved_cs_client */;

--
-- Dumping data for table `SystemDatabaseMigrations`
--

LOCK TABLES `SystemDatabaseMigrations` WRITE;
/*!40000 ALTER TABLE `SystemDatabaseMigrations` DISABLE KEYS */;
INSERT INTO `SystemDatabaseMigrations` VALUES ('20140919000000'),('20140930000000'),('20141017000000'),('20141024000000'),('20141113000000'),('20141219000000'),('20150109000000'),('20150504000000'),('20150515000000'),('20150610000000'),('20150612000000'),('20150615000000'),('20150616000000'),('20150619000000'),('20150622000000'),('20150623000000'),('20150713000000'),('20150731000000'),('20151221000000'),('20160107000000'),('20160213000000'),('20160314000000'),('20160412000000'),('20160615000000'),('20160725000000'),('20161109000000'),('20161203000000'),('20161208000000'),('20161216000000'),('20161216100000'),('20170118000000'),('20170123000000');
/*!40000 ALTER TABLE `SystemDatabaseMigrations` ENABLE KEYS */;
UNLOCK TABLES;

--
-- Table structure for table `SystemDatabaseQueryLog`
--

DROP TABLE IF EXISTS `SystemDatabaseQueryLog`;
/*!40101 SET @saved_cs_client     = @@character_set_client */;
/*!40101 SET character_set_client = utf8 */;
CREATE TABLE `SystemDatabaseQueryLog` (
  `query` text COLLATE utf8_unicode_ci,
  `params` text COLLATE utf8_unicode_ci,
  `executionMS` varchar(255) COLLATE utf8_unicode_ci DEFAULT NULL,
  `ID` int(10) unsigned NOT NULL AUTO_INCREMENT,
  PRIMARY KEY (`ID`)
) ENGINE=InnoDB DEFAULT CHARSET=utf8 COLLATE=utf8_unicode_ci;
/*!40101 SET character_set_client = @saved_cs_client */;

--
-- Dumping data for table `SystemDatabaseQueryLog`
--

LOCK TABLES `SystemDatabaseQueryLog` WRITE;
/*!40000 ALTER TABLE `SystemDatabaseQueryLog` DISABLE KEYS */;
/*!40000 ALTER TABLE `SystemDatabaseQueryLog` ENABLE KEYS */;
UNLOCK TABLES;

--
-- Table structure for table `TopicTrees`
--

DROP TABLE IF EXISTS `TopicTrees`;
/*!40101 SET @saved_cs_client     = @@character_set_client */;
/*!40101 SET character_set_client = utf8 */;
CREATE TABLE `TopicTrees` (
  `treeID` int(10) unsigned NOT NULL DEFAULT '0',
  `topicTreeName` varchar(255) COLLATE utf8_unicode_ci DEFAULT '',
  PRIMARY KEY (`treeID`)
) ENGINE=InnoDB DEFAULT CHARSET=utf8 COLLATE=utf8_unicode_ci;
/*!40101 SET character_set_client = @saved_cs_client */;

--
-- Dumping data for table `TopicTrees`
--

LOCK TABLES `TopicTrees` WRITE;
/*!40000 ALTER TABLE `TopicTrees` DISABLE KEYS */;
/*!40000 ALTER TABLE `TopicTrees` ENABLE KEYS */;
UNLOCK TABLES;

--
-- Table structure for table `TreeCategoryNodes`
--

DROP TABLE IF EXISTS `TreeCategoryNodes`;
/*!40101 SET @saved_cs_client     = @@character_set_client */;
/*!40101 SET character_set_client = utf8 */;
CREATE TABLE `TreeCategoryNodes` (
  `treeNodeID` int(10) unsigned NOT NULL AUTO_INCREMENT,
  `treeNodeCategoryName` varchar(255) COLLATE utf8_unicode_ci DEFAULT '',
  PRIMARY KEY (`treeNodeID`)
) ENGINE=InnoDB DEFAULT CHARSET=utf8 COLLATE=utf8_unicode_ci;
/*!40101 SET character_set_client = @saved_cs_client */;

--
-- Dumping data for table `TreeCategoryNodes`
--

LOCK TABLES `TreeCategoryNodes` WRITE;
/*!40000 ALTER TABLE `TreeCategoryNodes` DISABLE KEYS */;
/*!40000 ALTER TABLE `TreeCategoryNodes` ENABLE KEYS */;
UNLOCK TABLES;

--
-- Table structure for table `TreeFileNodes`
--

DROP TABLE IF EXISTS `TreeFileNodes`;
/*!40101 SET @saved_cs_client     = @@character_set_client */;
/*!40101 SET character_set_client = utf8 */;
CREATE TABLE `TreeFileNodes` (
  `treeNodeID` int(10) unsigned NOT NULL AUTO_INCREMENT,
  `fID` int(10) unsigned DEFAULT '0',
  PRIMARY KEY (`treeNodeID`),
  KEY `fID` (`fID`)
) ENGINE=InnoDB AUTO_INCREMENT=24 DEFAULT CHARSET=utf8 COLLATE=utf8_unicode_ci;
/*!40101 SET character_set_client = @saved_cs_client */;

--
-- Dumping data for table `TreeFileNodes`
--

LOCK TABLES `TreeFileNodes` WRITE;
/*!40000 ALTER TABLE `TreeFileNodes` DISABLE KEYS */;
INSERT INTO `TreeFileNodes` VALUES (6,1),(7,2),(8,3),(9,4),(10,5),(11,6),(12,7),(13,8),(14,9),(15,10),(16,11),(17,12),(18,13),(19,14),(20,15),(21,16),(22,17),(23,18);
/*!40000 ALTER TABLE `TreeFileNodes` ENABLE KEYS */;
UNLOCK TABLES;

--
-- Table structure for table `TreeGroupNodes`
--

DROP TABLE IF EXISTS `TreeGroupNodes`;
/*!40101 SET @saved_cs_client     = @@character_set_client */;
/*!40101 SET character_set_client = utf8 */;
CREATE TABLE `TreeGroupNodes` (
  `treeNodeID` int(10) unsigned NOT NULL AUTO_INCREMENT,
  `gID` int(10) unsigned DEFAULT '0',
  PRIMARY KEY (`treeNodeID`),
  KEY `gID` (`gID`)
) ENGINE=InnoDB AUTO_INCREMENT=5 DEFAULT CHARSET=utf8 COLLATE=utf8_unicode_ci;
/*!40101 SET character_set_client = @saved_cs_client */;

--
-- Dumping data for table `TreeGroupNodes`
--

LOCK TABLES `TreeGroupNodes` WRITE;
/*!40000 ALTER TABLE `TreeGroupNodes` DISABLE KEYS */;
INSERT INTO `TreeGroupNodes` VALUES (2,1),(3,2),(4,3);
/*!40000 ALTER TABLE `TreeGroupNodes` ENABLE KEYS */;
UNLOCK TABLES;

--
-- Table structure for table `TreeNodePermissionAssignments`
--

DROP TABLE IF EXISTS `TreeNodePermissionAssignments`;
/*!40101 SET @saved_cs_client     = @@character_set_client */;
/*!40101 SET character_set_client = utf8 */;
CREATE TABLE `TreeNodePermissionAssignments` (
  `treeNodeID` int(10) unsigned NOT NULL DEFAULT '0',
  `pkID` int(10) unsigned NOT NULL DEFAULT '0',
  `paID` int(10) unsigned NOT NULL DEFAULT '0',
  PRIMARY KEY (`treeNodeID`,`pkID`,`paID`),
  KEY `pkID` (`pkID`),
  KEY `paID` (`paID`)
) ENGINE=InnoDB DEFAULT CHARSET=utf8 COLLATE=utf8_unicode_ci;
/*!40101 SET character_set_client = @saved_cs_client */;

--
-- Dumping data for table `TreeNodePermissionAssignments`
--

LOCK TABLES `TreeNodePermissionAssignments` WRITE;
/*!40000 ALTER TABLE `TreeNodePermissionAssignments` DISABLE KEYS */;
INSERT INTO `TreeNodePermissionAssignments` VALUES (1,81,85),(1,82,86),(1,83,87),(1,84,88),(1,85,89),(5,104,33),(5,105,34),(5,106,38),(5,107,35),(5,108,36),(5,109,37),(5,110,38),(5,111,40),(5,112,39),(5,113,41),(24,115,101),(25,115,101),(24,116,102),(25,116,107),(24,117,103),(25,117,103),(24,118,104),(25,118,104);
/*!40000 ALTER TABLE `TreeNodePermissionAssignments` ENABLE KEYS */;
UNLOCK TABLES;

--
-- Table structure for table `TreeNodeTypes`
--

DROP TABLE IF EXISTS `TreeNodeTypes`;
/*!40101 SET @saved_cs_client     = @@character_set_client */;
/*!40101 SET character_set_client = utf8 */;
CREATE TABLE `TreeNodeTypes` (
  `treeNodeTypeID` int(10) unsigned NOT NULL AUTO_INCREMENT,
  `treeNodeTypeHandle` varchar(255) COLLATE utf8_unicode_ci DEFAULT '',
  `pkgID` int(10) unsigned DEFAULT '0',
  PRIMARY KEY (`treeNodeTypeID`),
  UNIQUE KEY `treeNodeTypeHandle` (`treeNodeTypeHandle`),
  KEY `pkgID` (`pkgID`)
) ENGINE=InnoDB AUTO_INCREMENT=9 DEFAULT CHARSET=utf8 COLLATE=utf8_unicode_ci;
/*!40101 SET character_set_client = @saved_cs_client */;

--
-- Dumping data for table `TreeNodeTypes`
--

LOCK TABLES `TreeNodeTypes` WRITE;
/*!40000 ALTER TABLE `TreeNodeTypes` DISABLE KEYS */;
INSERT INTO `TreeNodeTypes` VALUES (1,'group',0),(2,'category',0),(3,'topic',0),(4,'file',0),(5,'file_folder',0),(6,'search_preset',0),(7,'express_entry_results',0),(8,'express_entry_category',0);
/*!40000 ALTER TABLE `TreeNodeTypes` ENABLE KEYS */;
UNLOCK TABLES;

--
-- Table structure for table `TreeNodes`
--

DROP TABLE IF EXISTS `TreeNodes`;
/*!40101 SET @saved_cs_client     = @@character_set_client */;
/*!40101 SET character_set_client = utf8 */;
CREATE TABLE `TreeNodes` (
  `treeNodeID` int(10) unsigned NOT NULL AUTO_INCREMENT,
  `treeNodeTypeID` int(10) unsigned DEFAULT '0',
  `treeID` int(10) unsigned DEFAULT '0',
  `treeNodeParentID` int(10) unsigned DEFAULT '0',
  `treeNodeDisplayOrder` int(10) unsigned DEFAULT '0',
  `treeNodeOverridePermissions` tinyint(1) DEFAULT '0',
  `inheritPermissionsFromTreeNodeID` int(10) unsigned DEFAULT '0',
  `treeNodeName` varchar(255) COLLATE utf8_unicode_ci DEFAULT '',
  `dateModified` datetime DEFAULT NULL,
  `dateCreated` datetime DEFAULT NULL,
  PRIMARY KEY (`treeNodeID`),
  KEY `treeNodeParentID` (`treeNodeParentID`),
  KEY `treeNodeTypeID` (`treeNodeTypeID`),
  KEY `treeID` (`treeID`),
  KEY `inheritPermissionsFromTreeNodeID` (`inheritPermissionsFromTreeNodeID`,`treeNodeID`)
) ENGINE=InnoDB AUTO_INCREMENT=26 DEFAULT CHARSET=utf8 COLLATE=utf8_unicode_ci;
/*!40101 SET character_set_client = @saved_cs_client */;

--
-- Dumping data for table `TreeNodes`
--

LOCK TABLES `TreeNodes` WRITE;
/*!40000 ALTER TABLE `TreeNodes` DISABLE KEYS */;
INSERT INTO `TreeNodes` VALUES (1,1,1,0,0,1,1,'',NULL,NULL),(2,1,1,1,0,0,1,'',NULL,NULL),(3,1,1,1,1,0,1,'',NULL,NULL),(4,1,1,1,2,0,1,'',NULL,NULL),(5,5,2,0,0,1,5,'','2017-03-08 15:55:23','2017-03-08 15:55:23'),(6,4,2,5,0,0,5,'','2017-03-08 15:55:23','2017-03-08 15:55:23'),(7,4,2,5,1,0,5,'','2017-03-08 15:55:23','2017-03-08 15:55:23'),(8,4,2,5,2,0,5,'','2017-03-08 15:55:23','2017-03-08 15:55:23'),(9,4,2,5,3,0,5,'','2017-03-08 15:55:23','2017-03-08 15:55:23'),(10,4,2,5,4,0,5,'','2017-03-08 15:55:23','2017-03-08 15:55:23'),(11,4,2,5,5,0,5,'','2017-03-08 15:55:23','2017-03-08 15:55:23'),(12,4,2,5,6,0,5,'','2017-03-08 15:55:23','2017-03-08 15:55:23'),(13,4,2,5,7,0,5,'','2017-03-08 15:55:23','2017-03-08 15:55:23'),(14,4,2,5,8,0,5,'','2017-03-08 15:55:23','2017-03-08 15:55:23'),(15,4,2,5,9,0,5,'','2017-03-08 15:55:23','2017-03-08 15:55:23'),(16,4,2,5,10,0,5,'','2017-03-08 15:55:23','2017-03-08 15:55:23'),(17,4,2,5,11,0,5,'','2017-03-08 15:55:23','2017-03-08 15:55:23'),(18,4,2,5,12,0,5,'','2017-03-08 15:55:23','2017-03-08 15:55:23'),(19,4,2,5,13,0,5,'','2017-03-08 15:55:23','2017-03-08 15:55:23'),(20,4,2,5,14,0,5,'','2017-03-08 15:55:23','2017-03-08 15:55:23'),(21,4,2,5,15,0,5,'','2017-03-08 15:55:23','2017-03-08 15:55:23'),(22,4,2,5,16,0,5,'','2017-03-08 15:55:23','2017-03-08 15:55:23'),(23,4,2,5,17,0,5,'','2017-03-08 15:55:23','2017-03-08 15:55:23'),(24,8,3,0,0,1,24,'','2017-03-08 15:55:46','2017-03-08 15:55:46'),(25,8,3,24,0,1,25,'Forms','2017-03-08 15:55:46','2017-03-08 15:55:46');
/*!40000 ALTER TABLE `TreeNodes` ENABLE KEYS */;
UNLOCK TABLES;

--
-- Table structure for table `TreeSearchQueryNodes`
--

DROP TABLE IF EXISTS `TreeSearchQueryNodes`;
/*!40101 SET @saved_cs_client     = @@character_set_client */;
/*!40101 SET character_set_client = utf8 */;
CREATE TABLE `TreeSearchQueryNodes` (
  `treeNodeID` int(10) unsigned NOT NULL AUTO_INCREMENT,
  `savedSearchID` varchar(255) COLLATE utf8_unicode_ci DEFAULT NULL,
  PRIMARY KEY (`treeNodeID`),
  KEY `savedSearchID` (`savedSearchID`)
) ENGINE=InnoDB DEFAULT CHARSET=utf8 COLLATE=utf8_unicode_ci;
/*!40101 SET character_set_client = @saved_cs_client */;

--
-- Dumping data for table `TreeSearchQueryNodes`
--

LOCK TABLES `TreeSearchQueryNodes` WRITE;
/*!40000 ALTER TABLE `TreeSearchQueryNodes` DISABLE KEYS */;
/*!40000 ALTER TABLE `TreeSearchQueryNodes` ENABLE KEYS */;
UNLOCK TABLES;

--
-- Table structure for table `TreeTypes`
--

DROP TABLE IF EXISTS `TreeTypes`;
/*!40101 SET @saved_cs_client     = @@character_set_client */;
/*!40101 SET character_set_client = utf8 */;
CREATE TABLE `TreeTypes` (
  `treeTypeID` int(10) unsigned NOT NULL AUTO_INCREMENT,
  `treeTypeHandle` varchar(255) COLLATE utf8_unicode_ci DEFAULT '',
  `pkgID` int(10) unsigned DEFAULT '0',
  PRIMARY KEY (`treeTypeID`),
  UNIQUE KEY `treeTypeHandle` (`treeTypeHandle`),
  KEY `pkgID` (`pkgID`)
) ENGINE=InnoDB AUTO_INCREMENT=5 DEFAULT CHARSET=utf8 COLLATE=utf8_unicode_ci;
/*!40101 SET character_set_client = @saved_cs_client */;

--
-- Dumping data for table `TreeTypes`
--

LOCK TABLES `TreeTypes` WRITE;
/*!40000 ALTER TABLE `TreeTypes` DISABLE KEYS */;
INSERT INTO `TreeTypes` VALUES (1,'group',0),(2,'topic',0),(3,'file_manager',0),(4,'express_entry_results',0);
/*!40000 ALTER TABLE `TreeTypes` ENABLE KEYS */;
UNLOCK TABLES;

--
-- Table structure for table `Trees`
--

DROP TABLE IF EXISTS `Trees`;
/*!40101 SET @saved_cs_client     = @@character_set_client */;
/*!40101 SET character_set_client = utf8 */;
CREATE TABLE `Trees` (
  `treeID` int(10) unsigned NOT NULL AUTO_INCREMENT,
  `treeTypeID` int(10) unsigned DEFAULT '0',
  `treeDateAdded` datetime DEFAULT NULL,
  `rootTreeNodeID` int(10) unsigned DEFAULT '0',
  PRIMARY KEY (`treeID`),
  KEY `treeTypeID` (`treeTypeID`)
) ENGINE=InnoDB AUTO_INCREMENT=4 DEFAULT CHARSET=utf8 COLLATE=utf8_unicode_ci;
/*!40101 SET character_set_client = @saved_cs_client */;

--
-- Dumping data for table `Trees`
--

LOCK TABLES `Trees` WRITE;
/*!40000 ALTER TABLE `Trees` DISABLE KEYS */;
INSERT INTO `Trees` VALUES (1,1,'2015-09-04 15:31:05',1),(2,3,'2017-03-08 15:55:23',5),(3,4,'2017-03-08 15:55:46',24);
/*!40000 ALTER TABLE `Trees` ENABLE KEYS */;
UNLOCK TABLES;

--
-- Table structure for table `UserAttributeKeys`
--

DROP TABLE IF EXISTS `UserAttributeKeys`;
/*!40101 SET @saved_cs_client     = @@character_set_client */;
/*!40101 SET character_set_client = utf8 */;
CREATE TABLE `UserAttributeKeys` (
  `akID` int(10) unsigned NOT NULL,
  `uakProfileDisplay` tinyint(1) NOT NULL,
  `uakMemberListDisplay` tinyint(1) NOT NULL,
  `uakProfileEdit` tinyint(1) NOT NULL,
  `uakProfileEditRequired` tinyint(1) NOT NULL,
  `uakRegisterEdit` tinyint(1) NOT NULL,
  `uakRegisterEditRequired` tinyint(1) NOT NULL,
  PRIMARY KEY (`akID`),
  CONSTRAINT `FK_28970033B6561A7E` FOREIGN KEY (`akID`) REFERENCES `AttributeKeys` (`akID`) ON DELETE CASCADE
) ENGINE=InnoDB DEFAULT CHARSET=utf8 COLLATE=utf8_unicode_ci;
/*!40101 SET character_set_client = @saved_cs_client */;

--
-- Dumping data for table `UserAttributeKeys`
--

LOCK TABLES `UserAttributeKeys` WRITE;
/*!40000 ALTER TABLE `UserAttributeKeys` DISABLE KEYS */;
INSERT INTO `UserAttributeKeys` VALUES (12,0,0,1,0,1,0),(13,0,0,1,0,1,0),(16,0,0,0,0,0,0);
/*!40000 ALTER TABLE `UserAttributeKeys` ENABLE KEYS */;
UNLOCK TABLES;

--
-- Table structure for table `UserBannedIPs`
--

DROP TABLE IF EXISTS `UserBannedIPs`;
/*!40101 SET @saved_cs_client     = @@character_set_client */;
/*!40101 SET character_set_client = utf8 */;
CREATE TABLE `UserBannedIPs` (
  `id` int(10) unsigned NOT NULL AUTO_INCREMENT,
  `ipFrom` tinyblob,
  `ipTo` tinyblob,
  `banCode` tinyint(1) NOT NULL DEFAULT '1',
  `expires` datetime NOT NULL DEFAULT '0000-00-00 00:00:00',
  `isManual` tinyint(1) NOT NULL DEFAULT '0',
  PRIMARY KEY (`id`),
  UNIQUE KEY `ipFrom` (`ipFrom`(32),`ipTo`(32))
) ENGINE=InnoDB DEFAULT CHARSET=utf8 COLLATE=utf8_unicode_ci;
/*!40101 SET character_set_client = @saved_cs_client */;

--
-- Dumping data for table `UserBannedIPs`
--

LOCK TABLES `UserBannedIPs` WRITE;
/*!40000 ALTER TABLE `UserBannedIPs` DISABLE KEYS */;
/*!40000 ALTER TABLE `UserBannedIPs` ENABLE KEYS */;
UNLOCK TABLES;

--
-- Table structure for table `UserGroups`
--

DROP TABLE IF EXISTS `UserGroups`;
/*!40101 SET @saved_cs_client     = @@character_set_client */;
/*!40101 SET character_set_client = utf8 */;
CREATE TABLE `UserGroups` (
  `uID` int(10) unsigned NOT NULL DEFAULT '0',
  `gID` int(10) unsigned NOT NULL DEFAULT '0',
  `ugEntered` datetime NOT NULL DEFAULT '0000-00-00 00:00:00',
  PRIMARY KEY (`uID`,`gID`),
  KEY `uID` (`uID`),
  KEY `gID` (`gID`)
) ENGINE=InnoDB DEFAULT CHARSET=utf8 COLLATE=utf8_unicode_ci;
/*!40101 SET character_set_client = @saved_cs_client */;

--
-- Dumping data for table `UserGroups`
--

LOCK TABLES `UserGroups` WRITE;
/*!40000 ALTER TABLE `UserGroups` DISABLE KEYS */;
/*!40000 ALTER TABLE `UserGroups` ENABLE KEYS */;
UNLOCK TABLES;

--
-- Table structure for table `UserPermissionEditPropertyAccessList`
--

DROP TABLE IF EXISTS `UserPermissionEditPropertyAccessList`;
/*!40101 SET @saved_cs_client     = @@character_set_client */;
/*!40101 SET character_set_client = utf8 */;
CREATE TABLE `UserPermissionEditPropertyAccessList` (
  `paID` int(10) unsigned NOT NULL DEFAULT '0',
  `peID` int(10) unsigned NOT NULL DEFAULT '0',
  `uName` tinyint(1) DEFAULT '0',
  `uEmail` tinyint(1) DEFAULT '0',
  `uPassword` tinyint(1) DEFAULT '0',
  `uAvatar` tinyint(1) DEFAULT '0',
  `uTimezone` tinyint(1) DEFAULT '0',
  `uDefaultLanguage` tinyint(1) DEFAULT '0',
  `attributePermission` varchar(1) COLLATE utf8_unicode_ci NOT NULL DEFAULT '1',
  PRIMARY KEY (`paID`,`peID`)
) ENGINE=InnoDB DEFAULT CHARSET=utf8 COLLATE=utf8_unicode_ci;
/*!40101 SET character_set_client = @saved_cs_client */;

--
-- Dumping data for table `UserPermissionEditPropertyAccessList`
--

LOCK TABLES `UserPermissionEditPropertyAccessList` WRITE;
/*!40000 ALTER TABLE `UserPermissionEditPropertyAccessList` DISABLE KEYS */;
/*!40000 ALTER TABLE `UserPermissionEditPropertyAccessList` ENABLE KEYS */;
UNLOCK TABLES;

--
-- Table structure for table `UserPermissionEditPropertyAttributeAccessListCustom`
--

DROP TABLE IF EXISTS `UserPermissionEditPropertyAttributeAccessListCustom`;
/*!40101 SET @saved_cs_client     = @@character_set_client */;
/*!40101 SET character_set_client = utf8 */;
CREATE TABLE `UserPermissionEditPropertyAttributeAccessListCustom` (
  `paID` int(10) unsigned NOT NULL DEFAULT '0',
  `peID` int(10) unsigned NOT NULL DEFAULT '0',
  `akID` int(10) unsigned NOT NULL DEFAULT '0',
  PRIMARY KEY (`paID`,`peID`,`akID`),
  KEY `peID` (`peID`),
  KEY `akID` (`akID`)
) ENGINE=InnoDB DEFAULT CHARSET=utf8 COLLATE=utf8_unicode_ci;
/*!40101 SET character_set_client = @saved_cs_client */;

--
-- Dumping data for table `UserPermissionEditPropertyAttributeAccessListCustom`
--

LOCK TABLES `UserPermissionEditPropertyAttributeAccessListCustom` WRITE;
/*!40000 ALTER TABLE `UserPermissionEditPropertyAttributeAccessListCustom` DISABLE KEYS */;
/*!40000 ALTER TABLE `UserPermissionEditPropertyAttributeAccessListCustom` ENABLE KEYS */;
UNLOCK TABLES;

--
-- Table structure for table `UserPermissionViewAttributeAccessList`
--

DROP TABLE IF EXISTS `UserPermissionViewAttributeAccessList`;
/*!40101 SET @saved_cs_client     = @@character_set_client */;
/*!40101 SET character_set_client = utf8 */;
CREATE TABLE `UserPermissionViewAttributeAccessList` (
  `paID` int(10) unsigned NOT NULL DEFAULT '0',
  `peID` int(10) unsigned NOT NULL DEFAULT '0',
  `permission` varchar(1) COLLATE utf8_unicode_ci NOT NULL DEFAULT '1',
  PRIMARY KEY (`paID`,`peID`),
  KEY `peID` (`peID`)
) ENGINE=InnoDB DEFAULT CHARSET=utf8 COLLATE=utf8_unicode_ci;
/*!40101 SET character_set_client = @saved_cs_client */;

--
-- Dumping data for table `UserPermissionViewAttributeAccessList`
--

LOCK TABLES `UserPermissionViewAttributeAccessList` WRITE;
/*!40000 ALTER TABLE `UserPermissionViewAttributeAccessList` DISABLE KEYS */;
/*!40000 ALTER TABLE `UserPermissionViewAttributeAccessList` ENABLE KEYS */;
UNLOCK TABLES;

--
-- Table structure for table `UserPermissionViewAttributeAccessListCustom`
--

DROP TABLE IF EXISTS `UserPermissionViewAttributeAccessListCustom`;
/*!40101 SET @saved_cs_client     = @@character_set_client */;
/*!40101 SET character_set_client = utf8 */;
CREATE TABLE `UserPermissionViewAttributeAccessListCustom` (
  `paID` int(10) unsigned NOT NULL DEFAULT '0',
  `peID` int(10) unsigned NOT NULL DEFAULT '0',
  `akID` int(10) unsigned NOT NULL DEFAULT '0',
  PRIMARY KEY (`paID`,`peID`,`akID`),
  KEY `peID` (`peID`),
  KEY `akID` (`akID`)
) ENGINE=InnoDB DEFAULT CHARSET=utf8 COLLATE=utf8_unicode_ci;
/*!40101 SET character_set_client = @saved_cs_client */;

--
-- Dumping data for table `UserPermissionViewAttributeAccessListCustom`
--

LOCK TABLES `UserPermissionViewAttributeAccessListCustom` WRITE;
/*!40000 ALTER TABLE `UserPermissionViewAttributeAccessListCustom` DISABLE KEYS */;
/*!40000 ALTER TABLE `UserPermissionViewAttributeAccessListCustom` ENABLE KEYS */;
UNLOCK TABLES;

--
-- Table structure for table `UserPointActions`
--

DROP TABLE IF EXISTS `UserPointActions`;
/*!40101 SET @saved_cs_client     = @@character_set_client */;
/*!40101 SET character_set_client = utf8 */;
CREATE TABLE `UserPointActions` (
  `upaID` int(11) NOT NULL AUTO_INCREMENT,
  `upaHandle` varchar(255) COLLATE utf8_unicode_ci DEFAULT NULL,
  `upaName` varchar(255) COLLATE utf8_unicode_ci DEFAULT NULL,
  `upaDefaultPoints` int(11) NOT NULL DEFAULT '0',
  `pkgID` int(10) unsigned NOT NULL DEFAULT '0',
  `upaHasCustomClass` tinyint(1) NOT NULL DEFAULT '0',
  `upaIsActive` tinyint(1) NOT NULL DEFAULT '1',
  `gBadgeID` int(11) NOT NULL DEFAULT '0',
  PRIMARY KEY (`upaID`),
  UNIQUE KEY `upaHandle` (`upaHandle`),
  KEY `pkgID` (`pkgID`),
  KEY `gBBadgeID` (`gBadgeID`)
) ENGINE=InnoDB AUTO_INCREMENT=2 DEFAULT CHARSET=utf8 COLLATE=utf8_unicode_ci;
/*!40101 SET character_set_client = @saved_cs_client */;

--
-- Dumping data for table `UserPointActions`
--

LOCK TABLES `UserPointActions` WRITE;
/*!40000 ALTER TABLE `UserPointActions` DISABLE KEYS */;
INSERT INTO `UserPointActions` VALUES (1,'won_badge','Won a Badge',5,0,1,1,0);
/*!40000 ALTER TABLE `UserPointActions` ENABLE KEYS */;
UNLOCK TABLES;

--
-- Table structure for table `UserPointHistory`
--

DROP TABLE IF EXISTS `UserPointHistory`;
/*!40101 SET @saved_cs_client     = @@character_set_client */;
/*!40101 SET character_set_client = utf8 */;
CREATE TABLE `UserPointHistory` (
  `upID` int(11) NOT NULL AUTO_INCREMENT,
  `upuID` int(11) NOT NULL DEFAULT '0',
  `upaID` int(11) DEFAULT '0',
  `upPoints` int(11) DEFAULT '0',
  `object` longtext COLLATE utf8_unicode_ci,
  `timestamp` timestamp NOT NULL DEFAULT CURRENT_TIMESTAMP,
  PRIMARY KEY (`upID`),
  KEY `upuID` (`upuID`),
  KEY `upaID` (`upaID`)
) ENGINE=InnoDB DEFAULT CHARSET=utf8 COLLATE=utf8_unicode_ci;
/*!40101 SET character_set_client = @saved_cs_client */;

--
-- Dumping data for table `UserPointHistory`
--

LOCK TABLES `UserPointHistory` WRITE;
/*!40000 ALTER TABLE `UserPointHistory` DISABLE KEYS */;
/*!40000 ALTER TABLE `UserPointHistory` ENABLE KEYS */;
UNLOCK TABLES;

--
-- Table structure for table `UserPrivateMessages`
--

DROP TABLE IF EXISTS `UserPrivateMessages`;
/*!40101 SET @saved_cs_client     = @@character_set_client */;
/*!40101 SET character_set_client = utf8 */;
CREATE TABLE `UserPrivateMessages` (
  `msgID` int(10) unsigned NOT NULL AUTO_INCREMENT,
  `uAuthorID` int(10) unsigned NOT NULL DEFAULT '0',
  `msgDateCreated` datetime NOT NULL,
  `msgSubject` varchar(255) COLLATE utf8_unicode_ci NOT NULL,
  `msgBody` text COLLATE utf8_unicode_ci,
  `uToID` int(10) unsigned NOT NULL DEFAULT '0',
  PRIMARY KEY (`msgID`),
  KEY `uAuthorID` (`uAuthorID`,`msgDateCreated`)
) ENGINE=InnoDB DEFAULT CHARSET=utf8 COLLATE=utf8_unicode_ci;
/*!40101 SET character_set_client = @saved_cs_client */;

--
-- Dumping data for table `UserPrivateMessages`
--

LOCK TABLES `UserPrivateMessages` WRITE;
/*!40000 ALTER TABLE `UserPrivateMessages` DISABLE KEYS */;
/*!40000 ALTER TABLE `UserPrivateMessages` ENABLE KEYS */;
UNLOCK TABLES;

--
-- Table structure for table `UserPrivateMessagesTo`
--

DROP TABLE IF EXISTS `UserPrivateMessagesTo`;
/*!40101 SET @saved_cs_client     = @@character_set_client */;
/*!40101 SET character_set_client = utf8 */;
CREATE TABLE `UserPrivateMessagesTo` (
  `msgID` int(10) unsigned NOT NULL DEFAULT '0',
  `uID` int(10) unsigned NOT NULL DEFAULT '0',
  `uAuthorID` int(10) unsigned NOT NULL DEFAULT '0',
  `msgMailboxID` int(11) NOT NULL,
  `msgIsNew` tinyint(1) NOT NULL DEFAULT '0',
  `msgIsUnread` tinyint(1) NOT NULL DEFAULT '0',
  `msgIsReplied` tinyint(1) NOT NULL DEFAULT '0',
  PRIMARY KEY (`msgID`,`uID`,`uAuthorID`,`msgMailboxID`),
  KEY `uID` (`uID`),
  KEY `uAuthorID` (`uAuthorID`),
  KEY `msgFolderID` (`msgMailboxID`),
  KEY `msgIsNew` (`msgIsNew`)
) ENGINE=InnoDB DEFAULT CHARSET=utf8 COLLATE=utf8_unicode_ci;
/*!40101 SET character_set_client = @saved_cs_client */;

--
-- Dumping data for table `UserPrivateMessagesTo`
--

LOCK TABLES `UserPrivateMessagesTo` WRITE;
/*!40000 ALTER TABLE `UserPrivateMessagesTo` DISABLE KEYS */;
/*!40000 ALTER TABLE `UserPrivateMessagesTo` ENABLE KEYS */;
UNLOCK TABLES;

--
-- Table structure for table `UserSearchIndexAttributes`
--

DROP TABLE IF EXISTS `UserSearchIndexAttributes`;
/*!40101 SET @saved_cs_client     = @@character_set_client */;
/*!40101 SET character_set_client = utf8 */;
CREATE TABLE `UserSearchIndexAttributes` (
  `uID` int(10) unsigned NOT NULL DEFAULT '0',
  `ak_profile_private_messages_enabled` tinyint(1) DEFAULT '0',
  `ak_profile_private_messages_notification_enabled` tinyint(1) DEFAULT '0',
  PRIMARY KEY (`uID`)
) ENGINE=InnoDB DEFAULT CHARSET=utf8 COLLATE=utf8_unicode_ci;
/*!40101 SET character_set_client = @saved_cs_client */;

--
-- Dumping data for table `UserSearchIndexAttributes`
--

LOCK TABLES `UserSearchIndexAttributes` WRITE;
/*!40000 ALTER TABLE `UserSearchIndexAttributes` DISABLE KEYS */;
/*!40000 ALTER TABLE `UserSearchIndexAttributes` ENABLE KEYS */;
UNLOCK TABLES;

--
-- Table structure for table `UserSignupNotifications`
--

DROP TABLE IF EXISTS `UserSignupNotifications`;
/*!40101 SET @saved_cs_client     = @@character_set_client */;
/*!40101 SET character_set_client = utf8 */;
CREATE TABLE `UserSignupNotifications` (
  `usID` int(10) unsigned DEFAULT NULL,
  `nID` int(10) unsigned NOT NULL,
  PRIMARY KEY (`nID`),
  KEY `IDX_7FB1DF5B7B18287E` (`usID`),
  CONSTRAINT `FK_7FB1DF5BED024EFD` FOREIGN KEY (`nID`) REFERENCES `Notifications` (`nID`) ON DELETE CASCADE,
  CONSTRAINT `FK_7FB1DF5B7B18287E` FOREIGN KEY (`usID`) REFERENCES `UserSignups` (`usID`)
) ENGINE=InnoDB DEFAULT CHARSET=utf8 COLLATE=utf8_unicode_ci;
/*!40101 SET character_set_client = @saved_cs_client */;

--
-- Dumping data for table `UserSignupNotifications`
--

LOCK TABLES `UserSignupNotifications` WRITE;
/*!40000 ALTER TABLE `UserSignupNotifications` DISABLE KEYS */;
/*!40000 ALTER TABLE `UserSignupNotifications` ENABLE KEYS */;
UNLOCK TABLES;

--
-- Table structure for table `UserSignups`
--

DROP TABLE IF EXISTS `UserSignups`;
/*!40101 SET @saved_cs_client     = @@character_set_client */;
/*!40101 SET character_set_client = utf8 */;
CREATE TABLE `UserSignups` (
  `usID` int(10) unsigned NOT NULL AUTO_INCREMENT,
  `uID` int(10) unsigned DEFAULT NULL,
  `createdBy` int(10) unsigned DEFAULT NULL,
  PRIMARY KEY (`usID`),
  UNIQUE KEY `UNIQ_FEB5D909FD71026C` (`uID`),
  KEY `IDX_FEB5D909D3564642` (`createdBy`),
  CONSTRAINT `FK_FEB5D909D3564642` FOREIGN KEY (`createdBy`) REFERENCES `Users` (`uID`),
  CONSTRAINT `FK_FEB5D909FD71026C` FOREIGN KEY (`uID`) REFERENCES `Users` (`uID`)
) ENGINE=InnoDB DEFAULT CHARSET=utf8 COLLATE=utf8_unicode_ci;
/*!40101 SET character_set_client = @saved_cs_client */;

--
-- Dumping data for table `UserSignups`
--

LOCK TABLES `UserSignups` WRITE;
/*!40000 ALTER TABLE `UserSignups` DISABLE KEYS */;
/*!40000 ALTER TABLE `UserSignups` ENABLE KEYS */;
UNLOCK TABLES;

--
-- Table structure for table `UserValidationHashes`
--

DROP TABLE IF EXISTS `UserValidationHashes`;
/*!40101 SET @saved_cs_client     = @@character_set_client */;
/*!40101 SET character_set_client = utf8 */;
CREATE TABLE `UserValidationHashes` (
  `uvhID` int(10) unsigned NOT NULL AUTO_INCREMENT,
  `uID` int(10) unsigned DEFAULT NULL,
  `uHash` varchar(64) COLLATE utf8_unicode_ci NOT NULL,
  `type` smallint(5) unsigned NOT NULL DEFAULT '0',
  `uDateGenerated` int(10) unsigned NOT NULL DEFAULT '0',
  `uDateRedeemed` int(10) unsigned NOT NULL DEFAULT '0',
  PRIMARY KEY (`uvhID`),
  KEY `uID` (`uID`,`type`),
  KEY `uHash` (`uHash`,`type`),
  KEY `uDateGenerated` (`uDateGenerated`,`type`)
) ENGINE=InnoDB DEFAULT CHARSET=utf8 COLLATE=utf8_unicode_ci;
/*!40101 SET character_set_client = @saved_cs_client */;

--
-- Dumping data for table `UserValidationHashes`
--

LOCK TABLES `UserValidationHashes` WRITE;
/*!40000 ALTER TABLE `UserValidationHashes` DISABLE KEYS */;
/*!40000 ALTER TABLE `UserValidationHashes` ENABLE KEYS */;
UNLOCK TABLES;

--
-- Table structure for table `UserWorkflowProgress`
--

DROP TABLE IF EXISTS `UserWorkflowProgress`;
/*!40101 SET @saved_cs_client     = @@character_set_client */;
/*!40101 SET character_set_client = utf8 */;
CREATE TABLE `UserWorkflowProgress` (
  `uID` int(10) unsigned NOT NULL DEFAULT '0',
  `wpID` int(10) unsigned NOT NULL DEFAULT '0',
  PRIMARY KEY (`uID`,`wpID`)
) ENGINE=InnoDB DEFAULT CHARSET=utf8 COLLATE=utf8_unicode_ci;
/*!40101 SET character_set_client = @saved_cs_client */;

--
-- Dumping data for table `UserWorkflowProgress`
--

LOCK TABLES `UserWorkflowProgress` WRITE;
/*!40000 ALTER TABLE `UserWorkflowProgress` DISABLE KEYS */;
/*!40000 ALTER TABLE `UserWorkflowProgress` ENABLE KEYS */;
UNLOCK TABLES;

--
-- Table structure for table `WorkflowProgress`
--

DROP TABLE IF EXISTS `WorkflowProgress`;
/*!40101 SET @saved_cs_client     = @@character_set_client */;
/*!40101 SET character_set_client = utf8 */;
CREATE TABLE `WorkflowProgress` (
  `wpID` int(10) unsigned NOT NULL AUTO_INCREMENT,
  `wpCategoryID` int(10) unsigned DEFAULT NULL,
  `wfID` int(10) unsigned NOT NULL DEFAULT '0',
  `wpApproved` tinyint(1) NOT NULL DEFAULT '0',
  `wpDateAdded` datetime DEFAULT NULL,
  `wpDateLastAction` datetime DEFAULT NULL,
  `wpCurrentStatus` int(11) NOT NULL DEFAULT '0',
  `wrID` int(11) NOT NULL DEFAULT '0',
  `wpIsCompleted` tinyint(1) NOT NULL DEFAULT '0',
  PRIMARY KEY (`wpID`),
  KEY `wpCategoryID` (`wpCategoryID`),
  KEY `wfID` (`wfID`),
  KEY `wrID` (`wrID`,`wpID`,`wpIsCompleted`)
) ENGINE=InnoDB DEFAULT CHARSET=utf8 COLLATE=utf8_unicode_ci;
/*!40101 SET character_set_client = @saved_cs_client */;

--
-- Dumping data for table `WorkflowProgress`
--

LOCK TABLES `WorkflowProgress` WRITE;
/*!40000 ALTER TABLE `WorkflowProgress` DISABLE KEYS */;
/*!40000 ALTER TABLE `WorkflowProgress` ENABLE KEYS */;
UNLOCK TABLES;

--
-- Table structure for table `WorkflowProgressCategories`
--

DROP TABLE IF EXISTS `WorkflowProgressCategories`;
/*!40101 SET @saved_cs_client     = @@character_set_client */;
/*!40101 SET character_set_client = utf8 */;
CREATE TABLE `WorkflowProgressCategories` (
  `wpCategoryID` int(10) unsigned NOT NULL AUTO_INCREMENT,
  `wpCategoryHandle` varchar(255) COLLATE utf8_unicode_ci NOT NULL,
  `pkgID` int(10) unsigned DEFAULT NULL,
  PRIMARY KEY (`wpCategoryID`),
  UNIQUE KEY `wpCategoryHandle` (`wpCategoryHandle`),
  KEY `pkgID` (`pkgID`)
) ENGINE=InnoDB AUTO_INCREMENT=4 DEFAULT CHARSET=utf8 COLLATE=utf8_unicode_ci;
/*!40101 SET character_set_client = @saved_cs_client */;

--
-- Dumping data for table `WorkflowProgressCategories`
--

LOCK TABLES `WorkflowProgressCategories` WRITE;
/*!40000 ALTER TABLE `WorkflowProgressCategories` DISABLE KEYS */;
INSERT INTO `WorkflowProgressCategories` VALUES (1,'page',NULL),(2,'file',NULL),(3,'user',NULL);
/*!40000 ALTER TABLE `WorkflowProgressCategories` ENABLE KEYS */;
UNLOCK TABLES;

--
-- Table structure for table `WorkflowProgressHistory`
--

DROP TABLE IF EXISTS `WorkflowProgressHistory`;
/*!40101 SET @saved_cs_client     = @@character_set_client */;
/*!40101 SET character_set_client = utf8 */;
CREATE TABLE `WorkflowProgressHistory` (
  `wphID` int(10) unsigned NOT NULL AUTO_INCREMENT,
  `wpID` int(10) unsigned NOT NULL DEFAULT '0',
  `timestamp` timestamp NOT NULL DEFAULT CURRENT_TIMESTAMP,
  `object` text COLLATE utf8_unicode_ci,
  PRIMARY KEY (`wphID`),
  KEY `wpID` (`wpID`,`timestamp`)
) ENGINE=InnoDB AUTO_INCREMENT=33 DEFAULT CHARSET=utf8 COLLATE=utf8_unicode_ci;
/*!40101 SET character_set_client = @saved_cs_client */;

--
-- Dumping data for table `WorkflowProgressHistory`
--

LOCK TABLES `WorkflowProgressHistory` WRITE;
/*!40000 ALTER TABLE `WorkflowProgressHistory` DISABLE KEYS */;
INSERT INTO `WorkflowProgressHistory` VALUES (1,1,'2015-09-04 13:44:24','O:49:\"Concrete\\Core\\Workflow\\Request\\ApprovePageRequest\":8:{s:14:\"\0*\0wrStatusNum\";i:30;s:12:\"\0*\0currentWP\";N;s:6:\"\0*\0uID\";s:1:\"1\";s:5:\"error\";s:0:\"\";s:4:\"pkID\";s:2:\"14\";s:3:\"cID\";s:1:\"1\";s:4:\"cvID\";s:1:\"2\";s:4:\"wrID\";s:1:\"1\";}'),(2,2,'2015-09-04 14:22:10','O:49:\"Concrete\\Core\\Workflow\\Request\\ApprovePageRequest\":8:{s:14:\"\0*\0wrStatusNum\";i:30;s:12:\"\0*\0currentWP\";N;s:6:\"\0*\0uID\";s:1:\"1\";s:5:\"error\";s:0:\"\";s:4:\"pkID\";s:2:\"14\";s:3:\"cID\";s:1:\"1\";s:4:\"cvID\";s:1:\"3\";s:4:\"wrID\";s:1:\"2\";}'),(3,3,'2015-09-04 14:33:16','O:49:\"Concrete\\Core\\Workflow\\Request\\ApprovePageRequest\":8:{s:14:\"\0*\0wrStatusNum\";i:30;s:12:\"\0*\0currentWP\";N;s:6:\"\0*\0uID\";s:1:\"1\";s:5:\"error\";s:0:\"\";s:4:\"pkID\";s:2:\"14\";s:3:\"cID\";s:1:\"1\";s:4:\"cvID\";s:1:\"4\";s:4:\"wrID\";s:1:\"3\";}'),(4,4,'2015-09-04 14:37:46','O:49:\"Concrete\\Core\\Workflow\\Request\\ApprovePageRequest\":8:{s:14:\"\0*\0wrStatusNum\";i:30;s:12:\"\0*\0currentWP\";N;s:6:\"\0*\0uID\";s:1:\"1\";s:5:\"error\";s:0:\"\";s:4:\"pkID\";s:2:\"14\";s:3:\"cID\";s:1:\"1\";s:4:\"cvID\";s:1:\"5\";s:4:\"wrID\";s:1:\"4\";}'),(5,5,'2015-09-04 14:38:19','O:49:\"Concrete\\Core\\Workflow\\Request\\ApprovePageRequest\":8:{s:14:\"\0*\0wrStatusNum\";i:30;s:12:\"\0*\0currentWP\";N;s:6:\"\0*\0uID\";s:1:\"1\";s:5:\"error\";s:0:\"\";s:4:\"pkID\";s:2:\"14\";s:3:\"cID\";s:1:\"1\";s:4:\"cvID\";s:1:\"6\";s:4:\"wrID\";s:1:\"5\";}'),(6,6,'2015-09-04 14:49:18','O:50:\"Concrete\\Core\\Workflow\\Request\\ApproveStackRequest\":8:{s:14:\"\0*\0wrStatusNum\";i:30;s:12:\"\0*\0currentWP\";N;s:6:\"\0*\0uID\";s:1:\"1\";s:5:\"error\";s:0:\"\";s:4:\"pkID\";s:2:\"14\";s:3:\"cID\";s:3:\"199\";s:4:\"cvID\";s:1:\"2\";s:4:\"wrID\";s:1:\"6\";}'),(7,7,'2015-09-04 14:51:05','O:49:\"Concrete\\Core\\Workflow\\Request\\ApprovePageRequest\":8:{s:14:\"\0*\0wrStatusNum\";i:30;s:12:\"\0*\0currentWP\";N;s:6:\"\0*\0uID\";s:1:\"1\";s:5:\"error\";s:0:\"\";s:4:\"pkID\";s:2:\"14\";s:3:\"cID\";s:3:\"177\";s:4:\"cvID\";s:1:\"2\";s:4:\"wrID\";s:1:\"7\";}'),(8,8,'2015-09-04 15:00:33','O:49:\"Concrete\\Core\\Workflow\\Request\\ApprovePageRequest\":8:{s:14:\"\0*\0wrStatusNum\";i:30;s:12:\"\0*\0currentWP\";N;s:6:\"\0*\0uID\";s:1:\"1\";s:5:\"error\";s:0:\"\";s:4:\"pkID\";s:2:\"14\";s:3:\"cID\";s:3:\"177\";s:4:\"cvID\";s:1:\"3\";s:4:\"wrID\";s:1:\"8\";}'),(9,9,'2015-09-04 15:07:56','O:49:\"Concrete\\Core\\Workflow\\Request\\ApprovePageRequest\":8:{s:14:\"\0*\0wrStatusNum\";i:30;s:12:\"\0*\0currentWP\";N;s:6:\"\0*\0uID\";s:1:\"1\";s:5:\"error\";s:0:\"\";s:4:\"pkID\";s:2:\"14\";s:3:\"cID\";s:1:\"1\";s:4:\"cvID\";s:1:\"7\";s:4:\"wrID\";s:1:\"9\";}'),(10,10,'2015-09-04 15:08:34','O:49:\"Concrete\\Core\\Workflow\\Request\\ApprovePageRequest\":8:{s:14:\"\0*\0wrStatusNum\";i:30;s:12:\"\0*\0currentWP\";N;s:6:\"\0*\0uID\";s:1:\"1\";s:5:\"error\";s:0:\"\";s:4:\"pkID\";s:2:\"14\";s:3:\"cID\";s:1:\"1\";s:4:\"cvID\";s:1:\"8\";s:4:\"wrID\";s:2:\"10\";}'),(11,11,'2015-09-04 15:09:18','O:49:\"Concrete\\Core\\Workflow\\Request\\ApprovePageRequest\":8:{s:14:\"\0*\0wrStatusNum\";i:30;s:12:\"\0*\0currentWP\";N;s:6:\"\0*\0uID\";s:1:\"1\";s:5:\"error\";s:0:\"\";s:4:\"pkID\";s:2:\"14\";s:3:\"cID\";s:1:\"1\";s:4:\"cvID\";s:1:\"9\";s:4:\"wrID\";s:2:\"11\";}'),(12,12,'2015-09-04 20:23:36','O:49:\"Concrete\\Core\\Workflow\\Request\\ApprovePageRequest\":8:{s:14:\"\0*\0wrStatusNum\";i:30;s:12:\"\0*\0currentWP\";N;s:6:\"\0*\0uID\";s:1:\"1\";s:5:\"error\";s:0:\"\";s:4:\"pkID\";s:2:\"14\";s:3:\"cID\";s:1:\"1\";s:4:\"cvID\";s:2:\"10\";s:4:\"wrID\";s:2:\"12\";}'),(13,13,'2015-09-07 06:18:49','O:49:\"Concrete\\Core\\Workflow\\Request\\ApprovePageRequest\":8:{s:14:\"\0*\0wrStatusNum\";i:30;s:12:\"\0*\0currentWP\";N;s:6:\"\0*\0uID\";s:1:\"1\";s:5:\"error\";s:0:\"\";s:4:\"pkID\";s:2:\"14\";s:3:\"cID\";s:1:\"1\";s:4:\"cvID\";s:2:\"11\";s:4:\"wrID\";s:2:\"13\";}'),(14,14,'2015-09-07 06:21:48','O:49:\"Concrete\\Core\\Workflow\\Request\\ApprovePageRequest\":8:{s:14:\"\0*\0wrStatusNum\";i:30;s:12:\"\0*\0currentWP\";N;s:6:\"\0*\0uID\";s:1:\"1\";s:5:\"error\";s:0:\"\";s:4:\"pkID\";s:2:\"14\";s:3:\"cID\";s:1:\"1\";s:4:\"cvID\";s:2:\"12\";s:4:\"wrID\";s:2:\"14\";}'),(15,15,'2015-09-07 06:27:20','O:49:\"Concrete\\Core\\Workflow\\Request\\ApprovePageRequest\":8:{s:14:\"\0*\0wrStatusNum\";i:30;s:12:\"\0*\0currentWP\";N;s:6:\"\0*\0uID\";s:1:\"1\";s:5:\"error\";s:0:\"\";s:4:\"pkID\";s:2:\"14\";s:3:\"cID\";s:3:\"180\";s:4:\"cvID\";s:1:\"2\";s:4:\"wrID\";s:2:\"15\";}'),(16,16,'2015-09-07 06:29:02','O:49:\"Concrete\\Core\\Workflow\\Request\\ApprovePageRequest\":8:{s:14:\"\0*\0wrStatusNum\";i:30;s:12:\"\0*\0currentWP\";N;s:6:\"\0*\0uID\";s:1:\"1\";s:5:\"error\";s:0:\"\";s:4:\"pkID\";s:2:\"14\";s:3:\"cID\";s:3:\"179\";s:4:\"cvID\";s:1:\"2\";s:4:\"wrID\";s:2:\"16\";}'),(17,17,'2015-09-07 08:05:44','O:49:\"Concrete\\Core\\Workflow\\Request\\ApprovePageRequest\":8:{s:14:\"\0*\0wrStatusNum\";i:30;s:12:\"\0*\0currentWP\";N;s:6:\"\0*\0uID\";s:1:\"1\";s:5:\"error\";s:0:\"\";s:4:\"pkID\";s:2:\"14\";s:3:\"cID\";s:3:\"177\";s:4:\"cvID\";s:1:\"4\";s:4:\"wrID\";s:2:\"17\";}'),(18,18,'2015-09-07 08:13:27','O:49:\"Concrete\\Core\\Workflow\\Request\\ApprovePageRequest\":8:{s:14:\"\0*\0wrStatusNum\";i:30;s:12:\"\0*\0currentWP\";N;s:6:\"\0*\0uID\";s:1:\"1\";s:5:\"error\";s:0:\"\";s:4:\"pkID\";s:2:\"14\";s:3:\"cID\";s:3:\"186\";s:4:\"cvID\";s:1:\"2\";s:4:\"wrID\";s:2:\"18\";}'),(19,19,'2015-09-07 08:13:47','O:49:\"Concrete\\Core\\Workflow\\Request\\ApprovePageRequest\":8:{s:14:\"\0*\0wrStatusNum\";i:30;s:12:\"\0*\0currentWP\";N;s:6:\"\0*\0uID\";s:1:\"1\";s:5:\"error\";s:0:\"\";s:4:\"pkID\";s:2:\"14\";s:3:\"cID\";s:3:\"187\";s:4:\"cvID\";s:1:\"2\";s:4:\"wrID\";s:2:\"19\";}'),(20,20,'2015-09-07 08:14:03','O:49:\"Concrete\\Core\\Workflow\\Request\\ApprovePageRequest\":8:{s:14:\"\0*\0wrStatusNum\";i:30;s:12:\"\0*\0currentWP\";N;s:6:\"\0*\0uID\";s:1:\"1\";s:5:\"error\";s:0:\"\";s:4:\"pkID\";s:2:\"14\";s:3:\"cID\";s:3:\"188\";s:4:\"cvID\";s:1:\"2\";s:4:\"wrID\";s:2:\"20\";}'),(21,21,'2015-09-07 08:14:24','O:49:\"Concrete\\Core\\Workflow\\Request\\ApprovePageRequest\":8:{s:14:\"\0*\0wrStatusNum\";i:30;s:12:\"\0*\0currentWP\";N;s:6:\"\0*\0uID\";s:1:\"1\";s:5:\"error\";s:0:\"\";s:4:\"pkID\";s:2:\"14\";s:3:\"cID\";s:3:\"188\";s:4:\"cvID\";s:1:\"3\";s:4:\"wrID\";s:2:\"21\";}'),(22,22,'2015-09-07 08:14:37','O:49:\"Concrete\\Core\\Workflow\\Request\\ApprovePageRequest\":8:{s:14:\"\0*\0wrStatusNum\";i:30;s:12:\"\0*\0currentWP\";N;s:6:\"\0*\0uID\";s:1:\"1\";s:5:\"error\";s:0:\"\";s:4:\"pkID\";s:2:\"14\";s:3:\"cID\";s:3:\"189\";s:4:\"cvID\";s:1:\"2\";s:4:\"wrID\";s:2:\"22\";}'),(23,23,'2015-09-07 08:16:01','O:49:\"Concrete\\Core\\Workflow\\Request\\ApprovePageRequest\":8:{s:14:\"\0*\0wrStatusNum\";i:30;s:12:\"\0*\0currentWP\";N;s:6:\"\0*\0uID\";s:1:\"1\";s:5:\"error\";s:0:\"\";s:4:\"pkID\";s:2:\"14\";s:3:\"cID\";s:3:\"186\";s:4:\"cvID\";s:1:\"3\";s:4:\"wrID\";s:2:\"23\";}'),(24,24,'2015-09-07 08:16:58','O:49:\"Concrete\\Core\\Workflow\\Request\\ApprovePageRequest\":8:{s:14:\"\0*\0wrStatusNum\";i:30;s:12:\"\0*\0currentWP\";N;s:6:\"\0*\0uID\";s:1:\"1\";s:5:\"error\";s:0:\"\";s:4:\"pkID\";s:2:\"14\";s:3:\"cID\";s:3:\"187\";s:4:\"cvID\";s:1:\"3\";s:4:\"wrID\";s:2:\"24\";}'),(25,25,'2015-09-07 08:17:30','O:49:\"Concrete\\Core\\Workflow\\Request\\ApprovePageRequest\":8:{s:14:\"\0*\0wrStatusNum\";i:30;s:12:\"\0*\0currentWP\";N;s:6:\"\0*\0uID\";s:1:\"1\";s:5:\"error\";s:0:\"\";s:4:\"pkID\";s:2:\"14\";s:3:\"cID\";s:3:\"188\";s:4:\"cvID\";s:1:\"4\";s:4:\"wrID\";s:2:\"25\";}'),(26,26,'2015-09-07 08:18:03','O:49:\"Concrete\\Core\\Workflow\\Request\\ApprovePageRequest\":8:{s:14:\"\0*\0wrStatusNum\";i:30;s:12:\"\0*\0currentWP\";N;s:6:\"\0*\0uID\";s:1:\"1\";s:5:\"error\";s:0:\"\";s:4:\"pkID\";s:2:\"14\";s:3:\"cID\";s:3:\"189\";s:4:\"cvID\";s:1:\"3\";s:4:\"wrID\";s:2:\"26\";}'),(27,27,'2015-09-07 08:19:05','O:49:\"Concrete\\Core\\Workflow\\Request\\ApprovePageRequest\":8:{s:14:\"\0*\0wrStatusNum\";i:30;s:12:\"\0*\0currentWP\";N;s:6:\"\0*\0uID\";s:1:\"1\";s:5:\"error\";s:0:\"\";s:4:\"pkID\";s:2:\"14\";s:3:\"cID\";s:3:\"180\";s:4:\"cvID\";s:1:\"3\";s:4:\"wrID\";s:2:\"27\";}'),(28,28,'2015-09-07 08:20:04','O:49:\"Concrete\\Core\\Workflow\\Request\\ApprovePageRequest\":8:{s:14:\"\0*\0wrStatusNum\";i:30;s:12:\"\0*\0currentWP\";N;s:6:\"\0*\0uID\";s:1:\"1\";s:5:\"error\";s:0:\"\";s:4:\"pkID\";s:2:\"14\";s:3:\"cID\";s:3:\"180\";s:4:\"cvID\";s:1:\"4\";s:4:\"wrID\";s:2:\"28\";}'),(29,29,'2015-09-07 08:31:00','O:49:\"Concrete\\Core\\Workflow\\Request\\ApprovePageRequest\":8:{s:14:\"\0*\0wrStatusNum\";i:30;s:12:\"\0*\0currentWP\";N;s:6:\"\0*\0uID\";s:1:\"1\";s:5:\"error\";s:0:\"\";s:4:\"pkID\";s:2:\"14\";s:3:\"cID\";s:3:\"182\";s:4:\"cvID\";s:1:\"2\";s:4:\"wrID\";s:2:\"29\";}'),(30,30,'2015-09-07 08:31:36','O:49:\"Concrete\\Core\\Workflow\\Request\\ApprovePageRequest\":8:{s:14:\"\0*\0wrStatusNum\";i:30;s:12:\"\0*\0currentWP\";N;s:6:\"\0*\0uID\";s:1:\"1\";s:5:\"error\";s:0:\"\";s:4:\"pkID\";s:2:\"14\";s:3:\"cID\";s:3:\"183\";s:4:\"cvID\";s:1:\"2\";s:4:\"wrID\";s:2:\"30\";}'),(31,31,'2015-09-07 08:32:05','O:49:\"Concrete\\Core\\Workflow\\Request\\ApprovePageRequest\":8:{s:14:\"\0*\0wrStatusNum\";i:30;s:12:\"\0*\0currentWP\";N;s:6:\"\0*\0uID\";s:1:\"1\";s:5:\"error\";s:0:\"\";s:4:\"pkID\";s:2:\"14\";s:3:\"cID\";s:3:\"184\";s:4:\"cvID\";s:1:\"2\";s:4:\"wrID\";s:2:\"31\";}'),(32,1,'2015-10-29 10:08:18','O:49:\"Concrete\\Core\\Workflow\\Request\\ApprovePageRequest\":8:{s:14:\"\0*\0wrStatusNum\";i:30;s:12:\"\0*\0currentWP\";N;s:6:\"\0*\0uID\";s:1:\"1\";s:5:\"error\";s:0:\"\";s:4:\"pkID\";s:2:\"14\";s:3:\"cID\";s:1:\"1\";s:4:\"cvID\";s:2:\"13\";s:4:\"wrID\";s:1:\"1\";}');
/*!40000 ALTER TABLE `WorkflowProgressHistory` ENABLE KEYS */;
UNLOCK TABLES;

--
-- Table structure for table `WorkflowProgressNotifications`
--

DROP TABLE IF EXISTS `WorkflowProgressNotifications`;
/*!40101 SET @saved_cs_client     = @@character_set_client */;
/*!40101 SET character_set_client = utf8 */;
CREATE TABLE `WorkflowProgressNotifications` (
  `wpID` int(10) unsigned NOT NULL,
  `nID` int(10) unsigned NOT NULL,
  PRIMARY KEY (`nID`),
  CONSTRAINT `FK_EC39CA81ED024EFD` FOREIGN KEY (`nID`) REFERENCES `Notifications` (`nID`) ON DELETE CASCADE
) ENGINE=InnoDB DEFAULT CHARSET=utf8 COLLATE=utf8_unicode_ci;
/*!40101 SET character_set_client = @saved_cs_client */;

--
-- Dumping data for table `WorkflowProgressNotifications`
--

LOCK TABLES `WorkflowProgressNotifications` WRITE;
/*!40000 ALTER TABLE `WorkflowProgressNotifications` DISABLE KEYS */;
/*!40000 ALTER TABLE `WorkflowProgressNotifications` ENABLE KEYS */;
UNLOCK TABLES;

--
-- Table structure for table `WorkflowRequestObjects`
--

DROP TABLE IF EXISTS `WorkflowRequestObjects`;
/*!40101 SET @saved_cs_client     = @@character_set_client */;
/*!40101 SET character_set_client = utf8 */;
CREATE TABLE `WorkflowRequestObjects` (
  `wrID` int(10) unsigned NOT NULL AUTO_INCREMENT,
  `wrObject` text COLLATE utf8_unicode_ci,
  PRIMARY KEY (`wrID`)
) ENGINE=InnoDB DEFAULT CHARSET=utf8 COLLATE=utf8_unicode_ci;
/*!40101 SET character_set_client = @saved_cs_client */;

--
-- Dumping data for table `WorkflowRequestObjects`
--

LOCK TABLES `WorkflowRequestObjects` WRITE;
/*!40000 ALTER TABLE `WorkflowRequestObjects` DISABLE KEYS */;
/*!40000 ALTER TABLE `WorkflowRequestObjects` ENABLE KEYS */;
UNLOCK TABLES;

--
-- Table structure for table `WorkflowTypes`
--

DROP TABLE IF EXISTS `WorkflowTypes`;
/*!40101 SET @saved_cs_client     = @@character_set_client */;
/*!40101 SET character_set_client = utf8 */;
CREATE TABLE `WorkflowTypes` (
  `wftID` int(10) unsigned NOT NULL AUTO_INCREMENT,
  `wftHandle` varchar(64) COLLATE utf8_unicode_ci NOT NULL,
  `wftName` varchar(128) COLLATE utf8_unicode_ci NOT NULL,
  `pkgID` int(10) unsigned NOT NULL DEFAULT '0',
  PRIMARY KEY (`wftID`),
  UNIQUE KEY `wftHandle` (`wftHandle`),
  KEY `pkgID` (`pkgID`)
) ENGINE=InnoDB AUTO_INCREMENT=2 DEFAULT CHARSET=utf8 COLLATE=utf8_unicode_ci;
/*!40101 SET character_set_client = @saved_cs_client */;

--
-- Dumping data for table `WorkflowTypes`
--

LOCK TABLES `WorkflowTypes` WRITE;
/*!40000 ALTER TABLE `WorkflowTypes` DISABLE KEYS */;
INSERT INTO `WorkflowTypes` VALUES (1,'basic','Basic Workflow',0);
/*!40000 ALTER TABLE `WorkflowTypes` ENABLE KEYS */;
UNLOCK TABLES;

--
-- Table structure for table `Workflows`
--

DROP TABLE IF EXISTS `Workflows`;
/*!40101 SET @saved_cs_client     = @@character_set_client */;
/*!40101 SET character_set_client = utf8 */;
CREATE TABLE `Workflows` (
  `wfID` int(10) unsigned NOT NULL AUTO_INCREMENT,
  `wfName` varchar(255) COLLATE utf8_unicode_ci DEFAULT NULL,
  `wftID` int(10) unsigned NOT NULL DEFAULT '0',
  `pkgID` int(10) unsigned NOT NULL DEFAULT '0',
  PRIMARY KEY (`wfID`),
  UNIQUE KEY `wfName` (`wfName`),
  KEY `wftID` (`wftID`,`wfID`)
) ENGINE=InnoDB DEFAULT CHARSET=utf8 COLLATE=utf8_unicode_ci;
/*!40101 SET character_set_client = @saved_cs_client */;

--
-- Dumping data for table `Workflows`
--

LOCK TABLES `Workflows` WRITE;
/*!40000 ALTER TABLE `Workflows` DISABLE KEYS */;
/*!40000 ALTER TABLE `Workflows` ENABLE KEYS */;
UNLOCK TABLES;

--
-- Table structure for table `_AttributeKeys`
--

DROP TABLE IF EXISTS `_AttributeKeys`;
/*!40101 SET @saved_cs_client     = @@character_set_client */;
/*!40101 SET character_set_client = utf8 */;
CREATE TABLE `_AttributeKeys` (
  `akID` int(10) unsigned NOT NULL AUTO_INCREMENT,
  `akHandle` varchar(255) COLLATE utf8_unicode_ci NOT NULL,
  `akName` varchar(255) COLLATE utf8_unicode_ci NOT NULL,
  `akIsSearchable` tinyint(1) NOT NULL DEFAULT '0',
  `akIsSearchableIndexed` tinyint(1) NOT NULL DEFAULT '0',
  `akIsAutoCreated` tinyint(1) NOT NULL DEFAULT '0',
  `akIsInternal` tinyint(1) NOT NULL DEFAULT '0',
  `akIsColumnHeader` tinyint(1) NOT NULL DEFAULT '0',
  `akIsEditable` tinyint(1) NOT NULL DEFAULT '0',
  `atID` int(10) unsigned DEFAULT NULL,
  `akCategoryID` int(10) unsigned DEFAULT NULL,
  `pkgID` int(10) unsigned DEFAULT NULL,
  PRIMARY KEY (`akID`),
  UNIQUE KEY `akHandle` (`akHandle`,`akCategoryID`),
  KEY `akCategoryID` (`akCategoryID`),
  KEY `atID` (`atID`),
  KEY `pkgID` (`pkgID`)
) ENGINE=InnoDB AUTO_INCREMENT=36 DEFAULT CHARSET=utf8 COLLATE=utf8_unicode_ci;
/*!40101 SET character_set_client = @saved_cs_client */;

--
-- Dumping data for table `_AttributeKeys`
--

LOCK TABLES `_AttributeKeys` WRITE;
/*!40000 ALTER TABLE `_AttributeKeys` DISABLE KEYS */;
INSERT INTO `_AttributeKeys` VALUES (1,'meta_title','Meta Title',1,1,1,0,0,1,1,1,0),(2,'meta_description','Meta Description',1,1,1,0,0,1,2,1,0),(3,'meta_keywords','Meta Keywords',1,1,1,0,0,1,2,1,0),(4,'icon_dashboard','Dashboard Icon',0,0,1,1,0,1,2,1,0),(5,'exclude_nav','Exclude From Nav',1,1,1,0,0,1,3,1,0),(6,'exclude_page_list','Exclude From Page List',1,1,1,0,0,1,3,1,0),(7,'header_extra_content','Header Extra Content',1,1,1,0,0,1,2,1,0),(8,'tags','Tags',1,1,1,0,0,1,8,1,0),(9,'is_featured','Is Featured',1,0,1,0,0,1,3,1,0),(10,'exclude_search_index','Exclude From Search Index',1,1,1,0,0,1,3,1,0),(11,'exclude_sitemapxml','Exclude From sitemap.xml',1,1,1,0,0,1,3,1,0),(12,'profile_private_messages_enabled','I would like to receive private messages.',1,0,0,0,0,1,3,2,0),(13,'profile_private_messages_notification_enabled','Send me email notifications when I receive a private message.',1,0,0,0,0,1,3,2,0),(14,'width','Width',1,1,1,0,0,1,6,3,0),(15,'height','Height',1,1,1,0,0,1,6,3,0),(16,'account_profile_links','Personal Links',0,0,0,0,0,1,11,2,0),(17,'duration','Duration',1,1,1,0,0,1,6,3,0),(18,'page_backgrounds','Slide Background',0,0,1,0,0,1,12,1,1),(19,'page_background','Page Background',1,1,1,0,0,1,5,1,1),(20,'thumbnail','Thumbnail',1,1,1,0,0,1,5,1,1),(21,'main_page_color','Main page color',1,1,1,0,0,1,14,1,1),(22,'icon','Icon from fontAwesome',0,1,1,0,0,1,15,1,1),(23,'supermint_theme_preset_options','Theme preset Options',1,1,1,0,0,1,13,1,1),(24,'supermint_navigation_type','SLide Navigation Type',1,1,1,0,0,1,8,1,1),(25,'display_multi_columns_drop','Display multi-columns dropdown',0,0,1,0,0,1,3,1,0),(26,'number_of_main_areas','Number of main areas',0,1,1,0,0,1,8,1,1),(27,'number_of_wide_columns','Number of columns on Full Wide',0,1,1,0,0,1,8,1,1),(28,'layout_mode','Layout Mode',0,1,1,0,0,1,8,1,1),(29,'review_occupation','Occupation',1,1,1,0,0,1,1,1,1),(30,'review_website','Office Website',1,1,1,0,0,1,1,1,1),(31,'review_website_url','Office Website URL',1,1,1,0,0,1,1,1,1),(32,'review_name','Name',1,1,1,0,0,1,1,1,1),(33,'ribbon_text','Text for the ribbon',0,0,1,0,0,1,1,1,1),(34,'exclude_subpages_from_nav','Exlude Subpages from navigation',0,0,1,0,0,1,3,1,0),(35,'replace_link_with_first_in_nav','Replace Link with First in Nav',0,0,1,0,0,1,3,1,0);
/*!40000 ALTER TABLE `_AttributeKeys` ENABLE KEYS */;
UNLOCK TABLES;

--
-- Table structure for table `_AttributeValues`
--

DROP TABLE IF EXISTS `_AttributeValues`;
/*!40101 SET @saved_cs_client     = @@character_set_client */;
/*!40101 SET character_set_client = utf8 */;
CREATE TABLE `_AttributeValues` (
  `avID` int(10) unsigned NOT NULL AUTO_INCREMENT,
  `akID` int(10) unsigned DEFAULT NULL,
  `avDateAdded` datetime NOT NULL DEFAULT '0000-00-00 00:00:00',
  `uID` int(10) unsigned DEFAULT NULL,
  `atID` int(10) unsigned DEFAULT NULL,
  PRIMARY KEY (`avID`),
  KEY `akID` (`akID`),
  KEY `uID` (`uID`),
  KEY `atID` (`atID`)
) ENGINE=InnoDB AUTO_INCREMENT=207 DEFAULT CHARSET=utf8 COLLATE=utf8_unicode_ci;
/*!40101 SET character_set_client = @saved_cs_client */;

--
-- Dumping data for table `_AttributeValues`
--

LOCK TABLES `_AttributeValues` WRITE;
/*!40000 ALTER TABLE `_AttributeValues` DISABLE KEYS */;
INSERT INTO `_AttributeValues` VALUES (1,4,'2015-09-04 15:31:21',1,2),(2,3,'2015-09-04 15:31:21',1,2),(3,3,'2015-09-04 15:31:21',1,2),(4,3,'2015-09-04 15:31:21',1,2),(5,3,'2015-09-04 15:31:22',1,2),(6,3,'2015-09-04 15:31:22',1,2),(7,3,'2015-09-04 15:31:22',1,2),(8,3,'2015-09-04 15:31:22',1,2),(9,5,'2015-09-04 15:31:22',1,3),(10,3,'2015-09-04 15:31:22',1,2),(11,3,'2015-09-04 15:31:22',1,2),(12,3,'2015-09-04 15:31:22',1,2),(13,3,'2015-09-04 15:31:22',1,2),(14,3,'2015-09-04 15:31:22',1,2),(15,3,'2015-09-04 15:31:22',1,2),(16,5,'2015-09-04 15:31:22',1,3),(17,3,'2015-09-04 15:31:22',1,2),(18,5,'2015-09-04 15:31:22',1,3),(19,3,'2015-09-04 15:31:22',1,2),(20,3,'2015-09-04 15:31:22',1,2),(21,3,'2015-09-04 15:31:22',1,2),(22,3,'2015-09-04 15:31:22',1,2),(23,3,'2015-09-04 15:31:22',1,2),(24,3,'2015-09-04 15:31:22',1,2),(25,3,'2015-09-04 15:31:22',1,2),(26,3,'2015-09-04 15:31:22',1,2),(27,3,'2015-09-04 15:31:22',1,2),(28,5,'2015-09-04 15:31:22',1,3),(29,5,'2015-09-04 15:31:22',1,3),(30,5,'2015-09-04 15:31:22',1,3),(31,5,'2015-09-04 15:31:22',1,3),(32,5,'2015-09-04 15:31:22',1,3),(33,5,'2015-09-04 15:31:22',1,3),(34,5,'2015-09-04 15:31:22',1,3),(35,5,'2015-09-04 15:31:22',1,3),(36,3,'2015-09-04 15:31:22',1,2),(37,3,'2015-09-04 15:31:22',1,2),(38,3,'2015-09-04 15:31:22',1,2),(39,4,'2015-09-04 15:31:22',1,2),(40,3,'2015-09-04 15:31:22',1,2),(41,3,'2015-09-04 15:31:22',1,2),(42,5,'2015-09-04 15:31:22',1,3),(43,10,'2015-09-04 15:31:22',1,3),(44,3,'2015-09-04 15:31:22',1,2),(45,3,'2015-09-04 15:31:22',1,2),(46,3,'2015-09-04 15:31:22',1,2),(47,5,'2015-09-04 15:31:22',1,3),(48,3,'2015-09-04 15:31:22',1,2),(49,3,'2015-09-04 15:31:22',1,2),(50,3,'2015-09-04 15:31:22',1,2),(51,5,'2015-09-04 15:31:22',1,3),(52,3,'2015-09-04 15:31:22',1,2),(53,3,'2015-09-04 15:31:22',1,2),(54,3,'2015-09-04 15:31:22',1,2),(55,3,'2015-09-04 15:31:22',1,2),(56,3,'2015-09-04 15:31:22',1,2),(57,3,'2015-09-04 15:31:22',1,2),(58,3,'2015-09-04 15:31:22',1,2),(59,3,'2015-09-04 15:31:22',1,2),(60,3,'2015-09-04 15:31:22',1,2),(61,3,'2015-09-04 15:31:22',1,2),(62,3,'2015-09-04 15:31:22',1,2),(63,3,'2015-09-04 15:31:22',1,2),(64,3,'2015-09-04 15:31:22',1,2),(65,3,'2015-09-04 15:31:22',1,2),(66,3,'2015-09-04 15:31:22',1,2),(67,3,'2015-09-04 15:31:23',1,2),(68,3,'2015-09-04 15:31:23',1,2),(69,3,'2015-09-04 15:31:23',1,2),(70,3,'2015-09-04 15:31:23',1,2),(71,3,'2015-09-04 15:31:23',1,2),(72,3,'2015-09-04 15:31:23',1,2),(73,3,'2015-09-04 15:31:23',1,2),(74,3,'2015-09-04 15:31:23',1,2),(75,3,'2015-09-04 15:31:23',1,2),(76,3,'2015-09-04 15:31:23',1,2),(77,3,'2015-09-04 15:31:23',1,2),(78,3,'2015-09-04 15:31:23',1,2),(79,3,'2015-09-04 15:31:23',1,2),(80,3,'2015-09-04 15:31:23',1,2),(81,3,'2015-09-04 15:31:23',1,2),(82,3,'2015-09-04 15:31:23',1,2),(83,3,'2015-09-04 15:31:23',1,2),(84,3,'2015-09-04 15:31:23',1,2),(85,3,'2015-09-04 15:31:23',1,2),(86,3,'2015-09-04 15:31:23',1,2),(87,3,'2015-09-04 15:31:23',1,2),(88,3,'2015-09-04 15:31:23',1,2),(89,3,'2015-09-04 15:31:23',1,2),(90,3,'2015-09-04 15:31:23',1,2),(91,3,'2015-09-04 15:31:23',1,2),(92,3,'2015-09-04 15:31:23',1,2),(93,3,'2015-09-04 15:31:23',1,2),(94,3,'2015-09-04 15:31:23',1,2),(95,3,'2015-09-04 15:31:23',1,2),(96,3,'2015-09-04 15:31:23',1,2),(97,3,'2015-09-04 15:31:23',1,2),(98,10,'2015-09-04 15:31:23',1,3),(99,3,'2015-09-04 15:31:23',1,2),(100,3,'2015-09-04 15:31:23',1,2),(101,3,'2015-09-04 15:31:23',1,2),(102,3,'2015-09-04 15:31:23',1,2),(103,3,'2015-09-04 15:31:23',1,2),(104,3,'2015-09-04 15:31:23',1,2),(105,3,'2015-09-04 15:31:23',1,2),(106,5,'2015-09-04 15:31:23',1,3),(107,5,'2015-09-04 15:31:23',1,3),(108,10,'2015-09-04 15:31:23',1,3),(109,4,'2015-09-04 15:31:24',1,2),(110,4,'2015-09-04 15:31:24',1,2),(111,4,'2015-09-04 15:31:24',1,2),(112,4,'2015-09-04 15:31:24',1,2),(113,14,'2015-09-04 15:36:21',1,6),(114,15,'2015-09-04 15:36:21',1,6),(115,14,'2015-09-04 15:36:22',1,6),(116,15,'2015-09-04 15:36:22',1,6),(117,14,'2015-09-04 15:36:25',1,6),(118,15,'2015-09-04 15:36:25',1,6),(119,14,'2015-09-04 15:36:25',1,6),(120,15,'2015-09-04 15:36:25',1,6),(121,8,'2015-09-04 15:36:26',1,8),(122,8,'2015-09-04 15:36:27',1,8),(123,26,'2015-09-04 15:36:29',1,8),(124,8,'2015-09-04 15:36:29',1,8),(125,19,'2015-09-04 15:36:29',1,5),(126,20,'2015-09-04 15:36:29',1,5),(127,8,'2015-09-04 15:36:30',1,8),(128,19,'2015-09-04 15:36:30',1,5),(129,20,'2015-09-04 15:36:30',1,5),(130,8,'2015-09-04 15:36:30',1,8),(131,19,'2015-09-04 15:36:30',1,5),(132,20,'2015-09-04 15:36:31',1,5),(133,26,'2015-09-04 15:36:31',1,8),(134,8,'2015-09-04 15:36:34',1,8),(135,22,'2015-09-04 15:36:34',1,15),(136,34,'2015-09-04 15:36:34',1,3),(137,8,'2015-09-04 15:36:35',1,8),(138,20,'2015-09-04 15:36:35',1,5),(139,8,'2015-09-04 15:36:36',1,8),(140,20,'2015-09-04 15:36:36',1,5),(141,8,'2015-09-04 15:36:37',1,8),(142,20,'2015-09-04 15:36:37',1,5),(143,34,'2015-09-04 15:36:39',1,3),(144,8,'2015-09-04 15:36:39',1,8),(145,20,'2015-09-04 15:36:39',1,5),(146,26,'2015-09-04 15:43:50',1,8),(147,23,'2015-09-04 15:43:50',1,13),(148,14,'2015-09-04 16:49:10',1,6),(149,15,'2015-09-04 16:49:10',1,6),(150,1,'2015-09-04 16:50:48',1,1),(151,2,'2015-09-04 16:50:48',1,2),(152,3,'2015-09-04 16:50:48',1,2),(153,7,'2015-09-04 16:50:48',1,2),(154,11,'2015-09-04 16:50:48',1,3),(155,14,'2015-09-04 17:06:45',1,6),(156,15,'2015-09-04 17:06:45',1,6),(157,23,'2015-09-04 17:06:54',1,13),(158,26,'2015-09-04 17:06:54',1,8),(159,19,'2015-09-04 17:06:54',1,5),(160,14,'2015-09-04 22:20:02',1,6),(161,15,'2015-09-04 22:20:02',1,6),(162,19,'2015-09-04 22:20:12',1,5),(163,23,'2015-09-04 22:20:12',1,13),(164,26,'2015-09-04 22:20:12',1,8),(165,14,'2015-09-04 22:23:01',1,6),(166,15,'2015-09-04 22:23:02',1,6),(167,14,'2015-09-07 10:04:31',1,6),(168,15,'2015-09-07 10:04:31',1,6),(169,14,'2015-09-07 10:04:32',1,6),(170,15,'2015-09-07 10:04:32',1,6),(171,14,'2015-09-07 10:04:32',1,6),(172,15,'2015-09-07 10:04:32',1,6),(173,14,'2015-09-07 10:12:26',1,6),(174,15,'2015-09-07 10:12:26',1,6),(175,14,'2015-09-07 10:12:30',1,6),(176,15,'2015-09-07 10:12:30',1,6),(177,14,'2015-09-07 10:12:33',1,6),(178,15,'2015-09-07 10:12:33',1,6),(179,14,'2015-09-07 10:12:37',1,6),(180,15,'2015-09-07 10:12:37',1,6),(181,8,'2015-09-07 10:13:27',1,8),(182,20,'2015-09-07 10:13:27',1,5),(183,19,'2015-09-07 10:13:27',1,5),(184,8,'2015-09-07 10:13:47',1,8),(185,20,'2015-09-07 10:13:47',1,5),(186,8,'2015-09-07 10:14:03',1,8),(187,20,'2015-09-07 10:14:03',1,5),(188,8,'2015-09-07 10:14:24',1,8),(189,20,'2015-09-07 10:14:24',1,5),(190,8,'2015-09-07 10:14:37',1,8),(191,20,'2015-09-07 10:14:37',1,5),(192,8,'2015-09-07 10:24:07',1,8),(193,20,'2015-09-07 10:24:07',1,5),(194,19,'2015-09-07 10:24:07',1,5),(195,14,'2015-09-07 10:30:28',1,6),(196,15,'2015-09-07 10:30:28',1,6),(197,14,'2015-09-07 10:30:32',1,6),(198,15,'2015-09-07 10:30:32',1,6),(199,14,'2015-09-07 10:30:35',1,6),(200,15,'2015-09-07 10:30:35',1,6),(201,8,'2015-09-07 10:31:30',1,8),(202,20,'2015-09-07 10:31:30',1,5),(203,19,'2015-09-07 10:31:30',1,5),(204,8,'2015-09-07 10:31:58',1,8),(205,20,'2015-09-07 10:31:58',1,5),(206,19,'2015-09-07 10:31:58',1,5);
/*!40000 ALTER TABLE `_AttributeValues` ENABLE KEYS */;
UNLOCK TABLES;

--
-- Table structure for table `_TreeTopicNodes`
--

DROP TABLE IF EXISTS `_TreeTopicNodes`;
/*!40101 SET @saved_cs_client     = @@character_set_client */;
/*!40101 SET character_set_client = utf8 */;
CREATE TABLE `_TreeTopicNodes` (
  `treeNodeID` int(10) unsigned NOT NULL AUTO_INCREMENT,
  `treeNodeTopicName` varchar(255) COLLATE utf8_unicode_ci DEFAULT '',
  PRIMARY KEY (`treeNodeID`)
) ENGINE=InnoDB DEFAULT CHARSET=utf8 COLLATE=utf8_unicode_ci;
/*!40101 SET character_set_client = @saved_cs_client */;

--
-- Dumping data for table `_TreeTopicNodes`
--

LOCK TABLES `_TreeTopicNodes` WRITE;
/*!40000 ALTER TABLE `_TreeTopicNodes` DISABLE KEYS */;
/*!40000 ALTER TABLE `_TreeTopicNodes` ENABLE KEYS */;
UNLOCK TABLES;

--
-- Table structure for table `_atAddressCustomCountries`
--

DROP TABLE IF EXISTS `_atAddressCustomCountries`;
/*!40101 SET @saved_cs_client     = @@character_set_client */;
/*!40101 SET character_set_client = utf8 */;
CREATE TABLE `_atAddressCustomCountries` (
  `atAddressCustomCountryID` int(10) unsigned NOT NULL AUTO_INCREMENT,
  `akID` int(10) unsigned NOT NULL DEFAULT '0',
  `country` varchar(5) COLLATE utf8_unicode_ci NOT NULL,
  PRIMARY KEY (`atAddressCustomCountryID`),
  KEY `akID` (`akID`)
) ENGINE=InnoDB DEFAULT CHARSET=utf8 COLLATE=utf8_unicode_ci;
/*!40101 SET character_set_client = @saved_cs_client */;

--
-- Dumping data for table `_atAddressCustomCountries`
--

LOCK TABLES `_atAddressCustomCountries` WRITE;
/*!40000 ALTER TABLE `_atAddressCustomCountries` DISABLE KEYS */;
/*!40000 ALTER TABLE `_atAddressCustomCountries` ENABLE KEYS */;
UNLOCK TABLES;

--
-- Table structure for table `_atAddressSettings`
--

DROP TABLE IF EXISTS `_atAddressSettings`;
/*!40101 SET @saved_cs_client     = @@character_set_client */;
/*!40101 SET character_set_client = utf8 */;
CREATE TABLE `_atAddressSettings` (
  `akID` int(10) unsigned NOT NULL DEFAULT '0',
  `akHasCustomCountries` tinyint(1) NOT NULL DEFAULT '0',
  `akDefaultCountry` varchar(12) COLLATE utf8_unicode_ci DEFAULT NULL,
  PRIMARY KEY (`akID`)
) ENGINE=InnoDB DEFAULT CHARSET=utf8 COLLATE=utf8_unicode_ci;
/*!40101 SET character_set_client = @saved_cs_client */;

--
-- Dumping data for table `_atAddressSettings`
--

LOCK TABLES `_atAddressSettings` WRITE;
/*!40000 ALTER TABLE `_atAddressSettings` DISABLE KEYS */;
/*!40000 ALTER TABLE `_atAddressSettings` ENABLE KEYS */;
UNLOCK TABLES;

--
-- Table structure for table `_atSelectOptions`
--

DROP TABLE IF EXISTS `_atSelectOptions`;
/*!40101 SET @saved_cs_client     = @@character_set_client */;
/*!40101 SET character_set_client = utf8 */;
CREATE TABLE `_atSelectOptions` (
  `ID` int(10) unsigned NOT NULL AUTO_INCREMENT,
  `akID` int(10) unsigned DEFAULT NULL,
  `value` varchar(255) COLLATE utf8_unicode_ci DEFAULT NULL,
  `displayOrder` int(10) unsigned DEFAULT NULL,
  `isEndUserAdded` tinyint(1) NOT NULL DEFAULT '0',
  PRIMARY KEY (`ID`),
  KEY `akID` (`akID`,`displayOrder`),
  KEY `value` (`value`)
) ENGINE=InnoDB AUTO_INCREMENT=27 DEFAULT CHARSET=utf8 COLLATE=utf8_unicode_ci;
/*!40101 SET character_set_client = @saved_cs_client */;

--
-- Dumping data for table `_atSelectOptions`
--

LOCK TABLES `_atSelectOptions` WRITE;
/*!40000 ALTER TABLE `_atSelectOptions` DISABLE KEYS */;
INSERT INTO `_atSelectOptions` VALUES (1,24,'Type 1 (L1-2 w desc)',0,0),(2,24,'Type 2 (L1-2-3)',1,0),(3,24,'Type 3 (L1-2)',2,0),(4,24,'Hidden',3,0),(5,26,'2',0,0),(6,26,'3',1,0),(7,26,'4',2,0),(8,26,'5',3,0),(9,26,'6',4,0),(10,26,'7',5,0),(11,27,'1',0,0),(12,27,'2',1,0),(13,27,'3',2,0),(14,27,'4',3,0),(15,27,'6',4,0),(16,28,'default',0,0),(17,28,'boxed-wrapper',1,0),(18,28,'wide',2,0),(19,8,'Lorem',0,1),(20,8,'Landscape',1,1),(21,8,'Love',2,1),(22,8,'Theme',3,1),(23,8,'Graphics',4,1),(24,8,'Design',5,1),(25,8,'Typography',6,1),(26,8,'Folder',7,1);
/*!40000 ALTER TABLE `_atSelectOptions` ENABLE KEYS */;
UNLOCK TABLES;

--
-- Table structure for table `_atSelectOptionsSelected`
--

DROP TABLE IF EXISTS `_atSelectOptionsSelected`;
/*!40101 SET @saved_cs_client     = @@character_set_client */;
/*!40101 SET character_set_client = utf8 */;
CREATE TABLE `_atSelectOptionsSelected` (
  `avID` int(10) unsigned NOT NULL,
  `atSelectOptionID` int(10) unsigned NOT NULL,
  PRIMARY KEY (`avID`,`atSelectOptionID`),
  KEY `atSelectOptionID` (`atSelectOptionID`)
) ENGINE=InnoDB DEFAULT CHARSET=utf8 COLLATE=utf8_unicode_ci;
/*!40101 SET character_set_client = @saved_cs_client */;

--
-- Dumping data for table `_atSelectOptionsSelected`
--

LOCK TABLES `_atSelectOptionsSelected` WRITE;
/*!40000 ALTER TABLE `_atSelectOptionsSelected` DISABLE KEYS */;
INSERT INTO `_atSelectOptionsSelected` VALUES (123,6),(133,6),(146,6),(158,6),(164,6),(124,19),(192,19),(124,20),(127,20),(192,20),(201,20),(127,21),(130,21),(201,21),(204,21),(130,22),(144,22),(190,22),(204,22),(137,23),(139,23),(141,23),(181,23),(184,23),(186,23),(188,23),(137,24),(141,24),(181,24),(186,24),(188,24),(139,25),(144,25),(184,25),(190,25),(141,26),(186,26),(188,26);
/*!40000 ALTER TABLE `_atSelectOptionsSelected` ENABLE KEYS */;
UNLOCK TABLES;

--
-- Table structure for table `_atSelectSettings`
--

DROP TABLE IF EXISTS `_atSelectSettings`;
/*!40101 SET @saved_cs_client     = @@character_set_client */;
/*!40101 SET character_set_client = utf8 */;
CREATE TABLE `_atSelectSettings` (
  `akID` int(10) unsigned NOT NULL,
  `akSelectAllowMultipleValues` tinyint(1) NOT NULL DEFAULT '0',
  `akSelectOptionDisplayOrder` varchar(255) COLLATE utf8_unicode_ci NOT NULL DEFAULT 'display_asc',
  `akSelectAllowOtherValues` tinyint(1) NOT NULL DEFAULT '0',
  PRIMARY KEY (`akID`)
) ENGINE=InnoDB DEFAULT CHARSET=utf8 COLLATE=utf8_unicode_ci;
/*!40101 SET character_set_client = @saved_cs_client */;

--
-- Dumping data for table `_atSelectSettings`
--

LOCK TABLES `_atSelectSettings` WRITE;
/*!40000 ALTER TABLE `_atSelectSettings` DISABLE KEYS */;
INSERT INTO `_atSelectSettings` VALUES (8,1,'display_asc',1),(24,0,'display_asc',0),(26,0,'display_asc',0),(27,0,'display_asc',0),(28,0,'display_asc',0);
/*!40000 ALTER TABLE `_atSelectSettings` ENABLE KEYS */;
UNLOCK TABLES;

--
-- Table structure for table `_atSelectedTopics`
--

DROP TABLE IF EXISTS `_atSelectedTopics`;
/*!40101 SET @saved_cs_client     = @@character_set_client */;
/*!40101 SET character_set_client = utf8 */;
CREATE TABLE `_atSelectedTopics` (
  `avID` int(10) unsigned NOT NULL,
  `TopicNodeID` int(11) NOT NULL,
  PRIMARY KEY (`avID`,`TopicNodeID`),
  KEY `TopicNodeID` (`TopicNodeID`)
) ENGINE=InnoDB DEFAULT CHARSET=utf8 COLLATE=utf8_unicode_ci;
/*!40101 SET character_set_client = @saved_cs_client */;

--
-- Dumping data for table `_atSelectedTopics`
--

LOCK TABLES `_atSelectedTopics` WRITE;
/*!40000 ALTER TABLE `_atSelectedTopics` DISABLE KEYS */;
/*!40000 ALTER TABLE `_atSelectedTopics` ENABLE KEYS */;
UNLOCK TABLES;

--
-- Table structure for table `_atSocialLinks`
--

DROP TABLE IF EXISTS `_atSocialLinks`;
/*!40101 SET @saved_cs_client     = @@character_set_client */;
/*!40101 SET character_set_client = utf8 */;
CREATE TABLE `_atSocialLinks` (
  `avsID` int(10) unsigned NOT NULL AUTO_INCREMENT,
  `avID` int(10) unsigned NOT NULL DEFAULT '0',
  `service` varchar(255) COLLATE utf8_unicode_ci DEFAULT NULL,
  `serviceInfo` varchar(255) COLLATE utf8_unicode_ci DEFAULT NULL,
  PRIMARY KEY (`avsID`),
  KEY `avID` (`avID`,`avsID`)
) ENGINE=InnoDB DEFAULT CHARSET=utf8 COLLATE=utf8_unicode_ci;
/*!40101 SET character_set_client = @saved_cs_client */;

--
-- Dumping data for table `_atSocialLinks`
--

LOCK TABLES `_atSocialLinks` WRITE;
/*!40000 ALTER TABLE `_atSocialLinks` DISABLE KEYS */;
/*!40000 ALTER TABLE `_atSocialLinks` ENABLE KEYS */;
UNLOCK TABLES;

--
-- Table structure for table `atAddress`
--

DROP TABLE IF EXISTS `atAddress`;
/*!40101 SET @saved_cs_client     = @@character_set_client */;
/*!40101 SET character_set_client = utf8 */;
CREATE TABLE `atAddress` (
  `avID` int(10) unsigned NOT NULL,
  `address1` varchar(255) COLLATE utf8_unicode_ci DEFAULT NULL,
  `address2` varchar(255) COLLATE utf8_unicode_ci DEFAULT NULL,
  `city` varchar(255) COLLATE utf8_unicode_ci DEFAULT NULL,
  `state_province` varchar(255) COLLATE utf8_unicode_ci DEFAULT NULL,
  `country` varchar(255) COLLATE utf8_unicode_ci DEFAULT NULL,
  `postal_code` varchar(255) COLLATE utf8_unicode_ci DEFAULT NULL,
  `address3` varchar(255) COLLATE utf8_unicode_ci DEFAULT NULL,
  PRIMARY KEY (`avID`),
  CONSTRAINT `FK_DA949740A2A82A5D` FOREIGN KEY (`avID`) REFERENCES `AttributeValues` (`avID`)
) ENGINE=InnoDB DEFAULT CHARSET=utf8 COLLATE=utf8_unicode_ci;
/*!40101 SET character_set_client = @saved_cs_client */;

--
-- Dumping data for table `atAddress`
--

LOCK TABLES `atAddress` WRITE;
/*!40000 ALTER TABLE `atAddress` DISABLE KEYS */;
/*!40000 ALTER TABLE `atAddress` ENABLE KEYS */;
UNLOCK TABLES;

--
-- Table structure for table `atAddressSettings`
--

DROP TABLE IF EXISTS `atAddressSettings`;
/*!40101 SET @saved_cs_client     = @@character_set_client */;
/*!40101 SET character_set_client = utf8 */;
CREATE TABLE `atAddressSettings` (
  `akDefaultCountry` varchar(255) COLLATE utf8_unicode_ci DEFAULT NULL,
  `akHasCustomCountries` tinyint(1) NOT NULL,
  `customCountries` longtext COLLATE utf8_unicode_ci NOT NULL COMMENT '(DC2Type:json_array)',
  `akID` int(10) unsigned NOT NULL,
  PRIMARY KEY (`akID`),
  CONSTRAINT `FK_5A737B61B6561A7E` FOREIGN KEY (`akID`) REFERENCES `AttributeKeys` (`akID`)
) ENGINE=InnoDB DEFAULT CHARSET=utf8 COLLATE=utf8_unicode_ci;
/*!40101 SET character_set_client = @saved_cs_client */;

--
-- Dumping data for table `atAddressSettings`
--

LOCK TABLES `atAddressSettings` WRITE;
/*!40000 ALTER TABLE `atAddressSettings` DISABLE KEYS */;
/*!40000 ALTER TABLE `atAddressSettings` ENABLE KEYS */;
UNLOCK TABLES;

--
-- Table structure for table `atBoolean`
--

DROP TABLE IF EXISTS `atBoolean`;
/*!40101 SET @saved_cs_client     = @@character_set_client */;
/*!40101 SET character_set_client = utf8 */;
CREATE TABLE `atBoolean` (
  `avID` int(10) unsigned NOT NULL,
  `value` tinyint(1) NOT NULL,
  PRIMARY KEY (`avID`),
  CONSTRAINT `FK_5D5F70A9A2A82A5D` FOREIGN KEY (`avID`) REFERENCES `AttributeValues` (`avID`)
) ENGINE=InnoDB DEFAULT CHARSET=utf8 COLLATE=utf8_unicode_ci;
/*!40101 SET character_set_client = @saved_cs_client */;

--
-- Dumping data for table `atBoolean`
--

LOCK TABLES `atBoolean` WRITE;
/*!40000 ALTER TABLE `atBoolean` DISABLE KEYS */;
INSERT INTO `atBoolean` VALUES (9,1),(16,1),(18,1),(28,1),(29,1),(30,1),(31,1),(32,1),(33,1),(34,1),(35,1),(42,1),(43,1),(47,1),(51,1),(98,1),(106,1),(107,1),(108,1),(136,1),(143,1),(154,0),(207,1),(208,1),(209,1),(210,1),(211,1),(212,1),(213,1),(214,1),(215,1),(218,1),(219,0),(221,1),(222,1);
/*!40000 ALTER TABLE `atBoolean` ENABLE KEYS */;
UNLOCK TABLES;

--
-- Table structure for table `atBooleanSettings`
--

DROP TABLE IF EXISTS `atBooleanSettings`;
/*!40101 SET @saved_cs_client     = @@character_set_client */;
/*!40101 SET character_set_client = utf8 */;
CREATE TABLE `atBooleanSettings` (
  `akID` int(10) unsigned NOT NULL,
  `akCheckedByDefault` tinyint(1) NOT NULL,
  PRIMARY KEY (`akID`),
  CONSTRAINT `FK_78025F47B6561A7E` FOREIGN KEY (`akID`) REFERENCES `AttributeKeys` (`akID`)
) ENGINE=InnoDB DEFAULT CHARSET=utf8 COLLATE=utf8_unicode_ci;
/*!40101 SET character_set_client = @saved_cs_client */;

--
-- Dumping data for table `atBooleanSettings`
--

LOCK TABLES `atBooleanSettings` WRITE;
/*!40000 ALTER TABLE `atBooleanSettings` DISABLE KEYS */;
INSERT INTO `atBooleanSettings` VALUES (5,0),(6,0),(9,0),(10,0),(11,0),(12,1),(13,1),(25,0),(34,0),(35,0),(36,0);
/*!40000 ALTER TABLE `atBooleanSettings` ENABLE KEYS */;
UNLOCK TABLES;

--
-- Table structure for table `atDateTime`
--

DROP TABLE IF EXISTS `atDateTime`;
/*!40101 SET @saved_cs_client     = @@character_set_client */;
/*!40101 SET character_set_client = utf8 */;
CREATE TABLE `atDateTime` (
  `avID` int(10) unsigned NOT NULL,
  `value` datetime DEFAULT NULL,
  PRIMARY KEY (`avID`),
  CONSTRAINT `FK_DF75412AA2A82A5D` FOREIGN KEY (`avID`) REFERENCES `AttributeValues` (`avID`)
) ENGINE=InnoDB DEFAULT CHARSET=utf8 COLLATE=utf8_unicode_ci;
/*!40101 SET character_set_client = @saved_cs_client */;

--
-- Dumping data for table `atDateTime`
--

LOCK TABLES `atDateTime` WRITE;
/*!40000 ALTER TABLE `atDateTime` DISABLE KEYS */;
/*!40000 ALTER TABLE `atDateTime` ENABLE KEYS */;
UNLOCK TABLES;

--
-- Table structure for table `atDateTimeSettings`
--

DROP TABLE IF EXISTS `atDateTimeSettings`;
/*!40101 SET @saved_cs_client     = @@character_set_client */;
/*!40101 SET character_set_client = utf8 */;
CREATE TABLE `atDateTimeSettings` (
  `akID` int(10) unsigned NOT NULL,
  `akDateDisplayMode` varchar(255) COLLATE utf8_unicode_ci NOT NULL,
  PRIMARY KEY (`akID`),
  CONSTRAINT `FK_C6B3B63AB6561A7E` FOREIGN KEY (`akID`) REFERENCES `AttributeKeys` (`akID`)
) ENGINE=InnoDB DEFAULT CHARSET=utf8 COLLATE=utf8_unicode_ci;
/*!40101 SET character_set_client = @saved_cs_client */;

--
-- Dumping data for table `atDateTimeSettings`
--

LOCK TABLES `atDateTimeSettings` WRITE;
/*!40000 ALTER TABLE `atDateTimeSettings` DISABLE KEYS */;
/*!40000 ALTER TABLE `atDateTimeSettings` ENABLE KEYS */;
UNLOCK TABLES;

--
-- Table structure for table `atDefault`
--

DROP TABLE IF EXISTS `atDefault`;
/*!40101 SET @saved_cs_client     = @@character_set_client */;
/*!40101 SET character_set_client = utf8 */;
CREATE TABLE `atDefault` (
  `avID` int(10) unsigned NOT NULL,
  `value` longtext COLLATE utf8_unicode_ci,
  PRIMARY KEY (`avID`),
  CONSTRAINT `FK_3484F81EA2A82A5D` FOREIGN KEY (`avID`) REFERENCES `AttributeValues` (`avID`)
) ENGINE=InnoDB DEFAULT CHARSET=utf8 COLLATE=utf8_unicode_ci;
/*!40101 SET character_set_client = @saved_cs_client */;

--
-- Dumping data for table `atDefault`
--

LOCK TABLES `atDefault` WRITE;
/*!40000 ALTER TABLE `atDefault` DISABLE KEYS */;
INSERT INTO `atDefault` VALUES (1,'fa fa-th-large'),(2,'pages, add page, delete page, copy, move, alias'),(3,'pages, add page, delete page, copy, move, alias'),(4,'pages, add page, delete page, copy, move, alias, bulk'),(5,'find page, search page, search, find, pages, sitemap'),(6,'add file, delete file, copy, move, alias, resize, crop, rename, images, title, attribute'),(7,'file, file attributes, title, attribute, description, rename'),(8,'files, category, categories'),(10,'new file set'),(11,'users, groups, people, find, delete user, remove user, change password, password'),(12,'find, search, people, delete user, remove user, change password, password'),(13,'user, group, people, permissions, expire, badges'),(14,'user attributes, user data, gather data, registration data'),(15,'new user, create'),(17,'new user group, new group, group, create'),(19,'group set'),(20,'community, points, karma'),(21,'action, community actions'),(22,'forms, log, error, email, mysql, exception, survey'),(23,'forms, questions, response, data'),(24,'questions, quiz, response'),(25,'forms, log, error, email, mysql, exception, survey, history'),(26,'new theme, theme, active theme, change theme, template, css'),(27,'page types'),(36,'page attributes, custom'),(37,'single, page, custom, application'),(38,'atom, rss, feed, syndication'),(39,'icon-bullhorn'),(40,'add workflow, remove workflow'),(41,'stacks, reusable content, scrapbook, copy, paste, paste block, copy block, site name, logo'),(44,'edit stacks, view stacks, all stacks'),(45,'block, refresh, custom'),(46,'add-on, addon, add on, package, app, ecommerce, discussions, forums, themes, templates, blocks'),(48,'add-on, addon, ecommerce, install, discussions, forums, themes, templates, blocks'),(49,'update, upgrade'),(50,'concrete5.org, my account, marketplace'),(52,'buy theme, new theme, marketplace, template'),(53,'buy addon, buy add on, buy add-on, purchase addon, purchase add on, purchase add-on, find addon, new addon, marketplace'),(54,'dashboard, configuration'),(55,'website name, title'),(56,'accessibility, easy mode'),(57,'sharing, facebook, twitter'),(58,'logo, favicon, iphone, icon, bookmark'),(59,'tinymce, content block, fonts, editor, content, overlay'),(60,'translate, translation, internationalization, multilingual'),(61,'timezone, profile, locale'),(62,'multilingual, localization, internationalization, i18n'),(63,'vanity, pretty url, redirection, hostname, canonical, seo, pageview, view'),(64,'bulk, seo, change keywords, engine, optimization, search'),(65,'traffic, statistics, google analytics, quant, pageviews, hits'),(66,'pretty, slug'),(67,'configure search, site search, search option'),(68,'file options, file manager, upload, modify'),(69,'security, files, media, extension, manager, upload'),(70,'images, picture, responsive, retina'),(71,'security, alternate storage, hide files'),(72,'cache option, change cache, override, turn on cache, turn off cache, no cache, page cache, caching'),(73,'cache option, turn off cache, no cache, page cache, caching'),(74,'index search, reindex search, build sitemap, sitemap.xml, clear old versions, page versions, remove old'),(75,'queries, database, mysql'),(76,'editors, hide site, offline, private, public, access'),(77,'security, actions, administrator, admin, package, marketplace, search'),(78,'security, lock ip, lock out, block ip, address, restrict, access'),(79,'security, registration'),(80,'antispam, block spam, security'),(81,'lock site, under construction, hide, hidden'),(82,'profile, login, redirect, specific, dashboard, administrators'),(83,'member profile, member page, community, forums, social, avatar'),(84,'signup, new user, community, public registration, public, registration'),(85,'auth, authentication, types, oauth, facebook, login, registration'),(86,'smtp, mail settings'),(87,'email server, mail settings, mail configuration, external, internal'),(88,'test smtp, test mail'),(89,'email server, mail settings, mail configuration, private message, message system, import, email, message'),(90,'conversations'),(91,'conversations'),(92,'conversations ratings, ratings, community, community points'),(93,'conversations bad words, banned words, banned, bad words, bad, words, list'),(94,'attribute configuration'),(95,'attributes, sets'),(96,'attributes, types'),(97,'topics, tags, taxonomy'),(99,'overrides, system info, debug, support, help'),(100,'errors, exceptions, develop, support, help'),(101,'email, logging, logs, smtp, pop, errors, mysql, log'),(102,'network, proxy server'),(103,'database, entities, doctrine, orm'),(104,'export, backup, database, sql, mysql, encryption, restore'),(105,'upgrade, new version, update'),(109,'fa fa-edit'),(110,'fa fa-trash-o'),(111,'fa fa-th'),(112,'fa fa-briefcase'),(135,'fa-newspaper-o'),(147,'4'),(150,''),(151,''),(152,''),(153,''),(157,'4'),(163,'4'),(216,'global, password, reset, change password, force, sign out');
/*!40000 ALTER TABLE `atDefault` ENABLE KEYS */;
UNLOCK TABLES;

--
-- Table structure for table `atEmptySettings`
--

DROP TABLE IF EXISTS `atEmptySettings`;
/*!40101 SET @saved_cs_client     = @@character_set_client */;
/*!40101 SET character_set_client = utf8 */;
CREATE TABLE `atEmptySettings` (
  `akID` int(10) unsigned NOT NULL,
  PRIMARY KEY (`akID`),
  CONSTRAINT `FK_ED1BF189B6561A7E` FOREIGN KEY (`akID`) REFERENCES `AttributeKeys` (`akID`)
) ENGINE=InnoDB DEFAULT CHARSET=utf8 COLLATE=utf8_unicode_ci;
/*!40101 SET character_set_client = @saved_cs_client */;

--
-- Dumping data for table `atEmptySettings`
--

LOCK TABLES `atEmptySettings` WRITE;
/*!40000 ALTER TABLE `atEmptySettings` DISABLE KEYS */;
INSERT INTO `atEmptySettings` VALUES (37);
/*!40000 ALTER TABLE `atEmptySettings` ENABLE KEYS */;
UNLOCK TABLES;

--
-- Table structure for table `atExpress`
--

DROP TABLE IF EXISTS `atExpress`;
/*!40101 SET @saved_cs_client     = @@character_set_client */;
/*!40101 SET character_set_client = utf8 */;
CREATE TABLE `atExpress` (
  `avID` int(10) unsigned NOT NULL,
  PRIMARY KEY (`avID`),
  CONSTRAINT `FK_CFAF40F1A2A82A5D` FOREIGN KEY (`avID`) REFERENCES `AttributeValues` (`avID`)
) ENGINE=InnoDB DEFAULT CHARSET=utf8 COLLATE=utf8_unicode_ci;
/*!40101 SET character_set_client = @saved_cs_client */;

--
-- Dumping data for table `atExpress`
--

LOCK TABLES `atExpress` WRITE;
/*!40000 ALTER TABLE `atExpress` DISABLE KEYS */;
/*!40000 ALTER TABLE `atExpress` ENABLE KEYS */;
UNLOCK TABLES;

--
-- Table structure for table `atExpressSelectedEntries`
--

DROP TABLE IF EXISTS `atExpressSelectedEntries`;
/*!40101 SET @saved_cs_client     = @@character_set_client */;
/*!40101 SET character_set_client = utf8 */;
CREATE TABLE `atExpressSelectedEntries` (
  `avID` int(10) unsigned NOT NULL,
  `exEntryID` int(11) NOT NULL,
  PRIMARY KEY (`avID`,`exEntryID`),
  KEY `IDX_C9D404BBA2A82A5D` (`avID`),
  KEY `IDX_C9D404BB6DCB6296` (`exEntryID`),
  CONSTRAINT `FK_C9D404BB6DCB6296` FOREIGN KEY (`exEntryID`) REFERENCES `ExpressEntityEntries` (`exEntryID`),
  CONSTRAINT `FK_C9D404BBA2A82A5D` FOREIGN KEY (`avID`) REFERENCES `atExpress` (`avID`)
) ENGINE=InnoDB DEFAULT CHARSET=utf8 COLLATE=utf8_unicode_ci;
/*!40101 SET character_set_client = @saved_cs_client */;

--
-- Dumping data for table `atExpressSelectedEntries`
--

LOCK TABLES `atExpressSelectedEntries` WRITE;
/*!40000 ALTER TABLE `atExpressSelectedEntries` DISABLE KEYS */;
/*!40000 ALTER TABLE `atExpressSelectedEntries` ENABLE KEYS */;
UNLOCK TABLES;

--
-- Table structure for table `atExpressSettings`
--

DROP TABLE IF EXISTS `atExpressSettings`;
/*!40101 SET @saved_cs_client     = @@character_set_client */;
/*!40101 SET character_set_client = utf8 */;
CREATE TABLE `atExpressSettings` (
  `exEntityID` char(36) COLLATE utf8_unicode_ci DEFAULT NULL COMMENT '(DC2Type:guid)',
  `akID` int(10) unsigned NOT NULL,
  PRIMARY KEY (`akID`),
  KEY `IDX_E8F67F0FCE2D7284` (`exEntityID`),
  CONSTRAINT `FK_E8F67F0FB6561A7E` FOREIGN KEY (`akID`) REFERENCES `AttributeKeys` (`akID`),
  CONSTRAINT `FK_E8F67F0FCE2D7284` FOREIGN KEY (`exEntityID`) REFERENCES `ExpressEntities` (`id`)
) ENGINE=InnoDB DEFAULT CHARSET=utf8 COLLATE=utf8_unicode_ci;
/*!40101 SET character_set_client = @saved_cs_client */;

--
-- Dumping data for table `atExpressSettings`
--

LOCK TABLES `atExpressSettings` WRITE;
/*!40000 ALTER TABLE `atExpressSettings` DISABLE KEYS */;
/*!40000 ALTER TABLE `atExpressSettings` ENABLE KEYS */;
UNLOCK TABLES;

--
-- Table structure for table `atFileSettings`
--

DROP TABLE IF EXISTS `atFileSettings`;
/*!40101 SET @saved_cs_client     = @@character_set_client */;
/*!40101 SET character_set_client = utf8 */;
CREATE TABLE `atFileSettings` (
  `akFileManagerMode` int(11) NOT NULL,
  `akID` int(10) unsigned NOT NULL,
  PRIMARY KEY (`akID`),
  CONSTRAINT `FK_EADD86C8B6561A7E` FOREIGN KEY (`akID`) REFERENCES `AttributeKeys` (`akID`)
) ENGINE=InnoDB DEFAULT CHARSET=utf8 COLLATE=utf8_unicode_ci;
/*!40101 SET character_set_client = @saved_cs_client */;

--
-- Dumping data for table `atFileSettings`
--

LOCK TABLES `atFileSettings` WRITE;
/*!40000 ALTER TABLE `atFileSettings` DISABLE KEYS */;
/*!40000 ALTER TABLE `atFileSettings` ENABLE KEYS */;
UNLOCK TABLES;

--
-- Table structure for table `atNumber`
--

DROP TABLE IF EXISTS `atNumber`;
/*!40101 SET @saved_cs_client     = @@character_set_client */;
/*!40101 SET character_set_client = utf8 */;
CREATE TABLE `atNumber` (
  `avID` int(10) unsigned NOT NULL,
  `value` decimal(14,4) DEFAULT NULL,
  PRIMARY KEY (`avID`),
  CONSTRAINT `FK_41BA30B5A2A82A5D` FOREIGN KEY (`avID`) REFERENCES `AttributeValues` (`avID`)
) ENGINE=InnoDB DEFAULT CHARSET=utf8 COLLATE=utf8_unicode_ci;
/*!40101 SET character_set_client = @saved_cs_client */;

--
-- Dumping data for table `atNumber`
--

LOCK TABLES `atNumber` WRITE;
/*!40000 ALTER TABLE `atNumber` DISABLE KEYS */;
INSERT INTO `atNumber` VALUES (113,1366.0000),(114,500.0000),(115,1366.0000),(116,768.0000),(117,400.0000),(118,400.0000),(119,80.0000),(120,90.0000),(148,125.0000),(149,72.0000),(155,1920.0000),(156,1079.0000),(160,1366.0000),(161,768.0000),(165,1920.0000),(166,1079.0000),(167,500.0000),(168,500.0000),(169,500.0000),(170,500.0000),(171,500.0000),(172,500.0000),(173,1820.0000),(174,1023.0000),(175,1820.0000),(176,1023.0000),(177,1820.0000),(178,1023.0000),(179,1820.0000),(180,1023.0000),(195,1820.0000),(196,1024.0000),(197,1820.0000),(198,1023.0000),(199,1820.0000),(200,1024.0000),(217,2.0000),(220,1.0000);
/*!40000 ALTER TABLE `atNumber` ENABLE KEYS */;
UNLOCK TABLES;

--
-- Table structure for table `atSelect`
--

DROP TABLE IF EXISTS `atSelect`;
/*!40101 SET @saved_cs_client     = @@character_set_client */;
/*!40101 SET character_set_client = utf8 */;
CREATE TABLE `atSelect` (
  `avID` int(10) unsigned NOT NULL,
  PRIMARY KEY (`avID`),
  CONSTRAINT `FK_9CD8C521A2A82A5D` FOREIGN KEY (`avID`) REFERENCES `AttributeValues` (`avID`)
) ENGINE=InnoDB DEFAULT CHARSET=utf8 COLLATE=utf8_unicode_ci;
/*!40101 SET character_set_client = @saved_cs_client */;

--
-- Dumping data for table `atSelect`
--

LOCK TABLES `atSelect` WRITE;
/*!40000 ALTER TABLE `atSelect` DISABLE KEYS */;
INSERT INTO `atSelect` VALUES (121),(122),(123),(124),(127),(130),(133),(134),(137),(139),(141),(144),(146),(158),(164),(181),(184),(186),(188),(190),(192),(201),(204);
/*!40000 ALTER TABLE `atSelect` ENABLE KEYS */;
UNLOCK TABLES;

--
-- Table structure for table `atSelectOptionLists`
--

DROP TABLE IF EXISTS `atSelectOptionLists`;
/*!40101 SET @saved_cs_client     = @@character_set_client */;
/*!40101 SET character_set_client = utf8 */;
CREATE TABLE `atSelectOptionLists` (
  `avSelectOptionListID` int(10) unsigned NOT NULL AUTO_INCREMENT,
  PRIMARY KEY (`avSelectOptionListID`)
) ENGINE=InnoDB AUTO_INCREMENT=6 DEFAULT CHARSET=utf8 COLLATE=utf8_unicode_ci;
/*!40101 SET character_set_client = @saved_cs_client */;

--
-- Dumping data for table `atSelectOptionLists`
--

LOCK TABLES `atSelectOptionLists` WRITE;
/*!40000 ALTER TABLE `atSelectOptionLists` DISABLE KEYS */;
INSERT INTO `atSelectOptionLists` VALUES (1),(2),(3),(4),(5);
/*!40000 ALTER TABLE `atSelectOptionLists` ENABLE KEYS */;
UNLOCK TABLES;

--
-- Table structure for table `atSelectOptions`
--

DROP TABLE IF EXISTS `atSelectOptions`;
/*!40101 SET @saved_cs_client     = @@character_set_client */;
/*!40101 SET character_set_client = utf8 */;
CREATE TABLE `atSelectOptions` (
  `avSelectOptionID` int(10) unsigned NOT NULL AUTO_INCREMENT,
  `isEndUserAdded` tinyint(1) NOT NULL,
  `isDeleted` tinyint(1) NOT NULL DEFAULT '0',
  `displayOrder` int(11) NOT NULL,
  `value` varchar(255) COLLATE utf8_unicode_ci NOT NULL,
  `avSelectOptionListID` int(10) unsigned DEFAULT NULL,
  PRIMARY KEY (`avSelectOptionID`),
  KEY `IDX_797414B0CB59257C` (`avSelectOptionListID`),
  CONSTRAINT `FK_797414B0CB59257C` FOREIGN KEY (`avSelectOptionListID`) REFERENCES `atSelectOptionLists` (`avSelectOptionListID`)
) ENGINE=InnoDB AUTO_INCREMENT=27 DEFAULT CHARSET=utf8 COLLATE=utf8_unicode_ci;
/*!40101 SET character_set_client = @saved_cs_client */;

--
-- Dumping data for table `atSelectOptions`
--

LOCK TABLES `atSelectOptions` WRITE;
/*!40000 ALTER TABLE `atSelectOptions` DISABLE KEYS */;
INSERT INTO `atSelectOptions` VALUES (1,0,0,0,'Type 1 (L1-2 w desc)',2),(2,0,0,1,'Type 2 (L1-2-3)',2),(3,0,0,2,'Type 3 (L1-2)',2),(4,0,0,3,'Hidden',2),(5,0,0,0,'2',3),(6,0,0,1,'3',3),(7,0,0,2,'4',3),(8,0,0,3,'5',3),(9,0,0,4,'6',3),(10,0,0,5,'7',3),(11,0,0,0,'1',4),(12,0,0,1,'2',4),(13,0,0,2,'3',4),(14,0,0,3,'4',4),(15,0,0,4,'6',4),(16,0,0,0,'default',5),(17,0,0,1,'boxed-wrapper',5),(18,0,0,2,'wide',5),(19,1,0,0,'Lorem',1),(20,1,0,1,'Landscape',1),(21,1,0,2,'Love',1),(22,1,0,3,'Theme',1),(23,1,0,4,'Graphics',1),(24,1,0,5,'Design',1),(25,1,0,6,'Typography',1),(26,1,0,7,'Folder',1);
/*!40000 ALTER TABLE `atSelectOptions` ENABLE KEYS */;
UNLOCK TABLES;

--
-- Table structure for table `atSelectOptionsSelected`
--

DROP TABLE IF EXISTS `atSelectOptionsSelected`;
/*!40101 SET @saved_cs_client     = @@character_set_client */;
/*!40101 SET character_set_client = utf8 */;
CREATE TABLE `atSelectOptionsSelected` (
  `avID` int(10) unsigned NOT NULL,
  `avSelectOptionID` int(10) unsigned NOT NULL,
  PRIMARY KEY (`avID`,`avSelectOptionID`),
  KEY `IDX_40C97EC3A2A82A5D` (`avID`),
  KEY `IDX_40C97EC3E584C274` (`avSelectOptionID`),
  CONSTRAINT `FK_40C97EC3E584C274` FOREIGN KEY (`avSelectOptionID`) REFERENCES `atSelectOptions` (`avSelectOptionID`),
  CONSTRAINT `FK_40C97EC3A2A82A5D` FOREIGN KEY (`avID`) REFERENCES `atSelect` (`avID`)
) ENGINE=InnoDB DEFAULT CHARSET=utf8 COLLATE=utf8_unicode_ci;
/*!40101 SET character_set_client = @saved_cs_client */;

--
-- Dumping data for table `atSelectOptionsSelected`
--

LOCK TABLES `atSelectOptionsSelected` WRITE;
/*!40000 ALTER TABLE `atSelectOptionsSelected` DISABLE KEYS */;
INSERT INTO `atSelectOptionsSelected` VALUES (123,6),(124,19),(124,20),(127,20),(127,21),(130,21),(130,22),(133,6),(137,23),(137,24),(139,23),(139,25),(141,23),(141,24),(141,26),(144,22),(144,25),(146,6),(158,6),(164,6),(181,23),(181,24),(184,23),(184,25),(186,23),(186,24),(186,26),(188,23),(188,24),(188,26),(190,22),(190,25),(192,19),(192,20),(201,20),(201,21),(204,21),(204,22);
/*!40000 ALTER TABLE `atSelectOptionsSelected` ENABLE KEYS */;
UNLOCK TABLES;

--
-- Table structure for table `atSelectSettings`
--

DROP TABLE IF EXISTS `atSelectSettings`;
/*!40101 SET @saved_cs_client     = @@character_set_client */;
/*!40101 SET character_set_client = utf8 */;
CREATE TABLE `atSelectSettings` (
  `akSelectAllowMultipleValues` tinyint(1) NOT NULL,
  `akSelectAllowOtherValues` tinyint(1) NOT NULL,
  `akSelectOptionDisplayOrder` varchar(255) COLLATE utf8_unicode_ci NOT NULL,
  `avSelectOptionListID` int(10) unsigned DEFAULT NULL,
  `akID` int(10) unsigned NOT NULL,
  PRIMARY KEY (`akID`),
  UNIQUE KEY `UNIQ_5D514424CB59257C` (`avSelectOptionListID`),
  CONSTRAINT `FK_5D514424B6561A7E` FOREIGN KEY (`akID`) REFERENCES `AttributeKeys` (`akID`),
  CONSTRAINT `FK_5D514424CB59257C` FOREIGN KEY (`avSelectOptionListID`) REFERENCES `atSelectOptionLists` (`avSelectOptionListID`)
) ENGINE=InnoDB DEFAULT CHARSET=utf8 COLLATE=utf8_unicode_ci;
/*!40101 SET character_set_client = @saved_cs_client */;

--
-- Dumping data for table `atSelectSettings`
--

LOCK TABLES `atSelectSettings` WRITE;
/*!40000 ALTER TABLE `atSelectSettings` DISABLE KEYS */;
INSERT INTO `atSelectSettings` VALUES (1,1,'display_asc',1,8),(0,0,'display_asc',2,24),(0,0,'display_asc',3,26),(0,0,'display_asc',4,27),(0,0,'display_asc',5,28);
/*!40000 ALTER TABLE `atSelectSettings` ENABLE KEYS */;
UNLOCK TABLES;

--
-- Table structure for table `atSelectedSocialLinks`
--

DROP TABLE IF EXISTS `atSelectedSocialLinks`;
/*!40101 SET @saved_cs_client     = @@character_set_client */;
/*!40101 SET character_set_client = utf8 */;
CREATE TABLE `atSelectedSocialLinks` (
  `avsID` int(10) unsigned NOT NULL AUTO_INCREMENT,
  `service` varchar(255) COLLATE utf8_unicode_ci NOT NULL,
  `serviceInfo` varchar(255) COLLATE utf8_unicode_ci DEFAULT NULL,
  `avID` int(10) unsigned DEFAULT NULL,
  PRIMARY KEY (`avsID`),
  KEY `IDX_10743709A2A82A5D` (`avID`),
  CONSTRAINT `FK_10743709A2A82A5D` FOREIGN KEY (`avID`) REFERENCES `atSocialLinks` (`avID`)
) ENGINE=InnoDB DEFAULT CHARSET=utf8 COLLATE=utf8_unicode_ci;
/*!40101 SET character_set_client = @saved_cs_client */;

--
-- Dumping data for table `atSelectedSocialLinks`
--

LOCK TABLES `atSelectedSocialLinks` WRITE;
/*!40000 ALTER TABLE `atSelectedSocialLinks` DISABLE KEYS */;
/*!40000 ALTER TABLE `atSelectedSocialLinks` ENABLE KEYS */;
UNLOCK TABLES;

--
-- Table structure for table `atSelectedTopics`
--

DROP TABLE IF EXISTS `atSelectedTopics`;
/*!40101 SET @saved_cs_client     = @@character_set_client */;
/*!40101 SET character_set_client = utf8 */;
CREATE TABLE `atSelectedTopics` (
  `avTreeTopicNodeID` int(10) unsigned NOT NULL AUTO_INCREMENT,
  `treeNodeID` int(10) unsigned NOT NULL,
  `avID` int(10) unsigned DEFAULT NULL,
  PRIMARY KEY (`avTreeTopicNodeID`),
  KEY `IDX_E42A7D5BA2A82A5D` (`avID`),
  CONSTRAINT `FK_E42A7D5BA2A82A5D` FOREIGN KEY (`avID`) REFERENCES `atTopic` (`avID`)
) ENGINE=InnoDB DEFAULT CHARSET=utf8 COLLATE=utf8_unicode_ci;
/*!40101 SET character_set_client = @saved_cs_client */;

--
-- Dumping data for table `atSelectedTopics`
--

LOCK TABLES `atSelectedTopics` WRITE;
/*!40000 ALTER TABLE `atSelectedTopics` DISABLE KEYS */;
/*!40000 ALTER TABLE `atSelectedTopics` ENABLE KEYS */;
UNLOCK TABLES;

--
-- Table structure for table `atSocialLinks`
--

DROP TABLE IF EXISTS `atSocialLinks`;
/*!40101 SET @saved_cs_client     = @@character_set_client */;
/*!40101 SET character_set_client = utf8 */;
CREATE TABLE `atSocialLinks` (
  `avID` int(10) unsigned NOT NULL,
  PRIMARY KEY (`avID`),
  CONSTRAINT `FK_1431EC8AA2A82A5D` FOREIGN KEY (`avID`) REFERENCES `AttributeValues` (`avID`)
) ENGINE=InnoDB DEFAULT CHARSET=utf8 COLLATE=utf8_unicode_ci;
/*!40101 SET character_set_client = @saved_cs_client */;

--
-- Dumping data for table `atSocialLinks`
--

LOCK TABLES `atSocialLinks` WRITE;
/*!40000 ALTER TABLE `atSocialLinks` DISABLE KEYS */;
/*!40000 ALTER TABLE `atSocialLinks` ENABLE KEYS */;
UNLOCK TABLES;

--
-- Table structure for table `atTextSettings`
--

DROP TABLE IF EXISTS `atTextSettings`;
/*!40101 SET @saved_cs_client     = @@character_set_client */;
/*!40101 SET character_set_client = utf8 */;
CREATE TABLE `atTextSettings` (
  `akTextPlaceholder` varchar(255) COLLATE utf8_unicode_ci DEFAULT NULL,
  `akID` int(10) unsigned NOT NULL,
  PRIMARY KEY (`akID`),
  CONSTRAINT `FK_951A10CCB6561A7E` FOREIGN KEY (`akID`) REFERENCES `AttributeKeys` (`akID`)
) ENGINE=InnoDB DEFAULT CHARSET=utf8 COLLATE=utf8_unicode_ci;
/*!40101 SET character_set_client = @saved_cs_client */;

--
-- Dumping data for table `atTextSettings`
--

LOCK TABLES `atTextSettings` WRITE;
/*!40000 ALTER TABLE `atTextSettings` DISABLE KEYS */;
/*!40000 ALTER TABLE `atTextSettings` ENABLE KEYS */;
UNLOCK TABLES;

--
-- Table structure for table `atTextareaSettings`
--

DROP TABLE IF EXISTS `atTextareaSettings`;
/*!40101 SET @saved_cs_client     = @@character_set_client */;
/*!40101 SET character_set_client = utf8 */;
CREATE TABLE `atTextareaSettings` (
  `akID` int(10) unsigned NOT NULL,
  `akTextareaDisplayMode` varchar(255) COLLATE utf8_unicode_ci DEFAULT NULL,
  PRIMARY KEY (`akID`),
  CONSTRAINT `FK_A6EA10D6B6561A7E` FOREIGN KEY (`akID`) REFERENCES `AttributeKeys` (`akID`)
) ENGINE=InnoDB DEFAULT CHARSET=utf8 COLLATE=utf8_unicode_ci;
/*!40101 SET character_set_client = @saved_cs_client */;

--
-- Dumping data for table `atTextareaSettings`
--

LOCK TABLES `atTextareaSettings` WRITE;
/*!40000 ALTER TABLE `atTextareaSettings` DISABLE KEYS */;
INSERT INTO `atTextareaSettings` VALUES (2,''),(3,''),(4,''),(7,'');
/*!40000 ALTER TABLE `atTextareaSettings` ENABLE KEYS */;
UNLOCK TABLES;

--
-- Table structure for table `atTopic`
--

DROP TABLE IF EXISTS `atTopic`;
/*!40101 SET @saved_cs_client     = @@character_set_client */;
/*!40101 SET character_set_client = utf8 */;
CREATE TABLE `atTopic` (
  `avID` int(10) unsigned NOT NULL,
  PRIMARY KEY (`avID`),
  CONSTRAINT `FK_BABDD1FAA2A82A5D` FOREIGN KEY (`avID`) REFERENCES `AttributeValues` (`avID`)
) ENGINE=InnoDB DEFAULT CHARSET=utf8 COLLATE=utf8_unicode_ci;
/*!40101 SET character_set_client = @saved_cs_client */;

--
-- Dumping data for table `atTopic`
--

LOCK TABLES `atTopic` WRITE;
/*!40000 ALTER TABLE `atTopic` DISABLE KEYS */;
/*!40000 ALTER TABLE `atTopic` ENABLE KEYS */;
UNLOCK TABLES;

--
-- Table structure for table `atTopicSettings`
--

DROP TABLE IF EXISTS `atTopicSettings`;
/*!40101 SET @saved_cs_client     = @@character_set_client */;
/*!40101 SET character_set_client = utf8 */;
CREATE TABLE `atTopicSettings` (
  `akID` int(10) unsigned NOT NULL,
  `akTopicParentNodeID` int(11) NOT NULL,
  `akTopicTreeID` int(11) NOT NULL,
  PRIMARY KEY (`akID`),
  CONSTRAINT `FK_830FD2FEB6561A7E` FOREIGN KEY (`akID`) REFERENCES `AttributeKeys` (`akID`)
) ENGINE=InnoDB DEFAULT CHARSET=utf8 COLLATE=utf8_unicode_ci;
/*!40101 SET character_set_client = @saved_cs_client */;

--
-- Dumping data for table `atTopicSettings`
--

LOCK TABLES `atTopicSettings` WRITE;
/*!40000 ALTER TABLE `atTopicSettings` DISABLE KEYS */;
/*!40000 ALTER TABLE `atTopicSettings` ENABLE KEYS */;
UNLOCK TABLES;

--
-- Table structure for table `atfile`
--

DROP TABLE IF EXISTS `atfile`;
/*!40101 SET @saved_cs_client     = @@character_set_client */;
/*!40101 SET character_set_client = utf8 */;
CREATE TABLE `atfile` (
  `avID` int(10) unsigned NOT NULL,
  `fID` int(10) unsigned DEFAULT NULL,
  PRIMARY KEY (`avID`),
  KEY `IDX_73D17D61E3111F45` (`fID`),
  CONSTRAINT `FK_73D17D61A2A82A5D` FOREIGN KEY (`avID`) REFERENCES `AttributeValues` (`avID`),
  CONSTRAINT `FK_73D17D61E3111F45` FOREIGN KEY (`fID`) REFERENCES `Files` (`fID`)
) ENGINE=InnoDB DEFAULT CHARSET=utf8 COLLATE=utf8_unicode_ci;
/*!40101 SET character_set_client = @saved_cs_client */;

--
-- Dumping data for table `atfile`
--

LOCK TABLES `atfile` WRITE;
/*!40000 ALTER TABLE `atfile` DISABLE KEYS */;
INSERT INTO `atfile` VALUES (125,2),(128,2),(131,2),(126,3),(129,3),(132,3),(138,3),(140,3),(142,3),(145,3),(159,6),(162,8),(191,12),(189,13),(185,14),(187,14),(182,15),(183,15),(205,16),(206,16),(202,17),(203,17),(193,18),(194,18);
/*!40000 ALTER TABLE `atfile` ENABLE KEYS */;
UNLOCK TABLES;

--
-- Table structure for table `attributekeycategories`
--

DROP TABLE IF EXISTS `attributekeycategories`;
/*!40101 SET @saved_cs_client     = @@character_set_client */;
/*!40101 SET character_set_client = utf8 */;
CREATE TABLE `attributekeycategories` (
  `akCategoryID` int(10) unsigned NOT NULL AUTO_INCREMENT,
  `akCategoryHandle` varchar(255) COLLATE utf8_unicode_ci NOT NULL,
  `akCategoryAllowSets` int(11) NOT NULL,
  `pkgID` int(10) unsigned DEFAULT NULL,
  PRIMARY KEY (`akCategoryID`),
  UNIQUE KEY `UNIQ_A2A0CC67FA0337B` (`akCategoryHandle`),
  KEY `akCategoryHandle` (`akCategoryHandle`),
  KEY `pkgID` (`pkgID`,`akCategoryID`),
  KEY `IDX_A2A0CC67CE45CBB0` (`pkgID`),
  CONSTRAINT `FK_A2A0CC67CE45CBB0` FOREIGN KEY (`pkgID`) REFERENCES `Packages` (`pkgID`)
) ENGINE=InnoDB AUTO_INCREMENT=5 DEFAULT CHARSET=utf8 COLLATE=utf8_unicode_ci;
/*!40101 SET character_set_client = @saved_cs_client */;

--
-- Dumping data for table `attributekeycategories`
--

LOCK TABLES `attributekeycategories` WRITE;
/*!40000 ALTER TABLE `attributekeycategories` DISABLE KEYS */;
INSERT INTO `attributekeycategories` VALUES (1,'collection',1,NULL),(2,'user',1,NULL),(3,'file',1,NULL),(4,'site',1,NULL);
/*!40000 ALTER TABLE `attributekeycategories` ENABLE KEYS */;
UNLOCK TABLES;

--
-- Table structure for table `attributesetkeys`
--

DROP TABLE IF EXISTS `attributesetkeys`;
/*!40101 SET @saved_cs_client     = @@character_set_client */;
/*!40101 SET character_set_client = utf8 */;
CREATE TABLE `attributesetkeys` (
  `akID` int(10) unsigned NOT NULL,
  `asID` int(10) unsigned NOT NULL,
  `asDisplayOrder` int(10) unsigned NOT NULL,
  PRIMARY KEY (`akID`,`asID`),
  KEY `IDX_222F72D8B6561A7E` (`akID`),
  KEY `IDX_222F72D8A463E8B6` (`asID`),
  CONSTRAINT `FK_222F72D8A463E8B6` FOREIGN KEY (`asID`) REFERENCES `AttributeSets` (`asID`),
  CONSTRAINT `FK_222F72D8B6561A7E` FOREIGN KEY (`akID`) REFERENCES `AttributeKeys` (`akID`)
) ENGINE=InnoDB DEFAULT CHARSET=utf8 COLLATE=utf8_unicode_ci;
/*!40101 SET character_set_client = @saved_cs_client */;

--
-- Dumping data for table `attributesetkeys`
--

LOCK TABLES `attributesetkeys` WRITE;
/*!40000 ALTER TABLE `attributesetkeys` DISABLE KEYS */;
INSERT INTO `attributesetkeys` VALUES (1,1,0),(2,1,0),(3,1,0),(5,2,0),(6,2,0),(7,1,0),(8,2,0),(9,2,0),(10,2,0),(11,1,0),(18,3,0),(19,3,0),(20,3,0),(21,3,0),(22,3,0),(23,5,0),(24,4,0),(25,4,0),(26,3,0),(27,3,0),(28,3,0),(29,6,0),(30,6,0),(31,6,0),(32,6,0),(33,3,0),(34,2,0),(35,2,0);
/*!40000 ALTER TABLE `attributesetkeys` ENABLE KEYS */;
UNLOCK TABLES;

--
-- Table structure for table `attributesets`
--

DROP TABLE IF EXISTS `attributesets`;
/*!40101 SET @saved_cs_client     = @@character_set_client */;
/*!40101 SET character_set_client = utf8 */;
CREATE TABLE `attributesets` (
  `asID` int(10) unsigned NOT NULL AUTO_INCREMENT,
  `asName` varchar(255) COLLATE utf8_unicode_ci NOT NULL,
  `asHandle` varchar(255) COLLATE utf8_unicode_ci NOT NULL,
  `akCategoryID` int(10) unsigned DEFAULT NULL,
  `pkgID` int(10) unsigned DEFAULT NULL,
  `asIsLocked` tinyint(1) NOT NULL,
  `asDisplayOrder` int(10) unsigned NOT NULL,
  PRIMARY KEY (`asID`),
  KEY `asHandle` (`asHandle`),
  KEY `IDX_FCA02D5FB059B76B` (`akCategoryID`),
  KEY `pkgID` (`pkgID`),
  CONSTRAINT `FK_FCA02D5FCE45CBB0` FOREIGN KEY (`pkgID`) REFERENCES `Packages` (`pkgID`),
  CONSTRAINT `FK_FCA02D5FB059B76B` FOREIGN KEY (`akCategoryID`) REFERENCES `AttributeKeyCategories` (`akCategoryID`)
) ENGINE=InnoDB AUTO_INCREMENT=7 DEFAULT CHARSET=utf8 COLLATE=utf8_unicode_ci;
/*!40101 SET character_set_client = @saved_cs_client */;

--
-- Dumping data for table `attributesets`
--

LOCK TABLES `attributesets` WRITE;
/*!40000 ALTER TABLE `attributesets` DISABLE KEYS */;
INSERT INTO `attributesets` VALUES (1,'SEO','seo',1,0,0,0),(2,'Navigation and Indexing','navigation',1,0,0,1),(3,'Supermint Page','supermint_page',1,1,0,2),(4,'Supermint Navigation','supermint_navigation',1,1,0,3),(5,'Supermint Options','supermint_options',1,1,0,4),(6,'Supermint Testimonials','supermint_testimonial',1,1,0,5);
/*!40000 ALTER TABLE `attributesets` ENABLE KEYS */;
UNLOCK TABLES;

--
-- Table structure for table `attributetypecategories`
--

DROP TABLE IF EXISTS `attributetypecategories`;
/*!40101 SET @saved_cs_client     = @@character_set_client */;
/*!40101 SET character_set_client = utf8 */;
CREATE TABLE `attributetypecategories` (
  `atID` int(10) unsigned NOT NULL,
  `akCategoryID` int(10) unsigned NOT NULL,
  PRIMARY KEY (`akCategoryID`,`atID`),
  KEY `IDX_49A9CABEA12CFE33` (`atID`),
  KEY `IDX_49A9CABEB059B76B` (`akCategoryID`),
  CONSTRAINT `FK_49A9CABEA12CFE33` FOREIGN KEY (`atID`) REFERENCES `AttributeTypes` (`atID`),
  CONSTRAINT `FK_49A9CABEB059B76B` FOREIGN KEY (`akCategoryID`) REFERENCES `AttributeKeyCategories` (`akCategoryID`)
) ENGINE=InnoDB DEFAULT CHARSET=utf8 COLLATE=utf8_unicode_ci;
/*!40101 SET character_set_client = @saved_cs_client */;

--
-- Dumping data for table `attributetypecategories`
--

LOCK TABLES `attributetypecategories` WRITE;
/*!40000 ALTER TABLE `attributetypecategories` DISABLE KEYS */;
INSERT INTO `attributetypecategories` VALUES (1,1),(1,2),(1,3),(1,4),(2,1),(2,2),(2,3),(2,4),(3,1),(3,2),(3,3),(3,4),(4,1),(4,2),(4,3),(4,4),(5,1),(5,4),(6,1),(6,2),(6,3),(6,4),(7,1),(7,3),(7,4),(8,1),(8,2),(8,3),(8,4),(9,2),(9,4),(10,1),(10,2),(10,3),(10,4),(11,2),(11,4),(12,1),(12,4),(13,1),(13,4),(14,1),(14,4),(15,1),(15,4),(16,1),(16,2),(16,3),(17,1),(17,2),(17,3),(18,1),(18,2),(18,3),(19,1),(19,2),(19,3);
/*!40000 ALTER TABLE `attributetypecategories` ENABLE KEYS */;
UNLOCK TABLES;

--
-- Table structure for table `attributetypes`
--

DROP TABLE IF EXISTS `attributetypes`;
/*!40101 SET @saved_cs_client     = @@character_set_client */;
/*!40101 SET character_set_client = utf8 */;
CREATE TABLE `attributetypes` (
  `atID` int(10) unsigned NOT NULL AUTO_INCREMENT,
  `atHandle` varchar(255) COLLATE utf8_unicode_ci NOT NULL,
  `atName` varchar(255) COLLATE utf8_unicode_ci NOT NULL,
  `pkgID` int(10) unsigned DEFAULT NULL,
  PRIMARY KEY (`atID`),
  UNIQUE KEY `UNIQ_53580A7F46AA0F38` (`atHandle`),
  KEY `pkgID` (`pkgID`,`atID`),
  KEY `IDX_53580A7FCE45CBB0` (`pkgID`),
  CONSTRAINT `FK_53580A7FCE45CBB0` FOREIGN KEY (`pkgID`) REFERENCES `Packages` (`pkgID`)
) ENGINE=InnoDB AUTO_INCREMENT=20 DEFAULT CHARSET=utf8 COLLATE=utf8_unicode_ci;
/*!40101 SET character_set_client = @saved_cs_client */;

--
-- Dumping data for table `attributetypes`
--

LOCK TABLES `attributetypes` WRITE;
/*!40000 ALTER TABLE `attributetypes` DISABLE KEYS */;
INSERT INTO `attributetypes` VALUES (1,'text','Text',NULL),(2,'textarea','Text Area',NULL),(3,'boolean','Checkbox',NULL),(4,'date_time','Date/Time',NULL),(5,'image_file','Image/File',NULL),(6,'number','Number',NULL),(7,'rating','Rating',NULL),(8,'select','Select',NULL),(9,'address','Address',NULL),(10,'topics','Topics',NULL),(11,'social_links','Social Links',NULL),(12,'fileset','Fileset',1),(13,'supermint_preset_list','Supermint Theme Preset List',1),(14,'color','Color',1),(15,'icon_awesome','Icon From FontAwesome',1),(16,'express','Express Entity',NULL),(17,'email','Email Address',NULL),(18,'telephone','Telephone',NULL),(19,'url','URL',NULL);
/*!40000 ALTER TABLE `attributetypes` ENABLE KEYS */;
UNLOCK TABLES;

--
-- Table structure for table `authTypeConcreteCookieMap`
--

DROP TABLE IF EXISTS `authTypeConcreteCookieMap`;
/*!40101 SET @saved_cs_client     = @@character_set_client */;
/*!40101 SET character_set_client = utf8 */;
CREATE TABLE `authTypeConcreteCookieMap` (
  `ID` int(10) unsigned NOT NULL AUTO_INCREMENT,
  `token` varchar(32) COLLATE utf8_unicode_ci DEFAULT NULL,
  `uID` int(11) DEFAULT NULL,
  `validThrough` int(11) DEFAULT NULL,
  PRIMARY KEY (`ID`),
  UNIQUE KEY `token` (`token`),
  KEY `uID` (`uID`)
) ENGINE=InnoDB DEFAULT CHARSET=utf8 COLLATE=utf8_unicode_ci;
/*!40101 SET character_set_client = @saved_cs_client */;

--
-- Dumping data for table `authTypeConcreteCookieMap`
--

LOCK TABLES `authTypeConcreteCookieMap` WRITE;
/*!40000 ALTER TABLE `authTypeConcreteCookieMap` DISABLE KEYS */;
/*!40000 ALTER TABLE `authTypeConcreteCookieMap` ENABLE KEYS */;
UNLOCK TABLES;

--
-- Table structure for table `btContentFile`
--

DROP TABLE IF EXISTS `btContentFile`;
/*!40101 SET @saved_cs_client     = @@character_set_client */;
/*!40101 SET character_set_client = utf8 */;
CREATE TABLE `btContentFile` (
  `bID` int(10) unsigned NOT NULL,
  `fID` int(10) unsigned DEFAULT NULL,
  `fileLinkText` varchar(255) COLLATE utf8_unicode_ci DEFAULT NULL,
  `filePassword` varchar(255) COLLATE utf8_unicode_ci DEFAULT NULL,
  `forceDownload` tinyint(1) NOT NULL DEFAULT '0',
  PRIMARY KEY (`bID`),
  KEY `fID` (`fID`)
) ENGINE=InnoDB DEFAULT CHARSET=utf8 COLLATE=utf8_unicode_ci;
/*!40101 SET character_set_client = @saved_cs_client */;

--
-- Dumping data for table `btContentFile`
--

LOCK TABLES `btContentFile` WRITE;
/*!40000 ALTER TABLE `btContentFile` DISABLE KEYS */;
/*!40000 ALTER TABLE `btContentFile` ENABLE KEYS */;
UNLOCK TABLES;

--
-- Table structure for table `btContentImage`
--

DROP TABLE IF EXISTS `btContentImage`;
/*!40101 SET @saved_cs_client     = @@character_set_client */;
/*!40101 SET character_set_client = utf8 */;
CREATE TABLE `btContentImage` (
  `bID` int(10) unsigned NOT NULL,
  `fID` int(10) unsigned DEFAULT '0',
  `fOnstateID` int(10) unsigned DEFAULT '0',
  `maxWidth` int(10) unsigned DEFAULT '0',
  `maxHeight` int(10) unsigned DEFAULT '0',
  `externalLink` varchar(255) COLLATE utf8_unicode_ci DEFAULT NULL,
  `internalLinkCID` int(10) unsigned DEFAULT '0',
  `altText` varchar(255) COLLATE utf8_unicode_ci DEFAULT NULL,
  `title` varchar(255) COLLATE utf8_unicode_ci DEFAULT NULL,
  PRIMARY KEY (`bID`),
  KEY `fID` (`fID`)
) ENGINE=InnoDB DEFAULT CHARSET=utf8 COLLATE=utf8_unicode_ci;
/*!40101 SET character_set_client = @saved_cs_client */;

--
-- Dumping data for table `btContentImage`
--

LOCK TABLES `btContentImage` WRITE;
/*!40000 ALTER TABLE `btContentImage` DISABLE KEYS */;
INSERT INTO `btContentImage` VALUES (64,4,0,0,0,'',0,'',''),(71,3,0,0,0,'',0,'Experience our user friendly interface loaded with options for everything you  need and none of the extra bloat usually seen with such power','Powerfull theme'),(72,3,0,0,0,'',0,'Supermint is packed with everything you need to launch your site withing next few days or even hours !','Awesome framework'),(73,3,0,0,0,'',0,'Tons of variations and features, the easiest way to build different site with only one theme','Overburdened features'),(135,1,0,0,0,'',0,'',''),(143,1,0,0,0,'',0,'',''),(151,1,0,0,0,'',0,'',''),(164,1,0,0,0,'',0,'',''),(172,2,0,0,0,'',0,'Webdesigner & Web developper from USA','Hi, I\'m John Doe'),(176,2,0,0,0,'',0,'',''),(195,5,0,0,0,'',0,'',''),(203,3,0,0,0,'',0,'Lorem ipsum dolor sit amet, consectetuer adipiscing elit. Aenean commodo ligula eget dolor. Aenean massa. Cum sociis natoque penatibus et magnis dis parturient montes','Branding'),(206,3,0,0,0,'',0,'Lorem ipsum dolor sit amet, consectetuer adipiscing elit. Aenean commodo ligula eget dolor. Aenean massa. Cum sociis natoque penatibus et magnis dis parturient montes','Development'),(207,3,0,0,0,'',0,'Lorem ipsum dolor sit amet, consectetuer adipiscing elit. Aenean commodo ligula eget dolor. Aenean massa. Cum sociis natoque penatibus et magnis dis parturient montes','Integration'),(209,6,0,0,0,'',0,'Webdesigner & Web developper from USA','Hi, I\'m John Doe'),(211,6,0,0,0,'',0,'Webdesigner & Web developper from USA','Hi, I\'m John Doe'),(212,7,0,0,0,'',0,'',''),(217,10,0,0,0,'',0,'Lorem ipsum dolor sit amet, consectetuer adipiscing elit. Aenean commodo ligula eget dolor. Aenean massa. Cum sociis natoque penatibus et magnis dis parturient montes','Branding'),(218,11,0,0,0,'',0,'Lorem ipsum dolor sit amet, consectetuer adipiscing elit. Aenean commodo ligula eget dolor. Aenean massa. Cum sociis natoque penatibus et magnis dis parturient montes','Social media'),(219,9,0,0,0,'',0,'Lorem ipsum dolor sit amet, consectetuer adipiscing elit. Aenean commodo ligula eget dolor. Aenean massa. Cum sociis natoque penatibus et magnis dis parturient montes','SEO'),(220,15,0,0,0,'',0,'',''),(221,14,0,0,0,'',0,'',''),(222,13,0,0,0,'',0,'',''),(223,12,0,0,0,'',0,'','');
/*!40000 ALTER TABLE `btContentImage` ENABLE KEYS */;
UNLOCK TABLES;

--
-- Table structure for table `btContentLocal`
--

DROP TABLE IF EXISTS `btContentLocal`;
/*!40101 SET @saved_cs_client     = @@character_set_client */;
/*!40101 SET character_set_client = utf8 */;
CREATE TABLE `btContentLocal` (
  `bID` int(10) unsigned NOT NULL,
  `content` longtext COLLATE utf8_unicode_ci,
  PRIMARY KEY (`bID`)
) ENGINE=InnoDB DEFAULT CHARSET=utf8 COLLATE=utf8_unicode_ci;
/*!40101 SET character_set_client = @saved_cs_client */;

--
-- Dumping data for table `btContentLocal`
--

LOCK TABLES `btContentLocal` WRITE;
/*!40000 ALTER TABLE `btContentLocal` DISABLE KEYS */;
INSERT INTO `btContentLocal` VALUES (1,'<div style=\"padding: 40px; text-align: center\"> <iframe width=\"853\" height=\"480\" src=\"//www.youtube.com/embed/VB-R71zk06U\" frameborder=\"0\" allowfullscreen></iframe>                                     </div>'),(26,'<h4>Tags</h4>'),(28,'<h4>Archives</h4>'),(46,'<p>Lorem ipsum dolor sit amet, consectetuer adipiscing elit. Aenean commodo ligula eget dolor. Aenean massa. Cum sociis natoque penatibus et magnis dis parturient montes, nascetur ridiculus mus. Donec quam felis, ultricies nec, pellentesque eu, pretium quis, sem.  </p><p>Nulla consequat massa quis enim. Donec pede justo, fringilla vel, aliquet nec, vulputate eget, arcu. In enim justo, rhoncus ut, imperdiet a, venenatis vitae, justo. Nullam dictum felis eu pede mollis pretium. Integer tincidunt. Cras dapibus. Vivamus elementum semper nisi.  </p>'),(47,'<p>Lorem ipsum dolor sit amet, consectetuer adipiscing elit. Aenean commodo ligula eget dolor. Aenean massa. Cum sociis natoque penatibus et magnis dis parturient montes, nascetur ridiculus mus. Donec quam felis, ultricies nec, pellentesque eu, pretium quis, sem.</p><p>Nulla consequat massa quis enim. Donec pede justo, fringilla vel, aliquet nec, vulputate eget, arcu. In enim justo, rhoncus ut, imperdiet a, venenatis vitae, justo. Nullam dictum felis eu pede mollis pretium. Integer tincidunt. Cras dapibus. Vivamus elementum semper nisi.</p>'),(48,'<p>Lorem ipsum dolor sit amet, consectetuer adipiscing elit. Aenean commodo ligula eget dolor. Aenean massa. Cum sociis natoque penatibus et magnis dis parturient montes, nascetur ridiculus mus. Donec quam felis, ultricies nec, pellentesque eu, pretium quis, sem.</p><p>Nulla consequat massa quis enim. Donec pede justo, fringilla vel, aliquet nec, vulputate eget, arcu. In enim justo, rhoncus ut, imperdiet a, venenatis vitae, justo. Nullam dictum felis eu pede mollis pretium. Integer tincidunt. Cras dapibus. Vivamus elementum semper nisi.</p>'),(49,'<h4>Meet us</h4><p>Lorem ipsum dolor sit amet, consectetuer adipiscing elit. <strong>Aenean commodo ligula</strong> eget dolor. Aenean massa. </p>'),(52,'<h4>Impress your audience with Supermint</h4><p>Clean, and stately aesthetic. From its <strong>stunning features</strong> and custom templates to the plethora of theme options, Supermint delights visually and functionally, giving you the power to customize your site with just a click of the mouse. And if Supermints numerous features, robust options, and arresting design werent enough, rest assured knowing that your theme is backed by <strong>Myconcretelab</strong> customer service.</p><p><br></p>'),(53,'<h4>Last from blog</h4>'),(55,'<h4>Keep in touch</h4>'),(59,'<ul class=\"nav custom-nav nav-horizontal-light nav-small nav-align-right\">    <li><a href=\"#\">Title 1</a></li>    <li><a href=\"#\">Title 2</a></li>  </ul>'),(69,'<h1 style=\"text-align: center;\">Were offering You the right tools, </h1><h1 style=\"text-align: center;\">so you can build best company website ever!</h1>'),(76,'<h2>Some facts</h2>'),(86,'<p>Lorem ipsum dolor sit amet,<strong> consectetuer adipiscing elit</strong>. Aenean commodo ligula eget dolor. Aenean massa. Cum sociis natoque penatibus et magnis dis parturient montes, nascetur ridiculus mus. Donec quam felis, ultricies nec, pellentesque eu, pretium quis, sem.</p><p>Nulla consequat massa quis enim. Donec pede justo, fringilla vel, aliquet nec, vulputate eget, arcu. In enim justo, rhoncus ut, imperdiet a, venenatis vitae, justo. Nullam dictum felis eu pede mollis pretium. Integer tincidunt. Cras dapibus. Vivamus elementum semper nisi.</p><p>Aenean vulputate eleifend tellus. Aenean leo ligula, porttitor eu, consequat vitae, eleifend ac, enim. <em>Aliquam lorem ante, dapibus in</em>, viverra quis, feugiat a, tellus. Phasellus viverra nulla ut metus varius laoreet. Quisque rutrum. Aenean imperdiet. Etiam ultricies nisi vel augue.</p><blockquote>Curabitur ullamcorper ultricies nisi. Nam eget dui. Etiam rhoncus. Maecenas tempus, tellus eget condimentum rhoncus, sem quam semper libero, sit amet adipiscing sem neque sed ipsum. Nam quam nunc, blandit vel, luctus pulvinar, hendrerit id, lorem. Maecenas nec odio et ante tincidunt tempus.</blockquote><p><span class=\"lead\">Donec vitae sapien ut libero venenatis faucibus. Nullam quis ante. Etiam sit amet orci eget eros faucibus tincidunt. Duis leo. Sed fringilla mauris sit amet nibh. Donec sodales sagittis magna. Sed consequat, leo eget bibendum sodales, augue velit cursus nunc, quis gravida magna mi a libero.</span></p><p>Fusce vulputate eleifend sapien. Vestibulum purus quam, scelerisque ut, mollis sed, nonummy id, metus. Nullam accumsan lorem in dui. Cras ultricies mi eu turpis hendrerit fringilla.</p><p>Vestibulum ante ipsum primis in faucibus orci luctus et ultrices posuere cubilia Curae; In ac dui quis mi consectetuer lacinia. Nam pretium turpis et arcu. Duis arcu tortor, suscipit eget, imperdiet nec, imperdiet iaculis, ipsum. Sed aliquam ultrices mauris.</p><p>Integer ante arcu, accumsan a, consectetuer eget, posuere ut, mauris. Praesent adipiscing. Phasellus ullamcorper ipsum rutrum nunc. Nunc nonummy metus. Vestibulum volutpat pretium libero. Cras id dui. Aenean ut eros et nisl sagittis vestibulum.</p>'),(87,'<p><span class=\"lead\"></span><span class=\"lead\">Lorem ipsum dolor sit amet, consectetuer adipiscing elit. Aenean commodo ligula eget dolor. Aenean massa. Cum sociis natoque penatibus et magnis dis parturient montes, nascetur ridiculus mus. Donec quam felis, ultricies nec, pellentesque eu, pretium quis, sem.</span></p><p>Nulla consequat massa quis enim. Donec pede justo, fringilla vel, aliquet nec, vulputate eget, arcu. In enim justo, rhoncus ut, imperdiet a, venenatis vitae, justo. Nullam dictum felis eu pede mollis pretium. Integer tincidunt. Cras dapibus. Vivamus elementum semper nisi.</p><p>Aenean vulputate eleifend tellus. Aenean leo ligula, porttitor eu, consequat vitae, eleifend ac, enim. Aliquam lorem ante, dapibus in, viverra quis, feugiat a, tellus. Phasellus viverra nulla ut metus varius laoreet. Quisque rutrum. Aenean imperdiet. Etiam ultricies nisi vel augue.</p><p>Curabitur ullamcorper ultricies nisi. Nam eget dui. Etiam rhoncus. Maecenas tempus, tellus eget condimentum rhoncus, sem quam semper libero, sit amet adipiscing sem neque sed ipsum. Nam quam nunc, blandit vel, luctus pulvinar, hendrerit id, lorem. Maecenas nec odio et ante tincidunt tempus.</p><blockquote>Donec vitae sapien ut libero venenatis faucibus. Nullam quis ante. Etiam sit amet orci eget eros faucibus tincidunt. Duis leo. Sed fringilla mauris sit amet nibh. Donec sodales sagittis magna. Sed consequat, leo eget bibendum sodales, augue velit cursus nunc, quis gravida magna mi a libero.</blockquote><p>Fusce vulputate eleifend <span class=\"code\">sapien</span>. Vestibulum purus quam, scelerisque ut, mollis sed, nonummy id, metus. Nullam accumsan lorem in dui. Cras <span class=\"code\">ultricies</span> mi eu turpis hendrerit fringilla.</p><p>Vestibulum ante ipsum primis in faucibus orci luctus et ultrices posuere cubilia Curae; In ac dui quis mi consectetuer lacinia. Nam pretium turpis et arcu. Duis arcu tortor, suscipit eget, imperdiet nec, imperdiet iaculis, ipsum. Sed aliquam ultrices mauris.</p><p>Integer ante arcu, accumsan a, consectetuer eget, posuere ut, mauris. Praesent adipiscing. Phasellus ullamcorper ipsum rutrum nunc. Nunc nonummy metus. Vestibulum volutpat pretium libero. Cras id dui. Aenean ut eros et nisl sagittis vestibulum.</p>'),(88,'<p>Lorem ipsum dolor sit amet, consectetuer adipiscing elit. Aenean commodo ligula eget dolor. Aenean massa. Cum sociis natoque penatibus et magnis dis parturient montes, nascetur ridiculus mus. Donec quam felis, ultricies nec, pellentesque eu, pretium quis, sem.</p><p>Nulla consequat massa quis enim. Donec pede justo, fringilla vel, aliquet nec, vulputate eget, arcu. In enim justo, rhoncus ut, imperdiet a, venenatis vitae, justo. Nullam dictum felis eu pede mollis pretium. Integer tincidunt. Cras dapibus. Vivamus elementum semper nisi.</p><p>Aenean vulputate eleifend tellus. Aenean leo ligula, porttitor eu, consequat vitae, eleifend ac, enim. Aliquam lorem ante, dapibus in, viverra quis, feugiat a, tellus. Phasellus viverra nulla ut metus varius laoreet. Quisque rutrum. Aenean imperdiet. Etiam ultricies nisi vel augue.</p><p>Curabitur ullamcorper ultricies nisi. Nam eget dui. Etiam rhoncus. Maecenas tempus, tellus eget condimentum rhoncus, sem quam semper libero, sit amet adipiscing sem neque sed ipsum. Nam quam nunc, blandit vel, luctus pulvinar, hendrerit id, lorem. Maecenas nec odio et ante tincidunt tempus.</p><p><span class=\"lead\">Donec vitae sapien ut libero venenatis faucibus. Nullam quis ante. Etiam sit amet orci eget eros faucibus tincidunt. Duis leo. Sed fringilla mauris sit amet nibh. Donec sodales sagittis magna. Sed consequat, leo eget bibendum sodales, augue velit cursus nunc, quis gravida magna mi a libero.</span></p><p>Fusce vulputate eleifend sapien. Vestibulum purus quam, scelerisque ut, mollis sed, nonummy id, metus. Nullam accumsan lorem in dui. Cras ultricies mi eu turpis hendrerit fringilla.</p><p>Vestibulum ante ipsum primis in faucibus orci luctus et ultrices posuere cubilia Curae; In ac dui quis mi consectetuer lacinia. Nam pretium turpis et arcu. Duis arcu tortor, suscipit eget, imperdiet nec, imperdiet iaculis, ipsum. Sed aliquam ultrices mauris.</p><p>Integer ante arcu, accumsan a, consectetuer eget, posuere ut, mauris. Praesent adipiscing. Phasellus ullamcorper ipsum rutrum nunc. Nunc nonummy metus. Vestibulum volutpat pretium libero. Cras id dui. Aenean ut eros et nisl sagittis vestibulum.</p>'),(90,'<h3>Our company</h3><p class=\"lead\">We are <span class=\"alternate\">Myconcretelab</span> and we love what we do. We are located in <span class=\"tooltip tooltip-txt\"><span class=\"hint--top hint--blackhint--bounce\" data-hint=\"In Brittany, France\"> Europe </span></span>and reply always within 24 hours.</p><p>Donec ullamcorper nulla non metus auctor fringilla. Sed posuere consectetur est at lobortis. <span class=\"tooltip tooltip-txt\">Morbi leo risus</span> , porta ac consect etur, vestibulum at eros. Donec ullamcorper nulla non metus.  </p>'),(91,'<h3>Mission</h3><p><span></span><span class=\"lead\">Our mission is very clear - provide best and <span class=\"alternate\">fully tested products</span> and solutions for our customers</span></p><p><span></span>Donec ullamcorper nulla non metus auctor fringilla. Sed posuere consectetur est at lobortis. Morbi leo risus, porta ac consectetur ac, vestibulum at eros. Donec ullamcorper nulla non metus.</p>'),(92,'<h3>Passion</h3><p><span></span><span class=\"lead\">We love working with Concrete5. Themes based on this CMS gives unlimited possibilities.</span></p><p><span></span>Donec ullamcorper nulla non metus auctor fringilla. Sed posuere consectetur est at lobortis. Morbi leo risus, porta ac consectetur ac, vestibulum at eros. Donec ullamcorper nulla non metus.</p>'),(93,'<h1 style=\"text-align: center;\">Why we <i class=\"fa fa-heart-o\"></i>  what we do  </h1><hr class=\"space-m\"><p><span class=\"lead\">Lorem ipsum dolor sit amet, consectetur adipiscing elit. Integer lorem quam, adipiscing condimentum tristique vel, eleifend sed turpis. Lorem ipsum dolor sit amet, consectetur adipiscing elit. Integer lorem quam, adipiscing condimentum tristique vel, eleifend sed turpis. Lorem ipsum dolor sit amet.  </span>  </p>'),(94,'<h1 style=\"text-align: center;\">Got a question ?</h1><p style=\"text-align: center;\">Lorem ipsum dolor sit amet, consectetur adipisicing elit, sed do eiusmod tempor incididunt ut labore et dolore magna aliqua.  </p><hr><p style=\"text-align: center;\"><a href=\"http://localhost:8888/supermint3/index.php/pages/services-2#\" class=\"button button-success button-flat button-big\" target=\"_self\">Ask the team</a>  </p>'),(96,'<h3 style=\"text-align: center;\">Lets create your companys growth strategy together!</h3><p style=\"text-align: center;\">We are a team of dedicated professionals, ready to do what ever it takes to make your business grow.</p>'),(101,'<h1 style=\"text-align: center;\">Skills backed by years of experience</h1><p style=\"text-align: center;\"><span class=\"small\"><span class=\"light\">Lorem ipsum dolor sit amet, consectetuer adipiscing elit. Aenean commodo ligula eget dolor. <br>Aenean massa. Cum sociis natoque penatibus et magnis dis parturient montes, nascetur ridiculus mus.</span></span></p>'),(102,'<h1 style=\"text-align: center;\">Dont hesitate to reach out!</h1><p style=\"text-align: center;\"><span class=\"light\">Lorem ipsum dolor sit amet, consectetuer adipiscing elit. Aenean commodo ligula eget dolor. Aenean massa. Cum sociis natoque penatibus et magnis dis parturient montes, nascetur ridiculus mus. Donec quam felis, ultricies nec, pellentesque eu, pretium quis, sem.</span></p><p style=\"text-align: center;\"><br></p>'),(106,'<h4>Dont hesitate to reach out!  </h4>'),(111,'<h2>Meet our team</h2><p>If you got questions that needs fast reply, you can contact with one of our team members</p>'),(115,'<p style=\"text-align: center;\" rel=\"text-align: center;\"><span class=\"fa-stack fa-lg\"><i class=\"fa fa-circle text-primary-color fa-stack-2x\"></i><i class=\"fa fa-envelope-o text-primary-contrast-color fa-stack-1x\"></i></span><span class=\"fa-stack fa-lg\"><i class=\"fa fa-circle text-primary-color fa-stack-2x\"></i><i class=\"fa fa-twitter text-primary-contrast-color fa-stack-1x\"></i></span><span class=\"fa-stack fa-lg\"><i class=\"fa fa-circle text-primary-color fa-stack-2x\"></i><i class=\"fa fa-linkedin text-primary-contrast-color fa-stack-1x\"></i></span>  </p>'),(117,'<p style=\"text-align: center;\"><span class=\"fa-stack fa-lg\"><i class=\"fa fa-circle text-primary-color fa-stack-2x\"></i><i class=\"fa fa-envelope-o text-primary-contrast-color fa-stack-1x\"></i></span><span class=\"fa-stack fa-lg\"><i class=\"fa fa-circle text-primary-color fa-stack-2x\"></i><i class=\"fa fa-twitter text-primary-contrast-color fa-stack-1x\"></i></span><span class=\"fa-stack fa-lg\"><i class=\"fa fa-circle text-primary-color fa-stack-2x\"></i><i class=\"fa fa-linkedin text-primary-contrast-color fa-stack-1x\"></i></span>  </p>'),(123,'<p><span class=\"lead\">Lorem ipsum dolor sit amet, consectetuer adipiscing elit. Aenean commodo ligula eget dolor. Aenean massa. Cum sociis natoque penatibus et magnis dis parturient montes.</span></p>'),(139,'<h4>Impress your audience with Supermint</h4><p>Clean, and stately aesthetic. From its <strong>stunning features</strong> and custom templates to the plethora of theme options, Supermint delights visually and functionally, giving you the power to customize your site with just a click of the mouse. And if Supermints numerous features, robust options, and arresting design werent enough, rest assured knowing that your theme is backed by <strong>Myconcretelab</strong> customer service.</p><p><br></p>'),(147,'<h4>Impress your audience with Supermint</h4><p>Clean, and stately aesthetic. From its <strong>stunning features</strong> and custom templates to the plethora of theme options, Supermint delights visually and functionally, giving you the power to customize your site with just a click of the mouse. And if Supermints numerous features, robust options, and arresting design werent enough, rest assured knowing that your theme is backed by <strong>Myconcretelab</strong> customer service.</p><p><br></p>'),(155,'<h4>Impress your audience with Supermint</h4><p>Clean, and stately aesthetic. From its <strong>stunning features</strong> and custom templates to the plethora of theme options, Supermint delights visually and functionally, giving you the power to customize your site with just a click of the mouse. And if Supermints numerous features, robust options, and arresting design werent enough, rest assured knowing that your theme is backed by <strong>Myconcretelab</strong> customer service.</p><p><br></p>'),(159,'<p>Lorem ipsum dolor sit amet, consectetuer adipiscing elit. Aenean commodo ligula eget dolor. Aenean massa. Cum sociis natoque penatibus et magnis dis parturient montes, nascetur ridiculus mus. Donec quam felis, ultricies nec, pellentesque eu, pretium quis, sem.</p><hr class=\"space-m\"><h3>Last Works :</h3>'),(162,'<h2>All works  </h2>'),(168,'<h4>Impress your audience with Supermint</h4><p>Clean, and stately aesthetic. From its <strong>stunning features</strong> and custom templates to the plethora of theme options, Supermint delights visually and functionally, giving you the power to customize your site with just a click of the mouse. And if Supermints numerous features, robust options, and arresting design werent enough, rest assured knowing that your theme is backed by <strong>Myconcretelab</strong> customer service.</p><p><br></p>'),(174,'<h1 style=\"text-align: center;\">About </h1><p style=\"text-align: center;\"><span class=\"alternate\">A small introduction about My self</span>  </p>'),(175,'<p><span class=\"lead\">JONATHAN DOE</span>  </p><h3>WEBDESIGNER & WEB DEVELOPER FROM USA</h3><p>Lorem ipsum dolor sit amet, consectetuer adipiscing elit. Aenean commodo ligula eget dolor. Aenean massa. Cum sociis natoque penatibus et magnis dis parturient montes, nascetur ridiculus mus.<strong> Donec quam felis, ultricies nec, pellentesque eu, pretium quis, sem.</strong>  </p><p><span class=\"alternate\">Nulla consequat massa quis enim.</span> Donec pede justo, fringilla vel, aliquet nec, vulputate eget, arcu. In enim justo, rhoncus ut, imperdiet a, venenatis vitae, justo. Nullam dictum felis eu pede mollis pretium. Integer tincidunt. Cras dapibus. Vivamus elementum semper nisi.  </p>'),(185,'<h2 style=\"text-align: center;\" class=\"text-primary-color\">Some Real Number  </h2><p style=\"text-align: center;\"><span class=\"lead\"><span class=\"alternate\">It\'s fun</span></span>  </p>'),(188,'<h1 style=\"text-align: center;\">My work</h1><p style=\"text-align: center;\">What can <span class=\"alternate\">i</span> do</p>'),(189,'<h4 class=\"leaders\"><i>HTML & PHP</i><i> <span class=\"alternate\">free</span></i></h4><h4 class=\"leaders\"><i>Webdesign</i><i><span class=\"alternate\">Busy</span></i></h4><h4 class=\"leaders\"><i>Footing</i><i><span class=\"alternate\">Free</span></i></h4>'),(191,'<p><span class=\"lead\">JONATHAN DOE</span>  </p><h3>WEBDESIGNER & WEB DEVELOPER FROM USA</h3><p>Lorem ipsum dolor sit amet, consectetuer adipiscing elit. Aenean commodo ligula eget dolor. Aenean massa. Cum sociis natoque penatibus et magnis dis parturient montes, nascetur ridiculus mus.<strong> Donec quam felis, ultricies nec, pellentesque eu, pretium quis, sem.</strong>  </p><p><span class=\"alternate\">Nulla consequat massa quis enim.</span> Donec pede justo, fringilla vel, aliquet nec.  </p>'),(196,'<h3>Who I am</h3><p class=\"lead\">I\'m <span class=\"alternate\">John Doe</span> and we love what we do. We are located in <span class=\"tooltip tooltip-txt\"><span class=\"hint--top hint--blackhint--bounce\" data-hint=\"In Brittany, France\"> Europe </span></span>and reply always within 24 hours.</p><p>Donec ullamcorper nulla non metus auctor fringilla. Sed posuere consectetur est at lobortis. <span class=\"tooltip tooltip-txt\">Morbi leo risus</span> , porta ac consect etur, vestibulum at eros. Donec ullamcorper nulla non metus.  </p>'),(197,'<h3>Mission</h3><p><span></span><span class=\"lead\">My mission is clear : provide best and <span class=\"alternate\">fully tested products</span> and solutions for my customers</span></p><p><span></span>Donec ullamcorper nulla non metus auctor fringilla. Sed posuere consectetur est at lobortis. Morbi leo risus, porta ac consectetur ac, vestibulum at eros. Donec ullamcorper nulla non metus.</p>'),(198,'<h3>Passion</h3><p><span></span><span class=\"lead\">I love working with Concrete5. Themes based on this CMS gives unlimited possibilities.</span></p><p><span></span>Donec ullamcorper nulla non metus auctor fringilla. Sed posuere consectetur est at lobortis. Morbi leo risus, porta ac consectetur ac, vestibulum at eros. Donec ullamcorper nulla non metus.</p>'),(199,'<h1 style=\"text-align: center;\">Why I <i class=\"fa fa-heart-o\"></i>  what we do  </h1><hr class=\"space-m\"><p><span class=\"lead\">Lorem ipsum dolor sit amet, consectetur adipiscing elit. Integer lorem quam, adipiscing condimentum tristique vel, eleifend sed turpis. Lorem ipsum dolor sit amet, consectetur adipiscing elit. Integer lorem quam, adipiscing condimentum tristique vel, eleifend sed turpis. Lorem ipsum dolor sit amet.  </span>  </p>'),(200,'<h1 style=\"text-align: center;\">Services</h1>');
/*!40000 ALTER TABLE `btContentLocal` ENABLE KEYS */;
UNLOCK TABLES;

--
-- Table structure for table `btCoreAreaLayout`
--

DROP TABLE IF EXISTS `btCoreAreaLayout`;
/*!40101 SET @saved_cs_client     = @@character_set_client */;
/*!40101 SET character_set_client = utf8 */;
CREATE TABLE `btCoreAreaLayout` (
  `bID` int(10) unsigned NOT NULL DEFAULT '0',
  `arLayoutID` int(10) unsigned NOT NULL DEFAULT '0',
  PRIMARY KEY (`bID`),
  KEY `arLayoutID` (`arLayoutID`)
) ENGINE=InnoDB DEFAULT CHARSET=utf8 COLLATE=utf8_unicode_ci;
/*!40101 SET character_set_client = @saved_cs_client */;

--
-- Dumping data for table `btCoreAreaLayout`
--

LOCK TABLES `btCoreAreaLayout` WRITE;
/*!40000 ALTER TABLE `btCoreAreaLayout` DISABLE KEYS */;
INSERT INTO `btCoreAreaLayout` VALUES (11,1),(15,2),(19,3),(31,4),(37,5),(70,6),(74,7),(82,8),(89,9),(97,10),(104,11),(109,12),(119,13),(126,14),(137,15),(145,16),(153,17),(166,18),(173,19),(179,20),(227,21),(231,22),(234,23);
/*!40000 ALTER TABLE `btCoreAreaLayout` ENABLE KEYS */;
UNLOCK TABLES;

--
-- Table structure for table `btCoreConversation`
--

DROP TABLE IF EXISTS `btCoreConversation`;
/*!40101 SET @saved_cs_client     = @@character_set_client */;
/*!40101 SET character_set_client = utf8 */;
CREATE TABLE `btCoreConversation` (
  `bID` int(10) unsigned NOT NULL,
  `cnvID` int(11) DEFAULT NULL,
  `enablePosting` int(11) DEFAULT '1',
  `paginate` tinyint(1) NOT NULL DEFAULT '1',
  `itemsPerPage` smallint(5) unsigned NOT NULL DEFAULT '50',
  `displayMode` varchar(255) COLLATE utf8_unicode_ci NOT NULL DEFAULT 'threaded',
  `orderBy` varchar(255) COLLATE utf8_unicode_ci NOT NULL DEFAULT 'date_desc',
  `enableOrdering` tinyint(1) NOT NULL DEFAULT '1',
  `enableCommentRating` tinyint(1) NOT NULL DEFAULT '1',
  `displayPostingForm` varchar(255) COLLATE utf8_unicode_ci NOT NULL DEFAULT 'top',
  `addMessageLabel` varchar(255) COLLATE utf8_unicode_ci NOT NULL DEFAULT '',
  `dateFormat` varchar(255) COLLATE utf8_unicode_ci DEFAULT 'default',
  `customDateFormat` varchar(255) COLLATE utf8_unicode_ci DEFAULT NULL,
  PRIMARY KEY (`bID`),
  KEY `cnvID` (`cnvID`)
) ENGINE=InnoDB DEFAULT CHARSET=utf8 COLLATE=utf8_unicode_ci;
/*!40101 SET character_set_client = @saved_cs_client */;

--
-- Dumping data for table `btCoreConversation`
--

LOCK TABLES `btCoreConversation` WRITE;
/*!40000 ALTER TABLE `btCoreConversation` DISABLE KEYS */;
/*!40000 ALTER TABLE `btCoreConversation` ENABLE KEYS */;
UNLOCK TABLES;

--
-- Table structure for table `btCorePageTypeComposerControlOutput`
--

DROP TABLE IF EXISTS `btCorePageTypeComposerControlOutput`;
/*!40101 SET @saved_cs_client     = @@character_set_client */;
/*!40101 SET character_set_client = utf8 */;
CREATE TABLE `btCorePageTypeComposerControlOutput` (
  `bID` int(10) unsigned NOT NULL,
  `ptComposerOutputControlID` int(10) unsigned NOT NULL DEFAULT '0',
  PRIMARY KEY (`bID`),
  KEY `ptComposerOutputControlID` (`ptComposerOutputControlID`)
) ENGINE=InnoDB DEFAULT CHARSET=utf8 COLLATE=utf8_unicode_ci;
/*!40101 SET character_set_client = @saved_cs_client */;

--
-- Dumping data for table `btCorePageTypeComposerControlOutput`
--

LOCK TABLES `btCorePageTypeComposerControlOutput` WRITE;
/*!40000 ALTER TABLE `btCorePageTypeComposerControlOutput` DISABLE KEYS */;
INSERT INTO `btCorePageTypeComposerControlOutput` VALUES (9,1),(10,10),(23,14),(35,20),(39,25);
/*!40000 ALTER TABLE `btCorePageTypeComposerControlOutput` ENABLE KEYS */;
UNLOCK TABLES;

--
-- Table structure for table `btCoreScrapbookDisplay`
--

DROP TABLE IF EXISTS `btCoreScrapbookDisplay`;
/*!40101 SET @saved_cs_client     = @@character_set_client */;
/*!40101 SET character_set_client = utf8 */;
CREATE TABLE `btCoreScrapbookDisplay` (
  `bID` int(10) unsigned NOT NULL,
  `bOriginalID` int(10) unsigned NOT NULL,
  PRIMARY KEY (`bID`),
  KEY `bOriginalID` (`bOriginalID`)
) ENGINE=InnoDB DEFAULT CHARSET=utf8 COLLATE=utf8_unicode_ci;
/*!40101 SET character_set_client = @saved_cs_client */;

--
-- Dumping data for table `btCoreScrapbookDisplay`
--

LOCK TABLES `btCoreScrapbookDisplay` WRITE;
/*!40000 ALTER TABLE `btCoreScrapbookDisplay` DISABLE KEYS */;
/*!40000 ALTER TABLE `btCoreScrapbookDisplay` ENABLE KEYS */;
UNLOCK TABLES;

--
-- Table structure for table `btCoreStackDisplay`
--

DROP TABLE IF EXISTS `btCoreStackDisplay`;
/*!40101 SET @saved_cs_client     = @@character_set_client */;
/*!40101 SET character_set_client = utf8 */;
CREATE TABLE `btCoreStackDisplay` (
  `bID` int(10) unsigned NOT NULL,
  `stID` int(10) unsigned NOT NULL,
  PRIMARY KEY (`bID`),
  KEY `stID` (`stID`)
) ENGINE=InnoDB DEFAULT CHARSET=utf8 COLLATE=utf8_unicode_ci;
/*!40101 SET character_set_client = @saved_cs_client */;

--
-- Dumping data for table `btCoreStackDisplay`
--

LOCK TABLES `btCoreStackDisplay` WRITE;
/*!40000 ALTER TABLE `btCoreStackDisplay` DISABLE KEYS */;
INSERT INTO `btCoreStackDisplay` VALUES (75,161),(103,162),(68,175);
/*!40000 ALTER TABLE `btCoreStackDisplay` ENABLE KEYS */;
UNLOCK TABLES;

--
-- Table structure for table `btDashboardNewsflowLatest`
--

DROP TABLE IF EXISTS `btDashboardNewsflowLatest`;
/*!40101 SET @saved_cs_client     = @@character_set_client */;
/*!40101 SET character_set_client = utf8 */;
CREATE TABLE `btDashboardNewsflowLatest` (
  `bID` int(10) unsigned NOT NULL,
  `slot` varchar(1) COLLATE utf8_unicode_ci NOT NULL,
  PRIMARY KEY (`bID`)
) ENGINE=InnoDB DEFAULT CHARSET=utf8 COLLATE=utf8_unicode_ci;
/*!40101 SET character_set_client = @saved_cs_client */;

--
-- Dumping data for table `btDashboardNewsflowLatest`
--

LOCK TABLES `btDashboardNewsflowLatest` WRITE;
/*!40000 ALTER TABLE `btDashboardNewsflowLatest` DISABLE KEYS */;
INSERT INTO `btDashboardNewsflowLatest` VALUES (4,'A'),(5,'B'),(8,'C');
/*!40000 ALTER TABLE `btDashboardNewsflowLatest` ENABLE KEYS */;
UNLOCK TABLES;

--
-- Table structure for table `btDateNavigation`
--

DROP TABLE IF EXISTS `btDateNavigation`;
/*!40101 SET @saved_cs_client     = @@character_set_client */;
/*!40101 SET character_set_client = utf8 */;
CREATE TABLE `btDateNavigation` (
  `bID` int(10) unsigned NOT NULL,
  `title` varchar(255) COLLATE utf8_unicode_ci NOT NULL DEFAULT '',
  `filterByParent` tinyint(1) DEFAULT '0',
  `redirectToResults` tinyint(1) DEFAULT '0',
  `cParentID` int(10) unsigned NOT NULL DEFAULT '0',
  `cTargetID` int(10) unsigned NOT NULL DEFAULT '0' COMMENT 'this field is where the links will direct you',
  `ptID` smallint(5) unsigned DEFAULT NULL,
  PRIMARY KEY (`bID`)
) ENGINE=InnoDB DEFAULT CHARSET=utf8 COLLATE=utf8_unicode_ci;
/*!40101 SET character_set_client = @saved_cs_client */;

--
-- Dumping data for table `btDateNavigation`
--

LOCK TABLES `btDateNavigation` WRITE;
/*!40000 ALTER TABLE `btDateNavigation` DISABLE KEYS */;
INSERT INTO `btDateNavigation` VALUES (29,'',0,1,0,179,8),(134,'Archives',0,0,0,0,8);
/*!40000 ALTER TABLE `btDateNavigation` ENABLE KEYS */;
UNLOCK TABLES;

--
-- Table structure for table `btDesktopNewsflowLatest`
--

DROP TABLE IF EXISTS `btDesktopNewsflowLatest`;
/*!40101 SET @saved_cs_client     = @@character_set_client */;
/*!40101 SET character_set_client = utf8 */;
CREATE TABLE `btDesktopNewsflowLatest` (
  `bID` int(10) unsigned NOT NULL,
  `slot` varchar(1) COLLATE utf8_unicode_ci NOT NULL,
  PRIMARY KEY (`bID`)
) ENGINE=InnoDB DEFAULT CHARSET=utf8 COLLATE=utf8_unicode_ci;
/*!40101 SET character_set_client = @saved_cs_client */;

--
-- Dumping data for table `btDesktopNewsflowLatest`
--

LOCK TABLES `btDesktopNewsflowLatest` WRITE;
/*!40000 ALTER TABLE `btDesktopNewsflowLatest` DISABLE KEYS */;
INSERT INTO `btDesktopNewsflowLatest` VALUES (235,'A'),(236,'B'),(237,'C');
/*!40000 ALTER TABLE `btDesktopNewsflowLatest` ENABLE KEYS */;
UNLOCK TABLES;

--
-- Table structure for table `btDesktopSiteActivity`
--

DROP TABLE IF EXISTS `btDesktopSiteActivity`;
/*!40101 SET @saved_cs_client     = @@character_set_client */;
/*!40101 SET character_set_client = utf8 */;
CREATE TABLE `btDesktopSiteActivity` (
  `bID` int(10) unsigned NOT NULL,
  `types` longtext COLLATE utf8_unicode_ci COMMENT '(DC2Type:json_array)',
  PRIMARY KEY (`bID`)
) ENGINE=InnoDB DEFAULT CHARSET=utf8 COLLATE=utf8_unicode_ci;
/*!40101 SET character_set_client = @saved_cs_client */;

--
-- Dumping data for table `btDesktopSiteActivity`
--

LOCK TABLES `btDesktopSiteActivity` WRITE;
/*!40000 ALTER TABLE `btDesktopSiteActivity` DISABLE KEYS */;
INSERT INTO `btDesktopSiteActivity` VALUES (230,'[\"form_submissions\",\"survey_results\",\"signups\",\"conversation_messages\",\"workflow\"]');
/*!40000 ALTER TABLE `btDesktopSiteActivity` ENABLE KEYS */;
UNLOCK TABLES;

--
-- Table structure for table `btExpressEntryDetail`
--

DROP TABLE IF EXISTS `btExpressEntryDetail`;
/*!40101 SET @saved_cs_client     = @@character_set_client */;
/*!40101 SET character_set_client = utf8 */;
CREATE TABLE `btExpressEntryDetail` (
  `bID` int(10) unsigned NOT NULL,
  `exEntityID` char(36) COLLATE utf8_unicode_ci NOT NULL COMMENT '(DC2Type:guid)',
  `exSpecificEntryID` int(10) unsigned NOT NULL,
  `exEntryAttributeKeyHandle` varchar(255) COLLATE utf8_unicode_ci DEFAULT NULL,
  `exFormID` char(36) COLLATE utf8_unicode_ci NOT NULL COMMENT '(DC2Type:guid)',
  `entryMode` varchar(1) COLLATE utf8_unicode_ci DEFAULT 'S',
  PRIMARY KEY (`bID`,`exEntityID`,`exSpecificEntryID`,`exFormID`)
) ENGINE=InnoDB DEFAULT CHARSET=utf8 COLLATE=utf8_unicode_ci;
/*!40101 SET character_set_client = @saved_cs_client */;

--
-- Dumping data for table `btExpressEntryDetail`
--

LOCK TABLES `btExpressEntryDetail` WRITE;
/*!40000 ALTER TABLE `btExpressEntryDetail` DISABLE KEYS */;
/*!40000 ALTER TABLE `btExpressEntryDetail` ENABLE KEYS */;
UNLOCK TABLES;

--
-- Table structure for table `btExpressEntryList`
--

DROP TABLE IF EXISTS `btExpressEntryList`;
/*!40101 SET @saved_cs_client     = @@character_set_client */;
/*!40101 SET character_set_client = utf8 */;
CREATE TABLE `btExpressEntryList` (
  `bID` int(10) unsigned NOT NULL,
  `exEntityID` varchar(255) COLLATE utf8_unicode_ci NOT NULL,
  `detailPage` int(10) unsigned NOT NULL DEFAULT '0',
  `linkedProperties` varchar(255) COLLATE utf8_unicode_ci DEFAULT NULL,
  `searchProperties` varchar(255) COLLATE utf8_unicode_ci DEFAULT NULL,
  `columns` longtext COLLATE utf8_unicode_ci,
  `displayLimit` int(11) DEFAULT '20',
  `enableSearch` int(11) DEFAULT '0',
  `enableKeywordSearch` int(11) DEFAULT '0',
  `headerBackgroundColor` varchar(32) COLLATE utf8_unicode_ci DEFAULT '',
  `headerBackgroundColorActiveSort` varchar(32) COLLATE utf8_unicode_ci DEFAULT '',
  `headerTextColor` varchar(32) COLLATE utf8_unicode_ci DEFAULT '',
  `tableName` varchar(255) COLLATE utf8_unicode_ci DEFAULT '',
  `tableDescription` varchar(255) COLLATE utf8_unicode_ci DEFAULT '',
  `tableStriped` tinyint(1) DEFAULT '0',
  `rowBackgroundColorAlternate` varchar(32) COLLATE utf8_unicode_ci DEFAULT '',
  PRIMARY KEY (`bID`)
) ENGINE=InnoDB DEFAULT CHARSET=utf8 COLLATE=utf8_unicode_ci;
/*!40101 SET character_set_client = @saved_cs_client */;

--
-- Dumping data for table `btExpressEntryList`
--

LOCK TABLES `btExpressEntryList` WRITE;
/*!40000 ALTER TABLE `btExpressEntryList` DISABLE KEYS */;
/*!40000 ALTER TABLE `btExpressEntryList` ENABLE KEYS */;
UNLOCK TABLES;

--
-- Table structure for table `btExpressForm`
--

DROP TABLE IF EXISTS `btExpressForm`;
/*!40101 SET @saved_cs_client     = @@character_set_client */;
/*!40101 SET character_set_client = utf8 */;
CREATE TABLE `btExpressForm` (
  `bID` int(10) unsigned NOT NULL,
  `exFormID` char(36) COLLATE utf8_unicode_ci DEFAULT NULL COMMENT '(DC2Type:guid)',
  `submitLabel` varchar(255) COLLATE utf8_unicode_ci DEFAULT 'Submit',
  `thankyouMsg` text COLLATE utf8_unicode_ci,
  `notifyMeOnSubmission` tinyint(1) NOT NULL DEFAULT '0',
  `recipientEmail` varchar(255) COLLATE utf8_unicode_ci DEFAULT NULL,
  `displayCaptcha` int(11) DEFAULT '1',
  `redirectCID` int(11) DEFAULT '0',
  `replyToEmailControlID` varchar(255) COLLATE utf8_unicode_ci DEFAULT NULL,
  `addFilesToSet` int(11) DEFAULT '0',
  PRIMARY KEY (`bID`)
) ENGINE=InnoDB DEFAULT CHARSET=utf8 COLLATE=utf8_unicode_ci;
/*!40101 SET character_set_client = @saved_cs_client */;

--
-- Dumping data for table `btExpressForm`
--

LOCK TABLES `btExpressForm` WRITE;
/*!40000 ALTER TABLE `btExpressForm` DISABLE KEYS */;
/*!40000 ALTER TABLE `btExpressForm` ENABLE KEYS */;
UNLOCK TABLES;

--
-- Table structure for table `btExternalForm`
--

DROP TABLE IF EXISTS `btExternalForm`;
/*!40101 SET @saved_cs_client     = @@character_set_client */;
/*!40101 SET character_set_client = utf8 */;
CREATE TABLE `btExternalForm` (
  `bID` int(10) unsigned NOT NULL,
  `filename` varchar(128) COLLATE utf8_unicode_ci DEFAULT NULL,
  PRIMARY KEY (`bID`)
) ENGINE=InnoDB DEFAULT CHARSET=utf8 COLLATE=utf8_unicode_ci;
/*!40101 SET character_set_client = @saved_cs_client */;

--
-- Dumping data for table `btExternalForm`
--

LOCK TABLES `btExternalForm` WRITE;
/*!40000 ALTER TABLE `btExternalForm` DISABLE KEYS */;
/*!40000 ALTER TABLE `btExternalForm` ENABLE KEYS */;
UNLOCK TABLES;

--
-- Table structure for table `btFaq`
--

DROP TABLE IF EXISTS `btFaq`;
/*!40101 SET @saved_cs_client     = @@character_set_client */;
/*!40101 SET character_set_client = utf8 */;
CREATE TABLE `btFaq` (
  `bID` int(10) unsigned NOT NULL,
  `blockTitle` varchar(255) COLLATE utf8_unicode_ci DEFAULT NULL,
  PRIMARY KEY (`bID`)
) ENGINE=InnoDB DEFAULT CHARSET=utf8 COLLATE=utf8_unicode_ci;
/*!40101 SET character_set_client = @saved_cs_client */;

--
-- Dumping data for table `btFaq`
--

LOCK TABLES `btFaq` WRITE;
/*!40000 ALTER TABLE `btFaq` DISABLE KEYS */;
/*!40000 ALTER TABLE `btFaq` ENABLE KEYS */;
UNLOCK TABLES;

--
-- Table structure for table `btFaqEntries`
--

DROP TABLE IF EXISTS `btFaqEntries`;
/*!40101 SET @saved_cs_client     = @@character_set_client */;
/*!40101 SET character_set_client = utf8 */;
CREATE TABLE `btFaqEntries` (
  `id` int(10) unsigned NOT NULL AUTO_INCREMENT,
  `bID` int(10) unsigned DEFAULT NULL,
  `linkTitle` varchar(255) COLLATE utf8_unicode_ci DEFAULT NULL,
  `title` varchar(255) COLLATE utf8_unicode_ci DEFAULT NULL,
  `sortOrder` int(11) DEFAULT NULL,
  `description` longtext COLLATE utf8_unicode_ci,
  PRIMARY KEY (`id`),
  KEY `bID` (`bID`,`sortOrder`)
) ENGINE=InnoDB DEFAULT CHARSET=utf8 COLLATE=utf8_unicode_ci;
/*!40101 SET character_set_client = @saved_cs_client */;

--
-- Dumping data for table `btFaqEntries`
--

LOCK TABLES `btFaqEntries` WRITE;
/*!40000 ALTER TABLE `btFaqEntries` DISABLE KEYS */;
/*!40000 ALTER TABLE `btFaqEntries` ENABLE KEYS */;
UNLOCK TABLES;

--
-- Table structure for table `btFeature`
--

DROP TABLE IF EXISTS `btFeature`;
/*!40101 SET @saved_cs_client     = @@character_set_client */;
/*!40101 SET character_set_client = utf8 */;
CREATE TABLE `btFeature` (
  `bID` int(10) unsigned NOT NULL,
  `icon` varchar(255) COLLATE utf8_unicode_ci DEFAULT NULL,
  `title` varchar(255) COLLATE utf8_unicode_ci DEFAULT NULL,
  `paragraph` text COLLATE utf8_unicode_ci,
  `externalLink` varchar(255) COLLATE utf8_unicode_ci DEFAULT NULL,
  `internalLinkCID` int(10) unsigned DEFAULT '0',
  PRIMARY KEY (`bID`)
) ENGINE=InnoDB DEFAULT CHARSET=utf8 COLLATE=utf8_unicode_ci;
/*!40101 SET character_set_client = @saved_cs_client */;

--
-- Dumping data for table `btFeature`
--

LOCK TABLES `btFeature` WRITE;
/*!40000 ALTER TABLE `btFeature` DISABLE KEYS */;
INSERT INTO `btFeature` VALUES (56,'location-arrow','MyConcreteLab Inc.','<p>Street with no name</p><p>566589 Dreamland</p>','',0),(57,'phone','','<p>+25 (5) 56889 988556</p>','',0),(77,'star','Best featured theme','','',0),(78,'star','Best seller theme','','',0),(79,'star','Best documented theme','','',0),(80,'star','Best user friendly theme','','',0),(85,'child','do not wait and buy it now !','<p>If you are interested in Supermint<br></p>','',0),(107,'location-arrow','MyConcreteLab Inc.','<p>Street with no name</p><p>565625 Dreamland</p>','',0),(108,'envelope-o','sales@myconcretelab.com','','',0),(120,'location-arrow','MyConcreteLab Inc.','<p>Street with no name</p><p>56562 Dreamland</p>','',0),(121,'envelope-o','sales@myconcretelab.com','','',0),(122,'newspaper-o','Fax : 00 32 567 8912 23','','',0);
/*!40000 ALTER TABLE `btFeature` ENABLE KEYS */;
UNLOCK TABLES;

--
-- Table structure for table `btForm`
--

DROP TABLE IF EXISTS `btForm`;
/*!40101 SET @saved_cs_client     = @@character_set_client */;
/*!40101 SET character_set_client = utf8 */;
CREATE TABLE `btForm` (
  `bID` int(10) unsigned NOT NULL,
  `questionSetId` int(10) unsigned DEFAULT '0',
  `surveyName` varchar(255) COLLATE utf8_unicode_ci DEFAULT NULL,
  `submitText` varchar(255) COLLATE utf8_unicode_ci DEFAULT 'Submit',
  `thankyouMsg` text COLLATE utf8_unicode_ci,
  `notifyMeOnSubmission` tinyint(1) NOT NULL DEFAULT '0',
  `recipientEmail` varchar(255) COLLATE utf8_unicode_ci DEFAULT NULL,
  `displayCaptcha` int(11) DEFAULT '1',
  `redirectCID` int(11) DEFAULT '0',
  `addFilesToSet` int(11) DEFAULT '0',
  PRIMARY KEY (`bID`),
  KEY `questionSetIdForeign` (`questionSetId`)
) ENGINE=InnoDB DEFAULT CHARSET=utf8 COLLATE=utf8_unicode_ci;
/*!40101 SET character_set_client = @saved_cs_client */;

--
-- Dumping data for table `btForm`
--

LOCK TABLES `btForm` WRITE;
/*!40000 ALTER TABLE `btForm` DISABLE KEYS */;
INSERT INTO `btForm` VALUES (105,1441373792,'Contact','Submit','Thanks!',0,'',0,0,0);
/*!40000 ALTER TABLE `btForm` ENABLE KEYS */;
UNLOCK TABLES;

--
-- Table structure for table `btFormAnswerSet`
--

DROP TABLE IF EXISTS `btFormAnswerSet`;
/*!40101 SET @saved_cs_client     = @@character_set_client */;
/*!40101 SET character_set_client = utf8 */;
CREATE TABLE `btFormAnswerSet` (
  `asID` int(10) unsigned NOT NULL AUTO_INCREMENT,
  `questionSetId` int(10) unsigned DEFAULT '0',
  `created` timestamp NOT NULL DEFAULT CURRENT_TIMESTAMP,
  `uID` int(10) unsigned DEFAULT '0',
  PRIMARY KEY (`asID`),
  KEY `questionSetId` (`questionSetId`),
  KEY `uID` (`uID`)
) ENGINE=InnoDB DEFAULT CHARSET=utf8 COLLATE=utf8_unicode_ci;
/*!40101 SET character_set_client = @saved_cs_client */;

--
-- Dumping data for table `btFormAnswerSet`
--

LOCK TABLES `btFormAnswerSet` WRITE;
/*!40000 ALTER TABLE `btFormAnswerSet` DISABLE KEYS */;
/*!40000 ALTER TABLE `btFormAnswerSet` ENABLE KEYS */;
UNLOCK TABLES;

--
-- Table structure for table `btFormAnswers`
--

DROP TABLE IF EXISTS `btFormAnswers`;
/*!40101 SET @saved_cs_client     = @@character_set_client */;
/*!40101 SET character_set_client = utf8 */;
CREATE TABLE `btFormAnswers` (
  `aID` int(10) unsigned NOT NULL AUTO_INCREMENT,
  `asID` int(10) unsigned DEFAULT '0',
  `msqID` int(10) unsigned DEFAULT '0',
  `answer` varchar(255) COLLATE utf8_unicode_ci DEFAULT NULL,
  `answerLong` text COLLATE utf8_unicode_ci,
  PRIMARY KEY (`aID`),
  KEY `asID` (`asID`),
  KEY `msqID` (`msqID`)
) ENGINE=InnoDB DEFAULT CHARSET=utf8 COLLATE=utf8_unicode_ci;
/*!40101 SET character_set_client = @saved_cs_client */;

--
-- Dumping data for table `btFormAnswers`
--

LOCK TABLES `btFormAnswers` WRITE;
/*!40000 ALTER TABLE `btFormAnswers` DISABLE KEYS */;
/*!40000 ALTER TABLE `btFormAnswers` ENABLE KEYS */;
UNLOCK TABLES;

--
-- Table structure for table `btFormQuestions`
--

DROP TABLE IF EXISTS `btFormQuestions`;
/*!40101 SET @saved_cs_client     = @@character_set_client */;
/*!40101 SET character_set_client = utf8 */;
CREATE TABLE `btFormQuestions` (
  `qID` int(10) unsigned NOT NULL AUTO_INCREMENT,
  `msqID` int(10) unsigned DEFAULT '0',
  `bID` int(10) unsigned DEFAULT '0',
  `questionSetId` int(10) unsigned DEFAULT '0',
  `question` varchar(255) COLLATE utf8_unicode_ci DEFAULT NULL,
  `inputType` varchar(255) COLLATE utf8_unicode_ci DEFAULT NULL,
  `options` text COLLATE utf8_unicode_ci,
  `position` int(10) unsigned DEFAULT '1000',
  `width` int(10) unsigned DEFAULT '50',
  `height` int(10) unsigned DEFAULT '3',
  `defaultDate` varchar(255) COLLATE utf8_unicode_ci DEFAULT '',
  `required` int(11) DEFAULT '0',
  PRIMARY KEY (`qID`),
  KEY `questionSetId` (`questionSetId`),
  KEY `msqID` (`msqID`),
  KEY `bID` (`bID`,`questionSetId`)
) ENGINE=InnoDB AUTO_INCREMENT=8 DEFAULT CHARSET=utf8 COLLATE=utf8_unicode_ci;
/*!40101 SET character_set_client = @saved_cs_client */;

--
-- Dumping data for table `btFormQuestions`
--

LOCK TABLES `btFormQuestions` WRITE;
/*!40000 ALTER TABLE `btFormQuestions` DISABLE KEYS */;
INSERT INTO `btFormQuestions` VALUES (4,4,105,1441373792,'Your Name','field','',0,50,3,'',0),(5,5,105,1441373792,'Your mail','email','a:1:{s:22:\"send_notification_from\";i:1;}',0,50,3,'',1),(6,6,105,1441373792,'Subject','field','',0,50,3,'',1),(7,7,105,1441373792,'Question','text','',0,50,3,'',1);
/*!40000 ALTER TABLE `btFormQuestions` ENABLE KEYS */;
UNLOCK TABLES;

--
-- Table structure for table `btGoogleMap`
--

DROP TABLE IF EXISTS `btGoogleMap`;
/*!40101 SET @saved_cs_client     = @@character_set_client */;
/*!40101 SET character_set_client = utf8 */;
CREATE TABLE `btGoogleMap` (
  `bID` int(10) unsigned NOT NULL,
  `title` varchar(255) COLLATE utf8_unicode_ci DEFAULT NULL,
  `location` varchar(255) COLLATE utf8_unicode_ci DEFAULT NULL,
  `latitude` double DEFAULT NULL,
  `longitude` double DEFAULT NULL,
  `zoom` smallint(6) DEFAULT NULL,
  `width` varchar(8) COLLATE utf8_unicode_ci DEFAULT '100%',
  `height` varchar(8) COLLATE utf8_unicode_ci DEFAULT '400px',
  `scrollwheel` tinyint(1) NOT NULL DEFAULT '1',
  PRIMARY KEY (`bID`)
) ENGINE=InnoDB DEFAULT CHARSET=utf8 COLLATE=utf8_unicode_ci;
/*!40101 SET character_set_client = @saved_cs_client */;

--
-- Dumping data for table `btGoogleMap`
--

LOCK TABLES `btGoogleMap` WRITE;
/*!40000 ALTER TABLE `btGoogleMap` DISABLE KEYS */;
INSERT INTO `btGoogleMap` VALUES (51,'','Brittany, France',48.2020471,-2.93264350000004,14,'100%','400px',0),(118,'','Brittany, France',48.2020471,-2.93264350000004,14,'100%','400px',0);
/*!40000 ALTER TABLE `btGoogleMap` ENABLE KEYS */;
UNLOCK TABLES;

--
-- Table structure for table `btImageSlider`
--

DROP TABLE IF EXISTS `btImageSlider`;
/*!40101 SET @saved_cs_client     = @@character_set_client */;
/*!40101 SET character_set_client = utf8 */;
CREATE TABLE `btImageSlider` (
  `bID` int(10) unsigned NOT NULL,
  `navigationType` int(10) unsigned DEFAULT '0',
  `timeout` int(10) unsigned DEFAULT NULL,
  `speed` int(10) unsigned DEFAULT NULL,
  `noAnimate` int(10) unsigned DEFAULT NULL,
  `pause` int(10) unsigned DEFAULT NULL,
  `maxWidth` int(10) unsigned DEFAULT NULL,
  PRIMARY KEY (`bID`)
) ENGINE=InnoDB DEFAULT CHARSET=utf8 COLLATE=utf8_unicode_ci;
/*!40101 SET character_set_client = @saved_cs_client */;

--
-- Dumping data for table `btImageSlider`
--

LOCK TABLES `btImageSlider` WRITE;
/*!40000 ALTER TABLE `btImageSlider` DISABLE KEYS */;
/*!40000 ALTER TABLE `btImageSlider` ENABLE KEYS */;
UNLOCK TABLES;

--
-- Table structure for table `btImageSliderEntries`
--

DROP TABLE IF EXISTS `btImageSliderEntries`;
/*!40101 SET @saved_cs_client     = @@character_set_client */;
/*!40101 SET character_set_client = utf8 */;
CREATE TABLE `btImageSliderEntries` (
  `id` int(10) unsigned NOT NULL AUTO_INCREMENT,
  `bID` int(10) unsigned DEFAULT NULL,
  `cID` int(10) unsigned DEFAULT '0',
  `fID` int(10) unsigned DEFAULT '0',
  `linkURL` varchar(255) COLLATE utf8_unicode_ci DEFAULT NULL,
  `internalLinkCID` int(10) unsigned DEFAULT '0',
  `title` longtext COLLATE utf8_unicode_ci,
  `description` longtext COLLATE utf8_unicode_ci,
  `sortOrder` int(11) DEFAULT NULL,
  PRIMARY KEY (`id`)
) ENGINE=InnoDB DEFAULT CHARSET=utf8 COLLATE=utf8_unicode_ci;
/*!40101 SET character_set_client = @saved_cs_client */;

--
-- Dumping data for table `btImageSliderEntries`
--

LOCK TABLES `btImageSliderEntries` WRITE;
/*!40000 ALTER TABLE `btImageSliderEntries` DISABLE KEYS */;
/*!40000 ALTER TABLE `btImageSliderEntries` ENABLE KEYS */;
UNLOCK TABLES;

--
-- Table structure for table `btNavigation`
--

DROP TABLE IF EXISTS `btNavigation`;
/*!40101 SET @saved_cs_client     = @@character_set_client */;
/*!40101 SET character_set_client = utf8 */;
CREATE TABLE `btNavigation` (
  `bID` int(10) unsigned NOT NULL,
  `orderBy` varchar(255) COLLATE utf8_unicode_ci DEFAULT 'alpha_asc',
  `displayPages` varchar(255) COLLATE utf8_unicode_ci DEFAULT 'top' COMMENT 'was enum(''top'',''current'',''above'',''below'',''custom'')',
  `displayPagesCID` int(10) unsigned NOT NULL DEFAULT '1',
  `displayPagesIncludeSelf` tinyint(1) NOT NULL DEFAULT '0',
  `displaySubPages` varchar(255) COLLATE utf8_unicode_ci DEFAULT 'none' COMMENT 'was enum(''none'',''all'',''relevant'',''relevant_breadcrumb'')',
  `displaySubPageLevels` varchar(255) COLLATE utf8_unicode_ci DEFAULT 'none' COMMENT 'was enum(''all'',''none'',''enough'',''enough_plus1'',''custom'')',
  `displaySubPageLevelsNum` smallint(5) unsigned NOT NULL DEFAULT '0',
  `displayUnavailablePages` tinyint(1) NOT NULL DEFAULT '0',
  PRIMARY KEY (`bID`)
) ENGINE=InnoDB DEFAULT CHARSET=utf8 COLLATE=utf8_unicode_ci;
/*!40101 SET character_set_client = @saved_cs_client */;

--
-- Dumping data for table `btNavigation`
--

LOCK TABLES `btNavigation` WRITE;
/*!40000 ALTER TABLE `btNavigation` DISABLE KEYS */;
INSERT INTO `btNavigation` VALUES (14,'display_asc','top',0,0,'relevant_breadcrumb','enough',0,0),(18,'display_asc','top',0,0,'relevant_breadcrumb','enough',0,0),(129,'display_asc','top',0,0,'relevant_breadcrumb','enough',0,0),(225,'display_asc','top',0,0,'all','all',0,0);
/*!40000 ALTER TABLE `btNavigation` ENABLE KEYS */;
UNLOCK TABLES;

--
-- Table structure for table `btNextPrevious`
--

DROP TABLE IF EXISTS `btNextPrevious`;
/*!40101 SET @saved_cs_client     = @@character_set_client */;
/*!40101 SET character_set_client = utf8 */;
CREATE TABLE `btNextPrevious` (
  `bID` int(10) unsigned NOT NULL,
  `nextLabel` varchar(128) COLLATE utf8_unicode_ci DEFAULT NULL,
  `previousLabel` varchar(128) COLLATE utf8_unicode_ci DEFAULT NULL,
  `parentLabel` varchar(128) COLLATE utf8_unicode_ci DEFAULT NULL,
  `loopSequence` int(11) DEFAULT '1',
  `orderBy` varchar(20) COLLATE utf8_unicode_ci DEFAULT 'display_asc',
  PRIMARY KEY (`bID`)
) ENGINE=InnoDB DEFAULT CHARSET=utf8 COLLATE=utf8_unicode_ci;
/*!40101 SET character_set_client = @saved_cs_client */;

--
-- Dumping data for table `btNextPrevious`
--

LOCK TABLES `btNextPrevious` WRITE;
/*!40000 ALTER TABLE `btNextPrevious` DISABLE KEYS */;
INSERT INTO `btNextPrevious` VALUES (25,'Next','Previous','Up',1,'display_asc'),(44,'Next','Previous','Up',1,'display_asc');
/*!40000 ALTER TABLE `btNextPrevious` ENABLE KEYS */;
UNLOCK TABLES;

--
-- Table structure for table `btPageAttributeDisplay`
--

DROP TABLE IF EXISTS `btPageAttributeDisplay`;
/*!40101 SET @saved_cs_client     = @@character_set_client */;
/*!40101 SET character_set_client = utf8 */;
CREATE TABLE `btPageAttributeDisplay` (
  `bID` int(10) unsigned NOT NULL,
  `attributeHandle` varchar(255) COLLATE utf8_unicode_ci DEFAULT NULL,
  `attributeTitleText` varchar(255) COLLATE utf8_unicode_ci DEFAULT NULL,
  `displayTag` varchar(255) COLLATE utf8_unicode_ci DEFAULT NULL,
  `dateFormat` varchar(100) COLLATE utf8_unicode_ci DEFAULT 'div',
  `thumbnailHeight` int(10) unsigned DEFAULT NULL,
  `thumbnailWidth` int(10) unsigned DEFAULT NULL,
  `delimiter` varchar(255) COLLATE utf8_unicode_ci DEFAULT NULL,
  PRIMARY KEY (`bID`)
) ENGINE=InnoDB DEFAULT CHARSET=utf8 COLLATE=utf8_unicode_ci;
/*!40101 SET character_set_client = @saved_cs_client */;

--
-- Dumping data for table `btPageAttributeDisplay`
--

LOCK TABLES `btPageAttributeDisplay` WRITE;
/*!40000 ALTER TABLE `btPageAttributeDisplay` DISABLE KEYS */;
INSERT INTO `btPageAttributeDisplay` VALUES (12,'rpv_pageName','','h3','m/d/y h:i:a',250,250,NULL),(13,'rpv_pageDescription','','p','m/d/y h:i:a',250,250,NULL),(16,'rpv_pageName','','h3','m/d/y h:i:a',250,250,NULL),(17,'rpv_pageDescription','','p','m/d/y h:i:a',250,250,NULL),(32,'rpv_pageName','','h2','m/d/y h:i:a',250,250,NULL),(33,'rpv_pageDescription','','p','m/d/y h:i:a',250,250,NULL),(38,'rpv_pageName','','h3','m/d/y h:i:a',250,250,NULL),(127,'rpv_pageName','','h3','m/d/y h:i:a',250,250,NULL),(128,'rpv_pageDescription','','p','m/d/y h:i:a',250,250,NULL),(138,'rpv_pageName','','h3','m/d/y h:i:a',250,250,NULL),(146,'rpv_pageName','','h3','m/d/y h:i:a',250,250,NULL),(154,'rpv_pageName','','h3','m/d/y h:i:a',250,250,NULL),(167,'rpv_pageName','','h3','m/d/y h:i:a',250,250,NULL);
/*!40000 ALTER TABLE `btPageAttributeDisplay` ENABLE KEYS */;
UNLOCK TABLES;

--
-- Table structure for table `btPageList`
--

DROP TABLE IF EXISTS `btPageList`;
/*!40101 SET @saved_cs_client     = @@character_set_client */;
/*!40101 SET character_set_client = utf8 */;
CREATE TABLE `btPageList` (
  `bID` int(10) unsigned NOT NULL,
  `num` smallint(5) unsigned NOT NULL,
  `orderBy` varchar(32) COLLATE utf8_unicode_ci DEFAULT NULL COMMENT 'Was enum, display_asc'',''display_desc'',''chrono_asc'',''chrono_desc'',''alpha_asc'',''alpha_desc'',''score_asc'',''score_desc''',
  `cParentID` int(10) unsigned NOT NULL DEFAULT '1',
  `cThis` tinyint(1) NOT NULL DEFAULT '0',
  `useButtonForLink` tinyint(1) NOT NULL DEFAULT '0',
  `buttonLinkText` varchar(255) COLLATE utf8_unicode_ci DEFAULT NULL,
  `pageListTitle` varchar(255) COLLATE utf8_unicode_ci DEFAULT NULL,
  `filterByRelated` tinyint(1) NOT NULL DEFAULT '0',
  `filterByCustomTopic` tinyint(1) NOT NULL DEFAULT '0',
  `relatedTopicAttributeKeyHandle` varchar(255) COLLATE utf8_unicode_ci DEFAULT NULL,
  `customTopicAttributeKeyHandle` varchar(255) COLLATE utf8_unicode_ci DEFAULT NULL,
  `customTopicTreeNodeID` int(10) unsigned NOT NULL DEFAULT '0',
  `includeName` tinyint(1) NOT NULL DEFAULT '1',
  `includeDescription` tinyint(1) NOT NULL DEFAULT '1',
  `includeDate` tinyint(1) NOT NULL DEFAULT '0',
  `includeAllDescendents` tinyint(1) NOT NULL DEFAULT '0',
  `paginate` tinyint(1) NOT NULL DEFAULT '0',
  `displayAliases` tinyint(1) NOT NULL DEFAULT '1',
  `enableExternalFiltering` tinyint(1) NOT NULL DEFAULT '0',
  `ptID` smallint(5) unsigned DEFAULT NULL,
  `pfID` int(11) DEFAULT '0',
  `truncateSummaries` int(11) DEFAULT '0',
  `displayFeaturedOnly` tinyint(1) DEFAULT '0',
  `noResultsMessage` varchar(255) COLLATE utf8_unicode_ci DEFAULT NULL,
  `displayThumbnail` tinyint(1) DEFAULT '0',
  `truncateChars` int(11) DEFAULT '128',
  `filterDateOption` varchar(25) COLLATE utf8_unicode_ci DEFAULT 'all' COMMENT '(''all'',''today'',''past'',''future'',''between'')',
  `filterDateDays` int(10) unsigned NOT NULL DEFAULT '0',
  `filterDateStart` varchar(20) COLLATE utf8_unicode_ci DEFAULT NULL,
  `filterDateEnd` varchar(20) COLLATE utf8_unicode_ci DEFAULT NULL,
  `ignorePermissions` tinyint(1) NOT NULL DEFAULT '0',
  `cThisParent` tinyint(1) NOT NULL DEFAULT '0',
  PRIMARY KEY (`bID`),
  KEY `ptID` (`ptID`)
) ENGINE=InnoDB DEFAULT CHARSET=utf8 COLLATE=utf8_unicode_ci;
/*!40101 SET character_set_client = @saved_cs_client */;

--
-- Dumping data for table `btPageList`
--

LOCK TABLES `btPageList` WRITE;
/*!40000 ALTER TABLE `btPageList` DISABLE KEYS */;
INSERT INTO `btPageList` VALUES (54,2,'display_asc',0,0,0,'','',0,0,'','',0,1,1,1,0,0,0,0,8,0,0,0,'',1,0,'all',0,NULL,NULL,0,0),(125,0,'display_asc',0,0,0,'','',0,0,'','',0,1,1,1,0,0,0,1,8,0,0,0,'',1,0,'all',0,NULL,NULL,0,0),(160,0,'display_asc',0,0,0,'','',0,0,'','',0,1,1,0,0,0,0,0,9,0,0,0,'',1,0,'all',0,NULL,NULL,0,0),(163,0,'display_asc',180,0,0,'','',0,0,'','',0,1,1,0,0,0,0,1,9,0,0,0,'',1,0,'all',0,NULL,NULL,0,0),(187,0,'display_asc',0,0,0,'','',0,0,'','',0,1,1,0,0,0,0,0,9,0,0,0,'',1,0,'all',0,NULL,NULL,0,0),(192,0,'display_asc',0,0,0,'','',0,0,'','',0,1,1,0,0,0,0,0,9,0,0,0,'',1,0,'all',0,NULL,NULL,0,0),(193,0,'display_asc',0,0,0,'','',0,0,'','',0,0,0,0,0,0,0,0,9,0,0,0,'',1,0,'all',0,NULL,NULL,0,0),(194,0,'display_asc',0,0,0,'','',0,0,'','',0,0,0,0,0,0,0,0,9,0,0,0,'',1,0,'all',0,NULL,NULL,0,0),(224,0,'display_asc',0,0,0,'','',0,0,'','',0,1,1,0,0,0,0,0,9,0,0,0,'',1,0,'all',0,NULL,NULL,0,0);
/*!40000 ALTER TABLE `btPageList` ENABLE KEYS */;
UNLOCK TABLES;

--
-- Table structure for table `btPageTitle`
--

DROP TABLE IF EXISTS `btPageTitle`;
/*!40101 SET @saved_cs_client     = @@character_set_client */;
/*!40101 SET character_set_client = utf8 */;
CREATE TABLE `btPageTitle` (
  `bID` int(10) unsigned NOT NULL,
  `useCustomTitle` int(10) unsigned DEFAULT '0',
  `titleText` varchar(255) COLLATE utf8_unicode_ci DEFAULT NULL,
  `formatting` varchar(3) COLLATE utf8_unicode_ci DEFAULT NULL,
  `useFilterTitle` int(10) unsigned DEFAULT '0',
  `useFilterTopic` int(10) unsigned DEFAULT '0',
  `useFilterTag` int(10) unsigned DEFAULT '0',
  `useFilterDate` int(10) unsigned DEFAULT '0',
  `topicTextFormat` varchar(255) COLLATE utf8_unicode_ci DEFAULT NULL,
  `tagTextFormat` varchar(255) COLLATE utf8_unicode_ci DEFAULT NULL,
  `dateTextFormat` varchar(255) COLLATE utf8_unicode_ci DEFAULT NULL,
  `filterDateFormat` varchar(255) COLLATE utf8_unicode_ci DEFAULT NULL,
  PRIMARY KEY (`bID`)
) ENGINE=InnoDB DEFAULT CHARSET=utf8 COLLATE=utf8_unicode_ci;
/*!40101 SET character_set_client = @saved_cs_client */;

--
-- Dumping data for table `btPageTitle`
--

LOCK TABLES `btPageTitle` WRITE;
/*!40000 ALTER TABLE `btPageTitle` DISABLE KEYS */;
INSERT INTO `btPageTitle` VALUES (20,0,'[Page Title]','h5',0,0,0,0,NULL,NULL,NULL,NULL),(40,0,'[Page Title]','h5',0,0,0,0,NULL,NULL,NULL,NULL),(140,0,'[Page Title]','h5',0,0,0,0,NULL,NULL,NULL,NULL),(148,0,'[Page Title]','h5',0,0,0,0,NULL,NULL,NULL,NULL),(156,0,'[Page Title]','h5',0,0,0,0,NULL,NULL,NULL,NULL),(169,0,'[Page Title]','h5',0,0,0,0,NULL,NULL,NULL,NULL);
/*!40000 ALTER TABLE `btPageTitle` ENABLE KEYS */;
UNLOCK TABLES;

--
-- Table structure for table `btPieChart`
--

DROP TABLE IF EXISTS `btPieChart`;
/*!40101 SET @saved_cs_client     = @@character_set_client */;
/*!40101 SET character_set_client = utf8 */;
CREATE TABLE `btPieChart` (
  `bID` int(10) unsigned NOT NULL,
  `options` text COLLATE utf8_unicode_ci,
  PRIMARY KEY (`bID`)
) ENGINE=InnoDB DEFAULT CHARSET=utf8 COLLATE=utf8_unicode_ci;
/*!40101 SET character_set_client = @saved_cs_client */;

--
-- Dumping data for table `btPieChart`
--

LOCK TABLES `btPieChart` WRITE;
/*!40000 ALTER TABLE `btPieChart` DISABLE KEYS */;
INSERT INTO `btPieChart` VALUES (83,'{\"options\":{\"value\":\"90\",\"content\":\"Friendly\",\"fontSize\":\"20\",\"textColor\":\"#232729\",\"barColor\":\"#18aedf\",\"track\":\"0\",\"trackColor\":\"#f2f2f2\",\"scale\":\"0\",\"scaleColor\":\"#dfe0e0\",\"lineCap\":\"round\",\"lineWidth\":\"9\",\"size\":\"171\",\"rotate\":\"0\",\"animate\":\"600\",\"ccm-edit-block-submit\":\"submit\"}}'),(84,'{\"options\":{\"value\":\"84\",\"content\":\"Documented\",\"fontSize\":\"20\",\"textColor\":\"#232729\",\"barColor\":\"#18aedf\",\"track\":\"0\",\"trackColor\":\"#f2f2f2\",\"scale\":\"0\",\"scaleColor\":\"#dfe0e0\",\"lineCap\":\"round\",\"lineWidth\":\"9\",\"size\":\"171\",\"rotate\":\"0\",\"animate\":\"600\",\"ccm-edit-block-submit\":\"submit\"}}'),(180,'{\"value\":\"75\",\"content\":\"75 clients\",\"fontSize\":\"30\",\"textColor\":\"#ffffff\",\"barColor\":\"#ff784f\",\"track\":\"0\",\"trackColor\":\"#f2f2f2\",\"scale\":\"0\",\"scaleColor\":\"#dfe0e0\",\"lineCap\":\"round\",\"lineWidth\":\"5\",\"size\":\"249\",\"rotate\":\"0\",\"animate\":\"950\",\"ccm-edit-block-submit\":\"submit\"}'),(182,'{\"value\":\"89\",\"content\":\"140 completed projects\",\"fontSize\":\"17\",\"textColor\":\"#ffffff\",\"barColor\":\"#ff784f\",\"track\":\"0\",\"trackColor\":\"#f2f2f2\",\"scale\":\"0\",\"scaleColor\":\"#dfe0e0\",\"lineCap\":\"square\",\"lineWidth\":\"20\",\"size\":\"249\",\"rotate\":\"0\",\"animate\":\"950\",\"ccm-edit-block-submit\":\"submit\"}'),(184,'{\"value\":\"59\",\"content\":\"800.000 Lines of code\",\"fontSize\":\"20\",\"textColor\":\"#ffffff\",\"barColor\":\"#ff784f\",\"track\":\"0\",\"trackColor\":\"#f2f2f2\",\"scale\":\"0\",\"scaleColor\":\"#dfe0e0\",\"lineCap\":\"round\",\"lineWidth\":\"5\",\"size\":\"249\",\"rotate\":\"0\",\"animate\":\"950\",\"ccm-edit-block-submit\":\"submit\"}'),(210,'{\"value\":\"89\",\"content\":\"140 completed projects\",\"fontSize\":\"17\",\"textColor\":\"#ffffff\",\"barColor\":\"#ff784f\",\"track\":\"0\",\"trackColor\":\"#f2f2f2\",\"scale\":\"0\",\"scaleColor\":\"#dfe0e0\",\"lineCap\":\"round\",\"lineWidth\":\"20\",\"size\":\"249\",\"rotate\":\"0\",\"animate\":\"950\",\"ccm-edit-block-submit\":\"submit\"}');
/*!40000 ALTER TABLE `btPieChart` ENABLE KEYS */;
UNLOCK TABLES;

--
-- Table structure for table `btRssDisplay`
--

DROP TABLE IF EXISTS `btRssDisplay`;
/*!40101 SET @saved_cs_client     = @@character_set_client */;
/*!40101 SET character_set_client = utf8 */;
CREATE TABLE `btRssDisplay` (
  `bID` int(10) unsigned NOT NULL,
  `title` varchar(255) COLLATE utf8_unicode_ci DEFAULT NULL,
  `url` varchar(255) COLLATE utf8_unicode_ci DEFAULT NULL,
  `dateFormat` varchar(100) COLLATE utf8_unicode_ci DEFAULT NULL,
  `itemsToDisplay` int(10) unsigned DEFAULT '5',
  `showSummary` tinyint(1) NOT NULL DEFAULT '1',
  `launchInNewWindow` tinyint(1) NOT NULL DEFAULT '1',
  PRIMARY KEY (`bID`)
) ENGINE=InnoDB DEFAULT CHARSET=utf8 COLLATE=utf8_unicode_ci;
/*!40101 SET character_set_client = @saved_cs_client */;

--
-- Dumping data for table `btRssDisplay`
--

LOCK TABLES `btRssDisplay` WRITE;
/*!40000 ALTER TABLE `btRssDisplay` DISABLE KEYS */;
INSERT INTO `btRssDisplay` VALUES (232,'Tutorials','http://documentation.concrete5.org/rss/tutorials','',1,1,1),(238,'News from concrete5.org','http://www.concrete5.org/rss/blog','',3,1,1);
/*!40000 ALTER TABLE `btRssDisplay` ENABLE KEYS */;
UNLOCK TABLES;

--
-- Table structure for table `btSearch`
--

DROP TABLE IF EXISTS `btSearch`;
/*!40101 SET @saved_cs_client     = @@character_set_client */;
/*!40101 SET character_set_client = utf8 */;
CREATE TABLE `btSearch` (
  `bID` int(10) unsigned NOT NULL,
  `title` varchar(255) COLLATE utf8_unicode_ci DEFAULT NULL,
  `buttonText` varchar(128) COLLATE utf8_unicode_ci DEFAULT NULL,
  `baseSearchPath` varchar(255) COLLATE utf8_unicode_ci DEFAULT NULL,
  `postTo_cID` varchar(255) COLLATE utf8_unicode_ci DEFAULT NULL,
  `resultsURL` varchar(255) COLLATE utf8_unicode_ci DEFAULT NULL,
  PRIMARY KEY (`bID`)
) ENGINE=InnoDB DEFAULT CHARSET=utf8 COLLATE=utf8_unicode_ci;
/*!40101 SET character_set_client = @saved_cs_client */;

--
-- Dumping data for table `btSearch`
--

LOCK TABLES `btSearch` WRITE;
/*!40000 ALTER TABLE `btSearch` DISABLE KEYS */;
INSERT INTO `btSearch` VALUES (130,'Search','','/blog','','');
/*!40000 ALTER TABLE `btSearch` ENABLE KEYS */;
UNLOCK TABLES;

--
-- Table structure for table `btShareThisPage`
--

DROP TABLE IF EXISTS `btShareThisPage`;
/*!40101 SET @saved_cs_client     = @@character_set_client */;
/*!40101 SET character_set_client = utf8 */;
CREATE TABLE `btShareThisPage` (
  `btShareThisPageID` int(10) unsigned NOT NULL AUTO_INCREMENT,
  `bID` int(10) unsigned DEFAULT '0',
  `service` varchar(255) COLLATE utf8_unicode_ci DEFAULT NULL,
  `displayOrder` int(10) unsigned DEFAULT '0',
  PRIMARY KEY (`btShareThisPageID`)
) ENGINE=InnoDB AUTO_INCREMENT=4 DEFAULT CHARSET=utf8 COLLATE=utf8_unicode_ci;
/*!40101 SET character_set_client = @saved_cs_client */;

--
-- Dumping data for table `btShareThisPage`
--

LOCK TABLES `btShareThisPage` WRITE;
/*!40000 ALTER TABLE `btShareThisPage` DISABLE KEYS */;
INSERT INTO `btShareThisPage` VALUES (1,21,'facebook',0),(2,21,'twitter',1),(3,21,'email',2);
/*!40000 ALTER TABLE `btShareThisPage` ENABLE KEYS */;
UNLOCK TABLES;

--
-- Table structure for table `btSocialLinks`
--

DROP TABLE IF EXISTS `btSocialLinks`;
/*!40101 SET @saved_cs_client     = @@character_set_client */;
/*!40101 SET character_set_client = utf8 */;
CREATE TABLE `btSocialLinks` (
  `btSocialLinkID` int(10) unsigned NOT NULL AUTO_INCREMENT,
  `bID` int(10) unsigned DEFAULT '0',
  `slID` int(10) unsigned DEFAULT '0',
  `displayOrder` int(10) unsigned DEFAULT '0',
  PRIMARY KEY (`btSocialLinkID`),
  KEY `bID` (`bID`,`displayOrder`),
  KEY `slID` (`slID`)
) ENGINE=InnoDB AUTO_INCREMENT=8 DEFAULT CHARSET=utf8 COLLATE=utf8_unicode_ci;
/*!40101 SET character_set_client = @saved_cs_client */;

--
-- Dumping data for table `btSocialLinks`
--

LOCK TABLES `btSocialLinks` WRITE;
/*!40000 ALTER TABLE `btSocialLinks` DISABLE KEYS */;
INSERT INTO `btSocialLinks` VALUES (1,61,3,0),(2,61,1,1),(3,61,4,2),(4,61,2,3),(5,113,1,0),(6,113,3,1),(7,113,4,2);
/*!40000 ALTER TABLE `btSocialLinks` ENABLE KEYS */;
UNLOCK TABLES;

--
-- Table structure for table `btSurvey`
--

DROP TABLE IF EXISTS `btSurvey`;
/*!40101 SET @saved_cs_client     = @@character_set_client */;
/*!40101 SET character_set_client = utf8 */;
CREATE TABLE `btSurvey` (
  `bID` int(10) unsigned NOT NULL,
  `question` varchar(255) COLLATE utf8_unicode_ci DEFAULT '',
  `requiresRegistration` int(11) DEFAULT '0',
  PRIMARY KEY (`bID`)
) ENGINE=InnoDB DEFAULT CHARSET=utf8 COLLATE=utf8_unicode_ci;
/*!40101 SET character_set_client = @saved_cs_client */;

--
-- Dumping data for table `btSurvey`
--

LOCK TABLES `btSurvey` WRITE;
/*!40000 ALTER TABLE `btSurvey` DISABLE KEYS */;
/*!40000 ALTER TABLE `btSurvey` ENABLE KEYS */;
UNLOCK TABLES;

--
-- Table structure for table `btSurveyOptions`
--

DROP TABLE IF EXISTS `btSurveyOptions`;
/*!40101 SET @saved_cs_client     = @@character_set_client */;
/*!40101 SET character_set_client = utf8 */;
CREATE TABLE `btSurveyOptions` (
  `optionID` int(10) unsigned NOT NULL AUTO_INCREMENT,
  `bID` int(11) DEFAULT NULL,
  `optionName` varchar(255) COLLATE utf8_unicode_ci DEFAULT NULL,
  `displayOrder` int(11) DEFAULT '0',
  PRIMARY KEY (`optionID`),
  KEY `bID` (`bID`,`displayOrder`)
) ENGINE=InnoDB DEFAULT CHARSET=utf8 COLLATE=utf8_unicode_ci;
/*!40101 SET character_set_client = @saved_cs_client */;

--
-- Dumping data for table `btSurveyOptions`
--

LOCK TABLES `btSurveyOptions` WRITE;
/*!40000 ALTER TABLE `btSurveyOptions` DISABLE KEYS */;
/*!40000 ALTER TABLE `btSurveyOptions` ENABLE KEYS */;
UNLOCK TABLES;

--
-- Table structure for table `btSurveyResults`
--

DROP TABLE IF EXISTS `btSurveyResults`;
/*!40101 SET @saved_cs_client     = @@character_set_client */;
/*!40101 SET character_set_client = utf8 */;
CREATE TABLE `btSurveyResults` (
  `resultID` int(10) unsigned NOT NULL AUTO_INCREMENT,
  `optionID` int(10) unsigned DEFAULT '0',
  `uID` int(10) unsigned DEFAULT '0',
  `bID` int(11) DEFAULT NULL,
  `cID` int(11) DEFAULT NULL,
  `ipAddress` varchar(128) COLLATE utf8_unicode_ci DEFAULT NULL,
  `timestamp` timestamp NOT NULL DEFAULT CURRENT_TIMESTAMP,
  PRIMARY KEY (`resultID`),
  KEY `optionID` (`optionID`),
  KEY `cID` (`cID`,`optionID`,`bID`),
  KEY `bID` (`bID`,`cID`,`uID`),
  KEY `uID` (`uID`)
) ENGINE=InnoDB DEFAULT CHARSET=utf8 COLLATE=utf8_unicode_ci;
/*!40101 SET character_set_client = @saved_cs_client */;

--
-- Dumping data for table `btSurveyResults`
--

LOCK TABLES `btSurveyResults` WRITE;
/*!40000 ALTER TABLE `btSurveyResults` DISABLE KEYS */;
/*!40000 ALTER TABLE `btSurveyResults` ENABLE KEYS */;
UNLOCK TABLES;

--
-- Table structure for table `btSwitchLanguage`
--

DROP TABLE IF EXISTS `btSwitchLanguage`;
/*!40101 SET @saved_cs_client     = @@character_set_client */;
/*!40101 SET character_set_client = utf8 */;
CREATE TABLE `btSwitchLanguage` (
  `bID` int(10) unsigned NOT NULL,
  `label` varchar(255) COLLATE utf8_unicode_ci DEFAULT '',
  PRIMARY KEY (`bID`)
) ENGINE=InnoDB DEFAULT CHARSET=utf8 COLLATE=utf8_unicode_ci;
/*!40101 SET character_set_client = @saved_cs_client */;

--
-- Dumping data for table `btSwitchLanguage`
--

LOCK TABLES `btSwitchLanguage` WRITE;
/*!40000 ALTER TABLE `btSwitchLanguage` DISABLE KEYS */;
/*!40000 ALTER TABLE `btSwitchLanguage` ENABLE KEYS */;
UNLOCK TABLES;

--
-- Table structure for table `btTags`
--

DROP TABLE IF EXISTS `btTags`;
/*!40101 SET @saved_cs_client     = @@character_set_client */;
/*!40101 SET character_set_client = utf8 */;
CREATE TABLE `btTags` (
  `bID` int(10) unsigned NOT NULL,
  `title` varchar(255) COLLATE utf8_unicode_ci DEFAULT NULL,
  `targetCID` int(11) DEFAULT NULL,
  `displayMode` varchar(20) COLLATE utf8_unicode_ci DEFAULT 'page',
  `cloudCount` int(11) DEFAULT '10',
  PRIMARY KEY (`bID`)
) ENGINE=InnoDB DEFAULT CHARSET=utf8 COLLATE=utf8_unicode_ci;
/*!40101 SET character_set_client = @saved_cs_client */;

--
-- Dumping data for table `btTags`
--

LOCK TABLES `btTags` WRITE;
/*!40000 ALTER TABLE `btTags` DISABLE KEYS */;
INSERT INTO `btTags` VALUES (27,'',179,'page',0),(42,'Tags',180,'page',0),(132,'Tags',179,'cloud',0),(142,'Tags',180,'page',0),(150,'Tags',180,'page',0),(158,'Tags',180,'page',0),(171,'Tags',180,'page',0);
/*!40000 ALTER TABLE `btTags` ENABLE KEYS */;
UNLOCK TABLES;

--
-- Table structure for table `btTestimonial`
--

DROP TABLE IF EXISTS `btTestimonial`;
/*!40101 SET @saved_cs_client     = @@character_set_client */;
/*!40101 SET character_set_client = utf8 */;
CREATE TABLE `btTestimonial` (
  `bID` int(10) unsigned NOT NULL,
  `fID` int(10) unsigned DEFAULT '0',
  `name` varchar(255) COLLATE utf8_unicode_ci DEFAULT NULL,
  `position` varchar(255) COLLATE utf8_unicode_ci DEFAULT NULL,
  `company` varchar(255) COLLATE utf8_unicode_ci DEFAULT NULL,
  `companyURL` varchar(255) COLLATE utf8_unicode_ci DEFAULT NULL,
  `paragraph` text COLLATE utf8_unicode_ci,
  PRIMARY KEY (`bID`)
) ENGINE=InnoDB DEFAULT CHARSET=utf8 COLLATE=utf8_unicode_ci;
/*!40101 SET character_set_client = @saved_cs_client */;

--
-- Dumping data for table `btTestimonial`
--

LOCK TABLES `btTestimonial` WRITE;
/*!40000 ALTER TABLE `btTestimonial` DISABLE KEYS */;
INSERT INTO `btTestimonial` VALUES (66,3,'The MOST POWERFUL THEME on the Marketplace  Hands Down','Dec 31, 2014','CharismaBusiness','#','Lorem ipsum dolor sit amet, consectetuer adipiscing elit. Aenean commodo ligula eget dolor. Aenean massa. Cum sociis natoque penatibus et magnis dis parturient montes, nascetur ridiculus mus. Donec quam felis, ultricies nec, pellentesque eu, pretium quis, sem.'),(67,3,'Flexible and fun theme','Nov 3, 2014','tailtwister','#','Lorem ipsum dolor sit amet, consectetuer adipiscing elit. Aenean commodo ligula eget dolor. Aenean massa. Cum sociis natoque penatibus et magnis dis parturient montes, nascetur ridiculus mus. Donec quam felis, ultricies nec, pellentesque eu, pretium quis, sem.'),(98,3,'Jane Doe','Manager','Myconcretelab','http://new.myconcretelab.com','Lorem ipsum dolor sit amet, consectetuer adipiscing elit. Aenean commodo ligula eget dolor. Aenean massa. Cum sociis natoque penatibus et magnis dis parturient montes, nascetur ridiculus mus. Donec quam felis, ultricies nec, pellentesque eu, pretium quis, sem.'),(99,3,'Jane Doe','Webdesign','Myconcretelab','http://new.myconcretelab.com','Lorem ipsum dolor sit amet, consectetuer adipiscing elit. Aenean commodo ligula eget dolor. Aenean massa. Cum sociis natoque penatibus et magnis dis parturient montes, nascetur ridiculus mus. Donec quam felis, ultricies nec, pellentesque eu, pretium quis, sem.'),(100,3,'Doe Doe','Webdesign','Myconcretelab','http://new.myconcretelab.com','Lorem ipsum dolor sit amet, consectetuer adipiscing elit. Aenean commodo ligula eget dolor. Aenean massa. Cum sociis natoque penatibus et magnis dis parturient montes, nascetur ridiculus mus. Donec quam felis, ultricies nec, pellentesque eu, pretium quis, sem.'),(114,3,'Jane Doe','Webdesign - Graphism','Myconcretelab','http://new.myconcretelab.com','Lorem ipsum dolor sit amet, consectetuer adipiscing elit. Aenean commodo ligula eget dolor. Aenean massa. Cum sociis natoque penatibus et magnis dis parturient montes, nascetur ridiculus mus. Donec quam felis, ultricies nec, pellentesque eu, pretium quis, sem.'),(116,3,'Jane Doe','Code cleaner','Myconcretelab','http://new.myconcretelab.com','Lorem ipsum dolor sit amet, consectetuer adipiscing elit. Aenean commodo ligula eget dolor. Aenean massa. Cum sociis natoque penatibus et magnis dis parturient montes, nascetur ridiculus mus. Donec quam felis, ultricies nec, pellentesque eu, pretium quis, sem.');
/*!40000 ALTER TABLE `btTestimonial` ENABLE KEYS */;
UNLOCK TABLES;

--
-- Table structure for table `btTopicList`
--

DROP TABLE IF EXISTS `btTopicList`;
/*!40101 SET @saved_cs_client     = @@character_set_client */;
/*!40101 SET character_set_client = utf8 */;
CREATE TABLE `btTopicList` (
  `bID` int(10) unsigned NOT NULL,
  `mode` varchar(1) COLLATE utf8_unicode_ci NOT NULL DEFAULT 'S' COMMENT 'S = Search, P = Page',
  `topicAttributeKeyHandle` varchar(255) COLLATE utf8_unicode_ci NOT NULL DEFAULT '',
  `topicTreeID` int(10) unsigned NOT NULL DEFAULT '0',
  `cParentID` int(10) unsigned NOT NULL DEFAULT '0',
  `title` varchar(255) COLLATE utf8_unicode_ci NOT NULL DEFAULT '',
  PRIMARY KEY (`bID`)
) ENGINE=InnoDB DEFAULT CHARSET=utf8 COLLATE=utf8_unicode_ci;
/*!40101 SET character_set_client = @saved_cs_client */;

--
-- Dumping data for table `btTopicList`
--

LOCK TABLES `btTopicList` WRITE;
/*!40000 ALTER TABLE `btTopicList` DISABLE KEYS */;
/*!40000 ALTER TABLE `btTopicList` ENABLE KEYS */;
UNLOCK TABLES;

--
-- Table structure for table `btVideo`
--

DROP TABLE IF EXISTS `btVideo`;
/*!40101 SET @saved_cs_client     = @@character_set_client */;
/*!40101 SET character_set_client = utf8 */;
CREATE TABLE `btVideo` (
  `bID` int(10) unsigned NOT NULL,
  `webmfID` int(10) unsigned DEFAULT '0',
  `oggfID` int(10) unsigned DEFAULT '0',
  `posterfID` int(10) unsigned DEFAULT '0',
  `mp4fID` int(10) unsigned DEFAULT '0',
  `width` int(10) unsigned DEFAULT NULL,
  `height` int(10) unsigned DEFAULT NULL,
  PRIMARY KEY (`bID`)
) ENGINE=InnoDB DEFAULT CHARSET=utf8 COLLATE=utf8_unicode_ci;
/*!40101 SET character_set_client = @saved_cs_client */;

--
-- Dumping data for table `btVideo`
--

LOCK TABLES `btVideo` WRITE;
/*!40000 ALTER TABLE `btVideo` DISABLE KEYS */;
/*!40000 ALTER TABLE `btVideo` ENABLE KEYS */;
UNLOCK TABLES;

--
-- Table structure for table `btYouTube`
--

DROP TABLE IF EXISTS `btYouTube`;
/*!40101 SET @saved_cs_client     = @@character_set_client */;
/*!40101 SET character_set_client = utf8 */;
CREATE TABLE `btYouTube` (
  `bID` int(10) unsigned NOT NULL,
  `title` varchar(255) COLLATE utf8_unicode_ci DEFAULT NULL,
  `videoURL` varchar(255) COLLATE utf8_unicode_ci DEFAULT NULL,
  `vHeight` varchar(255) COLLATE utf8_unicode_ci DEFAULT NULL,
  `vWidth` varchar(255) COLLATE utf8_unicode_ci DEFAULT NULL,
  `sizing` varchar(10) COLLATE utf8_unicode_ci DEFAULT NULL,
  `autoplay` tinyint(1) NOT NULL DEFAULT '0',
  `color` varchar(10) COLLATE utf8_unicode_ci DEFAULT NULL,
  `controls` int(10) unsigned DEFAULT NULL,
  `iv_load_policy` int(10) unsigned DEFAULT NULL,
  `loopEnd` tinyint(1) NOT NULL DEFAULT '0',
  `modestbranding` tinyint(1) NOT NULL DEFAULT '0',
  `rel` tinyint(1) NOT NULL DEFAULT '0',
  `showinfo` tinyint(1) NOT NULL DEFAULT '0',
  PRIMARY KEY (`bID`)
) ENGINE=InnoDB DEFAULT CHARSET=utf8 COLLATE=utf8_unicode_ci;
/*!40101 SET character_set_client = @saved_cs_client */;

--
-- Dumping data for table `btYouTube`
--

LOCK TABLES `btYouTube` WRITE;
/*!40000 ALTER TABLE `btYouTube` DISABLE KEYS */;
/*!40000 ALTER TABLE `btYouTube` ENABLE KEYS */;
UNLOCK TABLES;

--
-- Table structure for table `collectionattributevalues`
--

DROP TABLE IF EXISTS `collectionattributevalues`;
/*!40101 SET @saved_cs_client     = @@character_set_client */;
/*!40101 SET character_set_client = utf8 */;
CREATE TABLE `collectionattributevalues` (
  `cID` int(10) unsigned NOT NULL,
  `cvID` int(10) unsigned NOT NULL,
  `akID` int(10) unsigned NOT NULL,
  `avID` int(10) unsigned DEFAULT NULL,
  PRIMARY KEY (`cID`,`cvID`,`akID`),
  KEY `IDX_BB9995FCB6561A7E` (`akID`),
  KEY `IDX_BB9995FCA2A82A5D` (`avID`),
  CONSTRAINT `FK_BB9995FCA2A82A5D` FOREIGN KEY (`avID`) REFERENCES `AttributeValues` (`avID`),
  CONSTRAINT `FK_BB9995FCB6561A7E` FOREIGN KEY (`akID`) REFERENCES `AttributeKeys` (`akID`)
) ENGINE=InnoDB DEFAULT CHARSET=utf8 COLLATE=utf8_unicode_ci;
/*!40101 SET character_set_client = @saved_cs_client */;

--
-- Dumping data for table `collectionattributevalues`
--

LOCK TABLES `collectionattributevalues` WRITE;
/*!40000 ALTER TABLE `collectionattributevalues` DISABLE KEYS */;
INSERT INTO `collectionattributevalues` VALUES (2,1,4,1),(3,1,3,2),(4,1,3,3),(5,1,3,4),(6,1,3,5),(8,1,3,6),(9,1,3,7),(10,1,3,8),(11,1,5,9),(11,1,3,10),(12,1,3,11),(13,1,3,12),(14,1,3,13),(15,1,3,14),(16,1,3,15),(16,1,5,16),(17,1,3,17),(17,1,5,18),(19,1,3,19),(20,1,3,20),(22,1,3,21),(23,1,3,22),(24,1,3,23),(25,1,3,24),(26,1,3,25),(28,1,3,26),(29,1,3,27),(29,1,5,28),(31,1,5,29),(32,1,5,30),(33,1,5,31),(34,1,5,32),(35,1,5,33),(36,1,5,34),(38,1,5,35),(39,1,3,36),(40,1,3,37),(41,1,3,38),(43,1,4,39),(44,1,3,40),(48,1,3,41),(50,1,5,42),(50,1,10,43),(50,1,3,44),(51,1,3,45),(52,1,3,46),(53,1,5,47),(54,1,3,48),(55,1,3,49),(56,1,3,50),(56,1,5,51),(57,1,3,52),(58,1,3,53),(59,1,3,54),(61,1,3,55),(62,1,3,56),(63,1,3,57),(64,1,3,58),(65,1,3,59),(66,1,3,60),(67,1,3,61),(68,1,3,62),(74,1,3,63),(75,1,3,64),(76,1,3,65),(77,1,3,66),(78,1,3,67),(80,1,3,68),(81,1,3,69),(82,1,3,70),(83,1,3,71),(85,1,3,72),(86,1,3,73),(87,1,3,74),(88,1,3,75),(90,1,3,76),(91,1,3,77),(94,1,3,78),(95,1,3,79),(96,1,3,80),(97,1,3,81),(99,1,3,82),(100,1,3,83),(101,1,3,84),(102,1,3,85),(103,1,3,86),(104,1,3,87),(105,1,3,88),(106,1,3,89),(107,1,3,90),(108,1,3,91),(109,1,3,92),(110,1,3,93),(112,1,3,94),(113,1,3,95),(114,1,3,96),(115,1,3,97),(117,1,10,98),(118,1,3,99),(119,1,3,100),(120,1,3,101),(121,1,3,102),(122,1,3,103),(123,1,3,104),(125,1,3,105),(126,1,5,106),(127,1,5,107),(127,1,10,108),(128,1,4,109),(129,1,4,110),(130,1,4,111),(133,1,4,112),(181,1,8,121),(185,1,8,122),(1,1,26,123),(182,1,8,124),(182,1,19,125),(182,1,20,126),(183,1,8,127),(183,1,19,128),(183,1,20,129),(184,1,8,130),(184,1,19,131),(184,1,20,132),(177,1,26,133),(177,2,26,133),(177,3,26,133),(177,4,26,133),(179,1,8,134),(179,2,8,134),(179,1,22,135),(179,2,22,135),(179,1,34,136),(179,2,34,136),(186,1,8,137),(186,1,20,138),(187,1,8,139),(187,1,20,140),(188,1,8,141),(188,1,20,142),(180,1,34,143),(180,2,34,143),(180,3,34,143),(180,4,34,143),(189,1,8,144),(189,1,20,145),(1,2,26,146),(1,3,26,146),(1,4,26,146),(1,5,26,146),(1,6,26,146),(1,2,23,147),(1,3,23,147),(1,4,23,147),(1,5,23,147),(1,6,23,147),(177,2,1,150),(177,3,1,150),(177,4,1,150),(177,2,2,151),(177,3,2,151),(177,4,2,151),(177,2,3,152),(177,3,3,152),(177,4,3,152),(177,2,7,153),(177,3,7,153),(177,4,7,153),(177,2,11,154),(177,3,11,154),(177,4,11,154),(1,7,23,157),(1,8,23,157),(1,9,23,157),(1,7,26,158),(1,8,26,158),(1,9,26,158),(1,7,19,159),(1,8,19,159),(1,9,19,159),(1,10,19,162),(1,11,19,162),(1,12,19,162),(1,13,19,162),(1,10,23,163),(1,11,23,163),(1,12,23,163),(1,13,23,163),(1,10,26,164),(1,11,26,164),(1,12,26,164),(1,13,26,164),(186,2,8,181),(186,3,8,181),(186,2,20,182),(186,3,20,182),(186,2,19,183),(186,3,19,183),(187,2,8,184),(187,3,8,184),(187,2,20,185),(187,3,20,185),(188,2,8,186),(188,2,20,187),(188,3,8,188),(188,4,8,188),(188,3,20,189),(188,4,20,189),(189,2,8,190),(189,3,8,190),(189,2,20,191),(189,3,20,191),(182,2,8,192),(182,2,20,193),(182,2,19,194),(183,2,8,201),(183,2,20,202),(183,2,19,203),(184,2,8,204),(184,2,20,205),(184,2,19,206),(208,1,5,207),(209,1,5,208),(210,1,5,209),(211,1,5,210),(212,1,5,211),(214,1,10,212),(214,1,5,213),(215,1,10,214),(215,1,5,215),(216,1,3,216),(220,1,37,217),(220,1,36,218),(220,1,5,219),(221,1,37,220),(221,1,36,221),(221,1,5,222);
/*!40000 ALTER TABLE `collectionattributevalues` ENABLE KEYS */;
UNLOCK TABLES;

--
-- Table structure for table `collectionversionblocks`
--

DROP TABLE IF EXISTS `collectionversionblocks`;
/*!40101 SET @saved_cs_client     = @@character_set_client */;
/*!40101 SET character_set_client = utf8 */;
CREATE TABLE `collectionversionblocks` (
  `cID` int(10) unsigned NOT NULL DEFAULT '0',
  `cvID` int(10) unsigned NOT NULL DEFAULT '1',
  `bID` int(10) unsigned NOT NULL DEFAULT '0',
  `arHandle` varchar(255) COLLATE utf8_unicode_ci NOT NULL,
  `cbDisplayOrder` int(10) unsigned NOT NULL DEFAULT '0',
  `isOriginal` tinyint(1) NOT NULL DEFAULT '0',
  `cbOverrideAreaPermissions` tinyint(1) NOT NULL DEFAULT '0',
  `cbIncludeAll` tinyint(1) NOT NULL DEFAULT '0',
  `cbOverrideBlockTypeCacheSettings` tinyint(1) NOT NULL DEFAULT '0',
  `cbOverrideBlockTypeContainerSettings` tinyint(1) NOT NULL DEFAULT '0',
  `cbEnableBlockContainer` tinyint(1) NOT NULL DEFAULT '0',
  `cbRelationID` int(10) unsigned DEFAULT '0',
  PRIMARY KEY (`cID`,`cvID`,`bID`,`arHandle`),
  KEY `bID` (`bID`,`cID`),
  KEY `cbRelationID` (`cbRelationID`)
) ENGINE=InnoDB DEFAULT CHARSET=utf8 COLLATE=utf8_unicode_ci;
/*!40101 SET character_set_client = @saved_cs_client */;

--
-- Dumping data for table `collectionversionblocks`
--

LOCK TABLES `collectionversionblocks` WRITE;
/*!40000 ALTER TABLE `collectionversionblocks` DISABLE KEYS */;
INSERT INTO `collectionversionblocks` VALUES (1,1,68,'Main',0,1,0,0,0,0,0,0),(1,1,69,'Header Image',0,1,0,0,0,0,0,0),(1,1,70,'Header',0,1,0,0,0,0,0,0),(1,1,71,'Header : 13',0,1,0,0,0,0,0,0),(1,1,72,'Header : 14',0,1,0,0,0,0,0,0),(1,1,73,'Header : 15',0,1,0,0,0,0,0,0),(1,1,74,'Main - 1',1,1,0,0,0,0,0,0),(1,1,75,'Main - 1 : 16',0,1,0,0,0,0,0,0),(1,1,76,'Main - 1 : 17',0,1,0,0,0,0,0,0),(1,1,77,'Main - 1 : 17',1,1,0,0,0,0,0,0),(1,1,78,'Main - 1 : 17',2,1,0,0,0,0,0,0),(1,1,79,'Main - 1 : 17',3,1,0,0,0,0,0,0),(1,1,80,'Main - 1 : 17',4,1,0,0,0,0,0,0),(1,1,81,'Main - 1 : 17',5,1,0,0,0,0,0,0),(1,1,82,'Main - 1 : 17',6,1,0,0,0,0,0,0),(1,1,83,'Main - 1 : 17 : 18',0,1,0,0,0,0,0,0),(1,1,84,'Main - 1 : 17 : 19',0,1,0,0,0,0,0,0),(1,1,85,'Main - 2',0,1,0,0,0,0,0,0),(1,2,68,'Main',0,0,0,0,0,0,0,0),(1,2,69,'Header Image',0,0,0,0,0,0,0,0),(1,2,70,'Header',0,0,0,0,0,0,0,0),(1,2,71,'Header : 13',0,0,0,0,0,0,0,0),(1,2,72,'Header : 14',0,0,0,0,0,0,0,0),(1,2,73,'Header : 15',0,0,0,0,0,0,0,0),(1,2,74,'Main - 1',1,0,0,0,0,0,0,0),(1,2,75,'Main - 1 : 16',0,0,0,0,0,0,0,0),(1,2,76,'Main - 1 : 17',0,0,0,0,0,0,0,0),(1,2,77,'Main - 1 : 17',1,0,0,0,0,0,0,0),(1,2,78,'Main - 1 : 17',2,0,0,0,0,0,0,0),(1,2,79,'Main - 1 : 17',3,0,0,0,0,0,0,0),(1,2,80,'Main - 1 : 17',4,0,0,0,0,0,0,0),(1,2,81,'Main - 1 : 17',5,0,0,0,0,0,0,0),(1,2,82,'Main - 1 : 17',6,0,0,0,0,0,0,0),(1,2,83,'Main - 1 : 17 : 18',0,0,0,0,0,0,0,0),(1,2,84,'Main - 1 : 17 : 19',0,0,0,0,0,0,0,0),(1,2,85,'Main - 2',0,0,0,0,0,0,0,0),(1,3,68,'Main - 2',0,0,0,0,0,0,0,0),(1,3,76,'Main - 1 : 17',0,0,0,0,0,0,0,0),(1,3,81,'Main - 1 : 17',5,0,0,0,0,0,0,0),(1,3,82,'Main - 1 : 17',6,0,0,0,0,0,0,0),(1,3,172,'Header Image',0,1,0,0,0,0,0,0),(1,3,173,'Header',3,1,0,0,0,0,0,0),(1,3,174,'Header',1,1,0,0,0,0,0,0),(1,3,175,'Header : 45',0,1,0,0,0,0,0,0),(1,3,176,'Header : 46',0,1,0,0,0,0,0,0),(1,3,177,'Header',0,1,0,0,0,0,1,0),(1,3,178,'Header',2,1,0,0,0,0,1,0),(1,3,179,'Main',2,1,0,0,0,0,0,0),(1,3,180,'Main : 47',0,1,0,0,0,0,0,0),(1,3,182,'Main : 48',0,1,0,0,0,0,0,0),(1,3,184,'Main : 49',0,1,0,0,0,0,0,0),(1,3,185,'Main',0,1,0,0,0,0,0,0),(1,3,186,'Main',1,1,0,0,0,0,1,0),(1,3,187,'Main - 1',1,1,0,0,0,0,0,0),(1,3,188,'Main - 1',0,1,0,0,0,0,0,0),(1,4,68,'Main - 2',0,0,0,0,0,0,0,0),(1,4,76,'Main - 1 : 17',0,0,0,0,0,0,0,0),(1,4,81,'Main - 1 : 17',1,0,0,0,0,0,0,0),(1,4,82,'Main - 1 : 17',2,0,0,0,0,0,0,0),(1,4,172,'Header Image',0,0,0,0,0,0,0,0),(1,4,173,'Header',3,0,0,0,0,0,0,0),(1,4,174,'Header',1,0,0,0,0,0,0,0),(1,4,176,'Header : 46',0,0,0,0,0,0,0,0),(1,4,177,'Header',0,0,0,0,0,0,1,0),(1,4,178,'Header',2,0,0,0,0,0,1,0),(1,4,179,'Main',2,0,0,0,0,0,0,0),(1,4,180,'Main : 47',0,0,0,0,0,0,0,0),(1,4,182,'Main : 48',0,0,0,0,0,0,0,0),(1,4,184,'Main : 49',0,0,0,0,0,0,0,0),(1,4,185,'Main',0,0,0,0,0,0,0,0),(1,4,186,'Main',1,0,0,0,0,0,1,0),(1,4,188,'Main - 1',0,0,0,0,0,0,0,0),(1,4,189,'Header : 45',1,1,0,0,0,0,0,0),(1,4,190,'Header',4,1,0,0,0,0,1,0),(1,4,191,'Header : 45',0,1,0,0,0,0,0,0),(1,4,192,'Main - 1',1,1,0,0,0,0,0,0),(1,5,68,'Main - 2',0,0,0,0,0,0,0,0),(1,5,76,'Main - 1 : 17',0,0,0,0,0,0,0,0),(1,5,81,'Main - 1 : 17',1,0,0,0,0,0,0,0),(1,5,82,'Main - 1 : 17',2,0,0,0,0,0,0,0),(1,5,172,'Header Image',0,0,0,0,0,0,0,0),(1,5,173,'Header',3,0,0,0,0,0,0,0),(1,5,174,'Header',1,0,0,0,0,0,0,0),(1,5,176,'Header : 46',0,0,0,0,0,0,0,0),(1,5,177,'Header',0,0,0,0,0,0,1,0),(1,5,178,'Header',2,0,0,0,0,0,1,0),(1,5,179,'Main',2,0,0,0,0,0,0,0),(1,5,180,'Main : 47',0,0,0,0,0,0,0,0),(1,5,182,'Main : 48',0,0,0,0,0,0,0,0),(1,5,184,'Main : 49',0,0,0,0,0,0,0,0),(1,5,185,'Main',0,0,0,0,0,0,0,0),(1,5,186,'Main',1,0,0,0,0,0,1,0),(1,5,188,'Main - 1',0,0,0,0,0,0,0,0),(1,5,189,'Header : 45',1,0,0,0,0,0,0,0),(1,5,190,'Header',4,0,0,0,0,0,1,0),(1,5,191,'Header : 45',0,0,0,0,0,0,0,0),(1,5,193,'Main - 1',1,1,0,0,0,0,0,0),(1,6,68,'Main - 2',0,0,0,0,0,0,0,0),(1,6,76,'Main - 1 : 17',0,0,0,0,0,0,0,0),(1,6,81,'Main - 1 : 17',1,0,0,0,0,0,0,0),(1,6,82,'Main - 1 : 17',2,0,0,0,0,0,0,0),(1,6,172,'Header Image',0,0,0,0,0,0,0,0),(1,6,173,'Header',3,0,0,0,0,0,0,0),(1,6,174,'Header',1,0,0,0,0,0,0,0),(1,6,176,'Header : 46',0,0,0,0,0,0,0,0),(1,6,177,'Header',0,0,0,0,0,0,1,0),(1,6,178,'Header',2,0,0,0,0,0,1,0),(1,6,179,'Main',2,0,0,0,0,0,0,0),(1,6,180,'Main : 47',0,0,0,0,0,0,0,0),(1,6,182,'Main : 48',0,0,0,0,0,0,0,0),(1,6,184,'Main : 49',0,0,0,0,0,0,0,0),(1,6,185,'Main',0,0,0,0,0,0,0,0),(1,6,186,'Main',1,0,0,0,0,0,1,0),(1,6,188,'Main - 1',0,0,0,0,0,0,0,0),(1,6,189,'Header : 45',1,0,0,0,0,0,0,0),(1,6,190,'Header',4,0,0,0,0,0,1,0),(1,6,191,'Header : 45',0,0,0,0,0,0,0,0),(1,6,194,'Main - 1',1,1,0,0,0,0,0,0),(1,7,68,'Main - 2',0,0,0,0,0,0,0,0),(1,7,76,'Main - 1 : 17',0,0,0,0,0,0,0,0),(1,7,81,'Main - 1 : 17',1,0,0,0,0,0,0,0),(1,7,82,'Main - 1 : 17',2,0,0,0,0,0,0,0),(1,7,172,'Header Image',0,0,0,0,0,0,0,0),(1,7,173,'Header',3,0,0,0,0,0,0,0),(1,7,174,'Header',1,0,0,0,0,0,0,0),(1,7,176,'Header : 46',0,0,0,0,0,0,0,0),(1,7,177,'Header',0,0,0,0,0,0,1,0),(1,7,178,'Header',2,0,0,0,0,0,1,0),(1,7,179,'Main',2,0,0,0,0,0,0,0),(1,7,180,'Main : 47',0,0,0,0,0,0,0,0),(1,7,182,'Main : 48',0,0,0,0,0,0,0,0),(1,7,184,'Main : 49',0,0,0,0,0,0,0,0),(1,7,185,'Main',0,0,0,0,0,0,0,0),(1,7,186,'Main',1,0,0,0,0,0,1,0),(1,7,188,'Main - 1',0,0,0,0,0,0,0,0),(1,7,189,'Header : 45',1,0,0,0,0,0,0,0),(1,7,190,'Header',4,0,0,0,0,0,1,0),(1,7,191,'Header : 45',0,0,0,0,0,0,0,0),(1,7,194,'Main - 1',1,0,0,0,0,0,0,0),(1,8,68,'Main - 2',0,0,0,0,0,0,0,0),(1,8,76,'Main - 1 : 17',0,0,0,0,0,0,0,0),(1,8,81,'Main - 1 : 17',1,0,0,0,0,0,0,0),(1,8,82,'Main - 1 : 17',2,0,0,0,0,0,0,0),(1,8,173,'Header',3,0,0,0,0,0,0,0),(1,8,174,'Header',1,0,0,0,0,0,0,0),(1,8,176,'Header : 46',0,0,0,0,0,0,0,0),(1,8,177,'Header',0,0,0,0,0,0,1,0),(1,8,178,'Header',2,0,0,0,0,0,1,0),(1,8,179,'Main',2,0,0,0,0,0,0,0),(1,8,180,'Main : 47',0,0,0,0,0,0,0,0),(1,8,182,'Main : 48',0,0,0,0,0,0,0,0),(1,8,184,'Main : 49',0,0,0,0,0,0,0,0),(1,8,185,'Main',0,0,0,0,0,0,0,0),(1,8,186,'Main',1,0,0,0,0,0,1,0),(1,8,188,'Main - 1',0,0,0,0,0,0,0,0),(1,8,189,'Header : 45',1,0,0,0,0,0,0,0),(1,8,190,'Header',4,0,0,0,0,0,1,0),(1,8,191,'Header : 45',0,0,0,0,0,0,0,0),(1,8,194,'Main - 1',1,0,0,0,0,0,0,0),(1,8,209,'Header Image',0,1,0,0,0,0,0,0),(1,9,68,'Main - 2',0,0,0,0,0,0,0,0),(1,9,76,'Main - 1 : 17',0,0,0,0,0,0,0,0),(1,9,81,'Main - 1 : 17',1,0,0,0,0,0,0,0),(1,9,82,'Main - 1 : 17',2,0,0,0,0,0,0,0),(1,9,173,'Header',3,0,0,0,0,0,0,0),(1,9,174,'Header',1,0,0,0,0,0,0,0),(1,9,176,'Header : 46',0,0,0,0,0,0,0,0),(1,9,177,'Header',0,0,0,0,0,0,1,0),(1,9,178,'Header',2,0,0,0,0,0,1,0),(1,9,179,'Main',2,0,0,0,0,0,0,0),(1,9,180,'Main : 47',0,0,0,0,0,0,0,0),(1,9,184,'Main : 49',0,0,0,0,0,0,0,0),(1,9,185,'Main',0,0,0,0,0,0,0,0),(1,9,186,'Main',1,0,0,0,0,0,1,0),(1,9,188,'Main - 1',0,0,0,0,0,0,0,0),(1,9,189,'Header : 45',1,0,0,0,0,0,0,0),(1,9,190,'Header',4,0,0,0,0,0,1,0),(1,9,191,'Header : 45',0,0,0,0,0,0,0,0),(1,9,194,'Main - 1',1,0,0,0,0,0,0,0),(1,9,209,'Header Image',0,0,0,0,0,0,0,0),(1,9,210,'Main : 48',0,1,0,0,0,0,0,0),(1,10,68,'Main - 2',0,0,0,0,0,0,0,0),(1,10,76,'Main - 1 : 17',0,0,0,0,0,0,0,0),(1,10,81,'Main - 1 : 17',1,0,0,0,0,0,0,0),(1,10,82,'Main - 1 : 17',2,0,0,0,0,0,0,0),(1,10,173,'Header',3,0,0,0,0,0,0,0),(1,10,174,'Header',1,0,0,0,0,0,0,0),(1,10,176,'Header : 46',0,0,0,0,0,0,0,0),(1,10,177,'Header',0,0,0,0,0,0,1,0),(1,10,178,'Header',2,0,0,0,0,0,1,0),(1,10,179,'Main',2,0,0,0,0,0,0,0),(1,10,180,'Main : 47',0,0,0,0,0,0,0,0),(1,10,184,'Main : 49',0,0,0,0,0,0,0,0),(1,10,185,'Main',0,0,0,0,0,0,0,0),(1,10,186,'Main',1,0,0,0,0,0,1,0),(1,10,188,'Main - 1',0,0,0,0,0,0,0,0),(1,10,189,'Header : 45',1,0,0,0,0,0,0,0),(1,10,190,'Header',4,0,0,0,0,0,1,0),(1,10,191,'Header : 45',0,0,0,0,0,0,0,0),(1,10,194,'Main - 1',1,0,0,0,0,0,0,0),(1,10,209,'Header Image',0,0,0,0,0,0,0,0),(1,10,210,'Main : 48',0,0,0,0,0,0,0,0),(1,11,68,'Main - 2',0,0,0,0,0,0,0,0),(1,11,76,'Main - 1 : 17',0,0,0,0,0,0,0,0),(1,11,81,'Main - 1 : 17',1,0,0,0,0,0,0,0),(1,11,82,'Main - 1 : 17',2,0,0,0,0,0,0,0),(1,11,173,'Header',3,0,0,0,0,0,0,0),(1,11,174,'Header',1,0,0,0,0,0,0,0),(1,11,176,'Header : 46',0,0,0,0,0,0,0,0),(1,11,177,'Header',0,0,0,0,0,0,1,0),(1,11,178,'Header',2,0,0,0,0,0,1,0),(1,11,179,'Main',2,0,0,0,0,0,0,0),(1,11,180,'Main : 47',0,0,0,0,0,0,0,0),(1,11,184,'Main : 49',0,0,0,0,0,0,0,0),(1,11,185,'Main',0,0,0,0,0,0,0,0),(1,11,186,'Main',1,0,0,0,0,0,1,0),(1,11,188,'Main - 1',0,0,0,0,0,0,0,0),(1,11,189,'Header : 45',1,0,0,0,0,0,0,0),(1,11,190,'Header',4,0,0,0,0,0,1,0),(1,11,191,'Header : 45',0,0,0,0,0,0,0,0),(1,11,194,'Main - 1',1,0,0,0,0,0,0,0),(1,11,210,'Main : 48',0,0,0,0,0,0,0,0),(1,11,211,'Header Image',0,1,0,0,0,0,0,0),(1,12,68,'Main - 2',0,0,0,0,0,0,0,0),(1,12,76,'Main - 1 : 17',0,0,0,0,0,0,0,0),(1,12,81,'Main - 1 : 17',1,0,0,0,0,0,0,0),(1,12,82,'Main - 1 : 17',2,0,0,0,0,0,0,0),(1,12,173,'Header',3,0,0,0,0,0,0,0),(1,12,174,'Header',1,0,0,0,0,0,0,0),(1,12,177,'Header',0,0,0,0,0,0,1,0),(1,12,178,'Header',2,0,0,0,0,0,1,0),(1,12,179,'Main',2,0,0,0,0,0,0,0),(1,12,180,'Main : 47',0,0,0,0,0,0,0,0),(1,12,184,'Main : 49',0,0,0,0,0,0,0,0),(1,12,185,'Main',0,0,0,0,0,0,0,0),(1,12,186,'Main',1,0,0,0,0,0,1,0),(1,12,188,'Main - 1',0,0,0,0,0,0,0,0),(1,12,189,'Header : 45',1,0,0,0,0,0,0,0),(1,12,190,'Header',4,0,0,0,0,0,1,0),(1,12,191,'Header : 45',0,0,0,0,0,0,0,0),(1,12,194,'Main - 1',1,0,0,0,0,0,0,0),(1,12,210,'Main : 48',0,0,0,0,0,0,0,0),(1,12,211,'Header Image',0,0,0,0,0,0,0,0),(1,12,212,'Header : 46',0,1,0,0,0,0,0,0),(1,13,68,'Main - 2',0,0,0,0,0,0,0,0),(1,13,76,'Main - 1 : 17',0,0,0,0,0,0,0,0),(1,13,81,'Main - 1 : 17',1,0,0,0,0,0,0,0),(1,13,82,'Main - 1 : 17',2,0,0,0,0,0,0,0),(1,13,173,'Header',3,0,0,0,0,0,0,0),(1,13,174,'Header',1,0,0,0,0,0,0,0),(1,13,177,'Header',0,0,0,0,0,0,1,0),(1,13,178,'Header',2,0,0,0,0,0,1,0),(1,13,179,'Main',2,0,0,0,0,0,0,0),(1,13,180,'Main : 47',0,0,0,0,0,0,0,0),(1,13,184,'Main : 49',0,0,0,0,0,0,0,0),(1,13,185,'Main',0,0,0,0,0,0,0,0),(1,13,186,'Main',1,0,0,0,0,0,1,0),(1,13,188,'Main - 1',0,0,0,0,0,0,0,0),(1,13,189,'Header : 45',1,0,0,0,0,0,0,0),(1,13,190,'Header',4,0,0,0,0,0,1,0),(1,13,191,'Header : 45',0,0,0,0,0,0,0,0),(1,13,194,'Main - 1',1,0,0,0,0,0,0,0),(1,13,210,'Main : 48',0,0,0,0,0,0,0,0),(1,13,211,'Header Image',0,0,0,0,0,0,0,0),(1,13,212,'Header : 46',0,0,0,0,0,0,0,0),(126,1,1,'Main',0,1,0,0,0,0,0,0),(127,1,2,'Primary',0,1,0,0,0,0,0,0),(127,1,3,'Primary',1,1,0,0,0,0,0,0),(127,1,4,'Secondary 1',0,1,0,0,0,0,0,0),(127,1,5,'Secondary 2',0,1,0,0,0,0,0,0),(127,1,6,'Secondary 3',0,1,0,0,0,0,0,0),(127,1,7,'Secondary 4',0,1,0,0,0,0,0,0),(127,1,8,'Secondary 5',0,1,0,0,0,0,0,0),(144,1,9,'Main',0,1,0,0,0,0,0,0),(161,1,46,'Main',0,1,0,0,0,0,0,0),(161,1,47,'Main',1,1,0,0,0,0,0,0),(161,1,48,'Main',2,1,0,0,0,0,0,0),(162,1,49,'Main',0,1,0,0,0,0,0,0),(162,1,50,'Main',1,1,0,0,0,0,0,0),(162,1,51,'Main',2,1,0,0,0,0,0,0),(163,1,52,'Main',0,1,0,0,0,0,0,0),(164,1,53,'Main',0,1,0,0,0,0,0,0),(164,1,54,'Main',1,1,0,0,0,0,0,0),(165,1,55,'Main',0,1,0,0,0,0,0,0),(165,1,56,'Main',1,1,0,0,0,0,0,0),(165,1,57,'Main',2,1,0,0,0,0,0,0),(171,1,58,'Main',0,1,0,0,0,0,0,0),(171,1,59,'Main',1,1,0,0,0,0,0,0),(171,1,60,'Main',2,1,0,0,0,0,0,0),(171,1,61,'Main',3,1,0,0,0,0,0,0),(171,1,62,'Main',4,1,0,0,0,0,0,0),(173,1,63,'Main',0,1,0,0,0,0,0,0),(173,1,64,'Main',1,1,0,0,0,0,0,0),(173,1,65,'Main',2,1,0,0,0,0,0,0),(174,2,225,'Main',0,1,0,0,0,0,0,0),(174,3,225,'Main',0,0,0,0,0,0,0,0),(175,1,66,'Main',0,1,0,0,0,0,0,0),(175,1,67,'Main',1,1,0,0,0,0,0,0),(176,1,10,'Main',0,1,0,0,0,0,0,0),(176,1,11,'Intro',0,1,0,0,0,0,0,0),(176,1,12,'Intro : 1',1,1,0,0,0,0,0,0),(176,1,13,'Intro : 2',3,1,0,0,0,0,0,0),(176,1,14,'Intro : 3',2,1,0,0,0,0,0,0),(177,1,89,'Main',0,1,0,0,0,0,0,0),(177,1,90,'Main : 20',0,1,0,0,0,0,0,0),(177,1,91,'Main : 21',0,1,0,0,0,0,0,0),(177,1,92,'Main : 22',0,1,0,0,0,0,0,0),(177,1,93,'Main - 1',0,1,0,0,0,0,0,0),(177,1,94,'Main Bottom',0,1,0,0,0,0,0,0),(177,1,95,'Main - 2',0,1,0,0,0,0,0,0),(177,1,96,'Main - 2',1,1,0,0,0,0,0,0),(177,1,97,'Main - 2',2,1,0,0,0,0,0,0),(177,1,98,'Main - 2 : 23',0,1,0,0,0,0,0,0),(177,1,99,'Main - 2 : 24',0,1,0,0,0,0,0,0),(177,1,100,'Main - 2 : 25',0,1,0,0,0,0,0,0),(177,1,101,'Header Image',0,1,0,0,0,0,0,0),(177,2,89,'Main',0,0,0,0,0,0,0,0),(177,2,90,'Main : 20',0,0,0,0,0,0,0,0),(177,2,91,'Main : 21',0,0,0,0,0,0,0,0),(177,2,92,'Main : 22',0,0,0,0,0,0,0,0),(177,2,93,'Main - 1',0,0,0,0,0,0,0,0),(177,2,94,'Main Bottom',0,0,0,0,0,0,0,0),(177,2,95,'Main - 2',0,0,0,0,0,0,0,0),(177,2,96,'Main - 2',1,0,0,0,0,0,0,0),(177,2,97,'Main - 2',2,0,0,0,0,0,0,0),(177,2,98,'Main - 2 : 23',0,0,0,0,0,0,0,0),(177,2,99,'Main - 2 : 24',0,0,0,0,0,0,0,0),(177,2,100,'Main - 2 : 25',0,0,0,0,0,0,0,0),(177,2,101,'Header Image',0,0,0,0,0,0,0,0),(177,3,89,'Main',0,0,0,0,0,0,0,0),(177,3,94,'Main Bottom',0,0,0,0,0,0,0,0),(177,3,95,'Main - 2',0,0,0,0,0,0,0,0),(177,3,97,'Main - 2',2,0,0,0,0,0,0,0),(177,3,101,'Header Image',0,0,0,0,0,0,0,0),(177,3,196,'Main : 20',0,1,0,0,0,0,0,0),(177,3,197,'Main : 21',0,1,0,0,0,0,0,0),(177,3,198,'Main : 22',0,1,0,0,0,0,0,0),(177,3,199,'Main - 1',0,1,0,0,0,0,0,0),(177,3,200,'Main - 2',1,1,0,0,0,0,0,0),(177,3,203,'Main - 2 : 23',0,1,0,0,0,0,0,0),(177,3,206,'Main - 2 : 24',0,1,0,0,0,0,0,0),(177,3,207,'Main - 2 : 25',0,1,0,0,0,0,0,0),(177,3,208,'Main - 2',3,1,0,0,0,0,1,0),(177,4,89,'Main',0,0,0,0,0,0,0,0),(177,4,94,'Main Bottom',0,0,0,0,0,0,0,0),(177,4,95,'Main - 2',0,0,0,0,0,0,0,0),(177,4,97,'Main - 2',2,0,0,0,0,0,0,0),(177,4,101,'Header Image',0,0,0,0,0,0,0,0),(177,4,196,'Main : 20',0,0,0,0,0,0,0,0),(177,4,197,'Main : 21',0,0,0,0,0,0,0,0),(177,4,198,'Main : 22',0,0,0,0,0,0,0,0),(177,4,199,'Main - 1',0,0,0,0,0,0,0,0),(177,4,200,'Main - 2',1,0,0,0,0,0,0,0),(177,4,208,'Main - 2',3,0,0,0,0,0,1,0),(177,4,217,'Main - 2 : 23',0,1,0,0,0,0,0,0),(177,4,218,'Main - 2 : 24',0,1,0,0,0,0,0,0),(177,4,219,'Main - 2 : 25',0,1,0,0,0,0,0,0),(178,1,102,'Main',0,1,0,0,0,0,0,0),(178,1,103,'Main',1,1,0,0,0,0,0,0),(178,1,104,'Main - 1',0,1,0,0,0,0,0,0),(178,1,105,'Main - 1 : 26',0,1,0,0,0,0,0,0),(178,1,106,'Main - 1 : 27',0,1,0,0,0,0,0,0),(178,1,107,'Main - 1 : 27',1,1,0,0,0,0,0,0),(178,1,108,'Main - 1 : 27',2,1,0,0,0,0,0,0),(178,1,109,'Main Bottom',0,1,0,0,0,0,0,0),(178,1,110,'Main Bottom : 28',0,1,0,0,0,0,0,0),(178,1,111,'Main Bottom : 28',1,1,0,0,0,0,0,0),(178,1,112,'Main Bottom : 28',2,1,0,0,0,0,0,0),(178,1,113,'Main Bottom : 28',3,1,0,0,0,0,0,0),(178,1,114,'Main Bottom : 29',0,1,0,0,0,0,0,0),(178,1,115,'Main Bottom : 29',1,1,0,0,0,0,0,0),(178,1,116,'Main Bottom : 30',0,1,0,0,0,0,0,0),(178,1,117,'Main Bottom : 30',1,1,0,0,0,0,0,0),(178,1,118,'Header Image',0,1,0,0,0,0,0,0),(178,1,119,'Header',0,1,0,0,0,0,0,0),(178,1,120,'Header : 31',0,1,0,0,0,0,0,0),(178,1,121,'Header : 32',0,1,0,0,0,0,0,0),(178,1,122,'Header : 33',0,1,0,0,0,0,0,0),(179,1,123,'Main',0,1,0,0,0,0,0,0),(179,1,124,'Main',1,1,0,0,0,0,0,0),(179,1,125,'Main',2,1,0,0,0,0,0,0),(179,1,126,'Intro',0,1,0,0,0,0,0,0),(179,1,127,'Intro : 34',0,1,0,0,0,0,0,0),(179,1,128,'Intro : 35',2,1,0,0,0,0,0,0),(179,1,129,'Intro : 36',1,1,0,0,0,0,0,0),(179,1,130,'Sidebar',0,1,0,0,0,0,0,0),(179,1,131,'Sidebar',1,1,0,0,0,0,0,0),(179,1,132,'Sidebar',2,1,0,0,0,0,0,0),(179,1,133,'Sidebar',3,1,0,0,0,0,0,0),(179,1,134,'Sidebar',4,1,0,0,0,0,0,0),(179,2,123,'Main',0,0,0,0,0,0,0,0),(179,2,124,'Main',1,0,0,0,0,0,0,0),(179,2,125,'Main',2,0,0,0,0,0,0,0),(179,2,127,'Header',0,0,0,0,0,0,0,0),(179,2,129,'Header',1,0,0,0,0,0,0,0),(179,2,130,'Sidebar',0,0,0,0,0,0,0,0),(179,2,131,'Sidebar',1,0,0,0,0,0,0,0),(179,2,132,'Sidebar',2,0,0,0,0,0,0,0),(179,2,133,'Sidebar',3,0,0,0,0,0,0,0),(179,2,134,'Sidebar',4,0,0,0,0,0,0,0),(180,1,11,'Intro',0,0,0,0,0,0,0,0),(180,1,12,'Intro : 1',1,0,0,0,0,0,0,0),(180,1,13,'Intro : 2',3,0,0,0,0,0,0,0),(180,1,14,'Intro : 3',2,0,0,0,0,0,0,0),(180,1,159,'Main',0,1,0,0,0,0,0,0),(180,1,160,'Main - 1',1,1,0,0,0,0,0,0),(180,1,161,'Main - 1',2,1,0,0,0,0,0,0),(180,1,162,'Main - 1',3,1,0,0,0,0,0,0),(180,1,163,'Main - 1',4,1,0,0,0,0,0,0),(180,2,12,'Header',1,0,0,0,0,0,0,0),(180,2,13,'Header',3,0,0,0,0,0,0,0),(180,2,14,'Header',2,0,0,0,0,0,0,0),(180,2,159,'Main - 1',1,0,0,0,0,0,0,0),(180,2,160,'Main - 1',2,0,0,0,0,0,0,0),(180,2,161,'Main - 1',3,0,0,0,0,0,0,0),(180,2,162,'Main - 1',4,0,0,0,0,0,0,0),(180,2,163,'Main - 1',5,0,0,0,0,0,0,0),(180,2,213,'Main - 1',6,1,0,0,0,0,1,0),(180,2,214,'Main - 1',0,1,0,0,0,0,1,0),(180,2,215,'Header',0,1,0,0,0,0,1,0),(180,2,216,'Header',4,1,0,0,0,0,1,0),(180,3,12,'Header',1,0,0,0,0,0,0,0),(180,3,13,'Header',3,0,0,0,0,0,0,0),(180,3,14,'Header',2,0,0,0,0,0,0,0),(180,3,159,'Main - 1',1,0,0,0,0,0,0,0),(180,3,161,'Main - 1',3,0,0,0,0,0,0,0),(180,3,162,'Main - 1',4,0,0,0,0,0,0,0),(180,3,163,'Main - 1',5,0,0,0,0,0,0,0),(180,3,213,'Main - 1',6,0,0,0,0,0,1,0),(180,3,214,'Main - 1',0,0,0,0,0,0,1,0),(180,3,215,'Header',0,0,0,0,0,0,1,0),(180,3,216,'Header',4,0,0,0,0,0,1,0),(180,3,224,'Main - 1',2,1,0,0,0,0,0,0),(180,4,12,'Header',1,0,0,0,0,0,0,0),(180,4,13,'Header',3,0,0,0,0,0,0,0),(180,4,14,'Header',2,0,0,0,0,0,0,0),(180,4,159,'Main - 1',1,0,0,0,0,0,0,0),(180,4,161,'Main - 1',3,0,0,0,0,0,0,0),(180,4,162,'Main - 1',4,0,0,0,0,0,0,0),(180,4,163,'Main - 1',5,0,0,0,0,0,0,0),(180,4,213,'Main - 1',6,0,0,0,0,0,1,0),(180,4,214,'Main - 1',0,0,0,0,0,0,1,0),(180,4,215,'Header',0,0,0,0,0,0,1,0),(180,4,216,'Header',4,0,0,0,0,0,1,0),(180,4,224,'Main - 1',2,0,0,0,0,0,0,0),(181,1,15,'Intro',0,1,0,0,0,0,0,0),(181,1,16,'Intro : 4',0,1,0,0,0,0,0,0),(181,1,17,'Intro : 5',0,1,0,0,0,0,0,0),(181,1,18,'Intro : 6',0,1,0,0,0,0,0,0),(181,1,19,'Main',0,1,0,0,0,0,0,0),(181,1,20,'Main : 7',0,1,0,0,0,0,0,0),(181,1,21,'Main : 8',0,1,0,0,0,0,0,0),(181,1,22,'Main',1,1,0,0,0,0,0,0),(181,1,23,'Main',2,1,0,0,0,0,0,0),(181,1,24,'Main',3,1,0,0,0,0,0,0),(181,1,25,'Main',4,1,0,0,0,0,0,0),(181,1,26,'Sidebar',0,1,0,0,0,0,0,0),(181,1,27,'Sidebar',1,1,0,0,0,0,0,0),(181,1,28,'Sidebar',2,1,0,0,0,0,0,0),(181,1,29,'Sidebar',3,1,0,0,0,0,0,0),(182,1,15,'Intro',0,0,0,0,0,0,0,0),(182,1,16,'Intro : 4',0,0,0,0,0,0,0,0),(182,1,17,'Intro : 5',0,0,0,0,0,0,0,0),(182,1,18,'Intro : 6',0,0,0,0,0,0,0,0),(182,1,19,'Main',0,0,0,0,0,0,0,0),(182,1,20,'Main : 7',0,0,0,0,0,0,0,0),(182,1,21,'Main : 8',0,0,0,0,0,0,0,0),(182,1,22,'Main',1,0,0,0,0,0,0,0),(182,1,24,'Main',3,0,0,0,0,0,0,0),(182,1,25,'Main',4,0,0,0,0,0,0,0),(182,1,26,'Sidebar',0,0,0,0,0,0,0,0),(182,1,27,'Sidebar',1,0,0,0,0,0,0,0),(182,1,28,'Sidebar',2,0,0,0,0,0,0,0),(182,1,29,'Sidebar',3,0,0,0,0,0,0,0),(182,1,86,'Main',2,1,0,0,0,0,0,0),(182,2,15,'Intro',0,0,0,0,0,0,0,0),(182,2,16,'Intro : 4',0,0,0,0,0,0,0,0),(182,2,17,'Intro : 5',0,0,0,0,0,0,0,0),(182,2,18,'Intro : 6',0,0,0,0,0,0,0,0),(182,2,19,'Main',0,0,0,0,0,0,0,0),(182,2,20,'Main : 7',0,0,0,0,0,0,0,0),(182,2,21,'Main : 8',0,0,0,0,0,0,0,0),(182,2,22,'Main',1,0,0,0,0,0,0,0),(182,2,24,'Main',3,0,0,0,0,0,0,0),(182,2,25,'Main',4,0,0,0,0,0,0,0),(182,2,26,'Sidebar',0,0,0,0,0,0,0,0),(182,2,27,'Sidebar',1,0,0,0,0,0,0,0),(182,2,28,'Sidebar',2,0,0,0,0,0,0,0),(182,2,29,'Sidebar',3,0,0,0,0,0,0,0),(182,2,86,'Main',2,0,0,0,0,0,0,0),(183,1,15,'Intro',0,0,0,0,0,0,0,0),(183,1,16,'Intro : 4',0,0,0,0,0,0,0,0),(183,1,17,'Intro : 5',0,0,0,0,0,0,0,0),(183,1,18,'Intro : 6',0,0,0,0,0,0,0,0),(183,1,19,'Main',0,0,0,0,0,0,0,0),(183,1,20,'Main : 7',0,0,0,0,0,0,0,0),(183,1,21,'Main : 8',0,0,0,0,0,0,0,0),(183,1,22,'Main',1,0,0,0,0,0,0,0),(183,1,24,'Main',3,0,0,0,0,0,0,0),(183,1,25,'Main',4,0,0,0,0,0,0,0),(183,1,26,'Sidebar',0,0,0,0,0,0,0,0),(183,1,27,'Sidebar',1,0,0,0,0,0,0,0),(183,1,28,'Sidebar',2,0,0,0,0,0,0,0),(183,1,29,'Sidebar',3,0,0,0,0,0,0,0),(183,1,87,'Main',2,1,0,0,0,0,0,0),(183,2,15,'Intro',0,0,0,0,0,0,0,0),(183,2,16,'Intro : 4',0,0,0,0,0,0,0,0),(183,2,17,'Intro : 5',0,0,0,0,0,0,0,0),(183,2,18,'Intro : 6',0,0,0,0,0,0,0,0),(183,2,19,'Main',0,0,0,0,0,0,0,0),(183,2,20,'Main : 7',0,0,0,0,0,0,0,0),(183,2,21,'Main : 8',0,0,0,0,0,0,0,0),(183,2,22,'Main',1,0,0,0,0,0,0,0),(183,2,24,'Main',3,0,0,0,0,0,0,0),(183,2,25,'Main',4,0,0,0,0,0,0,0),(183,2,26,'Sidebar',0,0,0,0,0,0,0,0),(183,2,27,'Sidebar',1,0,0,0,0,0,0,0),(183,2,28,'Sidebar',2,0,0,0,0,0,0,0),(183,2,29,'Sidebar',3,0,0,0,0,0,0,0),(183,2,87,'Main',2,0,0,0,0,0,0,0),(184,1,15,'Intro',0,0,0,0,0,0,0,0),(184,1,16,'Intro : 4',0,0,0,0,0,0,0,0),(184,1,17,'Intro : 5',0,0,0,0,0,0,0,0),(184,1,18,'Intro : 6',0,0,0,0,0,0,0,0),(184,1,19,'Main',0,0,0,0,0,0,0,0),(184,1,20,'Main : 7',0,0,0,0,0,0,0,0),(184,1,21,'Main : 8',0,0,0,0,0,0,0,0),(184,1,22,'Main',1,0,0,0,0,0,0,0),(184,1,24,'Main',3,0,0,0,0,0,0,0),(184,1,25,'Main',4,0,0,0,0,0,0,0),(184,1,26,'Sidebar',0,0,0,0,0,0,0,0),(184,1,27,'Sidebar',1,0,0,0,0,0,0,0),(184,1,28,'Sidebar',2,0,0,0,0,0,0,0),(184,1,29,'Sidebar',3,0,0,0,0,0,0,0),(184,1,88,'Main',2,1,0,0,0,0,0,0),(184,2,15,'Intro',0,0,0,0,0,0,0,0),(184,2,16,'Intro : 4',0,0,0,0,0,0,0,0),(184,2,17,'Intro : 5',0,0,0,0,0,0,0,0),(184,2,18,'Intro : 6',0,0,0,0,0,0,0,0),(184,2,19,'Main',0,0,0,0,0,0,0,0),(184,2,20,'Main : 7',0,0,0,0,0,0,0,0),(184,2,21,'Main : 8',0,0,0,0,0,0,0,0),(184,2,22,'Main',1,0,0,0,0,0,0,0),(184,2,24,'Main',3,0,0,0,0,0,0,0),(184,2,25,'Main',4,0,0,0,0,0,0,0),(184,2,26,'Sidebar',0,0,0,0,0,0,0,0),(184,2,27,'Sidebar',1,0,0,0,0,0,0,0),(184,2,28,'Sidebar',2,0,0,0,0,0,0,0),(184,2,29,'Sidebar',3,0,0,0,0,0,0,0),(184,2,88,'Main',2,0,0,0,0,0,0,0),(185,1,30,'Header',0,1,0,0,0,0,0,0),(185,1,31,'Header',1,1,0,0,0,0,0,0),(185,1,32,'Header : 9',0,1,0,0,0,0,0,0),(185,1,33,'Header : 10',0,1,0,0,0,0,0,0),(185,1,34,'Header',2,1,0,0,0,0,0,0),(185,1,35,'Main',0,1,0,0,0,0,0,0),(185,1,36,'Main',1,1,0,0,0,0,0,0),(185,1,37,'Main - 1',0,1,0,0,0,0,0,0),(185,1,38,'Main - 1 : 11',0,1,0,0,0,0,0,0),(185,1,39,'Main - 1 : 11',1,1,0,0,0,0,0,0),(185,1,40,'Main - 1 : 12',0,1,0,0,0,0,0,0),(185,1,41,'Main - 1 : 12',1,1,0,0,0,0,0,0),(185,1,42,'Main - 1 : 12',2,1,0,0,0,0,0,0),(185,1,43,'Main - 1',1,1,0,0,0,0,0,0),(185,1,44,'Main - 1',2,1,0,0,0,0,0,0),(185,1,45,'Main - 1',3,1,0,0,0,0,0,0),(186,1,30,'Header',0,0,0,0,0,0,0,0),(186,1,31,'Header',1,0,0,0,0,0,0,0),(186,1,32,'Header : 9',0,0,0,0,0,0,0,0),(186,1,33,'Header : 10',0,0,0,0,0,0,0,0),(186,1,34,'Header',2,0,0,0,0,0,0,0),(186,1,43,'Main - 1',1,0,0,0,0,0,0,0),(186,1,44,'Main - 1',2,0,0,0,0,0,0,0),(186,1,45,'Main - 1',3,0,0,0,0,0,0,0),(186,1,135,'Main',0,1,0,0,0,0,0,0),(186,1,136,'Main',1,1,0,0,0,0,0,0),(186,1,137,'Main - 1',0,1,0,0,0,0,0,0),(186,1,138,'Main - 1 : 37',0,1,0,0,0,0,0,0),(186,1,139,'Main - 1 : 37',1,1,0,0,0,0,0,0),(186,1,140,'Main - 1 : 38',0,1,0,0,0,0,0,0),(186,1,141,'Main - 1 : 38',1,1,0,0,0,0,0,0),(186,1,142,'Main - 1 : 38',2,1,0,0,0,0,0,0),(186,2,30,'Header',0,0,0,0,0,0,0,0),(186,2,31,'Header',1,0,0,0,0,0,0,0),(186,2,32,'Header : 9',0,0,0,0,0,0,0,0),(186,2,33,'Header : 10',0,0,0,0,0,0,0,0),(186,2,34,'Header',2,0,0,0,0,0,0,0),(186,2,43,'Main - 1',1,0,0,0,0,0,0,0),(186,2,44,'Main - 1',2,0,0,0,0,0,0,0),(186,2,45,'Main - 1',3,0,0,0,0,0,0,0),(186,2,135,'Main',0,0,0,0,0,0,0,0),(186,2,136,'Main',1,0,0,0,0,0,0,0),(186,2,137,'Main - 1',0,0,0,0,0,0,0,0),(186,2,138,'Main - 1 : 37',0,0,0,0,0,0,0,0),(186,2,139,'Main - 1 : 37',1,0,0,0,0,0,0,0),(186,2,140,'Main - 1 : 38',0,0,0,0,0,0,0,0),(186,2,141,'Main - 1 : 38',1,0,0,0,0,0,0,0),(186,2,142,'Main - 1 : 38',2,0,0,0,0,0,0,0),(186,3,30,'Header',0,0,0,0,0,0,0,0),(186,3,31,'Header',1,0,0,0,0,0,0,0),(186,3,32,'Header : 9',0,0,0,0,0,0,0,0),(186,3,33,'Header : 10',0,0,0,0,0,0,0,0),(186,3,34,'Header',2,0,0,0,0,0,0,0),(186,3,43,'Main - 1',1,0,0,0,0,0,0,0),(186,3,44,'Main - 1',2,0,0,0,0,0,0,0),(186,3,45,'Main - 1',3,0,0,0,0,0,0,0),(186,3,136,'Main',1,0,0,0,0,0,0,0),(186,3,137,'Main - 1',0,0,0,0,0,0,0,0),(186,3,138,'Main - 1 : 37',0,0,0,0,0,0,0,0),(186,3,139,'Main - 1 : 37',1,0,0,0,0,0,0,0),(186,3,140,'Main - 1 : 38',0,0,0,0,0,0,0,0),(186,3,141,'Main - 1 : 38',1,0,0,0,0,0,0,0),(186,3,142,'Main - 1 : 38',2,0,0,0,0,0,0,0),(186,3,220,'Main',0,1,0,0,0,0,0,0),(187,1,30,'Header',0,0,0,0,0,0,0,0),(187,1,31,'Header',1,0,0,0,0,0,0,0),(187,1,32,'Header : 9',0,0,0,0,0,0,0,0),(187,1,33,'Header : 10',0,0,0,0,0,0,0,0),(187,1,34,'Header',2,0,0,0,0,0,0,0),(187,1,43,'Main - 1',1,0,0,0,0,0,0,0),(187,1,44,'Main - 1',2,0,0,0,0,0,0,0),(187,1,45,'Main - 1',3,0,0,0,0,0,0,0),(187,1,143,'Main',0,1,0,0,0,0,0,0),(187,1,144,'Main',1,1,0,0,0,0,0,0),(187,1,145,'Main - 1',0,1,0,0,0,0,0,0),(187,1,146,'Main - 1 : 39',0,1,0,0,0,0,0,0),(187,1,147,'Main - 1 : 39',1,1,0,0,0,0,0,0),(187,1,148,'Main - 1 : 40',0,1,0,0,0,0,0,0),(187,1,149,'Main - 1 : 40',1,1,0,0,0,0,0,0),(187,1,150,'Main - 1 : 40',2,1,0,0,0,0,0,0),(187,2,30,'Header',0,0,0,0,0,0,0,0),(187,2,31,'Header',1,0,0,0,0,0,0,0),(187,2,32,'Header : 9',0,0,0,0,0,0,0,0),(187,2,33,'Header : 10',0,0,0,0,0,0,0,0),(187,2,34,'Header',2,0,0,0,0,0,0,0),(187,2,43,'Main - 1',1,0,0,0,0,0,0,0),(187,2,44,'Main - 1',2,0,0,0,0,0,0,0),(187,2,45,'Main - 1',3,0,0,0,0,0,0,0),(187,2,143,'Main',0,0,0,0,0,0,0,0),(187,2,144,'Main',1,0,0,0,0,0,0,0),(187,2,145,'Main - 1',0,0,0,0,0,0,0,0),(187,2,146,'Main - 1 : 39',0,0,0,0,0,0,0,0),(187,2,147,'Main - 1 : 39',1,0,0,0,0,0,0,0),(187,2,148,'Main - 1 : 40',0,0,0,0,0,0,0,0),(187,2,149,'Main - 1 : 40',1,0,0,0,0,0,0,0),(187,2,150,'Main - 1 : 40',2,0,0,0,0,0,0,0),(187,3,30,'Header',0,0,0,0,0,0,0,0),(187,3,31,'Header',1,0,0,0,0,0,0,0),(187,3,32,'Header : 9',0,0,0,0,0,0,0,0),(187,3,33,'Header : 10',0,0,0,0,0,0,0,0),(187,3,34,'Header',2,0,0,0,0,0,0,0),(187,3,43,'Main - 1',1,0,0,0,0,0,0,0),(187,3,44,'Main - 1',2,0,0,0,0,0,0,0),(187,3,45,'Main - 1',3,0,0,0,0,0,0,0),(187,3,144,'Main',1,0,0,0,0,0,0,0),(187,3,145,'Main - 1',0,0,0,0,0,0,0,0),(187,3,146,'Main - 1 : 39',0,0,0,0,0,0,0,0),(187,3,147,'Main - 1 : 39',1,0,0,0,0,0,0,0),(187,3,148,'Main - 1 : 40',0,0,0,0,0,0,0,0),(187,3,149,'Main - 1 : 40',1,0,0,0,0,0,0,0),(187,3,150,'Main - 1 : 40',2,0,0,0,0,0,0,0),(187,3,221,'Main',0,1,0,0,0,0,0,0),(188,1,30,'Header',0,0,0,0,0,0,0,0),(188,1,31,'Header',1,0,0,0,0,0,0,0),(188,1,32,'Header : 9',0,0,0,0,0,0,0,0),(188,1,33,'Header : 10',0,0,0,0,0,0,0,0),(188,1,34,'Header',2,0,0,0,0,0,0,0),(188,1,43,'Main - 1',1,0,0,0,0,0,0,0),(188,1,44,'Main - 1',2,0,0,0,0,0,0,0),(188,1,45,'Main - 1',3,0,0,0,0,0,0,0),(188,1,151,'Main',0,1,0,0,0,0,0,0),(188,1,152,'Main',1,1,0,0,0,0,0,0),(188,1,153,'Main - 1',0,1,0,0,0,0,0,0),(188,1,154,'Main - 1 : 41',0,1,0,0,0,0,0,0),(188,1,155,'Main - 1 : 41',1,1,0,0,0,0,0,0),(188,1,156,'Main - 1 : 42',0,1,0,0,0,0,0,0),(188,1,157,'Main - 1 : 42',1,1,0,0,0,0,0,0),(188,1,158,'Main - 1 : 42',2,1,0,0,0,0,0,0),(188,2,30,'Header',0,0,0,0,0,0,0,0),(188,2,31,'Header',1,0,0,0,0,0,0,0),(188,2,32,'Header : 9',0,0,0,0,0,0,0,0),(188,2,33,'Header : 10',0,0,0,0,0,0,0,0),(188,2,34,'Header',2,0,0,0,0,0,0,0),(188,2,43,'Main - 1',1,0,0,0,0,0,0,0),(188,2,44,'Main - 1',2,0,0,0,0,0,0,0),(188,2,45,'Main - 1',3,0,0,0,0,0,0,0),(188,2,151,'Main',0,0,0,0,0,0,0,0),(188,2,152,'Main',1,0,0,0,0,0,0,0),(188,2,153,'Main - 1',0,0,0,0,0,0,0,0),(188,2,154,'Main - 1 : 41',0,0,0,0,0,0,0,0),(188,2,155,'Main - 1 : 41',1,0,0,0,0,0,0,0),(188,2,156,'Main - 1 : 42',0,0,0,0,0,0,0,0),(188,2,157,'Main - 1 : 42',1,0,0,0,0,0,0,0),(188,2,158,'Main - 1 : 42',2,0,0,0,0,0,0,0),(188,3,30,'Header',0,0,0,0,0,0,0,0),(188,3,31,'Header',1,0,0,0,0,0,0,0),(188,3,32,'Header : 9',0,0,0,0,0,0,0,0),(188,3,33,'Header : 10',0,0,0,0,0,0,0,0),(188,3,34,'Header',2,0,0,0,0,0,0,0),(188,3,43,'Main - 1',1,0,0,0,0,0,0,0),(188,3,44,'Main - 1',2,0,0,0,0,0,0,0),(188,3,45,'Main - 1',3,0,0,0,0,0,0,0),(188,3,151,'Main',0,0,0,0,0,0,0,0),(188,3,152,'Main',1,0,0,0,0,0,0,0),(188,3,153,'Main - 1',0,0,0,0,0,0,0,0),(188,3,154,'Main - 1 : 41',0,0,0,0,0,0,0,0),(188,3,155,'Main - 1 : 41',1,0,0,0,0,0,0,0),(188,3,156,'Main - 1 : 42',0,0,0,0,0,0,0,0),(188,3,157,'Main - 1 : 42',1,0,0,0,0,0,0,0),(188,3,158,'Main - 1 : 42',2,0,0,0,0,0,0,0),(188,4,30,'Header',0,0,0,0,0,0,0,0),(188,4,31,'Header',1,0,0,0,0,0,0,0),(188,4,32,'Header : 9',0,0,0,0,0,0,0,0),(188,4,33,'Header : 10',0,0,0,0,0,0,0,0),(188,4,34,'Header',2,0,0,0,0,0,0,0),(188,4,43,'Main - 1',1,0,0,0,0,0,0,0),(188,4,44,'Main - 1',2,0,0,0,0,0,0,0),(188,4,45,'Main - 1',3,0,0,0,0,0,0,0),(188,4,152,'Main',1,0,0,0,0,0,0,0),(188,4,153,'Main - 1',0,0,0,0,0,0,0,0),(188,4,154,'Main - 1 : 41',0,0,0,0,0,0,0,0),(188,4,155,'Main - 1 : 41',1,0,0,0,0,0,0,0),(188,4,156,'Main - 1 : 42',0,0,0,0,0,0,0,0),(188,4,157,'Main - 1 : 42',1,0,0,0,0,0,0,0),(188,4,158,'Main - 1 : 42',2,0,0,0,0,0,0,0),(188,4,222,'Main',0,1,0,0,0,0,0,0),(189,1,30,'Header',0,0,0,0,0,0,0,0),(189,1,31,'Header',1,0,0,0,0,0,0,0),(189,1,32,'Header : 9',0,0,0,0,0,0,0,0),(189,1,33,'Header : 10',0,0,0,0,0,0,0,0),(189,1,34,'Header',2,0,0,0,0,0,0,0),(189,1,43,'Main - 1',1,0,0,0,0,0,0,0),(189,1,44,'Main - 1',2,0,0,0,0,0,0,0),(189,1,45,'Main - 1',3,0,0,0,0,0,0,0),(189,1,164,'Main',0,1,0,0,0,0,0,0),(189,1,165,'Main',1,1,0,0,0,0,0,0),(189,1,166,'Main - 1',0,1,0,0,0,0,0,0),(189,1,167,'Main - 1 : 43',0,1,0,0,0,0,0,0),(189,1,168,'Main - 1 : 43',1,1,0,0,0,0,0,0),(189,1,169,'Main - 1 : 44',0,1,0,0,0,0,0,0),(189,1,170,'Main - 1 : 44',1,1,0,0,0,0,0,0),(189,1,171,'Main - 1 : 44',2,1,0,0,0,0,0,0),(189,2,30,'Header',0,0,0,0,0,0,0,0),(189,2,31,'Header',1,0,0,0,0,0,0,0),(189,2,32,'Header : 9',0,0,0,0,0,0,0,0),(189,2,33,'Header : 10',0,0,0,0,0,0,0,0),(189,2,34,'Header',2,0,0,0,0,0,0,0),(189,2,43,'Main - 1',1,0,0,0,0,0,0,0),(189,2,44,'Main - 1',2,0,0,0,0,0,0,0),(189,2,45,'Main - 1',3,0,0,0,0,0,0,0),(189,2,164,'Main',0,0,0,0,0,0,0,0),(189,2,165,'Main',1,0,0,0,0,0,0,0),(189,2,166,'Main - 1',0,0,0,0,0,0,0,0),(189,2,167,'Main - 1 : 43',0,0,0,0,0,0,0,0),(189,2,168,'Main - 1 : 43',1,0,0,0,0,0,0,0),(189,2,169,'Main - 1 : 44',0,0,0,0,0,0,0,0),(189,2,170,'Main - 1 : 44',1,0,0,0,0,0,0,0),(189,2,171,'Main - 1 : 44',2,0,0,0,0,0,0,0),(189,3,30,'Header',0,0,0,0,0,0,0,0),(189,3,31,'Header',1,0,0,0,0,0,0,0),(189,3,32,'Header : 9',0,0,0,0,0,0,0,0),(189,3,33,'Header : 10',0,0,0,0,0,0,0,0),(189,3,34,'Header',2,0,0,0,0,0,0,0),(189,3,43,'Main - 1',1,0,0,0,0,0,0,0),(189,3,44,'Main - 1',2,0,0,0,0,0,0,0),(189,3,45,'Main - 1',3,0,0,0,0,0,0,0),(189,3,165,'Main',1,0,0,0,0,0,0,0),(189,3,166,'Main - 1',0,0,0,0,0,0,0,0),(189,3,167,'Main - 1 : 43',0,0,0,0,0,0,0,0),(189,3,168,'Main - 1 : 43',1,0,0,0,0,0,0,0),(189,3,169,'Main - 1 : 44',0,0,0,0,0,0,0,0),(189,3,170,'Main - 1 : 44',1,0,0,0,0,0,0,0),(189,3,171,'Main - 1 : 44',2,0,0,0,0,0,0,0),(189,3,223,'Main',0,1,0,0,0,0,0,0),(199,2,195,'Main',0,1,0,0,0,0,0,0),(220,1,226,'Main',0,1,0,0,0,0,0,1),(220,1,227,'Main',1,1,0,0,0,0,0,2),(220,1,228,'Main : 50',0,1,0,0,0,0,0,3),(220,1,229,'Main : 51',0,1,0,0,0,0,0,4),(220,1,230,'Main : 52',0,1,0,0,0,0,0,5),(220,1,231,'Main',2,1,0,0,0,0,0,6),(220,1,232,'Main : 53',0,1,0,0,0,0,0,7),(220,1,233,'Main : 54',0,1,0,0,0,0,0,8),(220,1,234,'Main',3,1,0,0,0,0,0,9),(220,1,235,'Main : 55',0,1,0,0,0,0,0,10),(220,1,236,'Main : 56',0,1,0,0,0,0,0,11),(220,1,237,'Main : 57',0,1,0,0,0,0,0,12),(220,1,238,'Main',4,1,0,0,0,0,0,13),(221,1,239,'Main',0,1,0,0,0,0,0,14),(222,1,240,'Main',0,1,0,0,0,0,0,15);
/*!40000 ALTER TABLE `collectionversionblocks` ENABLE KEYS */;
UNLOCK TABLES;

--
-- Table structure for table `fileattributevalues`
--

DROP TABLE IF EXISTS `fileattributevalues`;
/*!40101 SET @saved_cs_client     = @@character_set_client */;
/*!40101 SET character_set_client = utf8 */;
CREATE TABLE `fileattributevalues` (
  `fID` int(10) unsigned NOT NULL,
  `fvID` int(10) unsigned NOT NULL,
  `akID` int(10) unsigned NOT NULL,
  `avID` int(10) unsigned DEFAULT NULL,
  PRIMARY KEY (`fID`,`fvID`,`akID`),
  KEY `IDX_BBECEAA4B6561A7E` (`akID`),
  KEY `IDX_BBECEAA4A2A82A5D` (`avID`),
  CONSTRAINT `FK_BBECEAA4A2A82A5D` FOREIGN KEY (`avID`) REFERENCES `AttributeValues` (`avID`),
  CONSTRAINT `FK_BBECEAA4B6561A7E` FOREIGN KEY (`akID`) REFERENCES `AttributeKeys` (`akID`)
) ENGINE=InnoDB DEFAULT CHARSET=utf8 COLLATE=utf8_unicode_ci;
/*!40101 SET character_set_client = @saved_cs_client */;

--
-- Dumping data for table `fileattributevalues`
--

LOCK TABLES `fileattributevalues` WRITE;
/*!40000 ALTER TABLE `fileattributevalues` DISABLE KEYS */;
INSERT INTO `fileattributevalues` VALUES (1,1,14,113),(1,1,15,114),(2,1,14,115),(2,1,15,116),(3,1,14,117),(3,1,15,118),(4,1,14,119),(4,1,15,120),(5,1,14,148),(5,1,15,149),(6,1,14,155),(6,1,15,156),(7,1,14,160),(7,1,15,161),(8,1,14,165),(8,1,15,166),(9,1,14,167),(9,1,15,168),(10,1,14,169),(10,1,15,170),(11,1,14,171),(11,1,15,172),(12,1,14,173),(12,1,15,174),(13,1,14,175),(13,1,15,176),(14,1,14,177),(14,1,15,178),(15,1,14,179),(15,1,15,180),(16,1,14,195),(16,1,15,196),(17,1,14,197),(17,1,15,198),(18,1,14,199),(18,1,15,200);
/*!40000 ALTER TABLE `fileattributevalues` ENABLE KEYS */;
UNLOCK TABLES;

--
-- Table structure for table `fileversions`
--

DROP TABLE IF EXISTS `fileversions`;
/*!40101 SET @saved_cs_client     = @@character_set_client */;
/*!40101 SET character_set_client = utf8 */;
CREATE TABLE `fileversions` (
  `fID` int(10) unsigned NOT NULL,
  `fvID` int(11) NOT NULL,
  `fvFilename` varchar(255) COLLATE utf8_unicode_ci NOT NULL,
  `fvPrefix` varchar(255) COLLATE utf8_unicode_ci DEFAULT NULL,
  `fvSize` bigint(20) NOT NULL,
  `fvTitle` varchar(255) COLLATE utf8_unicode_ci DEFAULT NULL,
  `fvDescription` text COLLATE utf8_unicode_ci,
  `fvTags` longtext COLLATE utf8_unicode_ci,
  `fvIsApproved` tinyint(1) NOT NULL,
  `fvDateAdded` datetime NOT NULL,
  `fvApproverUID` int(11) NOT NULL,
  `fvAuthorUID` int(11) NOT NULL,
  `fvActivateDateTime` datetime NOT NULL,
  `fvHasListingThumbnail` tinyint(1) NOT NULL,
  `fvHasDetailThumbnail` tinyint(1) NOT NULL,
  `fvExtension` varchar(255) COLLATE utf8_unicode_ci DEFAULT NULL,
  `fvType` int(11) NOT NULL,
  PRIMARY KEY (`fID`,`fvID`),
  KEY `fvExtension` (`fvExtension`),
  KEY `fvType` (`fvType`),
  KEY `fvFilename` (`fvFilename`),
  KEY `IDX_D7B5A13AE3111F45` (`fID`),
  CONSTRAINT `FK_D7B5A13AE3111F45` FOREIGN KEY (`fID`) REFERENCES `Files` (`fID`)
) ENGINE=InnoDB DEFAULT CHARSET=utf8 COLLATE=utf8_unicode_ci;
/*!40101 SET character_set_client = @saved_cs_client */;

--
-- Dumping data for table `fileversions`
--

LOCK TABLES `fileversions` WRITE;
/*!40000 ALTER TABLE `fileversions` DISABLE KEYS */;
INSERT INTO `fileversions` VALUES (1,1,'1366-500.png','351441373781',24017,'1366-500.png','','',1,'2015-09-04 15:36:21',1,1,'2015-09-04 15:36:21',1,1,'png',1),(2,1,'1366-768.png','681441373782',31163,'1366-768.png','','',1,'2015-09-04 15:36:22',1,1,'2015-09-04 15:36:22',1,1,'png',1),(3,1,'400x400.png','531441373785',8624,'400x400.png','','',1,'2015-09-04 15:36:25',1,1,'2015-09-04 15:36:25',1,0,'png',1),(4,1,'80x90.png','651441373785',3346,'80x90.png','','',1,'2015-09-04 15:36:25',1,1,'2015-09-04 15:36:25',1,0,'png',1),(5,1,'logo.png','991441378149',4242,'logo.png','','',1,'2015-09-04 16:49:09',1,1,'2015-09-04 16:49:09',1,0,'png',1),(6,1,'portrait.jpg','741441379204',352376,'portrait.jpg','','',1,'2015-09-04 17:06:44',1,1,'2015-09-04 17:06:44',1,1,'jpg',1),(7,1,'creative-office.jpg','731441398002',238997,'creative-office.jpg','','',1,'2015-09-04 22:20:02',1,1,'2015-09-04 22:20:02',1,1,'jpg',1),(8,1,'fod.jpg','781441398181',515940,'fo,d.jpg','','',1,'2015-09-04 22:23:01',1,1,'2015-09-04 22:23:01',1,1,'jpg',1),(9,1,'icon-stats.png','561441613071',34564,'icon-stats.png','','',1,'2015-09-07 10:04:31',1,1,'2015-09-07 10:04:31',1,1,'png',1),(10,1,'idea-icon.png','791441613072',31661,'idea-icon.png','','',1,'2015-09-07 10:04:32',1,1,'2015-09-07 10:04:32',1,1,'png',1),(11,1,'icon-social.png','681441613072',51675,'icon-social.png','','',1,'2015-09-07 10:04:32',1,1,'2015-09-07 10:04:32',1,1,'png',1),(12,1,'shutterstock_290001401.jpg','911441613546',191572,'shutterstock_290001401.jpg','','',1,'2015-09-07 10:12:26',1,1,'2015-09-07 10:12:26',1,1,'jpg',1),(13,1,'shutterstock_258887543.jpg','981441613550',398979,'shutterstock_258887543.jpg','','',1,'2015-09-07 10:12:30',1,1,'2015-09-07 10:12:30',1,1,'jpg',1),(14,1,'shutterstock_289791356.jpg','511441613553',235775,'shutterstock_289791356.jpg','','',1,'2015-09-07 10:12:33',1,1,'2015-09-07 10:12:33',1,1,'jpg',1),(15,1,'shutterstock_275532029.jpg','181441613557',259056,'shutterstock_275532029.jpg','','',1,'2015-09-07 10:12:37',1,1,'2015-09-07 10:12:37',1,1,'jpg',1),(16,1,'blog-map.jpg','291441614628',125083,'blog-map.jpg','','',1,'2015-09-07 10:30:28',1,1,'2015-09-07 10:30:28',1,1,'jpg',1),(17,1,'blog-social.jpg','671441614631',238761,'blog-social.jpg','','',1,'2015-09-07 10:30:32',1,1,'2015-09-07 10:30:32',1,1,'jpg',1),(18,1,'blog-map2.jpg','831441614635',240747,'blog-map2.jpg','','',1,'2015-09-07 10:30:35',1,1,'2015-09-07 10:30:35',1,1,'jpg',1);
/*!40000 ALTER TABLE `fileversions` ENABLE KEYS */;
UNLOCK TABLES;

--
-- Table structure for table `gaPage`
--

DROP TABLE IF EXISTS `gaPage`;
/*!40101 SET @saved_cs_client     = @@character_set_client */;
/*!40101 SET character_set_client = utf8 */;
CREATE TABLE `gaPage` (
  `gaiID` int(10) unsigned NOT NULL,
  `cID` int(10) unsigned DEFAULT NULL,
  PRIMARY KEY (`gaiID`),
  KEY `cID` (`cID`)
) ENGINE=InnoDB DEFAULT CHARSET=utf8 COLLATE=utf8_unicode_ci;
/*!40101 SET character_set_client = @saved_cs_client */;

--
-- Dumping data for table `gaPage`
--

LOCK TABLES `gaPage` WRITE;
/*!40000 ALTER TABLE `gaPage` DISABLE KEYS */;
/*!40000 ALTER TABLE `gaPage` ENABLE KEYS */;
UNLOCK TABLES;

--
-- Table structure for table `packages`
--

DROP TABLE IF EXISTS `packages`;
/*!40101 SET @saved_cs_client     = @@character_set_client */;
/*!40101 SET character_set_client = utf8 */;
CREATE TABLE `packages` (
  `pkgID` int(10) unsigned NOT NULL AUTO_INCREMENT,
  `pkgName` varchar(255) COLLATE utf8_unicode_ci DEFAULT NULL,
  `pkgHandle` varchar(255) COLLATE utf8_unicode_ci NOT NULL,
  `pkgDescription` longtext COLLATE utf8_unicode_ci NOT NULL,
  `pkgDateInstalled` datetime NOT NULL,
  `pkgIsInstalled` tinyint(1) NOT NULL,
  `pkgVersion` varchar(255) COLLATE utf8_unicode_ci NOT NULL,
  `pkgAvailableVersion` varchar(255) COLLATE utf8_unicode_ci DEFAULT NULL,
  PRIMARY KEY (`pkgID`),
  UNIQUE KEY `UNIQ_62C3A2F1F2D49DB1` (`pkgHandle`)
) ENGINE=InnoDB AUTO_INCREMENT=3 DEFAULT CHARSET=utf8 COLLATE=utf8_unicode_ci;
/*!40101 SET character_set_client = @saved_cs_client */;

--
-- Dumping data for table `packages`
--

LOCK TABLES `packages` WRITE;
/*!40000 ALTER TABLE `packages` DISABLE KEYS */;
INSERT INTO `packages` VALUES (1,'Supermint Theme','theme_supermint','Supermint responsive suit any kind of website.','2015-09-04 15:36:13',1,'3.0.3.1',NULL),(2,'Sample Content and Install Generator','sample_content_generator','Allows a user to generate installation data for a concrete5 site or add-on.','2015-09-07 08:30:53',1,'0.9',NULL);
/*!40000 ALTER TABLE `packages` ENABLE KEYS */;
UNLOCK TABLES;

--
-- Table structure for table `pages`
--

DROP TABLE IF EXISTS `pages`;
/*!40101 SET @saved_cs_client     = @@character_set_client */;
/*!40101 SET character_set_client = utf8 */;
CREATE TABLE `pages` (
  `cID` int(10) unsigned NOT NULL DEFAULT '0',
  `ptID` int(10) unsigned NOT NULL DEFAULT '0',
  `cIsTemplate` tinyint(1) NOT NULL DEFAULT '0',
  `uID` int(10) unsigned DEFAULT NULL,
  `cIsCheckedOut` tinyint(1) NOT NULL DEFAULT '0',
  `cCheckedOutUID` int(10) unsigned DEFAULT NULL,
  `cCheckedOutDatetime` datetime DEFAULT NULL,
  `cCheckedOutDatetimeLastEdit` datetime DEFAULT NULL,
  `cOverrideTemplatePermissions` tinyint(1) NOT NULL DEFAULT '1',
  `cInheritPermissionsFromCID` int(10) unsigned NOT NULL DEFAULT '0',
  `cInheritPermissionsFrom` varchar(8) COLLATE utf8_unicode_ci NOT NULL DEFAULT 'PARENT',
  `cFilename` varchar(255) COLLATE utf8_unicode_ci DEFAULT NULL,
  `cPointerID` int(10) unsigned NOT NULL DEFAULT '0',
  `cPointerExternalLink` longtext COLLATE utf8_unicode_ci,
  `cPointerExternalLinkNewWindow` tinyint(1) NOT NULL DEFAULT '0',
  `cIsActive` tinyint(1) NOT NULL DEFAULT '1',
  `cChildren` int(10) unsigned NOT NULL DEFAULT '0',
  `cDisplayOrder` int(10) unsigned NOT NULL DEFAULT '0',
  `cParentID` int(10) unsigned NOT NULL DEFAULT '0',
  `pkgID` int(10) unsigned NOT NULL DEFAULT '0',
  `cDraftTargetParentPageID` int(10) unsigned NOT NULL DEFAULT '0',
  `cCacheFullPageContent` smallint(6) NOT NULL DEFAULT '-1',
  `cCacheFullPageContentOverrideLifetime` varchar(32) COLLATE utf8_unicode_ci NOT NULL DEFAULT '0',
  `cCacheFullPageContentLifetimeCustom` int(10) unsigned NOT NULL DEFAULT '0',
  `cIsSystemPage` tinyint(1) NOT NULL DEFAULT '0',
  `siteTreeID` int(10) unsigned DEFAULT '0',
  PRIMARY KEY (`cID`,`ptID`),
  KEY `cParentID` (`cParentID`),
  KEY `cIsActive` (`cID`,`cIsActive`),
  KEY `cCheckedOutUID` (`cCheckedOutUID`),
  KEY `uID` (`uID`,`cPointerID`),
  KEY `cPointerID` (`cPointerID`,`cDisplayOrder`),
  KEY `cIsTemplate` (`cID`,`cIsTemplate`),
  KEY `cIsSystemPage` (`cID`,`cIsSystemPage`),
  KEY `pkgID` (`pkgID`),
  KEY `cParentMaxDisplay` (`cParentID`,`cDisplayOrder`),
  KEY `siteTreeID` (`siteTreeID`)
) ENGINE=InnoDB DEFAULT CHARSET=utf8 COLLATE=utf8_unicode_ci;
/*!40101 SET character_set_client = @saved_cs_client */;

--
-- Dumping data for table `pages`
--

LOCK TABLES `pages` WRITE;
/*!40000 ALTER TABLE `pages` DISABLE KEYS */;
INSERT INTO `pages` VALUES (1,0,0,1,0,NULL,NULL,NULL,1,1,'OVERRIDE',NULL,0,NULL,0,1,15,0,0,0,0,-1,'0',0,0,1),(2,0,0,1,0,NULL,NULL,NULL,1,2,'OVERRIDE','/dashboard/view.php',0,NULL,0,1,15,0,0,0,0,-1,'0',0,1,0),(3,0,0,1,0,NULL,NULL,NULL,1,2,'PARENT','/dashboard/sitemap/view.php',0,NULL,0,1,3,1,2,0,0,-1,'0',0,1,0),(4,0,0,1,0,NULL,NULL,NULL,1,2,'PARENT','/dashboard/sitemap/full.php',0,NULL,0,1,0,0,3,0,0,-1,'0',0,1,0),(5,0,0,1,0,NULL,NULL,NULL,1,2,'PARENT','/dashboard/sitemap/explore.php',0,NULL,0,1,0,1,3,0,0,-1,'0',0,1,0),(6,0,0,1,0,NULL,NULL,NULL,1,2,'PARENT','/dashboard/sitemap/search.php',0,NULL,0,1,0,2,3,0,0,-1,'0',0,1,0),(7,0,0,1,0,NULL,NULL,NULL,1,2,'PARENT','/dashboard/files/view.php',0,NULL,0,1,4,2,2,0,0,-1,'0',0,1,0),(8,0,0,1,0,NULL,NULL,NULL,1,2,'PARENT','/dashboard/files/search.php',0,NULL,0,1,0,0,7,0,0,-1,'0',0,1,0),(9,0,0,1,0,NULL,NULL,NULL,1,2,'PARENT','/dashboard/files/attributes.php',0,NULL,0,1,0,1,7,0,0,-1,'0',0,1,0),(10,0,0,1,0,NULL,NULL,NULL,1,2,'PARENT','/dashboard/files/sets.php',0,NULL,0,1,0,2,7,0,0,-1,'0',0,1,0),(11,0,0,1,0,NULL,NULL,NULL,1,2,'PARENT','/dashboard/files/add_set.php',0,NULL,0,1,0,3,7,0,0,-1,'0',0,1,0),(12,0,0,1,0,NULL,NULL,NULL,1,2,'PARENT','/dashboard/users/view.php',0,NULL,0,1,7,3,2,0,0,-1,'0',0,1,0),(13,0,0,1,0,NULL,NULL,NULL,1,2,'PARENT','/dashboard/users/search.php',0,NULL,0,1,0,0,12,0,0,-1,'0',0,1,0),(14,0,0,1,0,NULL,NULL,NULL,1,2,'PARENT','/dashboard/users/groups.php',0,NULL,0,1,1,1,12,0,0,-1,'0',0,1,0),(15,0,0,1,0,NULL,NULL,NULL,1,2,'PARENT','/dashboard/users/attributes.php',0,NULL,0,1,0,2,12,0,0,-1,'0',0,1,0),(16,0,0,1,0,NULL,NULL,NULL,1,2,'PARENT','/dashboard/users/add.php',0,NULL,0,1,0,3,12,0,0,-1,'0',0,1,0),(17,0,0,1,0,NULL,NULL,NULL,1,2,'PARENT','/dashboard/users/add_group.php',0,NULL,0,1,0,4,12,0,0,-1,'0',0,1,0),(18,0,0,1,0,NULL,NULL,NULL,1,2,'PARENT','/dashboard/users/groups/bulkupdate.php',0,NULL,0,1,0,0,14,0,0,-1,'0',0,1,0),(19,0,0,1,0,NULL,NULL,NULL,1,2,'PARENT','/dashboard/users/group_sets.php',0,NULL,0,1,0,5,12,0,0,-1,'0',0,1,0),(20,0,0,1,0,NULL,NULL,NULL,1,2,'PARENT','/dashboard/users/points/view.php',0,NULL,0,1,2,6,12,0,0,-1,'0',0,1,0),(21,0,0,1,0,NULL,NULL,NULL,1,2,'PARENT','/dashboard/users/points/assign.php',0,NULL,0,1,0,0,20,0,0,-1,'0',0,1,0),(22,0,0,1,0,NULL,NULL,NULL,1,2,'PARENT','/dashboard/users/points/actions.php',0,NULL,0,1,0,1,20,0,0,-1,'0',0,1,0),(23,0,0,1,0,NULL,NULL,NULL,1,2,'PARENT','/dashboard/reports.php',0,NULL,0,1,3,4,2,0,0,-1,'0',0,1,0),(24,0,0,1,0,NULL,NULL,NULL,1,2,'PARENT','/dashboard/reports/forms.php',0,NULL,0,1,1,0,23,0,0,-1,'0',0,1,0),(25,0,0,1,0,NULL,NULL,NULL,1,2,'PARENT','/dashboard/reports/surveys.php',0,NULL,0,1,0,1,23,0,0,-1,'0',0,1,0),(26,0,0,1,0,NULL,NULL,NULL,1,2,'PARENT','/dashboard/reports/logs.php',0,NULL,0,1,0,2,23,0,0,-1,'0',0,1,0),(27,0,0,1,0,NULL,NULL,NULL,1,2,'PARENT','/dashboard/pages/view.php',0,NULL,0,1,6,5,2,0,0,-1,'0',0,1,0),(28,0,0,1,0,NULL,NULL,NULL,1,2,'PARENT','/dashboard/pages/themes/view.php',0,NULL,0,1,1,0,27,0,0,-1,'0',0,1,0),(29,0,0,1,0,NULL,NULL,NULL,1,2,'PARENT','/dashboard/pages/themes/inspect.php',0,NULL,0,1,0,0,28,0,0,-1,'0',0,1,0),(30,0,0,1,0,NULL,NULL,NULL,1,2,'PARENT','/dashboard/pages/types/view.php',0,NULL,0,1,6,1,27,0,0,-1,'0',0,1,0),(31,0,0,1,0,NULL,NULL,NULL,1,2,'PARENT','/dashboard/pages/types/organize.php',0,NULL,0,1,0,0,30,0,0,-1,'0',0,1,0),(32,0,0,1,0,NULL,NULL,NULL,1,2,'PARENT','/dashboard/pages/types/add.php',0,NULL,0,1,0,1,30,0,0,-1,'0',0,1,0),(33,0,0,1,0,NULL,NULL,NULL,1,2,'PARENT','/dashboard/pages/types/form.php',0,NULL,0,1,0,2,30,0,0,-1,'0',0,1,0),(34,0,0,1,0,NULL,NULL,NULL,1,2,'PARENT','/dashboard/pages/types/output.php',0,NULL,0,1,0,3,30,0,0,-1,'0',0,1,0),(35,0,0,1,0,NULL,NULL,NULL,1,2,'PARENT','/dashboard/pages/types/attributes.php',0,NULL,0,1,0,4,30,0,0,-1,'0',0,1,0),(36,0,0,1,0,NULL,NULL,NULL,1,2,'PARENT','/dashboard/pages/types/permissions.php',0,NULL,0,1,0,5,30,0,0,-1,'0',0,1,0),(37,0,0,1,0,NULL,NULL,NULL,1,2,'PARENT','/dashboard/pages/templates/view.php',0,NULL,0,1,1,2,27,0,0,-1,'0',0,1,0),(38,0,0,1,0,NULL,NULL,NULL,1,2,'PARENT','/dashboard/pages/templates/add.php',0,NULL,0,1,0,0,37,0,0,-1,'0',0,1,0),(39,0,0,1,0,NULL,NULL,NULL,1,2,'PARENT','/dashboard/pages/attributes.php',0,NULL,0,1,0,3,27,0,0,-1,'0',0,1,0),(40,0,0,1,0,NULL,NULL,NULL,1,2,'PARENT','/dashboard/pages/single.php',0,NULL,0,1,0,4,27,0,0,-1,'0',0,1,0),(41,0,0,1,0,NULL,NULL,NULL,1,2,'PARENT','/dashboard/pages/feeds.php',0,NULL,0,1,0,5,27,0,0,-1,'0',0,1,0),(42,0,0,1,0,NULL,NULL,NULL,1,2,'PARENT','/dashboard/conversations/view.php',0,NULL,0,1,1,6,2,0,0,-1,'0',0,1,0),(43,0,0,1,0,NULL,NULL,NULL,1,2,'PARENT','/dashboard/conversations/messages.php',0,NULL,0,1,0,0,42,0,0,-1,'0',0,1,0),(44,0,0,1,0,NULL,NULL,NULL,1,1,'PARENT','/dashboard/workflow/view.php',0,NULL,0,0,2,7,129,0,0,-1,'0',0,1,0),(45,0,0,1,0,NULL,NULL,NULL,1,1,'PARENT','/dashboard/workflow/me.php',0,NULL,0,0,0,0,44,0,0,-1,'0',0,1,0),(46,0,0,1,0,NULL,NULL,NULL,1,1,'PARENT','/dashboard/workflow/workflows.php',0,NULL,0,0,0,1,44,0,0,-1,'0',0,1,0),(47,0,0,1,0,NULL,NULL,NULL,1,2,'PARENT','/dashboard/blocks/view.php',0,NULL,0,1,3,7,2,0,0,-1,'0',0,1,0),(48,0,0,1,0,NULL,NULL,NULL,1,2,'PARENT','/dashboard/blocks/stacks/view.php',0,NULL,0,1,1,0,47,0,0,-1,'0',0,1,0),(49,0,0,1,0,NULL,NULL,NULL,1,2,'PARENT','/dashboard/blocks/permissions.php',0,NULL,0,1,0,1,47,0,0,-1,'0',0,1,0),(50,0,0,1,0,NULL,NULL,NULL,1,2,'PARENT','/dashboard/blocks/stacks/list/view.php',0,NULL,0,1,0,0,48,0,0,-1,'0',0,1,0),(51,0,0,1,0,NULL,NULL,NULL,1,2,'PARENT','/dashboard/blocks/types/view.php',0,NULL,0,1,0,2,47,0,0,-1,'0',0,1,0),(52,0,0,1,0,NULL,NULL,NULL,1,2,'PARENT','/dashboard/extend/view.php',0,NULL,0,1,5,8,2,0,0,-1,'0',0,1,0),(53,0,0,1,0,NULL,NULL,NULL,1,2,'PARENT','/dashboard/news.php',0,NULL,0,1,0,9,2,0,0,-1,'0',0,1,0),(54,0,0,1,0,NULL,NULL,NULL,1,2,'PARENT','/dashboard/extend/install.php',0,NULL,0,1,0,0,52,0,0,-1,'0',0,1,0),(55,0,0,1,0,NULL,NULL,NULL,1,2,'PARENT','/dashboard/extend/update.php',0,NULL,0,1,0,1,52,0,0,-1,'0',0,1,0),(56,0,0,1,0,NULL,NULL,NULL,1,2,'PARENT','/dashboard/extend/connect.php',0,NULL,0,1,0,2,52,0,0,-1,'0',0,1,0),(57,0,0,1,0,NULL,NULL,NULL,1,2,'PARENT','/dashboard/extend/themes.php',0,NULL,0,1,0,3,52,0,0,-1,'0',0,1,0),(58,0,0,1,0,NULL,NULL,NULL,1,2,'PARENT','/dashboard/extend/addons.php',0,NULL,0,1,0,4,52,0,0,-1,'0',0,1,0),(59,0,0,1,0,NULL,NULL,NULL,1,2,'PARENT','/dashboard/system/view.php',0,NULL,0,1,13,10,2,0,0,-1,'0',0,1,0),(60,0,0,1,0,NULL,NULL,NULL,1,2,'PARENT','/dashboard/system/basics/view.php',0,NULL,0,1,8,0,59,0,0,-1,'0',0,1,0),(61,0,0,1,0,NULL,NULL,NULL,1,2,'PARENT','/dashboard/system/basics/name.php',0,NULL,0,1,0,0,60,0,0,-1,'0',0,1,0),(62,0,0,1,0,NULL,NULL,NULL,1,2,'PARENT','/dashboard/system/basics/accessibility.php',0,NULL,0,1,0,1,60,0,0,-1,'0',0,1,0),(63,0,0,1,0,NULL,NULL,NULL,1,2,'PARENT','/dashboard/system/basics/social.php',0,NULL,0,1,0,2,60,0,0,-1,'0',0,1,0),(64,0,0,1,0,NULL,NULL,NULL,1,2,'PARENT','/dashboard/system/basics/icons.php',0,NULL,0,1,0,3,60,0,0,-1,'0',0,1,0),(65,0,0,1,0,NULL,NULL,NULL,1,2,'PARENT','/dashboard/system/basics/editor.php',0,NULL,0,1,0,4,60,0,0,-1,'0',0,1,0),(66,0,0,1,0,NULL,NULL,NULL,1,2,'PARENT','/dashboard/system/basics/multilingual/view.php',0,NULL,0,1,0,5,60,0,0,-1,'0',0,1,0),(67,0,0,1,0,NULL,NULL,NULL,1,2,'PARENT','/dashboard/system/basics/timezone.php',0,NULL,0,1,0,6,60,0,0,-1,'0',0,1,0),(68,0,0,1,0,NULL,NULL,NULL,1,2,'PARENT','/dashboard/system/multilingual/view.php',0,NULL,0,1,4,1,59,0,0,-1,'0',0,1,0),(69,0,0,1,0,NULL,NULL,NULL,1,2,'PARENT','/dashboard/system/multilingual/setup.php',0,NULL,0,1,0,0,68,0,0,-1,'0',0,1,0),(70,0,0,1,0,NULL,NULL,NULL,1,2,'PARENT','/dashboard/system/multilingual/copy.php',0,NULL,0,1,0,1,68,0,0,-1,'0',0,1,0),(71,0,0,1,0,NULL,NULL,NULL,1,2,'PARENT','/dashboard/system/multilingual/page_report.php',0,NULL,0,1,0,2,68,0,0,-1,'0',0,1,0),(72,0,0,1,0,NULL,NULL,NULL,1,2,'PARENT','/dashboard/system/multilingual/translate_interface.php',0,NULL,0,1,0,3,68,0,0,-1,'0',0,1,0),(73,0,0,1,0,NULL,NULL,NULL,1,2,'PARENT','/dashboard/system/seo/view.php',0,NULL,0,1,5,2,59,0,0,-1,'0',0,1,0),(74,0,0,1,0,NULL,NULL,NULL,1,2,'PARENT','/dashboard/system/seo/urls.php',0,NULL,0,1,0,0,73,0,0,-1,'0',0,1,0),(75,0,0,1,0,NULL,NULL,NULL,1,2,'PARENT','/dashboard/system/seo/bulk.php',0,NULL,0,1,0,1,73,0,0,-1,'0',0,1,0),(76,0,0,1,0,NULL,NULL,NULL,1,2,'PARENT','/dashboard/system/seo/codes.php',0,NULL,0,1,0,2,73,0,0,-1,'0',0,1,0),(77,0,0,1,0,NULL,NULL,NULL,1,2,'PARENT','/dashboard/system/seo/excluded.php',0,NULL,0,1,0,3,73,0,0,-1,'0',0,1,0),(78,0,0,1,0,NULL,NULL,NULL,1,2,'PARENT','/dashboard/system/seo/searchindex.php',0,NULL,0,1,0,4,73,0,0,-1,'0',0,1,0),(79,0,0,1,0,NULL,NULL,NULL,1,2,'PARENT','/dashboard/system/files/view.php',0,NULL,0,1,5,3,59,0,0,-1,'0',0,1,0),(80,0,0,1,0,NULL,NULL,NULL,1,2,'PARENT','/dashboard/system/files/permissions.php',0,NULL,0,1,0,0,79,0,0,-1,'0',0,1,0),(81,0,0,1,0,NULL,NULL,NULL,1,2,'PARENT','/dashboard/system/files/filetypes.php',0,NULL,0,1,0,1,79,0,0,-1,'0',0,1,0),(82,0,0,1,0,NULL,NULL,NULL,1,2,'PARENT','/dashboard/system/files/thumbnails.php',0,NULL,0,1,0,2,79,0,0,-1,'0',0,1,0),(83,0,0,1,0,NULL,NULL,NULL,1,2,'PARENT','/dashboard/system/files/storage.php',0,NULL,0,1,0,3,79,0,0,-1,'0',0,1,0),(84,0,0,1,0,NULL,NULL,NULL,1,2,'PARENT','/dashboard/system/optimization/view.php',0,NULL,0,1,4,4,59,0,0,-1,'0',0,1,0),(85,0,0,1,0,NULL,NULL,NULL,1,2,'PARENT','/dashboard/system/optimization/cache.php',0,NULL,0,1,0,0,84,0,0,-1,'0',0,1,0),(86,0,0,1,0,NULL,NULL,NULL,1,2,'PARENT','/dashboard/system/optimization/clearcache.php',0,NULL,0,1,0,1,84,0,0,-1,'0',0,1,0),(87,0,0,1,0,NULL,NULL,NULL,1,2,'PARENT','/dashboard/system/optimization/jobs.php',0,NULL,0,1,0,2,84,0,0,-1,'0',0,1,0),(88,0,0,1,0,NULL,NULL,NULL,1,2,'PARENT','/dashboard/system/optimization/query_log.php',0,NULL,0,1,0,3,84,0,0,-1,'0',0,1,0),(89,0,0,1,0,NULL,NULL,NULL,1,2,'PARENT','/dashboard/system/permissions/view.php',0,NULL,0,1,9,5,59,0,0,-1,'0',0,1,0),(90,0,0,1,0,NULL,NULL,NULL,1,2,'PARENT','/dashboard/system/permissions/site.php',0,NULL,0,1,0,0,89,0,0,-1,'0',0,1,0),(91,0,0,1,0,NULL,NULL,NULL,1,2,'PARENT','/dashboard/system/permissions/tasks.php',0,NULL,0,1,0,1,89,0,0,-1,'0',0,1,0),(92,0,0,1,0,NULL,NULL,NULL,1,2,'PARENT','/dashboard/system/permissions/users.php',0,NULL,0,1,0,2,89,0,0,-1,'0',0,1,0),(93,0,0,1,0,NULL,NULL,NULL,1,2,'PARENT','/dashboard/system/permissions/advanced.php',0,NULL,0,1,0,3,89,0,0,-1,'0',0,1,0),(94,0,0,1,0,NULL,NULL,NULL,1,2,'PARENT','/dashboard/system/permissions/blacklist.php',0,NULL,0,1,0,4,89,0,0,-1,'0',0,1,0),(95,0,0,1,0,NULL,NULL,NULL,1,2,'PARENT','/dashboard/system/permissions/captcha.php',0,NULL,0,1,0,5,89,0,0,-1,'0',0,1,0),(96,0,0,1,0,NULL,NULL,NULL,1,2,'PARENT','/dashboard/system/permissions/antispam.php',0,NULL,0,1,0,6,89,0,0,-1,'0',0,1,0),(97,0,0,1,0,NULL,NULL,NULL,1,2,'PARENT','/dashboard/system/permissions/maintenance.php',0,NULL,0,1,0,7,89,0,0,-1,'0',0,1,0),(98,0,0,1,0,NULL,NULL,NULL,1,2,'PARENT','/dashboard/system/registration/view.php',0,NULL,0,1,6,6,59,0,0,-1,'0',0,1,0),(99,0,0,1,0,NULL,NULL,NULL,1,2,'PARENT','/dashboard/system/registration/postlogin.php',0,NULL,0,1,0,0,98,0,0,-1,'0',0,1,0),(100,0,0,1,0,NULL,NULL,NULL,1,2,'PARENT','/dashboard/system/registration/profiles.php',0,NULL,0,1,0,1,98,0,0,-1,'0',0,1,0),(101,0,0,1,0,NULL,NULL,NULL,1,2,'PARENT','/dashboard/system/registration/open.php',0,NULL,0,1,0,2,98,0,0,-1,'0',0,1,0),(102,0,0,1,0,NULL,NULL,NULL,1,2,'PARENT','/dashboard/system/registration/authentication.php',0,NULL,0,1,0,3,98,0,0,-1,'0',0,1,0),(103,0,0,1,0,NULL,NULL,NULL,1,2,'PARENT','/dashboard/system/mail/view.php',0,NULL,0,1,2,7,59,0,0,-1,'0',0,1,0),(104,0,0,1,0,NULL,NULL,NULL,1,2,'PARENT','/dashboard/system/mail/method.php',0,NULL,0,1,1,0,103,0,0,-1,'0',0,1,0),(105,0,0,1,0,NULL,NULL,NULL,1,2,'PARENT','/dashboard/system/mail/method/test.php',0,NULL,0,1,0,0,104,0,0,-1,'0',0,1,0),(106,0,0,1,0,NULL,NULL,NULL,1,2,'PARENT','/dashboard/system/mail/importers.php',0,NULL,0,1,0,1,103,0,0,-1,'0',0,1,0),(107,0,0,1,0,NULL,NULL,NULL,1,2,'PARENT','/dashboard/system/conversations/view.php',0,NULL,0,1,4,8,59,0,0,-1,'0',0,1,0),(108,0,0,1,0,NULL,NULL,NULL,1,2,'PARENT','/dashboard/system/conversations/settings.php',0,NULL,0,1,0,0,107,0,0,-1,'0',0,1,0),(109,0,0,1,0,NULL,NULL,NULL,1,2,'PARENT','/dashboard/system/conversations/points.php',0,NULL,0,1,0,1,107,0,0,-1,'0',0,1,0),(110,0,0,1,0,NULL,NULL,NULL,1,2,'PARENT','/dashboard/system/conversations/bannedwords.php',0,NULL,0,1,0,2,107,0,0,-1,'0',0,1,0),(111,0,0,1,0,NULL,NULL,NULL,1,2,'PARENT','/dashboard/system/conversations/permissions.php',0,NULL,0,1,0,3,107,0,0,-1,'0',0,1,0),(112,0,0,1,0,NULL,NULL,NULL,1,2,'PARENT','/dashboard/system/attributes/view.php',0,NULL,0,1,3,9,59,0,0,-1,'0',0,1,0),(113,0,0,1,0,NULL,NULL,NULL,1,2,'PARENT','/dashboard/system/attributes/sets.php',0,NULL,0,1,0,0,112,0,0,-1,'0',0,1,0),(114,0,0,1,0,NULL,NULL,NULL,1,2,'PARENT','/dashboard/system/attributes/types.php',0,NULL,0,1,0,1,112,0,0,-1,'0',0,1,0),(115,0,0,1,0,NULL,NULL,NULL,1,2,'PARENT','/dashboard/system/attributes/topics/view.php',0,NULL,0,1,1,2,112,0,0,-1,'0',0,1,0),(116,0,0,1,0,NULL,NULL,NULL,1,2,'PARENT','/dashboard/system/attributes/topics/add.php',0,NULL,0,1,0,0,115,0,0,-1,'0',0,1,0),(117,0,0,1,0,NULL,NULL,NULL,1,2,'PARENT','/dashboard/system/environment/view.php',0,NULL,0,1,5,10,59,0,0,-1,'0',0,1,0),(118,0,0,1,0,NULL,NULL,NULL,1,2,'PARENT','/dashboard/system/environment/info.php',0,NULL,0,1,0,0,117,0,0,-1,'0',0,1,0),(119,0,0,1,0,NULL,NULL,NULL,1,2,'PARENT','/dashboard/system/environment/debug.php',0,NULL,0,1,0,1,117,0,0,-1,'0',0,1,0),(120,0,0,1,0,NULL,NULL,NULL,1,2,'PARENT','/dashboard/system/environment/logging.php',0,NULL,0,1,0,2,117,0,0,-1,'0',0,1,0),(121,0,0,1,0,NULL,NULL,NULL,1,2,'PARENT','/dashboard/system/environment/proxy.php',0,NULL,0,1,0,3,117,0,0,-1,'0',0,1,0),(122,0,0,1,0,NULL,NULL,NULL,1,2,'PARENT','/dashboard/system/environment/entities.php',0,NULL,0,1,0,4,117,0,0,-1,'0',0,1,0),(123,0,0,1,0,NULL,NULL,NULL,1,2,'PARENT','/dashboard/system/backup/view.php',0,NULL,0,1,2,11,59,0,0,-1,'0',0,1,0),(124,0,0,1,0,NULL,NULL,NULL,1,2,'PARENT','/dashboard/system/backup/backup.php',0,NULL,0,1,0,0,123,0,0,-1,'0',0,1,0),(125,0,0,1,0,NULL,NULL,NULL,1,2,'PARENT','/dashboard/system/backup/update.php',0,NULL,0,1,0,1,123,0,0,-1,'0',0,1,0),(126,0,0,1,0,NULL,NULL,NULL,1,1,'PARENT',NULL,0,NULL,0,0,0,12,129,0,0,-1,'0',0,1,0),(127,0,0,1,0,NULL,NULL,NULL,1,2,'PARENT',NULL,0,NULL,0,1,0,11,2,0,0,-1,'0',0,1,0),(128,0,0,1,0,NULL,NULL,NULL,1,128,'OVERRIDE','/!drafts/view.php',0,NULL,0,1,0,0,0,0,0,-1,'0',0,1,1),(129,0,0,1,0,NULL,NULL,NULL,1,1,'PARENT','/!trash/view.php',0,NULL,0,1,4,0,0,0,0,-1,'0',0,1,0),(130,0,0,1,0,NULL,NULL,NULL,1,1,'PARENT','/!stacks/view.php',0,NULL,0,1,16,0,0,0,0,-1,'0',0,1,1),(131,0,0,1,0,NULL,NULL,NULL,1,131,'OVERRIDE','/login.php',0,NULL,0,1,0,0,0,0,0,-1,'0',0,1,0),(132,0,0,1,0,NULL,NULL,NULL,1,132,'OVERRIDE','/register.php',0,NULL,0,1,0,0,0,0,0,-1,'0',0,1,0),(133,0,0,1,0,NULL,NULL,NULL,1,1,'PARENT','/account/view.php',0,NULL,0,1,3,0,0,0,0,-1,'0',0,1,0),(134,0,0,1,0,NULL,NULL,NULL,1,1,'PARENT','/account/edit_profile.php',0,NULL,0,1,0,0,133,0,0,-1,'0',0,1,0),(135,0,0,1,0,NULL,NULL,NULL,1,1,'PARENT','/account/avatar.php',0,NULL,0,1,0,1,133,0,0,-1,'0',0,1,0),(136,0,0,1,0,NULL,NULL,NULL,1,1,'PARENT','/account/messages/view.php',0,NULL,0,0,1,13,129,0,0,-1,'0',0,1,0),(137,0,0,1,0,NULL,NULL,NULL,1,1,'PARENT','/account/messages/inbox.php',0,NULL,0,0,0,0,136,0,0,-1,'0',0,1,0),(138,0,0,1,0,NULL,NULL,NULL,1,1,'PARENT','/members/view.php',0,NULL,0,0,2,14,129,0,0,-1,'0',0,1,0),(139,0,0,1,0,NULL,NULL,NULL,1,1,'PARENT','/members/profile.php',0,NULL,0,0,0,0,138,0,0,-1,'0',0,1,0),(140,0,0,1,0,NULL,NULL,NULL,1,1,'PARENT','/members/directory.php',0,NULL,0,0,0,1,138,0,0,-1,'0',0,1,0),(141,0,0,1,0,NULL,NULL,NULL,1,1,'PARENT','/page_not_found.php',0,NULL,0,1,0,1,0,0,0,-1,'0',0,1,1),(142,0,0,1,0,NULL,NULL,NULL,1,1,'PARENT','/page_forbidden.php',0,NULL,0,1,0,1,0,0,0,-1,'0',0,1,0),(143,0,0,1,0,NULL,NULL,NULL,1,1,'PARENT','/download_file.php',0,NULL,0,1,0,1,0,0,0,-1,'0',0,1,0),(144,6,1,NULL,0,NULL,NULL,NULL,1,144,'OVERRIDE',NULL,0,NULL,0,1,0,0,0,0,0,-1,'0',0,0,1),(150,0,0,1,0,NULL,NULL,NULL,1,2,'PARENT','/dashboard/supermint_options/view.php',0,NULL,0,1,5,12,2,1,0,-1,'0',0,1,0),(151,0,0,1,0,NULL,NULL,NULL,1,2,'PARENT','/dashboard/supermint_options/theme_options.php',0,NULL,0,1,0,0,150,1,0,-1,'0',0,1,0),(152,0,0,1,0,NULL,NULL,NULL,1,2,'PARENT','/dashboard/supermint_options/sliders.php',0,NULL,0,1,0,1,150,1,0,-1,'0',0,1,0),(153,0,0,1,0,NULL,NULL,NULL,1,2,'PARENT','/dashboard/supermint_options/fonts.php',0,NULL,0,1,0,2,150,1,0,-1,'0',0,1,0),(154,0,0,1,0,NULL,NULL,NULL,1,2,'PARENT','/dashboard/supermint_options/site_settings.php',0,NULL,0,1,0,3,150,1,0,-1,'0',0,1,0),(155,0,0,1,0,NULL,NULL,NULL,1,2,'PARENT','/dashboard/supermint_options/options_presets.php',0,NULL,0,1,0,4,150,1,0,-1,'0',0,1,0),(161,1,0,1,0,NULL,NULL,NULL,1,1,'PARENT',NULL,0,NULL,0,1,0,0,130,0,0,-1,'0',0,1,0),(162,1,0,1,0,NULL,NULL,NULL,1,1,'PARENT',NULL,0,NULL,0,1,0,1,130,0,0,-1,'0',0,1,0),(163,1,0,1,0,NULL,NULL,NULL,1,1,'PARENT',NULL,0,NULL,0,1,0,2,130,0,0,-1,'0',0,1,0),(164,1,0,1,0,NULL,NULL,NULL,1,1,'PARENT',NULL,0,NULL,0,1,0,3,130,0,0,-1,'0',0,1,0),(165,1,0,1,0,NULL,NULL,NULL,1,1,'PARENT',NULL,0,NULL,0,1,0,4,130,0,0,-1,'0',0,1,0),(166,1,0,1,0,NULL,NULL,NULL,1,1,'PARENT',NULL,0,NULL,0,1,0,5,130,0,0,-1,'0',0,1,0),(167,1,0,1,0,NULL,NULL,NULL,1,1,'PARENT',NULL,0,NULL,0,1,0,6,130,0,0,-1,'0',0,1,0),(168,1,0,1,0,NULL,NULL,NULL,1,1,'PARENT',NULL,0,NULL,0,1,0,7,130,0,0,-1,'0',0,1,0),(169,1,0,1,0,NULL,NULL,NULL,1,1,'PARENT',NULL,0,NULL,0,1,0,8,130,0,0,-1,'0',0,1,0),(170,1,0,1,0,NULL,NULL,NULL,1,1,'PARENT',NULL,0,NULL,0,1,0,9,130,0,0,-1,'0',0,1,0),(171,1,0,1,0,NULL,NULL,NULL,1,1,'PARENT',NULL,0,NULL,0,1,0,10,130,0,0,-1,'0',0,1,0),(172,1,0,1,0,NULL,NULL,NULL,1,1,'PARENT',NULL,0,NULL,0,1,0,11,130,0,0,-1,'0',0,1,0),(173,1,0,1,0,NULL,NULL,NULL,1,1,'PARENT',NULL,0,NULL,0,1,0,12,130,0,0,-1,'0',0,1,0),(174,1,0,1,0,NULL,NULL,NULL,1,1,'PARENT',NULL,0,NULL,0,1,0,13,130,0,0,-1,'0',0,1,0),(175,1,0,1,0,NULL,NULL,NULL,1,1,'PARENT',NULL,0,NULL,0,1,0,14,130,0,0,-1,'0',0,1,0),(176,7,1,NULL,0,NULL,NULL,NULL,1,176,'OVERRIDE',NULL,0,NULL,0,1,0,0,0,0,0,-1,'0',0,0,1),(177,7,0,1,0,NULL,NULL,NULL,1,1,'PARENT',NULL,0,NULL,0,1,0,2,1,0,1,-1,'0',0,0,1),(178,7,0,1,0,NULL,NULL,NULL,1,1,'PARENT',NULL,0,NULL,0,1,0,3,1,0,0,-1,'0',0,0,1),(179,7,0,1,0,NULL,NULL,NULL,1,1,'PARENT',NULL,0,NULL,0,1,3,4,1,0,0,-1,'0',0,0,1),(180,7,0,1,0,NULL,NULL,NULL,1,1,'PARENT',NULL,0,NULL,0,1,4,5,1,0,0,-1,'0',0,0,1),(181,8,1,NULL,0,NULL,NULL,NULL,1,181,'OVERRIDE',NULL,0,NULL,0,1,0,0,0,0,0,-1,'0',0,0,1),(182,8,0,1,0,NULL,NULL,NULL,1,1,'PARENT',NULL,0,NULL,0,1,0,0,179,0,179,-1,'0',0,0,1),(183,8,0,1,0,NULL,NULL,NULL,1,1,'PARENT',NULL,0,NULL,0,1,0,1,179,0,179,-1,'0',0,0,1),(184,8,0,1,0,NULL,NULL,NULL,1,1,'PARENT',NULL,0,NULL,0,1,0,2,179,0,179,-1,'0',0,0,1),(185,9,1,NULL,0,NULL,NULL,NULL,1,185,'OVERRIDE',NULL,0,NULL,0,1,0,0,0,0,0,-1,'0',0,0,1),(186,9,0,1,0,NULL,NULL,NULL,1,1,'PARENT',NULL,0,NULL,0,1,0,0,180,0,0,-1,'0',0,0,1),(187,9,0,1,0,NULL,NULL,NULL,1,1,'PARENT',NULL,0,NULL,0,1,0,1,180,0,0,-1,'0',0,0,1),(188,9,0,1,0,NULL,NULL,NULL,1,1,'PARENT',NULL,0,NULL,0,1,0,2,180,0,0,-1,'0',0,0,1),(189,9,0,1,0,NULL,NULL,NULL,1,1,'PARENT',NULL,0,NULL,0,1,0,3,180,0,0,-1,'0',0,0,1),(190,7,1,NULL,0,NULL,NULL,NULL,1,190,'OVERRIDE',NULL,0,NULL,0,1,0,0,0,0,0,-1,'0',0,0,1),(191,7,1,NULL,0,NULL,NULL,NULL,1,191,'OVERRIDE',NULL,0,NULL,0,1,0,0,0,0,0,-1,'0',0,0,1),(192,7,1,NULL,0,NULL,NULL,NULL,1,192,'OVERRIDE',NULL,0,NULL,0,1,0,0,0,0,0,-1,'0',0,0,1),(193,8,1,NULL,0,NULL,NULL,NULL,1,193,'OVERRIDE',NULL,0,NULL,0,1,0,0,0,0,0,-1,'0',0,0,1),(194,8,1,NULL,0,NULL,NULL,NULL,1,194,'OVERRIDE',NULL,0,NULL,0,1,0,0,0,0,0,-1,'0',0,0,1),(195,8,1,NULL,0,NULL,NULL,NULL,1,195,'OVERRIDE',NULL,0,NULL,0,1,0,0,0,0,0,-1,'0',0,0,1),(196,9,1,NULL,0,NULL,NULL,NULL,1,196,'OVERRIDE',NULL,0,NULL,0,1,0,0,0,0,0,-1,'0',0,0,1),(197,9,1,NULL,0,NULL,NULL,NULL,1,197,'OVERRIDE',NULL,0,NULL,0,1,0,0,0,0,0,-1,'0',0,0,1),(198,9,1,NULL,0,NULL,NULL,NULL,1,198,'OVERRIDE',NULL,0,NULL,0,1,0,0,0,0,0,-1,'0',0,0,1),(199,1,0,1,0,NULL,NULL,NULL,1,1,'PARENT',NULL,0,NULL,0,1,0,15,130,0,0,-1,'0',0,1,0),(200,0,0,1,0,NULL,NULL,NULL,1,2,'PARENT','/dashboard/generate_install_data.php',0,NULL,0,1,0,13,2,2,0,-1,'0',0,1,0),(201,7,1,NULL,0,NULL,NULL,NULL,1,201,'OVERRIDE',NULL,0,NULL,0,1,0,0,0,0,0,-1,'0',0,0,1),(202,8,1,NULL,0,NULL,NULL,NULL,1,202,'OVERRIDE',NULL,0,NULL,0,1,0,0,0,0,0,-1,'0',0,0,1),(203,9,1,NULL,0,NULL,NULL,NULL,1,203,'OVERRIDE',NULL,0,NULL,0,1,0,0,0,0,0,-1,'0',0,0,1),(204,0,0,1,0,NULL,NULL,NULL,1,2,'PARENT','/dashboard/system/files/image_uploading.php',0,NULL,0,1,0,4,79,0,0,-1,'0',0,1,0),(205,0,0,1,0,NULL,NULL,NULL,1,2,'PARENT','/dashboard/express/view.php',0,NULL,0,1,1,14,2,0,0,-1,'0',0,1,0),(206,0,0,1,0,NULL,NULL,NULL,1,2,'PARENT','/dashboard/express/entries.php',0,NULL,0,1,0,0,205,0,0,-1,'0',0,1,0),(207,0,0,1,0,NULL,NULL,NULL,1,2,'PARENT','/dashboard/system/express/view.php',0,NULL,0,1,2,12,59,0,0,-1,'0',0,1,0),(208,0,0,1,0,NULL,NULL,NULL,1,2,'PARENT','/dashboard/system/express/entities.php',0,NULL,0,1,4,0,207,0,0,-1,'0',0,1,0),(209,0,0,1,0,NULL,NULL,NULL,1,2,'PARENT','/dashboard/system/express/entities/attributes.php',0,NULL,0,1,0,0,208,0,0,-1,'0',0,1,0),(210,0,0,1,0,NULL,NULL,NULL,1,2,'PARENT','/dashboard/system/express/entities/associations.php',0,NULL,0,1,0,1,208,0,0,-1,'0',0,1,0),(211,0,0,1,0,NULL,NULL,NULL,1,2,'PARENT','/dashboard/system/express/entities/forms.php',0,NULL,0,1,0,2,208,0,0,-1,'0',0,1,0),(212,0,0,1,0,NULL,NULL,NULL,1,2,'PARENT','/dashboard/system/express/entities/customize_search.php',0,NULL,0,1,0,3,208,0,0,-1,'0',0,1,0),(213,0,0,1,0,NULL,NULL,NULL,1,2,'PARENT','/dashboard/system/express/entries.php',0,NULL,0,1,0,1,207,0,0,-1,'0',0,1,0),(214,0,0,1,0,NULL,NULL,NULL,1,2,'PARENT','/dashboard/reports/forms/legacy.php',0,NULL,0,1,0,0,24,0,0,-1,'0',0,1,0),(215,0,0,1,0,NULL,NULL,NULL,1,2,'PARENT','/dashboard/system/basics/attributes.php',0,NULL,0,1,0,7,60,0,0,-1,'0',0,1,0),(216,0,0,1,0,NULL,NULL,NULL,1,2,'PARENT','/dashboard/system/registration/global_password_reset.php',0,NULL,0,1,0,4,98,0,0,-1,'0',0,1,0),(217,0,0,1,0,NULL,NULL,NULL,1,2,'PARENT','/dashboard/system/registration/notification.php',0,NULL,0,1,0,5,98,0,0,-1,'0',0,1,0),(218,0,0,1,0,NULL,NULL,NULL,1,2,'PARENT','/dashboard/system/permissions/workflows.php',0,NULL,0,1,0,8,89,0,0,-1,'0',0,1,0),(219,0,0,1,0,NULL,NULL,NULL,1,1,'PARENT','/account/messages.php',0,NULL,0,1,0,2,133,0,0,-1,'0',0,1,0),(220,0,0,1,0,NULL,NULL,NULL,1,2,'PARENT','/dashboard/welcome.php',0,NULL,0,1,1,0,2,0,0,-1,'0',0,1,0),(221,0,0,1,0,NULL,NULL,NULL,1,1,'PARENT','/desktop.php',0,NULL,0,1,0,0,0,0,0,-1,'0',0,1,1),(222,0,0,1,0,NULL,NULL,NULL,1,2,'PARENT',NULL,0,NULL,0,1,0,0,220,0,0,-1,'0',0,1,0);
/*!40000 ALTER TABLE `pages` ENABLE KEYS */;
UNLOCK TABLES;

--
-- Table structure for table `pagetypes`
--

DROP TABLE IF EXISTS `pagetypes`;
/*!40101 SET @saved_cs_client     = @@character_set_client */;
/*!40101 SET character_set_client = utf8 */;
CREATE TABLE `pagetypes` (
  `ptID` int(10) unsigned NOT NULL AUTO_INCREMENT,
  `ptName` varchar(255) COLLATE utf8_unicode_ci NOT NULL,
  `ptHandle` varchar(128) COLLATE utf8_unicode_ci NOT NULL,
  `ptPublishTargetTypeID` int(10) unsigned DEFAULT NULL,
  `ptDefaultPageTemplateID` int(10) unsigned DEFAULT NULL,
  `ptAllowedPageTemplates` varchar(1) COLLATE utf8_unicode_ci DEFAULT 'A',
  `ptIsInternal` tinyint(1) NOT NULL DEFAULT '0',
  `ptIsFrequentlyAdded` tinyint(1) NOT NULL DEFAULT '1',
  `ptDisplayOrder` int(10) unsigned DEFAULT NULL,
  `ptLaunchInComposer` tinyint(1) NOT NULL DEFAULT '0',
  `pkgID` int(10) unsigned NOT NULL DEFAULT '0',
  `ptPublishTargetObject` longtext COLLATE utf8_unicode_ci,
  `siteTypeID` int(10) unsigned DEFAULT '0',
  PRIMARY KEY (`ptID`),
  UNIQUE KEY `ptHandle` (`ptHandle`),
  KEY `pkgID` (`pkgID`,`ptID`),
  KEY `siteTypeID` (`siteTypeID`)
) ENGINE=InnoDB AUTO_INCREMENT=11 DEFAULT CHARSET=utf8 COLLATE=utf8_unicode_ci;
/*!40101 SET character_set_client = @saved_cs_client */;

--
-- Dumping data for table `pagetypes`
--

LOCK TABLES `pagetypes` WRITE;
/*!40000 ALTER TABLE `pagetypes` DISABLE KEYS */;
INSERT INTO `pagetypes` VALUES (1,'Stack','core_stack',3,0,'A',1,0,0,0,0,'O:68:\"Concrete\\Core\\Page\\Type\\PublishTarget\\Configuration\\AllConfiguration\":4:{s:5:\"error\";s:0:\"\";s:21:\"ptPublishTargetTypeID\";s:1:\"3\";s:25:\"ptPublishTargetTypeHandle\";s:3:\"all\";s:9:\"pkgHandle\";b:0;}',0),(2,'Stack Category','core_stack_category',3,0,'A',1,0,1,0,0,'O:68:\"Concrete\\Core\\Page\\Type\\PublishTarget\\Configuration\\AllConfiguration\":4:{s:5:\"error\";s:0:\"\";s:21:\"ptPublishTargetTypeID\";s:1:\"3\";s:25:\"ptPublishTargetTypeHandle\";s:3:\"all\";s:9:\"pkgHandle\";b:0;}',0),(3,'Dashboard Primary + Five','dashboard_primary_five',3,0,'A',1,0,2,0,0,'O:68:\"Concrete\\Core\\Page\\Type\\PublishTarget\\Configuration\\AllConfiguration\":4:{s:5:\"error\";s:0:\"\";s:21:\"ptPublishTargetTypeID\";s:1:\"3\";s:25:\"ptPublishTargetTypeHandle\";s:3:\"all\";s:9:\"pkgHandle\";b:0;}',0),(4,'Dashboard Header + Four Column','dashboard_header_four_col',3,0,'A',1,0,3,0,0,'O:68:\"Concrete\\Core\\Page\\Type\\PublishTarget\\Configuration\\AllConfiguration\":4:{s:5:\"error\";s:0:\"\";s:21:\"ptPublishTargetTypeID\";s:1:\"3\";s:25:\"ptPublishTargetTypeHandle\";s:3:\"all\";s:9:\"pkgHandle\";b:0;}',0),(5,'Dashboard Full','dashboard_full',3,0,'A',1,0,4,0,0,'O:68:\"Concrete\\Core\\Page\\Type\\PublishTarget\\Configuration\\AllConfiguration\":4:{s:5:\"error\";s:0:\"\";s:21:\"ptPublishTargetTypeID\";s:1:\"3\";s:25:\"ptPublishTargetTypeHandle\";s:3:\"all\";s:9:\"pkgHandle\";b:0;}',0),(7,'Page','page',3,8,'A',0,1,0,1,0,'O:68:\"Concrete\\Core\\Page\\Type\\PublishTarget\\Configuration\\AllConfiguration\":4:{s:5:\"error\";s:0:\"\";s:21:\"ptPublishTargetTypeID\";s:1:\"3\";s:25:\"ptPublishTargetTypeHandle\";s:3:\"all\";s:9:\"pkgHandle\";b:0;}',1),(8,'Blog post','blog_post',1,7,'A',0,1,1,1,0,'O:75:\"Concrete\\Core\\Page\\Type\\PublishTarget\\Configuration\\ParentPageConfiguration\":5:{s:12:\"\0*\0cParentID\";s:3:\"179\";s:5:\"error\";s:0:\"\";s:21:\"ptPublishTargetTypeID\";s:1:\"1\";s:25:\"ptPublishTargetTypeHandle\";s:11:\"parent_page\";s:9:\"pkgHandle\";b:0;}',1),(9,'Work','work',1,8,'A',0,1,2,1,0,'O:75:\"Concrete\\Core\\Page\\Type\\PublishTarget\\Configuration\\ParentPageConfiguration\":5:{s:12:\"\0*\0cParentID\";s:3:\"180\";s:5:\"error\";s:0:\"\";s:21:\"ptPublishTargetTypeID\";s:1:\"1\";s:25:\"ptPublishTargetTypeHandle\";s:11:\"parent_page\";s:9:\"pkgHandle\";b:0;}',1),(10,'Desktop','core_desktop',3,0,'A',1,0,5,0,0,'O:68:\"Concrete\\Core\\Page\\Type\\PublishTarget\\Configuration\\AllConfiguration\":7:{s:21:\"\0*\0selectorFormFactor\";N;s:22:\"\0*\0startingPointPageID\";N;s:5:\"error\";s:0:\"\";s:21:\"ptPublishTargetTypeID\";s:1:\"3\";s:25:\"ptPublishTargetTypeHandle\";s:3:\"all\";s:9:\"pkgHandle\";b:0;s:17:\"startingPointPage\";N;}',1);
/*!40000 ALTER TABLE `pagetypes` ENABLE KEYS */;
UNLOCK TABLES;

--
-- Table structure for table `sociallinks`
--

DROP TABLE IF EXISTS `sociallinks`;
/*!40101 SET @saved_cs_client     = @@character_set_client */;
/*!40101 SET character_set_client = utf8 */;
CREATE TABLE `sociallinks` (
  `slID` int(11) NOT NULL AUTO_INCREMENT,
  `ssHandle` varchar(255) COLLATE utf8_unicode_ci NOT NULL,
  `url` varchar(255) COLLATE utf8_unicode_ci NOT NULL,
  `siteID` int(10) unsigned DEFAULT NULL,
  PRIMARY KEY (`slID`),
  KEY `IDX_84EBA2B4521D8435` (`siteID`),
  CONSTRAINT `FK_84EBA2B4521D8435` FOREIGN KEY (`siteID`) REFERENCES `Sites` (`siteID`)
) ENGINE=InnoDB AUTO_INCREMENT=5 DEFAULT CHARSET=utf8 COLLATE=utf8_unicode_ci;
/*!40101 SET character_set_client = @saved_cs_client */;

--
-- Dumping data for table `sociallinks`
--

LOCK TABLES `sociallinks` WRITE;
/*!40000 ALTER TABLE `sociallinks` DISABLE KEYS */;
INSERT INTO `sociallinks` VALUES (1,'facebook','https://www.facebook.com/myconcretelab',1),(2,'flickr','https://www.flickr.com/photos/sebastienj/',1),(3,'personal_website','http://new.myconcretelab.com/',1),(4,'twitter','https://twitter.com/myconcretelab',1);
/*!40000 ALTER TABLE `sociallinks` ENABLE KEYS */;
UNLOCK TABLES;

--
-- Table structure for table `userattributevalues`
--

DROP TABLE IF EXISTS `userattributevalues`;
/*!40101 SET @saved_cs_client     = @@character_set_client */;
/*!40101 SET character_set_client = utf8 */;
CREATE TABLE `userattributevalues` (
  `uID` int(10) unsigned NOT NULL,
  `akID` int(10) unsigned NOT NULL,
  `avID` int(10) unsigned DEFAULT NULL,
  PRIMARY KEY (`uID`,`akID`),
  KEY `IDX_4DB68CA6FD71026C` (`uID`),
  KEY `IDX_4DB68CA6B6561A7E` (`akID`),
  KEY `IDX_4DB68CA6A2A82A5D` (`avID`),
  CONSTRAINT `FK_4DB68CA6A2A82A5D` FOREIGN KEY (`avID`) REFERENCES `AttributeValues` (`avID`),
  CONSTRAINT `FK_4DB68CA6B6561A7E` FOREIGN KEY (`akID`) REFERENCES `AttributeKeys` (`akID`),
  CONSTRAINT `FK_4DB68CA6FD71026C` FOREIGN KEY (`uID`) REFERENCES `Users` (`uID`)
) ENGINE=InnoDB DEFAULT CHARSET=utf8 COLLATE=utf8_unicode_ci;
/*!40101 SET character_set_client = @saved_cs_client */;

--
-- Dumping data for table `userattributevalues`
--

LOCK TABLES `userattributevalues` WRITE;
/*!40000 ALTER TABLE `userattributevalues` DISABLE KEYS */;
/*!40000 ALTER TABLE `userattributevalues` ENABLE KEYS */;
UNLOCK TABLES;

--
-- Table structure for table `users`
--

DROP TABLE IF EXISTS `users`;
/*!40101 SET @saved_cs_client     = @@character_set_client */;
/*!40101 SET character_set_client = utf8 */;
CREATE TABLE `users` (
  `uID` int(10) unsigned NOT NULL AUTO_INCREMENT,
  `uName` varchar(64) COLLATE utf8_unicode_ci NOT NULL,
  `uEmail` varchar(254) COLLATE utf8_unicode_ci NOT NULL,
  `uPassword` varchar(255) COLLATE utf8_unicode_ci NOT NULL,
  `uIsActive` tinyint(1) NOT NULL,
  `uIsValidated` tinyint(1) NOT NULL DEFAULT '-1',
  `uIsFullRecord` tinyint(1) NOT NULL,
  `uDateAdded` datetime NOT NULL,
  `uLastPasswordChange` datetime NOT NULL,
  `uHasAvatar` tinyint(1) NOT NULL,
  `uLastOnline` int(10) unsigned NOT NULL DEFAULT '0',
  `uLastLogin` int(10) unsigned NOT NULL DEFAULT '0',
  `uLastIP` longtext COLLATE utf8_unicode_ci,
  `uPreviousLogin` int(10) unsigned DEFAULT '0',
  `uNumLogins` int(10) unsigned NOT NULL DEFAULT '0',
  `uLastAuthTypeID` int(10) unsigned NOT NULL DEFAULT '0',
  `uTimezone` varchar(255) COLLATE utf8_unicode_ci DEFAULT NULL,
  `uDefaultLanguage` varchar(32) COLLATE utf8_unicode_ci DEFAULT NULL,
  `uIsPasswordReset` tinyint(1) NOT NULL,
  PRIMARY KEY (`uID`),
  UNIQUE KEY `UNIQ_D5428AED28459686` (`uName`),
  KEY `uEmail` (`uEmail`)
) ENGINE=InnoDB AUTO_INCREMENT=2 DEFAULT CHARSET=utf8 COLLATE=utf8_unicode_ci;
/*!40101 SET character_set_client = @saved_cs_client */;

--
-- Dumping data for table `users`
--

LOCK TABLES `users` WRITE;
/*!40000 ALTER TABLE `users` DISABLE KEYS */;
INSERT INTO `users` VALUES (1,'admin','seb@tellthem.be','$2a$12$MsWKBJHVB3/wDguZMdM6xeilABI4VAVcS.sjQ0jMvIhXeikIrfp9m',1,-1,1,'2015-09-04 15:31:05','2015-09-04 15:31:05',0,1488984971,1488983413,'00000000000000000000000000000001',1446113235,7,1,NULL,NULL,0);
/*!40000 ALTER TABLE `users` ENABLE KEYS */;
UNLOCK TABLES;
/*!40103 SET TIME_ZONE=@OLD_TIME_ZONE */;

/*!40101 SET SQL_MODE=@OLD_SQL_MODE */;
/*!40014 SET FOREIGN_KEY_CHECKS=@OLD_FOREIGN_KEY_CHECKS */;
/*!40014 SET UNIQUE_CHECKS=@OLD_UNIQUE_CHECKS */;
/*!40101 SET CHARACTER_SET_CLIENT=@OLD_CHARACTER_SET_CLIENT */;
/*!40101 SET CHARACTER_SET_RESULTS=@OLD_CHARACTER_SET_RESULTS */;
/*!40101 SET COLLATION_CONNECTION=@OLD_COLLATION_CONNECTION */;
/*!40111 SET SQL_NOTES=@OLD_SQL_NOTES */;

-- Dump completed on 2017-03-08 16:51:36
