-- phpMyAdmin SQL Dump
-- version 4.4.1.1
-- http://www.phpmyadmin.net
--
-- Client :  localhost
-- Généré le :  Jeu 17 Septembre 2015 à 01:07
-- Version du serveur :  5.5.42
-- Version de PHP :  5.6.7

SET SQL_MODE = "NO_AUTO_VALUE_ON_ZERO";
SET time_zone = "+00:00";


/*!40101 SET @OLD_CHARACTER_SET_CLIENT=@@CHARACTER_SET_CLIENT */;
/*!40101 SET @OLD_CHARACTER_SET_RESULTS=@@CHARACTER_SET_RESULTS */;
/*!40101 SET @OLD_COLLATION_CONNECTION=@@COLLATION_CONNECTION */;
/*!40101 SET NAMES utf8 */;

--
-- Base de données :  `myconcretelab_myconcretelab_new`
--

-- --------------------------------------------------------

--
-- Structure de la table `AreaLayoutColumns`
--

DROP TABLE IF EXISTS `AreaLayoutColumns`;
CREATE TABLE `AreaLayoutColumns` (
  `arLayoutColumnID` int(10) unsigned NOT NULL,
  `arLayoutID` int(10) unsigned NOT NULL DEFAULT '0',
  `arLayoutColumnIndex` int(10) unsigned NOT NULL DEFAULT '0',
  `arID` int(10) unsigned NOT NULL DEFAULT '0',
  `arLayoutColumnDisplayID` int(11) DEFAULT '0'
) ENGINE=InnoDB AUTO_INCREMENT=20 DEFAULT CHARSET=utf8 COLLATE=utf8_unicode_ci;

--
-- Contenu de la table `AreaLayoutColumns`
--

INSERT INTO `AreaLayoutColumns` (`arLayoutColumnID`, `arLayoutID`, `arLayoutColumnIndex`, `arID`, `arLayoutColumnDisplayID`) VALUES
(1, 1, 0, 95, 1),
(2, 1, 1, 96, 2),
(3, 1, 2, 97, 3),
(4, 2, 0, 206, 4),
(5, 2, 1, 207, 5),
(6, 3, 0, 258, 6),
(7, 3, 1, 259, 7),
(8, 4, 0, 260, 8),
(9, 4, 1, 261, 9),
(10, 5, 0, 262, 10),
(11, 5, 1, 263, 11),
(12, 6, 0, 285, 12),
(13, 6, 1, 286, 13),
(14, 7, 0, 306, 14),
(15, 7, 1, 307, 15),
(16, 8, 0, 308, 16),
(17, 8, 1, 309, 17),
(18, 9, 0, 311, 12),
(19, 9, 1, 314, 13);

-- --------------------------------------------------------

--
-- Structure de la table `AreaLayoutCustomColumns`
--

DROP TABLE IF EXISTS `AreaLayoutCustomColumns`;
CREATE TABLE `AreaLayoutCustomColumns` (
  `arLayoutColumnID` int(10) unsigned NOT NULL,
  `arLayoutColumnWidth` varchar(64) COLLATE utf8_unicode_ci NOT NULL
) ENGINE=InnoDB DEFAULT CHARSET=utf8 COLLATE=utf8_unicode_ci;

-- --------------------------------------------------------

--
-- Structure de la table `AreaLayoutPresets`
--

DROP TABLE IF EXISTS `AreaLayoutPresets`;
CREATE TABLE `AreaLayoutPresets` (
  `arLayoutPresetID` int(10) unsigned NOT NULL,
  `arLayoutID` int(10) unsigned NOT NULL DEFAULT '0',
  `arLayoutPresetName` varchar(255) COLLATE utf8_unicode_ci DEFAULT NULL
) ENGINE=InnoDB AUTO_INCREMENT=2 DEFAULT CHARSET=utf8 COLLATE=utf8_unicode_ci;

--
-- Contenu de la table `AreaLayoutPresets`
--

INSERT INTO `AreaLayoutPresets` (`arLayoutPresetID`, `arLayoutID`, `arLayoutPresetName`) VALUES
(1, 1, 'Header Addont');

-- --------------------------------------------------------

--
-- Structure de la table `AreaLayouts`
--

DROP TABLE IF EXISTS `AreaLayouts`;
CREATE TABLE `AreaLayouts` (
  `arLayoutID` int(10) unsigned NOT NULL,
  `arLayoutSpacing` int(10) unsigned NOT NULL DEFAULT '0',
  `arLayoutIsCustom` tinyint(1) NOT NULL DEFAULT '0',
  `arLayoutMaxColumns` int(10) unsigned NOT NULL DEFAULT '0',
  `arLayoutUsesThemeGridFramework` tinyint(1) NOT NULL DEFAULT '0',
  `arLayoutIsPreset` tinyint(1) NOT NULL DEFAULT '0'
) ENGINE=InnoDB AUTO_INCREMENT=10 DEFAULT CHARSET=utf8 COLLATE=utf8_unicode_ci;

--
-- Contenu de la table `AreaLayouts`
--

INSERT INTO `AreaLayouts` (`arLayoutID`, `arLayoutSpacing`, `arLayoutIsCustom`, `arLayoutMaxColumns`, `arLayoutUsesThemeGridFramework`, `arLayoutIsPreset`) VALUES
(1, 0, 0, 12, 1, 0),
(2, 0, 0, 12, 1, 0),
(3, 0, 0, 12, 1, 0),
(4, 0, 0, 12, 1, 0),
(5, 0, 0, 12, 1, 0),
(6, 0, 0, 12, 1, 0),
(7, 0, 0, 12, 1, 0),
(8, 0, 0, 12, 1, 0),
(9, 0, 0, 12, 1, 0);

-- --------------------------------------------------------

--
-- Structure de la table `AreaLayoutsUsingPresets`
--

DROP TABLE IF EXISTS `AreaLayoutsUsingPresets`;
CREATE TABLE `AreaLayoutsUsingPresets` (
  `arLayoutID` int(10) unsigned NOT NULL,
  `preset` varchar(255) COLLATE utf8_unicode_ci NOT NULL DEFAULT ''
) ENGINE=InnoDB DEFAULT CHARSET=utf8 COLLATE=utf8_unicode_ci;

-- --------------------------------------------------------

--
-- Structure de la table `AreaLayoutThemeGridColumns`
--

DROP TABLE IF EXISTS `AreaLayoutThemeGridColumns`;
CREATE TABLE `AreaLayoutThemeGridColumns` (
  `arLayoutColumnID` int(10) unsigned NOT NULL,
  `arLayoutColumnSpan` int(10) unsigned DEFAULT '0',
  `arLayoutColumnOffset` int(10) unsigned DEFAULT '0'
) ENGINE=InnoDB AUTO_INCREMENT=20 DEFAULT CHARSET=utf8 COLLATE=utf8_unicode_ci;

--
-- Contenu de la table `AreaLayoutThemeGridColumns`
--

INSERT INTO `AreaLayoutThemeGridColumns` (`arLayoutColumnID`, `arLayoutColumnSpan`, `arLayoutColumnOffset`) VALUES
(1, 2, 0),
(2, 6, 0),
(3, 4, 0),
(4, 4, 0),
(5, 7, 1),
(6, 5, 0),
(7, 7, 0),
(8, 5, 0),
(9, 7, 0),
(10, 5, 0),
(11, 7, 0),
(12, 6, 0),
(13, 6, 0),
(14, 8, 0),
(15, 4, 0),
(16, 8, 0),
(17, 4, 0),
(18, 8, 0),
(19, 4, 0);

-- --------------------------------------------------------

--
-- Structure de la table `AreaPermissionAssignments`
--

DROP TABLE IF EXISTS `AreaPermissionAssignments`;
CREATE TABLE `AreaPermissionAssignments` (
  `cID` int(10) unsigned NOT NULL DEFAULT '0',
  `arHandle` varchar(255) COLLATE utf8_unicode_ci NOT NULL,
  `pkID` int(10) unsigned NOT NULL DEFAULT '0',
  `paID` int(10) unsigned NOT NULL DEFAULT '0'
) ENGINE=InnoDB DEFAULT CHARSET=utf8 COLLATE=utf8_unicode_ci;

-- --------------------------------------------------------

--
-- Structure de la table `AreaPermissionBlockTypeAccessList`
--

DROP TABLE IF EXISTS `AreaPermissionBlockTypeAccessList`;
CREATE TABLE `AreaPermissionBlockTypeAccessList` (
  `paID` int(10) unsigned NOT NULL DEFAULT '0',
  `peID` int(10) unsigned NOT NULL DEFAULT '0',
  `permission` varchar(1) COLLATE utf8_unicode_ci NOT NULL DEFAULT '1'
) ENGINE=InnoDB DEFAULT CHARSET=utf8 COLLATE=utf8_unicode_ci;

-- --------------------------------------------------------

--
-- Structure de la table `AreaPermissionBlockTypeAccessListCustom`
--

DROP TABLE IF EXISTS `AreaPermissionBlockTypeAccessListCustom`;
CREATE TABLE `AreaPermissionBlockTypeAccessListCustom` (
  `paID` int(10) unsigned NOT NULL DEFAULT '0',
  `peID` int(10) unsigned NOT NULL DEFAULT '0',
  `btID` int(10) unsigned NOT NULL DEFAULT '0'
) ENGINE=InnoDB DEFAULT CHARSET=utf8 COLLATE=utf8_unicode_ci;

-- --------------------------------------------------------

--
-- Structure de la table `Areas`
--

DROP TABLE IF EXISTS `Areas`;
CREATE TABLE `Areas` (
  `arID` int(10) unsigned NOT NULL,
  `cID` int(10) unsigned NOT NULL DEFAULT '0',
  `arHandle` varchar(255) COLLATE utf8_unicode_ci NOT NULL,
  `arOverrideCollectionPermissions` tinyint(1) NOT NULL DEFAULT '0',
  `arInheritPermissionsFromAreaOnCID` int(10) unsigned NOT NULL DEFAULT '0',
  `arIsGlobal` tinyint(1) NOT NULL DEFAULT '0',
  `arParentID` int(10) unsigned NOT NULL DEFAULT '0'
) ENGINE=InnoDB AUTO_INCREMENT=344 DEFAULT CHARSET=utf8 COLLATE=utf8_unicode_ci;

--
-- Contenu de la table `Areas`
--

INSERT INTO `Areas` (`arID`, `cID`, `arHandle`, `arOverrideCollectionPermissions`, `arInheritPermissionsFromAreaOnCID`, `arIsGlobal`, `arParentID`) VALUES
(1, 124, 'Main', 0, 0, 0, 0),
(2, 125, 'Primary', 0, 0, 0, 0),
(3, 125, 'Secondary 1', 0, 0, 0, 0),
(4, 125, 'Secondary 2', 0, 0, 0, 0),
(5, 125, 'Secondary 3', 0, 0, 0, 0),
(6, 125, 'Secondary 4', 0, 0, 0, 0),
(7, 125, 'Secondary 5', 0, 0, 0, 0),
(8, 142, 'Main', 0, 0, 0, 0),
(9, 143, 'Main', 0, 0, 0, 0),
(10, 1, 'Header Site Title', 0, 0, 1, 0),
(11, 144, 'Main', 0, 0, 0, 0),
(12, 1, 'Header Navigation', 0, 0, 1, 0),
(13, 1, 'Main', 0, 0, 0, 0),
(14, 1, 'Page Footer', 0, 0, 0, 0),
(15, 145, 'Main', 0, 0, 0, 0),
(16, 1, 'Footer Legal', 0, 0, 1, 0),
(17, 146, 'Main', 0, 0, 0, 0),
(18, 1, 'Footer Navigation', 0, 0, 1, 0),
(19, 147, 'Main', 0, 0, 0, 0),
(20, 1, 'Footer Contact', 0, 0, 1, 0),
(21, 139, 'Header Site Title', 0, 0, 1, 0),
(22, 139, 'Header Navigation', 0, 0, 1, 0),
(23, 139, 'Footer Legal', 0, 0, 1, 0),
(24, 139, 'Footer Navigation', 0, 0, 1, 0),
(25, 139, 'Footer Contact', 0, 0, 1, 0),
(26, 148, 'Main', 0, 0, 0, 0),
(27, 149, 'Main', 0, 0, 0, 0),
(28, 1, 'Responsive Navigation', 0, 0, 1, 0),
(29, 1, 'Header Image', 0, 0, 0, 0),
(30, 150, 'Main', 0, 0, 0, 0),
(31, 1, 'Header Info', 0, 0, 1, 0),
(32, 151, 'Main', 0, 0, 0, 0),
(33, 1, 'Header Social', 0, 0, 1, 0),
(34, 152, 'Main', 0, 0, 0, 0),
(35, 1, 'Site Name', 0, 0, 1, 0),
(36, 1, 'Header Content', 0, 0, 0, 0),
(37, 1, 'Main - 1', 0, 0, 0, 0),
(38, 1, 'Footer', 0, 0, 0, 0),
(39, 153, 'Main', 0, 0, 0, 0),
(40, 1, 'Footer 1', 0, 0, 1, 0),
(41, 154, 'Main', 0, 0, 0, 0),
(42, 1, 'Footer 2', 0, 0, 1, 0),
(43, 155, 'Main', 0, 0, 0, 0),
(44, 1, 'Footer 3', 0, 0, 1, 0),
(45, 156, 'Main', 0, 0, 0, 0),
(46, 1, 'Footer 4', 0, 0, 1, 0),
(47, 157, 'Main', 0, 0, 0, 0),
(48, 1, 'Footer 5', 0, 0, 1, 0),
(49, 158, 'Main', 0, 0, 0, 0),
(50, 1, 'Footer 6', 0, 0, 1, 0),
(51, 148, 'Responsive Navigation', 0, 0, 1, 0),
(52, 148, 'Header Image', 0, 0, 0, 0),
(53, 148, 'Header Info', 0, 0, 1, 0),
(54, 148, 'Header Social', 0, 0, 1, 0),
(55, 148, 'Site Name', 0, 0, 1, 0),
(56, 148, 'Header Navigation', 0, 0, 1, 0),
(57, 148, 'Header Content', 0, 0, 0, 0),
(58, 148, 'Main - 1', 0, 0, 0, 0),
(59, 148, 'Footer', 0, 0, 0, 0),
(60, 148, 'Footer 1', 0, 0, 1, 0),
(61, 148, 'Footer 2', 0, 0, 1, 0),
(62, 148, 'Footer 3', 0, 0, 1, 0),
(63, 148, 'Footer 4', 0, 0, 1, 0),
(64, 148, 'Footer 5', 0, 0, 1, 0),
(65, 148, 'Footer 6', 0, 0, 1, 0),
(66, 159, 'Main', 0, 0, 0, 0),
(67, 159, 'Responsive Navigation', 0, 0, 1, 0),
(68, 159, 'Header Image', 0, 0, 0, 0),
(69, 159, 'Header Info', 0, 0, 1, 0),
(70, 159, 'Header Social', 0, 0, 1, 0),
(71, 159, 'Site Name', 0, 0, 1, 0),
(72, 159, 'Header Navigation', 0, 0, 1, 0),
(73, 159, 'Header Content', 0, 0, 0, 0),
(74, 159, 'Main - 1', 0, 0, 0, 0),
(75, 159, 'Footer', 0, 0, 0, 0),
(76, 159, 'Footer 1', 0, 0, 1, 0),
(77, 159, 'Footer 2', 0, 0, 1, 0),
(78, 159, 'Footer 3', 0, 0, 1, 0),
(79, 159, 'Footer 4', 0, 0, 1, 0),
(80, 159, 'Footer 5', 0, 0, 1, 0),
(81, 159, 'Footer 6', 0, 0, 1, 0),
(82, 139, 'Responsive Navigation', 0, 0, 1, 0),
(83, 139, 'Header Image', 0, 0, 0, 0),
(84, 139, 'Header Info', 0, 0, 1, 0),
(85, 139, 'Header Social', 0, 0, 1, 0),
(86, 139, 'Site Name', 0, 0, 1, 0),
(87, 139, 'Header Content', 0, 0, 0, 0),
(88, 139, 'Footer', 0, 0, 0, 0),
(89, 139, 'Footer 1', 0, 0, 1, 0),
(90, 139, 'Footer 2', 0, 0, 1, 0),
(91, 139, 'Footer 3', 0, 0, 1, 0),
(92, 139, 'Footer 4', 0, 0, 1, 0),
(93, 139, 'Footer 5', 0, 0, 1, 0),
(94, 139, 'Footer 6', 0, 0, 1, 0),
(95, 159, 'Header Content : 1', 0, 0, 0, 73),
(96, 159, 'Header Content : 2', 0, 0, 0, 73),
(97, 159, 'Header Content : 3', 0, 0, 0, 73),
(98, 160, 'Main', 0, 0, 0, 0),
(99, 161, 'Responsive Navigation', 0, 0, 1, 0),
(100, 161, 'Header Image', 0, 0, 0, 0),
(101, 161, 'Header Info', 0, 0, 1, 0),
(102, 161, 'Header Social', 0, 0, 1, 0),
(103, 161, 'Site Name', 0, 0, 1, 0),
(104, 161, 'Header Navigation', 0, 0, 1, 0),
(105, 161, 'Header Content', 0, 0, 0, 0),
(106, 161, 'Header Content : 1', 0, 0, 0, 105),
(107, 161, 'Header Content : 2', 0, 0, 0, 105),
(108, 161, 'Header Content : 3', 0, 0, 0, 105),
(109, 161, 'Main', 0, 0, 0, 0),
(110, 161, 'Main - 1', 0, 0, 0, 0),
(111, 161, 'Footer', 0, 0, 0, 0),
(112, 161, 'Footer 1', 0, 0, 1, 0),
(113, 161, 'Footer 2', 0, 0, 1, 0),
(114, 161, 'Footer 3', 0, 0, 1, 0),
(115, 161, 'Footer 4', 0, 0, 1, 0),
(116, 161, 'Footer 5', 0, 0, 1, 0),
(117, 161, 'Footer 6', 0, 0, 1, 0),
(118, 162, 'Header Content', 0, 0, 0, 0),
(119, 162, 'Header Content : 2', 0, 0, 0, 0),
(120, 162, 'Header Content : 1', 0, 0, 0, 0),
(121, 162, 'Header Content : 3', 0, 0, 0, 0),
(122, 162, 'Responsive Navigation', 0, 0, 1, 0),
(123, 162, 'Header Image', 0, 0, 0, 0),
(124, 162, 'Header Info', 0, 0, 1, 0),
(125, 162, 'Header Social', 0, 0, 1, 0),
(126, 162, 'Site Name', 0, 0, 1, 0),
(127, 162, 'Header Navigation', 0, 0, 1, 0),
(128, 162, 'Main', 0, 0, 0, 0),
(129, 162, 'Main - 1', 0, 0, 0, 0),
(130, 162, 'Footer', 0, 0, 0, 0),
(131, 162, 'Footer 1', 0, 0, 1, 0),
(132, 162, 'Footer 2', 0, 0, 1, 0),
(133, 162, 'Footer 3', 0, 0, 1, 0),
(134, 162, 'Footer 4', 0, 0, 1, 0),
(135, 162, 'Footer 5', 0, 0, 1, 0),
(136, 162, 'Footer 6', 0, 0, 1, 0),
(137, 160, 'Responsive Navigation', 0, 0, 1, 0),
(138, 160, 'Header Image', 0, 0, 0, 0),
(139, 160, 'Header Info', 0, 0, 1, 0),
(140, 160, 'Header Social', 0, 0, 1, 0),
(141, 160, 'Site Name', 0, 0, 1, 0),
(142, 160, 'Header Navigation', 0, 0, 1, 0),
(143, 160, 'Header Content', 0, 0, 0, 0),
(144, 160, 'Main - 1', 0, 0, 0, 0),
(145, 160, 'Footer', 0, 0, 0, 0),
(146, 160, 'Footer 1', 0, 0, 1, 0),
(147, 160, 'Footer 2', 0, 0, 1, 0),
(148, 160, 'Footer 3', 0, 0, 1, 0),
(149, 160, 'Footer 4', 0, 0, 1, 0),
(150, 160, 'Footer 5', 0, 0, 1, 0),
(151, 160, 'Footer 6', 0, 0, 1, 0),
(152, 163, 'Header Content', 0, 0, 0, 0),
(153, 163, 'Header Content : 1', 0, 0, 0, 0),
(154, 163, 'Header Content : 2', 0, 0, 0, 0),
(155, 163, 'Main', 0, 0, 0, 0),
(156, 163, 'Responsive Navigation', 0, 0, 1, 0),
(157, 163, 'Header Image', 0, 0, 0, 0),
(158, 163, 'Header Info', 0, 0, 1, 0),
(159, 163, 'Header Social', 0, 0, 1, 0),
(160, 163, 'Site Name', 0, 0, 1, 0),
(161, 163, 'Header Navigation', 0, 0, 1, 0),
(162, 163, 'Header Content : 3', 0, 0, 0, 152),
(163, 163, 'Main - 1', 0, 0, 0, 0),
(164, 163, 'Footer', 0, 0, 0, 0),
(165, 163, 'Footer 1', 0, 0, 1, 0),
(166, 163, 'Footer 2', 0, 0, 1, 0),
(167, 163, 'Footer 3', 0, 0, 1, 0),
(168, 163, 'Footer 4', 0, 0, 1, 0),
(169, 163, 'Footer 5', 0, 0, 1, 0),
(170, 163, 'Footer 6', 0, 0, 1, 0),
(171, 164, 'Main', 0, 0, 0, 0),
(172, 164, 'Responsive Navigation', 0, 0, 1, 0),
(173, 164, 'Header Image', 0, 0, 0, 0),
(174, 164, 'Header Info', 0, 0, 1, 0),
(175, 164, 'Header Social', 0, 0, 1, 0),
(176, 164, 'Site Name', 0, 0, 1, 0),
(177, 164, 'Header Navigation', 0, 0, 1, 0),
(178, 164, 'Header Content', 0, 0, 0, 0),
(179, 164, 'Main - 1', 0, 0, 0, 0),
(180, 164, 'Footer', 0, 0, 0, 0),
(181, 164, 'Footer 1', 0, 0, 1, 0),
(182, 164, 'Footer 2', 0, 0, 1, 0),
(183, 164, 'Footer 3', 0, 0, 1, 0),
(184, 164, 'Footer 4', 0, 0, 1, 0),
(185, 164, 'Footer 5', 0, 0, 1, 0),
(186, 164, 'Footer 6', 0, 0, 1, 0),
(187, 165, 'Header Content : 2', 0, 0, 0, 0),
(188, 165, 'Header Content : 1', 0, 0, 0, 0),
(189, 165, 'Header Content', 0, 0, 0, 0),
(190, 165, 'Main - 1', 0, 0, 0, 0),
(191, 165, 'Header Content : 3', 0, 0, 0, 0),
(192, 165, 'Main', 0, 0, 0, 0),
(193, 165, 'Responsive Navigation', 0, 0, 1, 0),
(194, 165, 'Header Image', 0, 0, 0, 0),
(195, 165, 'Header Info', 0, 0, 1, 0),
(196, 165, 'Header Social', 0, 0, 1, 0),
(197, 165, 'Site Name', 0, 0, 1, 0),
(198, 165, 'Header Navigation', 0, 0, 1, 0),
(199, 165, 'Footer', 0, 0, 0, 0),
(200, 165, 'Footer 1', 0, 0, 1, 0),
(201, 165, 'Footer 2', 0, 0, 1, 0),
(202, 165, 'Footer 3', 0, 0, 1, 0),
(203, 165, 'Footer 4', 0, 0, 1, 0),
(204, 165, 'Footer 5', 0, 0, 1, 0),
(205, 165, 'Footer 6', 0, 0, 1, 0),
(206, 165, 'Main : 4', 0, 0, 0, 192),
(207, 165, 'Main : 5', 0, 0, 0, 192),
(208, 166, 'Main', 0, 0, 0, 0),
(209, 166, 'Responsive Navigation', 0, 0, 1, 0),
(210, 166, 'Header Image', 0, 0, 0, 0),
(211, 166, 'Header Info', 0, 0, 1, 0),
(212, 166, 'Header Social', 0, 0, 1, 0),
(213, 166, 'Site Name', 0, 0, 1, 0),
(214, 166, 'Header Navigation', 0, 0, 1, 0),
(215, 166, 'Header Content', 0, 0, 0, 0),
(216, 166, 'Main - 1', 0, 0, 0, 0),
(217, 166, 'Footer', 0, 0, 0, 0),
(218, 166, 'Footer 1', 0, 0, 1, 0),
(219, 166, 'Footer 2', 0, 0, 1, 0),
(220, 166, 'Footer 3', 0, 0, 1, 0),
(221, 166, 'Footer 4', 0, 0, 1, 0),
(222, 166, 'Footer 5', 0, 0, 1, 0),
(223, 166, 'Footer 6', 0, 0, 1, 0),
(224, 167, 'Header Image', 0, 0, 0, 0),
(225, 167, 'Main', 0, 0, 0, 0),
(226, 168, 'Header Image', 0, 0, 0, 0),
(227, 168, 'Main', 0, 0, 0, 0),
(228, 168, 'Responsive Navigation', 0, 0, 1, 0),
(229, 168, 'Header Info', 0, 0, 1, 0),
(230, 168, 'Header Social', 0, 0, 1, 0),
(231, 168, 'Site Name', 0, 0, 1, 0),
(232, 168, 'Header Navigation', 0, 0, 1, 0),
(233, 168, 'Header Content', 0, 0, 0, 0),
(234, 168, 'Main - 1', 0, 0, 0, 0),
(235, 168, 'Footer', 0, 0, 0, 0),
(236, 168, 'Footer 1', 0, 0, 1, 0),
(237, 168, 'Footer 2', 0, 0, 1, 0),
(238, 168, 'Footer 3', 0, 0, 1, 0),
(239, 168, 'Footer 4', 0, 0, 1, 0),
(240, 168, 'Footer 5', 0, 0, 1, 0),
(241, 168, 'Footer 6', 0, 0, 1, 0),
(242, 169, 'Header Image', 0, 0, 0, 0),
(243, 169, 'Main', 0, 0, 0, 0),
(244, 169, 'Responsive Navigation', 0, 0, 1, 0),
(245, 169, 'Header Info', 0, 0, 1, 0),
(246, 169, 'Header Social', 0, 0, 1, 0),
(247, 169, 'Site Name', 0, 0, 1, 0),
(248, 169, 'Header Navigation', 0, 0, 1, 0),
(249, 169, 'Header Content', 0, 0, 0, 0),
(250, 169, 'Main - 1', 0, 0, 0, 0),
(251, 169, 'Footer', 0, 0, 0, 0),
(252, 169, 'Footer 1', 0, 0, 1, 0),
(253, 169, 'Footer 2', 0, 0, 1, 0),
(254, 169, 'Footer 3', 0, 0, 1, 0),
(255, 169, 'Footer 4', 0, 0, 1, 0),
(256, 169, 'Footer 5', 0, 0, 1, 0),
(257, 169, 'Footer 6', 0, 0, 1, 0),
(258, 165, 'Main - 1 : 6', 0, 0, 0, 190),
(259, 165, 'Main - 1 : 7', 0, 0, 0, 190),
(260, 165, 'Main - 1 : 8', 0, 0, 0, 190),
(261, 165, 'Main - 1 : 9', 0, 0, 0, 190),
(262, 165, 'Main - 1 : 10', 0, 0, 0, 190),
(263, 165, 'Main - 1 : 11', 0, 0, 0, 190),
(264, 162, 'Sidebar', 0, 0, 0, 0),
(265, 162, 'Page Footer', 0, 0, 0, 0),
(266, 171, 'Main', 0, 0, 0, 0),
(267, 171, 'Responsive Navigation', 0, 0, 1, 0),
(268, 171, 'Header Image', 0, 0, 0, 0),
(269, 171, 'Header Info', 0, 0, 1, 0),
(270, 171, 'Header Social', 0, 0, 1, 0),
(271, 171, 'Site Name', 0, 0, 1, 0),
(272, 171, 'Header Navigation', 0, 0, 1, 0),
(273, 171, 'Header Content', 0, 0, 0, 0),
(274, 171, 'Main - 1', 0, 0, 0, 0),
(275, 171, 'Footer', 0, 0, 0, 0),
(276, 171, 'Footer 1', 0, 0, 1, 0),
(277, 171, 'Footer 2', 0, 0, 1, 0),
(278, 171, 'Footer 3', 0, 0, 1, 0),
(279, 171, 'Footer 4', 0, 0, 1, 0),
(280, 171, 'Footer 5', 0, 0, 1, 0),
(281, 171, 'Footer 6', 0, 0, 1, 0),
(282, 172, 'Main', 0, 0, 0, 0),
(283, 171, 'Sidebar', 0, 0, 0, 0),
(284, 171, 'Page Footer', 0, 0, 0, 0),
(285, 171, 'Header Content : 12', 0, 0, 0, 273),
(286, 171, 'Header Content : 13', 0, 0, 0, 273),
(287, 173, 'Sidebar', 0, 0, 0, 0),
(288, 173, 'Header Content : 12', 0, 0, 0, 0),
(289, 173, 'Page Footer', 0, 0, 0, 0),
(290, 173, 'Header Content', 0, 0, 0, 0),
(291, 173, 'Header Content : 13', 0, 0, 0, 0),
(292, 173, 'Main', 0, 0, 0, 0),
(293, 173, 'Responsive Navigation', 0, 0, 1, 0),
(294, 173, 'Header Image', 0, 0, 0, 0),
(295, 173, 'Header Info', 0, 0, 1, 0),
(296, 173, 'Header Social', 0, 0, 1, 0),
(297, 173, 'Site Name', 0, 0, 1, 0),
(298, 173, 'Header Navigation', 0, 0, 1, 0),
(299, 173, 'Footer', 0, 0, 0, 0),
(300, 173, 'Footer 1', 0, 0, 1, 0),
(301, 173, 'Footer 2', 0, 0, 1, 0),
(302, 173, 'Footer 3', 0, 0, 1, 0),
(303, 173, 'Footer 4', 0, 0, 1, 0),
(304, 173, 'Footer 5', 0, 0, 1, 0),
(305, 173, 'Footer 6', 0, 0, 1, 0),
(306, 173, 'Page Footer : 14', 0, 0, 0, 289),
(307, 173, 'Page Footer : 15', 0, 0, 0, 289),
(308, 173, 'Page Footer : 16', 0, 0, 0, 289),
(309, 173, 'Page Footer : 17', 0, 0, 0, 289),
(310, 174, 'Sidebar', 0, 0, 0, 0),
(311, 174, 'Header Content : 12', 0, 0, 0, 0),
(312, 174, 'Page Footer', 0, 0, 0, 0),
(313, 174, 'Header Content', 0, 0, 0, 0),
(314, 174, 'Header Content : 13', 0, 0, 0, 0),
(315, 174, 'Main', 0, 0, 0, 0),
(316, 174, 'Responsive Navigation', 0, 0, 1, 0),
(317, 174, 'Header Image', 0, 0, 0, 0),
(318, 174, 'Header Info', 0, 0, 1, 0),
(319, 174, 'Header Social', 0, 0, 1, 0),
(320, 174, 'Site Name', 0, 0, 1, 0),
(321, 174, 'Header Navigation', 0, 0, 1, 0),
(322, 174, 'Footer', 0, 0, 0, 0),
(323, 174, 'Footer 1', 0, 0, 1, 0),
(324, 174, 'Footer 2', 0, 0, 1, 0),
(325, 174, 'Footer 3', 0, 0, 1, 0),
(326, 174, 'Footer 4', 0, 0, 1, 0),
(327, 174, 'Footer 5', 0, 0, 1, 0),
(328, 174, 'Footer 6', 0, 0, 1, 0),
(329, 172, 'Responsive Navigation', 0, 0, 1, 0),
(330, 172, 'Header Image', 0, 0, 0, 0),
(331, 172, 'Header Info', 0, 0, 1, 0),
(332, 172, 'Header Social', 0, 0, 1, 0),
(333, 172, 'Site Name', 0, 0, 1, 0),
(334, 172, 'Header Navigation', 0, 0, 1, 0),
(335, 172, 'Header Content', 0, 0, 0, 0),
(336, 172, 'Main - 1', 0, 0, 0, 0),
(337, 172, 'Footer', 0, 0, 0, 0),
(338, 172, 'Footer 1', 0, 0, 1, 0),
(339, 172, 'Footer 2', 0, 0, 1, 0),
(340, 172, 'Footer 3', 0, 0, 1, 0),
(341, 172, 'Footer 4', 0, 0, 1, 0),
(342, 172, 'Footer 5', 0, 0, 1, 0),
(343, 172, 'Footer 6', 0, 0, 1, 0);

-- --------------------------------------------------------

--
-- Structure de la table `atAddress`
--

DROP TABLE IF EXISTS `atAddress`;
CREATE TABLE `atAddress` (
  `avID` int(10) unsigned NOT NULL DEFAULT '0',
  `address1` varchar(255) COLLATE utf8_unicode_ci DEFAULT NULL,
  `address2` varchar(255) COLLATE utf8_unicode_ci DEFAULT NULL,
  `city` varchar(255) COLLATE utf8_unicode_ci DEFAULT NULL,
  `state_province` varchar(255) COLLATE utf8_unicode_ci DEFAULT NULL,
  `country` varchar(4) COLLATE utf8_unicode_ci DEFAULT NULL,
  `postal_code` varchar(32) COLLATE utf8_unicode_ci DEFAULT NULL
) ENGINE=InnoDB DEFAULT CHARSET=utf8 COLLATE=utf8_unicode_ci;

-- --------------------------------------------------------

--
-- Structure de la table `atAddressCustomCountries`
--

DROP TABLE IF EXISTS `atAddressCustomCountries`;
CREATE TABLE `atAddressCustomCountries` (
  `atAddressCustomCountryID` int(10) unsigned NOT NULL,
  `akID` int(10) unsigned NOT NULL DEFAULT '0',
  `country` varchar(5) COLLATE utf8_unicode_ci NOT NULL
) ENGINE=InnoDB DEFAULT CHARSET=utf8 COLLATE=utf8_unicode_ci;

-- --------------------------------------------------------

--
-- Structure de la table `atAddressSettings`
--

DROP TABLE IF EXISTS `atAddressSettings`;
CREATE TABLE `atAddressSettings` (
  `akID` int(10) unsigned NOT NULL DEFAULT '0',
  `akHasCustomCountries` tinyint(1) NOT NULL DEFAULT '0',
  `akDefaultCountry` varchar(12) COLLATE utf8_unicode_ci DEFAULT NULL
) ENGINE=InnoDB DEFAULT CHARSET=utf8 COLLATE=utf8_unicode_ci;

-- --------------------------------------------------------

--
-- Structure de la table `atBoolean`
--

DROP TABLE IF EXISTS `atBoolean`;
CREATE TABLE `atBoolean` (
  `avID` int(10) unsigned NOT NULL,
  `value` tinyint(1) NOT NULL DEFAULT '0'
) ENGINE=InnoDB DEFAULT CHARSET=utf8 COLLATE=utf8_unicode_ci;

--
-- Contenu de la table `atBoolean`
--

INSERT INTO `atBoolean` (`avID`, `value`) VALUES
(9, 1),
(16, 1),
(18, 1),
(28, 1),
(29, 1),
(30, 1),
(31, 1),
(32, 1),
(33, 1),
(34, 1),
(35, 1),
(42, 1),
(43, 1),
(47, 1),
(51, 1),
(98, 1),
(105, 1),
(106, 1),
(107, 1),
(147, 0),
(155, 0),
(160, 0),
(167, 0),
(173, 0),
(179, 0),
(185, 0),
(188, 1),
(189, 1),
(214, 1),
(215, 1),
(220, 0),
(226, 1),
(227, 1),
(229, 0),
(283, 0),
(284, 0),
(286, 0),
(293, 0),
(294, 0),
(296, 0),
(306, 0),
(311, 0),
(316, 0),
(321, 0),
(326, 0),
(335, 0),
(340, 0),
(350, 0);

-- --------------------------------------------------------

--
-- Structure de la table `atBooleanSettings`
--

DROP TABLE IF EXISTS `atBooleanSettings`;
CREATE TABLE `atBooleanSettings` (
  `akID` int(10) unsigned NOT NULL,
  `akCheckedByDefault` tinyint(1) NOT NULL DEFAULT '0'
) ENGINE=InnoDB DEFAULT CHARSET=utf8 COLLATE=utf8_unicode_ci;

--
-- Contenu de la table `atBooleanSettings`
--

INSERT INTO `atBooleanSettings` (`akID`, `akCheckedByDefault`) VALUES
(5, 0),
(6, 0),
(9, 0),
(10, 0),
(11, 0),
(12, 1),
(13, 1),
(30, 0);

-- --------------------------------------------------------

--
-- Structure de la table `atDateTime`
--

DROP TABLE IF EXISTS `atDateTime`;
CREATE TABLE `atDateTime` (
  `avID` int(10) unsigned NOT NULL,
  `value` datetime DEFAULT '0000-00-00 00:00:00'
) ENGINE=InnoDB DEFAULT CHARSET=utf8 COLLATE=utf8_unicode_ci;

-- --------------------------------------------------------

--
-- Structure de la table `atDateTimeSettings`
--

DROP TABLE IF EXISTS `atDateTimeSettings`;
CREATE TABLE `atDateTimeSettings` (
  `akID` int(10) unsigned NOT NULL,
  `akDateDisplayMode` varchar(255) COLLATE utf8_unicode_ci DEFAULT NULL
) ENGINE=InnoDB DEFAULT CHARSET=utf8 COLLATE=utf8_unicode_ci;

-- --------------------------------------------------------

--
-- Structure de la table `atDefault`
--

DROP TABLE IF EXISTS `atDefault`;
CREATE TABLE `atDefault` (
  `avID` int(10) unsigned NOT NULL,
  `value` longtext COLLATE utf8_unicode_ci
) ENGINE=InnoDB DEFAULT CHARSET=utf8 COLLATE=utf8_unicode_ci;

--
-- Contenu de la table `atDefault`
--

INSERT INTO `atDefault` (`avID`, `value`) VALUES
(1, 'fa fa-th-large'),
(2, 'pages, add page, delete page, copy, move, alias'),
(3, 'pages, add page, delete page, copy, move, alias'),
(4, 'pages, add page, delete page, copy, move, alias, bulk'),
(5, 'find page, search page, search, find, pages, sitemap'),
(6, 'add file, delete file, copy, move, alias, resize, crop, rename, images, title, attribute'),
(7, 'file, file attributes, title, attribute, description, rename'),
(8, 'files, category, categories'),
(10, 'new file set'),
(11, 'users, groups, people, find, delete user, remove user, change password, password'),
(12, 'find, search, people, delete user, remove user, change password, password'),
(13, 'user, group, people, permissions, expire, badges'),
(14, 'user attributes, user data, gather data, registration data'),
(15, 'new user, create'),
(17, 'new user group, new group, group, create'),
(19, 'group set'),
(20, 'community, points, karma'),
(21, 'action, community actions'),
(22, 'forms, log, error, email, mysql, exception, survey'),
(23, 'forms, questions, response, data'),
(24, 'questions, quiz, response'),
(25, 'forms, log, error, email, mysql, exception, survey, history'),
(26, 'new theme, theme, active theme, change theme, template, css'),
(27, 'page types'),
(36, 'page attributes, custom'),
(37, 'single, page, custom, application'),
(38, 'atom, rss, feed, syndication'),
(39, 'icon-bullhorn'),
(40, 'add workflow, remove workflow'),
(41, 'stacks, reusable content, scrapbook, copy, paste, paste block, copy block, site name, logo'),
(44, 'edit stacks, view stacks, all stacks'),
(45, 'block, refresh, custom'),
(46, 'add-on, addon, add on, package, app, ecommerce, discussions, forums, themes, templates, blocks'),
(48, 'add-on, addon, ecommerce, install, discussions, forums, themes, templates, blocks'),
(49, 'update, upgrade'),
(50, 'concrete5.org, my account, marketplace'),
(52, 'buy theme, new theme, marketplace, template'),
(53, 'buy addon, buy add on, buy add-on, purchase addon, purchase add on, purchase add-on, find addon, new addon, marketplace'),
(54, 'dashboard, configuration'),
(55, 'website name, title'),
(56, 'accessibility, easy mode'),
(57, 'sharing, facebook, twitter'),
(58, 'logo, favicon, iphone, icon, bookmark'),
(59, 'tinymce, content block, fonts, editor, content, overlay'),
(60, 'translate, translation, internationalization, multilingual'),
(61, 'timezone, profile, locale'),
(62, 'multilingual, localization, internationalization, i18n'),
(63, 'vanity, pretty url, seo, pageview, view'),
(64, 'bulk, seo, change keywords, engine, optimization, search'),
(65, 'traffic, statistics, google analytics, quant, pageviews, hits'),
(66, 'pretty, slug'),
(67, 'configure search, site search, search option'),
(68, 'file options, file manager, upload, modify'),
(69, 'security, files, media, extension, manager, upload'),
(70, 'images, picture, responsive, retina'),
(71, 'security, alternate storage, hide files'),
(72, 'cache option, change cache, override, turn on cache, turn off cache, no cache, page cache, caching'),
(73, 'cache option, turn off cache, no cache, page cache, caching'),
(74, 'index search, reindex search, build sitemap, sitemap.xml, clear old versions, page versions, remove old'),
(75, 'queries, database, mysql'),
(76, 'editors, hide site, offline, private, public, access'),
(77, 'security, actions, administrator, admin, package, marketplace, search'),
(78, 'security, lock ip, lock out, block ip, address, restrict, access'),
(79, 'security, registration'),
(80, 'antispam, block spam, security'),
(81, 'lock site, under construction, hide, hidden'),
(82, 'profile, login, redirect, specific, dashboard, administrators'),
(83, 'member profile, member page, community, forums, social, avatar'),
(84, 'signup, new user, community, public registration, public, registration'),
(85, 'auth, authentication, types, oauth, facebook, login, registration'),
(86, 'smtp, mail settings'),
(87, 'email server, mail settings, mail configuration, external, internal'),
(88, 'test smtp, test mail'),
(89, 'email server, mail settings, mail configuration, private message, message system, import, email, message'),
(90, 'conversations'),
(91, 'conversations'),
(92, 'conversations ratings, ratings, community, community points'),
(93, 'conversations bad words, banned words, banned, bad words, bad, words, list'),
(94, 'attribute configuration'),
(95, 'attributes, sets'),
(96, 'attributes, types'),
(97, 'topics, tags, taxonomy'),
(99, 'overrides, system info, debug, support, help'),
(100, 'errors, exceptions, develop, support, help'),
(101, 'email, logging, logs, smtp, pop, errors, mysql, log'),
(102, 'network, proxy server'),
(103, 'export, backup, database, sql, mysql, encryption, restore'),
(104, 'upgrade, new version, update'),
(108, 'fa fa-edit'),
(109, 'fa fa-trash-o'),
(110, 'fa fa-th'),
(111, 'fa fa-briefcase'),
(143, ''),
(144, ''),
(145, ''),
(146, ''),
(151, ''),
(152, ''),
(153, ''),
(154, ''),
(156, ''),
(157, ''),
(158, ''),
(159, ''),
(163, ''),
(164, ''),
(165, ''),
(166, ''),
(169, ''),
(170, ''),
(171, ''),
(172, ''),
(175, ''),
(176, ''),
(177, ''),
(178, ''),
(181, ''),
(182, ''),
(183, ''),
(184, ''),
(216, ''),
(217, ''),
(218, ''),
(219, ''),
(223, ''),
(224, ''),
(225, ''),
(228, ''),
(249, '#'),
(250, 'With links'),
(251, '#ba2343'),
(252, '#f1db20'),
(253, '#'),
(254, 'Download Easy Slider'),
(267, '#7cc437'),
(272, 'jQuery Plugin'),
(273, ''),
(274, 'jQuery Plugin'),
(275, 'http://owlgraphic.com/owlcarousel/index.html'),
(276, '#ff8a3c'),
(277, '#'),
(278, 'Buy Add-on'),
(279, 'Download Easy slider'),
(280, ''),
(281, ''),
(282, ''),
(285, ''),
(290, ''),
(291, ''),
(292, ''),
(295, ''),
(298, 'http://new.myconcretelab.com/'),
(299, 'View'),
(300, '#434860'),
(301, '#241615'),
(302, ''),
(303, ''),
(304, ''),
(305, ''),
(307, ''),
(308, ''),
(309, ''),
(310, ''),
(312, ''),
(313, ''),
(314, ''),
(315, ''),
(317, ''),
(318, ''),
(319, ''),
(320, ''),
(322, ''),
(323, ''),
(324, ''),
(325, ''),
(331, ''),
(332, ''),
(333, ''),
(334, ''),
(336, ''),
(337, ''),
(338, ''),
(339, ''),
(346, ''),
(347, ''),
(348, ''),
(349, ''),
(357, 'database, entities, doctrine, orm');

-- --------------------------------------------------------

--
-- Structure de la table `atFile`
--

DROP TABLE IF EXISTS `atFile`;
CREATE TABLE `atFile` (
  `avID` int(10) unsigned NOT NULL,
  `fID` int(10) unsigned NOT NULL
) ENGINE=InnoDB DEFAULT CHARSET=utf8 COLLATE=utf8_unicode_ci;

--
-- Contenu de la table `atFile`
--

INSERT INTO `atFile` (`avID`, `fID`) VALUES
(142, 16),
(187, 16),
(213, 16),
(150, 17),
(174, 17),
(168, 18),
(180, 18),
(186, 18),
(230, 21),
(287, 21),
(297, 35);

-- --------------------------------------------------------

--
-- Structure de la table `atNumber`
--

DROP TABLE IF EXISTS `atNumber`;
CREATE TABLE `atNumber` (
  `avID` int(10) unsigned NOT NULL,
  `value` decimal(14,4) DEFAULT '0.0000'
) ENGINE=InnoDB DEFAULT CHARSET=utf8 COLLATE=utf8_unicode_ci;

--
-- Contenu de la table `atNumber`
--

INSERT INTO `atNumber` (`avID`, `value`) VALUES
(112, '435.0000'),
(113, '550.0000'),
(114, '824.0000'),
(115, '550.0000'),
(116, '425.0000'),
(117, '550.0000'),
(118, '429.0000'),
(119, '550.0000'),
(120, '412.0000'),
(121, '550.0000'),
(122, '824.0000'),
(123, '550.0000'),
(124, '412.0000'),
(125, '550.0000'),
(126, '366.0000'),
(127, '550.0000'),
(128, '821.0000'),
(129, '550.0000'),
(130, '1280.0000'),
(131, '853.0000'),
(132, '824.0000'),
(133, '550.0000'),
(134, '1280.0000'),
(135, '853.0000'),
(136, '1280.0000'),
(137, '960.0000'),
(138, '1280.0000'),
(139, '853.0000'),
(140, '600.0000'),
(141, '600.0000'),
(148, '600.0000'),
(149, '600.0000'),
(161, '600.0000'),
(162, '600.0000'),
(193, '1800.0000'),
(194, '1200.0000'),
(195, '1900.0000'),
(196, '1239.0000'),
(221, '600.0000'),
(222, '600.0000'),
(231, '960.0000'),
(232, '400.0000'),
(233, '960.0000'),
(234, '400.0000'),
(235, '2000.0000'),
(236, '400.0000'),
(237, '1800.0000'),
(238, '360.0000'),
(239, '1800.0000'),
(240, '360.0000'),
(241, '2000.0000'),
(242, '400.0000'),
(243, '1800.0000'),
(244, '360.0000'),
(245, '2000.0000'),
(246, '400.0000'),
(247, '2000.0000'),
(248, '400.0000'),
(255, '1151.0000'),
(256, '602.0000'),
(257, '1162.0000'),
(258, '472.0000'),
(259, '1157.0000'),
(260, '604.0000'),
(261, '1160.0000'),
(262, '685.0000'),
(263, '800.0000'),
(264, '800.0000'),
(265, '2000.0000'),
(266, '400.0000'),
(268, '2000.0000'),
(269, '400.0000'),
(270, '2000.0000'),
(271, '400.0000'),
(288, '1163.0000'),
(289, '714.0000'),
(327, '651.0000'),
(328, '459.0000'),
(329, '848.0000'),
(330, '652.0000'),
(342, '672.0000'),
(343, '195.0000'),
(344, '672.0000'),
(345, '638.0000'),
(351, '1307.0000'),
(352, '1267.0000'),
(353, '281.0000'),
(354, '349.0000'),
(355, '296.0000'),
(356, '173.0000');

-- --------------------------------------------------------

--
-- Structure de la table `atSelectedTopics`
--

DROP TABLE IF EXISTS `atSelectedTopics`;
CREATE TABLE `atSelectedTopics` (
  `avID` int(10) unsigned NOT NULL,
  `TopicNodeID` int(11) NOT NULL
) ENGINE=InnoDB DEFAULT CHARSET=utf8 COLLATE=utf8_unicode_ci;

-- --------------------------------------------------------

--
-- Structure de la table `atSelectOptions`
--

DROP TABLE IF EXISTS `atSelectOptions`;
CREATE TABLE `atSelectOptions` (
  `ID` int(10) unsigned NOT NULL,
  `akID` int(10) unsigned DEFAULT NULL,
  `value` varchar(255) COLLATE utf8_unicode_ci DEFAULT NULL,
  `displayOrder` int(10) unsigned DEFAULT NULL,
  `isEndUserAdded` tinyint(1) NOT NULL DEFAULT '0'
) ENGINE=InnoDB AUTO_INCREMENT=24 DEFAULT CHARSET=utf8 COLLATE=utf8_unicode_ci;

--
-- Contenu de la table `atSelectOptions`
--

INSERT INTO `atSelectOptions` (`ID`, `akID`, `value`, `displayOrder`, `isEndUserAdded`) VALUES
(1, 21, '2', 0, 0),
(2, 21, '3', 1, 0),
(3, 21, '4', 2, 0),
(4, 21, '5', 3, 0),
(5, 21, '6', 4, 0),
(6, 21, '7', 5, 0),
(10, 23, '1', 0, 0),
(11, 23, '2', 1, 0),
(12, 23, '3', 2, 0),
(13, 23, '4', 3, 0),
(14, 23, '6', 4, 0),
(17, 25, 'Landscape', 0, 0),
(18, 25, 'Portrait', 1, 0),
(19, 25, 'Animals', 2, 0),
(20, 25, 'Forest', 3, 1),
(21, 30, 'Landscape', 0, 0),
(22, 30, 'Portrait', 1, 0),
(23, 30, 'Nature', 2, 0);

-- --------------------------------------------------------

--
-- Structure de la table `atSelectOptionsSelected`
--

DROP TABLE IF EXISTS `atSelectOptionsSelected`;
CREATE TABLE `atSelectOptionsSelected` (
  `avID` int(10) unsigned NOT NULL,
  `atSelectOptionID` int(10) unsigned NOT NULL
) ENGINE=InnoDB DEFAULT CHARSET=utf8 COLLATE=utf8_unicode_ci;

--
-- Contenu de la table `atSelectOptionsSelected`
--

INSERT INTO `atSelectOptionsSelected` (`avID`, `atSelectOptionID`) VALUES
(341, 2),
(203, 11),
(204, 17),
(206, 17),
(207, 17),
(208, 17),
(209, 17),
(210, 17),
(211, 17),
(212, 17),
(205, 18),
(204, 20),
(207, 20),
(209, 20),
(211, 20);

-- --------------------------------------------------------

--
-- Structure de la table `atSelectSettings`
--

DROP TABLE IF EXISTS `atSelectSettings`;
CREATE TABLE `atSelectSettings` (
  `akID` int(10) unsigned NOT NULL,
  `akSelectAllowMultipleValues` tinyint(1) NOT NULL DEFAULT '0',
  `akSelectOptionDisplayOrder` varchar(255) COLLATE utf8_unicode_ci NOT NULL DEFAULT 'display_asc',
  `akSelectAllowOtherValues` tinyint(1) NOT NULL DEFAULT '0'
) ENGINE=InnoDB DEFAULT CHARSET=utf8 COLLATE=utf8_unicode_ci;

--
-- Contenu de la table `atSelectSettings`
--

INSERT INTO `atSelectSettings` (`akID`, `akSelectAllowMultipleValues`, `akSelectOptionDisplayOrder`, `akSelectAllowOtherValues`) VALUES
(8, 1, 'display_asc', 1),
(21, 0, 'display_asc', 0),
(23, 0, 'display_asc', 0),
(25, 1, 'display_asc', 1),
(30, 1, 'display_asc', 1);

-- --------------------------------------------------------

--
-- Structure de la table `atSocialLinks`
--

DROP TABLE IF EXISTS `atSocialLinks`;
CREATE TABLE `atSocialLinks` (
  `avsID` int(10) unsigned NOT NULL,
  `avID` int(10) unsigned NOT NULL DEFAULT '0',
  `service` varchar(255) COLLATE utf8_unicode_ci DEFAULT NULL,
  `serviceInfo` varchar(255) COLLATE utf8_unicode_ci DEFAULT NULL
) ENGINE=InnoDB DEFAULT CHARSET=utf8 COLLATE=utf8_unicode_ci;

-- --------------------------------------------------------

--
-- Structure de la table `atTextareaSettings`
--

DROP TABLE IF EXISTS `atTextareaSettings`;
CREATE TABLE `atTextareaSettings` (
  `akID` int(10) unsigned NOT NULL DEFAULT '0',
  `akTextareaDisplayMode` varchar(255) COLLATE utf8_unicode_ci DEFAULT NULL,
  `akTextareaDisplayModeCustomOptions` text COLLATE utf8_unicode_ci
) ENGINE=InnoDB DEFAULT CHARSET=utf8 COLLATE=utf8_unicode_ci;

--
-- Contenu de la table `atTextareaSettings`
--

INSERT INTO `atTextareaSettings` (`akID`, `akTextareaDisplayMode`, `akTextareaDisplayModeCustomOptions`) VALUES
(2, '', ''),
(3, '', ''),
(4, '', ''),
(7, '', '');

-- --------------------------------------------------------

--
-- Structure de la table `atTopicSettings`
--

DROP TABLE IF EXISTS `atTopicSettings`;
CREATE TABLE `atTopicSettings` (
  `akID` int(10) unsigned NOT NULL DEFAULT '0',
  `akTopicParentNodeID` int(11) DEFAULT NULL,
  `akTopicTreeID` int(11) DEFAULT NULL
) ENGINE=InnoDB DEFAULT CHARSET=utf8 COLLATE=utf8_unicode_ci;

-- --------------------------------------------------------

--
-- Structure de la table `AttributeKeyCategories`
--

DROP TABLE IF EXISTS `AttributeKeyCategories`;
CREATE TABLE `AttributeKeyCategories` (
  `akCategoryID` int(10) unsigned NOT NULL,
  `akCategoryHandle` varchar(255) COLLATE utf8_unicode_ci NOT NULL,
  `akCategoryAllowSets` smallint(6) NOT NULL DEFAULT '0',
  `pkgID` int(10) unsigned DEFAULT NULL
) ENGINE=InnoDB AUTO_INCREMENT=4 DEFAULT CHARSET=utf8 COLLATE=utf8_unicode_ci;

--
-- Contenu de la table `AttributeKeyCategories`
--

INSERT INTO `AttributeKeyCategories` (`akCategoryID`, `akCategoryHandle`, `akCategoryAllowSets`, `pkgID`) VALUES
(1, 'collection', 1, NULL),
(2, 'user', 1, NULL),
(3, 'file', 1, NULL);

-- --------------------------------------------------------

--
-- Structure de la table `AttributeKeys`
--

DROP TABLE IF EXISTS `AttributeKeys`;
CREATE TABLE `AttributeKeys` (
  `akID` int(10) unsigned NOT NULL,
  `akHandle` varchar(255) COLLATE utf8_unicode_ci NOT NULL,
  `akName` varchar(255) COLLATE utf8_unicode_ci NOT NULL,
  `akIsSearchable` tinyint(1) NOT NULL DEFAULT '0',
  `akIsSearchableIndexed` tinyint(1) NOT NULL DEFAULT '0',
  `akIsAutoCreated` tinyint(1) NOT NULL DEFAULT '0',
  `akIsInternal` tinyint(1) NOT NULL DEFAULT '0',
  `akIsColumnHeader` tinyint(1) NOT NULL DEFAULT '0',
  `akIsEditable` tinyint(1) NOT NULL DEFAULT '0',
  `atID` int(10) unsigned DEFAULT NULL,
  `akCategoryID` int(10) unsigned DEFAULT NULL,
  `pkgID` int(10) unsigned DEFAULT NULL
) ENGINE=InnoDB AUTO_INCREMENT=31 DEFAULT CHARSET=utf8 COLLATE=utf8_unicode_ci;

--
-- Contenu de la table `AttributeKeys`
--

INSERT INTO `AttributeKeys` (`akID`, `akHandle`, `akName`, `akIsSearchable`, `akIsSearchableIndexed`, `akIsAutoCreated`, `akIsInternal`, `akIsColumnHeader`, `akIsEditable`, `atID`, `akCategoryID`, `pkgID`) VALUES
(1, 'meta_title', 'Meta Title', 1, 1, 1, 0, 0, 1, 1, 1, 0),
(2, 'meta_description', 'Meta Description', 1, 1, 1, 0, 0, 1, 2, 1, 0),
(3, 'meta_keywords', 'Meta Keywords', 1, 1, 1, 0, 0, 1, 2, 1, 0),
(4, 'icon_dashboard', 'Dashboard Icon', 0, 0, 1, 1, 0, 1, 2, 1, 0),
(5, 'exclude_nav', 'Exclude From Nav', 1, 1, 1, 0, 0, 1, 3, 1, 0),
(6, 'exclude_page_list', 'Exclude From Page List', 1, 1, 1, 0, 0, 1, 3, 1, 0),
(7, 'header_extra_content', 'Header Extra Content', 1, 1, 1, 0, 0, 1, 2, 1, 0),
(8, 'tags', 'Tags', 1, 1, 1, 0, 0, 1, 8, 1, 0),
(9, 'is_featured', 'Is Featured', 1, 0, 1, 0, 0, 1, 3, 1, 0),
(10, 'exclude_search_index', 'Exclude From Search Index', 1, 1, 1, 0, 0, 1, 3, 1, 0),
(11, 'exclude_sitemapxml', 'Exclude From sitemap.xml', 1, 1, 1, 0, 0, 1, 3, 1, 0),
(12, 'profile_private_messages_enabled', 'I would like to receive private messages.', 1, 0, 0, 0, 0, 1, 3, 2, 0),
(13, 'profile_private_messages_notification_enabled', 'Send me email notifications when I receive a private message.', 1, 0, 0, 0, 0, 1, 3, 2, 0),
(14, 'width', 'Width', 1, 1, 1, 0, 0, 1, 6, 3, 0),
(15, 'height', 'Height', 1, 1, 1, 0, 0, 1, 6, 3, 0),
(16, 'account_profile_links', 'Personal Links', 0, 0, 0, 0, 0, 1, 11, 2, 0),
(17, 'duration', 'Duration', 1, 1, 1, 0, 0, 1, 6, 3, 0),
(18, 'vedana_youtube_backround_url', 'Youtube Header URL', 0, 0, 1, 0, 0, 1, 1, 1, 1),
(19, 'thumbnail', 'Thumbnail', 1, 1, 1, 0, 0, 1, 5, 1, 1),
(20, 'vedana_header_image', 'Vedana Header Image', 0, 1, 1, 0, 0, 1, 5, 1, 1),
(21, 'vedana_number_of_main_areas', 'Number of main areas', 0, 1, 1, 0, 0, 1, 8, 1, 1),
(23, 'gallery_columns', 'Gallery Columns', 0, 0, 0, 0, 0, 1, 8, 3, 0),
(25, 'image_tag', 'Image Tags', 1, 1, 0, 0, 0, 1, 8, 3, 2),
(26, 'image_link', 'Image Link', 0, 0, 0, 0, 0, 1, 1, 3, 3),
(27, 'image_link_text', 'Image Link Text', 0, 0, 0, 0, 0, 1, 1, 3, 3),
(28, 'image_thumbnail_width', 'Thumbnail Width', 0, 0, 0, 0, 0, 1, 1, 3, 3),
(29, 'image_bg_color', 'Thumbnail Bckground Color', 0, 0, 0, 0, 0, 1, 1, 3, 3),
(30, 'boxed_layout_mode', 'Boxed Layout Mode', 0, 0, 1, 0, 0, 1, 3, 1, 1);

-- --------------------------------------------------------

--
-- Structure de la table `AttributeSetKeys`
--

DROP TABLE IF EXISTS `AttributeSetKeys`;
CREATE TABLE `AttributeSetKeys` (
  `akID` int(10) unsigned NOT NULL DEFAULT '0',
  `asID` int(10) unsigned NOT NULL DEFAULT '0',
  `displayOrder` int(10) unsigned NOT NULL DEFAULT '0'
) ENGINE=InnoDB DEFAULT CHARSET=utf8 COLLATE=utf8_unicode_ci;

--
-- Contenu de la table `AttributeSetKeys`
--

INSERT INTO `AttributeSetKeys` (`akID`, `asID`, `displayOrder`) VALUES
(1, 1, 1),
(2, 1, 2),
(3, 1, 3),
(7, 1, 4),
(11, 1, 5),
(9, 2, 1),
(5, 2, 2),
(6, 2, 3),
(10, 2, 4),
(8, 2, 5),
(18, 3, 1),
(21, 3, 2),
(19, 3, 3),
(20, 3, 4),
(30, 4, 1),
(23, 4, 2),
(25, 4, 3),
(26, 5, 1),
(27, 5, 2),
(28, 5, 3),
(29, 5, 4),
(18, 6, 1),
(21, 6, 2),
(19, 6, 3),
(20, 6, 4),
(30, 6, 5);

-- --------------------------------------------------------

--
-- Structure de la table `AttributeSets`
--

DROP TABLE IF EXISTS `AttributeSets`;
CREATE TABLE `AttributeSets` (
  `asID` int(10) unsigned NOT NULL,
  `asName` varchar(255) COLLATE utf8_unicode_ci DEFAULT NULL,
  `asHandle` varchar(255) COLLATE utf8_unicode_ci NOT NULL,
  `akCategoryID` int(10) unsigned NOT NULL DEFAULT '0',
  `pkgID` int(10) unsigned NOT NULL DEFAULT '0',
  `asIsLocked` tinyint(1) NOT NULL DEFAULT '1',
  `asDisplayOrder` int(10) unsigned NOT NULL DEFAULT '0'
) ENGINE=InnoDB AUTO_INCREMENT=7 DEFAULT CHARSET=utf8 COLLATE=utf8_unicode_ci;

--
-- Contenu de la table `AttributeSets`
--

INSERT INTO `AttributeSets` (`asID`, `asName`, `asHandle`, `akCategoryID`, `pkgID`, `asIsLocked`, `asDisplayOrder`) VALUES
(1, 'SEO', 'seo', 1, 0, 0, 0),
(2, 'Navigation and Indexing', 'navigation', 1, 0, 0, 1),
(3, 'Theme Vedana', 'theme_vedana', 1, 1, 0, 2),
(4, 'Easy Image Gallery', 'easy_image_gallery', 3, 2, 0, 0),
(5, 'Easy Image Slider', 'easy_image_slider', 3, 3, 0, 1),
(6, 'Theme Vedana', 'vedana_theme', 1, 1, 0, 3);

-- --------------------------------------------------------

--
-- Structure de la table `AttributeTypeCategories`
--

DROP TABLE IF EXISTS `AttributeTypeCategories`;
CREATE TABLE `AttributeTypeCategories` (
  `atID` int(10) unsigned NOT NULL DEFAULT '0',
  `akCategoryID` int(10) unsigned NOT NULL DEFAULT '0'
) ENGINE=InnoDB DEFAULT CHARSET=utf8 COLLATE=utf8_unicode_ci;

--
-- Contenu de la table `AttributeTypeCategories`
--

INSERT INTO `AttributeTypeCategories` (`atID`, `akCategoryID`) VALUES
(1, 1),
(2, 1),
(3, 1),
(4, 1),
(5, 1),
(6, 1),
(7, 1),
(8, 1),
(10, 1),
(1, 2),
(2, 2),
(3, 2),
(4, 2),
(6, 2),
(8, 2),
(9, 2),
(10, 2),
(11, 2),
(1, 3),
(2, 3),
(3, 3),
(4, 3),
(6, 3),
(7, 3),
(8, 3),
(10, 3);

-- --------------------------------------------------------

--
-- Structure de la table `AttributeTypes`
--

DROP TABLE IF EXISTS `AttributeTypes`;
CREATE TABLE `AttributeTypes` (
  `atID` int(10) unsigned NOT NULL,
  `atHandle` varchar(255) COLLATE utf8_unicode_ci NOT NULL,
  `atName` varchar(255) COLLATE utf8_unicode_ci NOT NULL,
  `pkgID` int(10) unsigned DEFAULT NULL
) ENGINE=InnoDB AUTO_INCREMENT=12 DEFAULT CHARSET=utf8 COLLATE=utf8_unicode_ci;

--
-- Contenu de la table `AttributeTypes`
--

INSERT INTO `AttributeTypes` (`atID`, `atHandle`, `atName`, `pkgID`) VALUES
(1, 'text', 'Text', 0),
(2, 'textarea', 'Text Area', 0),
(3, 'boolean', 'Checkbox', 0),
(4, 'date_time', 'Date/Time', 0),
(5, 'image_file', 'Image/File', 0),
(6, 'number', 'Number', 0),
(7, 'rating', 'Rating', 0),
(8, 'select', 'Select', 0),
(9, 'address', 'Address', 0),
(10, 'topics', 'Topics', 0),
(11, 'social_links', 'Social Links', 0);

-- --------------------------------------------------------

--
-- Structure de la table `AttributeValues`
--

DROP TABLE IF EXISTS `AttributeValues`;
CREATE TABLE `AttributeValues` (
  `avID` int(10) unsigned NOT NULL,
  `akID` int(10) unsigned DEFAULT NULL,
  `avDateAdded` datetime NOT NULL DEFAULT '0000-00-00 00:00:00',
  `uID` int(10) unsigned DEFAULT NULL,
  `atID` int(10) unsigned DEFAULT NULL
) ENGINE=InnoDB AUTO_INCREMENT=358 DEFAULT CHARSET=utf8 COLLATE=utf8_unicode_ci;

--
-- Contenu de la table `AttributeValues`
--

INSERT INTO `AttributeValues` (`avID`, `akID`, `avDateAdded`, `uID`, `atID`) VALUES
(1, 4, '2015-01-18 20:12:46', 1, 2),
(2, 3, '2015-01-18 20:12:46', 1, 2),
(3, 3, '2015-01-18 20:12:46', 1, 2),
(4, 3, '2015-01-18 20:12:46', 1, 2),
(5, 3, '2015-01-18 20:12:46', 1, 2),
(6, 3, '2015-01-18 20:12:46', 1, 2),
(7, 3, '2015-01-18 20:12:46', 1, 2),
(8, 3, '2015-01-18 20:12:46', 1, 2),
(9, 5, '2015-01-18 20:12:46', 1, 3),
(10, 3, '2015-01-18 20:12:46', 1, 2),
(11, 3, '2015-01-18 20:12:46', 1, 2),
(12, 3, '2015-01-18 20:12:46', 1, 2),
(13, 3, '2015-01-18 20:12:46', 1, 2),
(14, 3, '2015-01-18 20:12:46', 1, 2),
(15, 3, '2015-01-18 20:12:46', 1, 2),
(16, 5, '2015-01-18 20:12:46', 1, 3),
(17, 3, '2015-01-18 20:12:47', 1, 2),
(18, 5, '2015-01-18 20:12:47', 1, 3),
(19, 3, '2015-01-18 20:12:47', 1, 2),
(20, 3, '2015-01-18 20:12:47', 1, 2),
(21, 3, '2015-01-18 20:12:47', 1, 2),
(22, 3, '2015-01-18 20:12:47', 1, 2),
(23, 3, '2015-01-18 20:12:47', 1, 2),
(24, 3, '2015-01-18 20:12:47', 1, 2),
(25, 3, '2015-01-18 20:12:47', 1, 2),
(26, 3, '2015-01-18 20:12:47', 1, 2),
(27, 3, '2015-01-18 20:12:47', 1, 2),
(28, 5, '2015-01-18 20:12:47', 1, 3),
(29, 5, '2015-01-18 20:12:47', 1, 3),
(30, 5, '2015-01-18 20:12:47', 1, 3),
(31, 5, '2015-01-18 20:12:47', 1, 3),
(32, 5, '2015-01-18 20:12:47', 1, 3),
(33, 5, '2015-01-18 20:12:47', 1, 3),
(34, 5, '2015-01-18 20:12:47', 1, 3),
(35, 5, '2015-01-18 20:12:47', 1, 3),
(36, 3, '2015-01-18 20:12:47', 1, 2),
(37, 3, '2015-01-18 20:12:47', 1, 2),
(38, 3, '2015-01-18 20:12:47', 1, 2),
(39, 4, '2015-01-18 20:12:47', 1, 2),
(40, 3, '2015-01-18 20:12:47', 1, 2),
(41, 3, '2015-01-18 20:12:47', 1, 2),
(42, 5, '2015-01-18 20:12:47', 1, 3),
(43, 10, '2015-01-18 20:12:47', 1, 3),
(44, 3, '2015-01-18 20:12:47', 1, 2),
(45, 3, '2015-01-18 20:12:47', 1, 2),
(46, 3, '2015-01-18 20:12:47', 1, 2),
(47, 5, '2015-01-18 20:12:47', 1, 3),
(48, 3, '2015-01-18 20:12:47', 1, 2),
(49, 3, '2015-01-18 20:12:48', 1, 2),
(50, 3, '2015-01-18 20:12:48', 1, 2),
(51, 5, '2015-01-18 20:12:48', 1, 3),
(52, 3, '2015-01-18 20:12:48', 1, 2),
(53, 3, '2015-01-18 20:12:48', 1, 2),
(54, 3, '2015-01-18 20:12:48', 1, 2),
(55, 3, '2015-01-18 20:12:48', 1, 2),
(56, 3, '2015-01-18 20:12:48', 1, 2),
(57, 3, '2015-01-18 20:12:48', 1, 2),
(58, 3, '2015-01-18 20:12:48', 1, 2),
(59, 3, '2015-01-18 20:12:48', 1, 2),
(60, 3, '2015-01-18 20:12:48', 1, 2),
(61, 3, '2015-01-18 20:12:48', 1, 2),
(62, 3, '2015-01-18 20:12:48', 1, 2),
(63, 3, '2015-01-18 20:12:48', 1, 2),
(64, 3, '2015-01-18 20:12:48', 1, 2),
(65, 3, '2015-01-18 20:12:48', 1, 2),
(66, 3, '2015-01-18 20:12:48', 1, 2),
(67, 3, '2015-01-18 20:12:48', 1, 2),
(68, 3, '2015-01-18 20:12:48', 1, 2),
(69, 3, '2015-01-18 20:12:48', 1, 2),
(70, 3, '2015-01-18 20:12:48', 1, 2),
(71, 3, '2015-01-18 20:12:48', 1, 2),
(72, 3, '2015-01-18 20:12:48', 1, 2),
(73, 3, '2015-01-18 20:12:48', 1, 2),
(74, 3, '2015-01-18 20:12:48', 1, 2),
(75, 3, '2015-01-18 20:12:48', 1, 2),
(76, 3, '2015-01-18 20:12:48', 1, 2),
(77, 3, '2015-01-18 20:12:48', 1, 2),
(78, 3, '2015-01-18 20:12:48', 1, 2),
(79, 3, '2015-01-18 20:12:48', 1, 2),
(80, 3, '2015-01-18 20:12:48', 1, 2),
(81, 3, '2015-01-18 20:12:48', 1, 2),
(82, 3, '2015-01-18 20:12:48', 1, 2),
(83, 3, '2015-01-18 20:12:48', 1, 2),
(84, 3, '2015-01-18 20:12:48', 1, 2),
(85, 3, '2015-01-18 20:12:49', 1, 2),
(86, 3, '2015-01-18 20:12:49', 1, 2),
(87, 3, '2015-01-18 20:12:49', 1, 2),
(88, 3, '2015-01-18 20:12:49', 1, 2),
(89, 3, '2015-01-18 20:12:49', 1, 2),
(90, 3, '2015-01-18 20:12:49', 1, 2),
(91, 3, '2015-01-18 20:12:49', 1, 2),
(92, 3, '2015-01-18 20:12:49', 1, 2),
(93, 3, '2015-01-18 20:12:49', 1, 2),
(94, 3, '2015-01-18 20:12:49', 1, 2),
(95, 3, '2015-01-18 20:12:49', 1, 2),
(96, 3, '2015-01-18 20:12:49', 1, 2),
(97, 3, '2015-01-18 20:12:49', 1, 2),
(98, 10, '2015-01-18 20:12:49', 1, 3),
(99, 3, '2015-01-18 20:12:49', 1, 2),
(100, 3, '2015-01-18 20:12:49', 1, 2),
(101, 3, '2015-01-18 20:12:49', 1, 2),
(102, 3, '2015-01-18 20:12:49', 1, 2),
(103, 3, '2015-01-18 20:12:49', 1, 2),
(104, 3, '2015-01-18 20:12:49', 1, 2),
(105, 5, '2015-01-18 20:12:49', 1, 3),
(106, 5, '2015-01-18 20:12:50', 1, 3),
(107, 10, '2015-01-18 20:12:50', 1, 3),
(108, 4, '2015-01-18 20:12:50', 1, 2),
(109, 4, '2015-01-18 20:12:50', 1, 2),
(110, 4, '2015-01-18 20:12:50', 1, 2),
(111, 4, '2015-01-18 20:12:50', 1, 2),
(112, 14, '2015-01-18 20:44:36', 1, 6),
(113, 15, '2015-01-18 20:44:36', 1, 6),
(114, 14, '2015-01-18 20:44:37', 1, 6),
(115, 15, '2015-01-18 20:44:37', 1, 6),
(116, 14, '2015-01-18 20:44:37', 1, 6),
(117, 15, '2015-01-18 20:44:37', 1, 6),
(118, 14, '2015-01-18 20:44:38', 1, 6),
(119, 15, '2015-01-18 20:44:38', 1, 6),
(120, 14, '2015-01-18 20:44:38', 1, 6),
(121, 15, '2015-01-18 20:44:38', 1, 6),
(122, 14, '2015-01-18 20:44:39', 1, 6),
(123, 15, '2015-01-18 20:44:39', 1, 6),
(124, 14, '2015-01-18 20:44:40', 1, 6),
(125, 15, '2015-01-18 20:44:40', 1, 6),
(126, 14, '2015-01-18 20:44:40', 1, 6),
(127, 15, '2015-01-18 20:44:40', 1, 6),
(128, 14, '2015-01-18 20:44:41', 1, 6),
(129, 15, '2015-01-18 20:44:41', 1, 6),
(130, 14, '2015-01-18 20:44:44', 1, 6),
(131, 15, '2015-01-18 20:44:44', 1, 6),
(132, 14, '2015-01-18 20:44:46', 1, 6),
(133, 15, '2015-01-18 20:44:46', 1, 6),
(134, 14, '2015-01-18 20:44:48', 1, 6),
(135, 15, '2015-01-18 20:44:48', 1, 6),
(136, 14, '2015-01-18 20:44:50', 1, 6),
(137, 15, '2015-01-18 20:44:50', 1, 6),
(138, 14, '2015-01-18 20:44:52', 1, 6),
(139, 15, '2015-01-18 20:44:52', 1, 6),
(140, 14, '2015-01-19 09:36:16', 1, 6),
(141, 15, '2015-01-19 09:36:16', 1, 6),
(142, 19, '2015-01-19 10:27:39', 1, 5),
(143, 1, '2015-01-25 19:41:08', 1, 1),
(144, 2, '2015-01-25 19:41:08', 1, 2),
(145, 3, '2015-01-25 19:41:08', 1, 2),
(146, 7, '2015-01-25 19:41:08', 1, 2),
(147, 11, '2015-01-25 19:41:08', 1, 3),
(148, 14, '2015-01-25 19:43:46', 1, 6),
(149, 15, '2015-01-25 19:43:46', 1, 6),
(150, 19, '2015-01-25 19:44:20', 1, 5),
(151, 1, '2015-01-25 19:53:14', 1, 1),
(152, 2, '2015-01-25 19:53:14', 1, 2),
(153, 3, '2015-01-25 19:53:14', 1, 2),
(154, 7, '2015-01-25 19:53:14', 1, 2),
(155, 11, '2015-01-25 19:53:14', 1, 3),
(156, 1, '2015-01-25 19:55:18', 1, 1),
(157, 2, '2015-01-25 19:55:18', 1, 2),
(158, 3, '2015-01-25 19:55:18', 1, 2),
(159, 7, '2015-01-25 19:55:18', 1, 2),
(160, 11, '2015-01-25 19:55:18', 1, 3),
(161, 14, '2015-01-25 20:00:59', 1, 6),
(162, 15, '2015-01-25 20:00:59', 1, 6),
(163, 1, '2015-01-25 20:01:03', 1, 1),
(164, 2, '2015-01-25 20:01:03', 1, 2),
(165, 3, '2015-01-25 20:01:03', 1, 2),
(166, 7, '2015-01-25 20:01:03', 1, 2),
(167, 11, '2015-01-25 20:01:03', 1, 3),
(168, 19, '2015-01-25 20:01:03', 1, 5),
(169, 1, '2015-01-25 20:02:07', 1, 1),
(170, 2, '2015-01-25 20:02:07', 1, 2),
(171, 3, '2015-01-25 20:02:07', 1, 2),
(172, 7, '2015-01-25 20:02:07', 1, 2),
(173, 11, '2015-01-25 20:02:07', 1, 3),
(174, 19, '2015-01-25 20:02:07', 1, 5),
(175, 1, '2015-01-25 20:02:59', 1, 1),
(176, 2, '2015-01-25 20:02:59', 1, 2),
(177, 3, '2015-01-25 20:02:59', 1, 2),
(178, 7, '2015-01-25 20:02:59', 1, 2),
(179, 11, '2015-01-25 20:02:59', 1, 3),
(180, 19, '2015-01-25 20:02:59', 1, 5),
(181, 1, '2015-01-25 20:15:43', 1, 1),
(182, 2, '2015-01-25 20:15:43', 1, 2),
(183, 3, '2015-01-25 20:15:43', 1, 2),
(184, 7, '2015-01-25 20:15:43', 1, 2),
(185, 11, '2015-01-25 20:15:43', 1, 3),
(186, 19, '2015-01-25 20:15:43', 1, 5),
(187, 19, '2015-02-05 14:17:20', 1, 5),
(188, 5, '2015-02-05 14:17:20', 1, 3),
(189, 6, '2015-02-05 14:17:20', 1, 3),
(193, 14, '2015-04-08 19:43:41', 1, 6),
(194, 15, '2015-04-08 19:43:41', 1, 6),
(195, 14, '2015-04-08 19:48:47', 1, 6),
(196, 15, '2015-04-08 19:48:47', 1, 6),
(203, 23, '2015-04-08 20:11:50', 1, 8),
(204, 25, '2015-04-08 20:54:37', 1, 8),
(205, 25, '2015-04-08 20:54:58', 1, 8),
(206, 25, '2015-04-08 20:56:18', 1, 8),
(207, 25, '2015-04-08 20:56:18', 1, 8),
(208, 25, '2015-04-08 20:56:18', 1, 8),
(209, 25, '2015-04-08 20:56:18', 1, 8),
(210, 25, '2015-04-08 20:56:18', 1, 8),
(211, 25, '2015-04-08 20:56:56', 1, 8),
(212, 25, '2015-04-08 21:00:49', 1, 8),
(213, 19, '2015-04-17 19:14:18', 1, 5),
(214, 5, '2015-04-17 19:14:18', 1, 3),
(215, 6, '2015-04-17 19:14:18', 1, 3),
(216, 1, '2015-04-17 19:27:10', 1, 1),
(217, 2, '2015-04-17 19:27:10', 1, 2),
(218, 3, '2015-04-17 19:27:10', 1, 2),
(219, 7, '2015-04-17 19:27:10', 1, 2),
(220, 11, '2015-04-17 19:27:10', 1, 3),
(221, 14, '2015-04-17 19:44:09', 1, 6),
(222, 15, '2015-04-17 19:44:09', 1, 6),
(223, 1, '2015-04-17 19:44:15', 1, 1),
(224, 2, '2015-04-17 19:44:15', 1, 2),
(225, 3, '2015-04-17 19:44:15', 1, 2),
(226, 5, '2015-04-17 19:44:15', 1, 3),
(227, 6, '2015-04-17 19:44:15', 1, 3),
(228, 7, '2015-04-17 19:44:15', 1, 2),
(229, 11, '2015-04-17 19:44:15', 1, 3),
(230, 19, '2015-04-17 19:44:15', 1, 5),
(231, 14, '2015-04-21 03:52:24', 1, 6),
(232, 15, '2015-04-21 03:52:24', 1, 6),
(233, 14, '2015-04-21 03:52:25', 1, 6),
(234, 15, '2015-04-21 03:52:25', 1, 6),
(235, 14, '2015-04-21 03:52:28', 1, 6),
(236, 15, '2015-04-21 03:52:28', 1, 6),
(237, 14, '2015-04-21 03:52:30', 1, 6),
(238, 15, '2015-04-21 03:52:30', 1, 6),
(239, 14, '2015-04-21 03:52:31', 1, 6),
(240, 15, '2015-04-21 03:52:31', 1, 6),
(241, 14, '2015-04-21 03:52:33', 1, 6),
(242, 15, '2015-04-21 03:52:33', 1, 6),
(243, 14, '2015-04-21 03:52:35', 1, 6),
(244, 15, '2015-04-21 03:52:35', 1, 6),
(245, 14, '2015-04-21 03:52:36', 1, 6),
(246, 15, '2015-04-21 03:52:36', 1, 6),
(247, 14, '2015-04-21 03:52:38', 1, 6),
(248, 15, '2015-04-21 03:52:38', 1, 6),
(249, 26, '2015-04-21 03:54:21', 1, 1),
(250, 27, '2015-04-21 03:54:32', 1, 1),
(251, 29, '2015-04-21 03:56:07', 1, 1),
(252, 29, '2015-04-21 03:56:22', 1, 1),
(253, 26, '2015-04-21 03:57:53', 1, 1),
(254, 27, '2015-04-21 03:58:11', 1, 1),
(255, 14, '2015-04-21 08:41:20', 1, 6),
(256, 15, '2015-04-21 08:41:20', 1, 6),
(257, 14, '2015-04-21 08:41:22', 1, 6),
(258, 15, '2015-04-21 08:41:22', 1, 6),
(259, 14, '2015-04-21 08:41:23', 1, 6),
(260, 15, '2015-04-21 08:41:23', 1, 6),
(261, 14, '2015-04-21 08:41:27', 1, 6),
(262, 15, '2015-04-21 08:41:27', 1, 6),
(263, 14, '2015-04-21 09:23:11', 1, 6),
(264, 15, '2015-04-21 09:23:11', 1, 6),
(265, 14, '2015-04-21 09:28:14', 1, 6),
(266, 15, '2015-04-21 09:28:15', 1, 6),
(267, 29, '2015-04-21 09:29:32', 1, 1),
(268, 14, '2015-04-21 09:31:29', 1, 6),
(269, 15, '2015-04-21 09:31:29', 1, 6),
(270, 14, '2015-04-21 09:40:24', 1, 6),
(271, 15, '2015-04-21 09:40:24', 1, 6),
(272, 26, '2015-04-21 09:41:21', 1, 1),
(273, 26, '2015-04-21 09:41:29', 1, 1),
(274, 27, '2015-04-21 09:41:32', 1, 1),
(275, 26, '2015-04-21 09:41:40', 1, 1),
(276, 29, '2015-04-21 09:41:59', 1, 1),
(277, 26, '2015-04-21 09:48:40', 1, 1),
(278, 27, '2015-04-21 09:48:49', 1, 1),
(279, 27, '2015-04-21 09:57:02', 1, 1),
(280, 1, '2015-04-21 09:57:44', 1, 1),
(281, 2, '2015-04-21 09:57:44', 1, 2),
(282, 3, '2015-04-21 09:57:44', 1, 2),
(283, 5, '2015-04-21 09:57:44', 1, 3),
(284, 6, '2015-04-21 09:57:44', 1, 3),
(285, 7, '2015-04-21 09:57:44', 1, 2),
(286, 11, '2015-04-21 09:57:44', 1, 3),
(287, 19, '2015-04-21 09:57:44', 1, 5),
(288, 14, '2015-04-21 12:40:26', 1, 6),
(289, 15, '2015-04-21 12:40:26', 1, 6),
(290, 1, '2015-04-21 12:44:11', 1, 1),
(291, 2, '2015-04-21 12:44:11', 1, 2),
(292, 3, '2015-04-21 12:44:11', 1, 2),
(293, 5, '2015-04-21 12:44:11', 1, 3),
(294, 6, '2015-04-21 12:44:11', 1, 3),
(295, 7, '2015-04-21 12:44:11', 1, 2),
(296, 11, '2015-04-21 12:44:11', 1, 3),
(297, 19, '2015-04-21 12:44:11', 1, 5),
(298, 26, '2015-04-21 18:42:11', 1, 1),
(299, 27, '2015-04-21 18:42:25', 1, 1),
(300, 29, '2015-04-21 19:08:15', 1, 1),
(301, 29, '2015-04-23 05:05:02', 1, 1),
(302, 1, '2015-04-23 06:35:49', 1, 1),
(303, 2, '2015-04-23 06:35:49', 1, 2),
(304, 3, '2015-04-23 06:35:49', 1, 2),
(305, 7, '2015-04-23 06:35:49', 1, 2),
(306, 11, '2015-04-23 06:35:49', 1, 3),
(307, 1, '2015-04-23 06:36:12', 1, 1),
(308, 2, '2015-04-23 06:36:12', 1, 2),
(309, 3, '2015-04-23 06:36:12', 1, 2),
(310, 7, '2015-04-23 06:36:12', 1, 2),
(311, 11, '2015-04-23 06:36:12', 1, 3),
(312, 1, '2015-04-23 06:45:22', 1, 1),
(313, 2, '2015-04-23 06:45:22', 1, 2),
(314, 3, '2015-04-23 06:45:22', 1, 2),
(315, 7, '2015-04-23 06:45:22', 1, 2),
(316, 11, '2015-04-23 06:45:22', 1, 3),
(317, 1, '2015-04-23 06:45:41', 1, 1),
(318, 2, '2015-04-23 06:45:41', 1, 2),
(319, 3, '2015-04-23 06:45:41', 1, 2),
(320, 7, '2015-04-23 06:45:41', 1, 2),
(321, 11, '2015-04-23 06:45:41', 1, 3),
(322, 1, '2015-04-23 07:20:58', 1, 1),
(323, 2, '2015-04-23 07:20:58', 1, 2),
(324, 3, '2015-04-23 07:20:58', 1, 2),
(325, 7, '2015-04-23 07:20:58', 1, 2),
(326, 11, '2015-04-23 07:20:58', 1, 3),
(327, 14, '2015-04-24 10:48:13', 1, 6),
(328, 15, '2015-04-24 10:48:13', 1, 6),
(329, 14, '2015-04-24 12:09:58', 1, 6),
(330, 15, '2015-04-24 12:09:58', 1, 6),
(331, 1, '2015-04-27 10:45:17', 1, 1),
(332, 2, '2015-04-27 10:45:17', 1, 2),
(333, 3, '2015-04-27 10:45:17', 1, 2),
(334, 7, '2015-04-27 10:45:17', 1, 2),
(335, 11, '2015-04-27 10:45:17', 1, 3),
(336, 1, '2015-04-27 10:47:18', 1, 1),
(337, 2, '2015-04-27 10:47:18', 1, 2),
(338, 3, '2015-04-27 10:47:18', 1, 2),
(339, 7, '2015-04-27 10:47:18', 1, 2),
(340, 11, '2015-04-27 10:47:18', 1, 3),
(341, 21, '2015-04-27 10:47:18', 1, 8),
(342, 14, '2015-04-27 10:49:32', 1, 6),
(343, 15, '2015-04-27 10:49:32', 1, 6),
(344, 14, '2015-04-27 10:50:35', 1, 6),
(345, 15, '2015-04-27 10:50:35', 1, 6),
(346, 1, '2015-04-27 10:54:48', 1, 1),
(347, 2, '2015-04-27 10:54:48', 1, 2),
(348, 3, '2015-04-27 10:54:48', 1, 2),
(349, 7, '2015-04-27 10:54:48', 1, 2),
(350, 11, '2015-04-27 10:54:48', 1, 3),
(351, 14, '2015-04-27 11:08:12', 1, 6),
(352, 15, '2015-04-27 11:08:12', 1, 6),
(353, 14, '2015-04-28 07:08:28', 1, 6),
(354, 15, '2015-04-28 07:08:28', 1, 6),
(355, 14, '2015-04-28 07:10:09', 1, 6),
(356, 15, '2015-04-28 07:10:09', 1, 6),
(357, 3, '2015-09-17 01:00:55', 1, 2);

-- --------------------------------------------------------

--
-- Structure de la table `AuthenticationTypes`
--

DROP TABLE IF EXISTS `AuthenticationTypes`;
CREATE TABLE `AuthenticationTypes` (
  `authTypeID` int(10) unsigned NOT NULL,
  `authTypeHandle` varchar(255) COLLATE utf8_unicode_ci NOT NULL,
  `authTypeName` varchar(255) COLLATE utf8_unicode_ci NOT NULL,
  `authTypeIsEnabled` tinyint(1) NOT NULL,
  `authTypeDisplayOrder` int(10) unsigned DEFAULT NULL,
  `pkgID` int(10) unsigned DEFAULT NULL
) ENGINE=InnoDB AUTO_INCREMENT=6 DEFAULT CHARSET=utf8 COLLATE=utf8_unicode_ci;

--
-- Contenu de la table `AuthenticationTypes`
--

INSERT INTO `AuthenticationTypes` (`authTypeID`, `authTypeHandle`, `authTypeName`, `authTypeIsEnabled`, `authTypeDisplayOrder`, `pkgID`) VALUES
(1, 'concrete', 'Standard', 1, 0, 0),
(2, 'community', 'concrete5.org', 0, 0, 0),
(3, 'facebook', 'Facebook', 0, 0, 0),
(4, 'twitter', 'Twitter', 0, 0, 0),
(5, 'google', 'Google', 0, 0, 0);

-- --------------------------------------------------------

--
-- Structure de la table `authTypeConcreteCookieMap`
--

DROP TABLE IF EXISTS `authTypeConcreteCookieMap`;
CREATE TABLE `authTypeConcreteCookieMap` (
  `ID` int(10) unsigned NOT NULL,
  `token` varchar(32) COLLATE utf8_unicode_ci DEFAULT NULL,
  `uID` int(11) DEFAULT NULL,
  `validThrough` int(11) DEFAULT NULL
) ENGINE=InnoDB AUTO_INCREMENT=8 DEFAULT CHARSET=utf8 COLLATE=utf8_unicode_ci;

--
-- Contenu de la table `authTypeConcreteCookieMap`
--

INSERT INTO `authTypeConcreteCookieMap` (`ID`, `token`, `uID`, `validThrough`) VALUES
(1, 'b8505c5e093508d58b24c8b6c962309a', 1, 1441271754),
(2, 'da19e217aa9aade5bd67a8cac89977c1', 1, 1441271754),
(3, '708d84c510ce43c3b2186bd2b0cc4271', 1, 1441271754),
(4, 'd472ea30a135e58c8bfdcf62e0699e58', 1, 1441271754),
(5, 'fdf23bb83049000128620bef68e2a919', 1, 1441271754),
(6, 'e0076ac82704e9fdddcfdcb633bbbe86', 1, 1441271754),
(7, '152b5a75ad213d73f6c9173f1df491bd', 1, 1441271754);

-- --------------------------------------------------------

--
-- Structure de la table `BannedWords`
--

DROP TABLE IF EXISTS `BannedWords`;
CREATE TABLE `BannedWords` (
  `bwID` int(10) unsigned NOT NULL,
  `bannedWord` longtext COLLATE utf8_unicode_ci NOT NULL
) ENGINE=InnoDB AUTO_INCREMENT=5 DEFAULT CHARSET=utf8 COLLATE=utf8_unicode_ci;

--
-- Contenu de la table `BannedWords`
--

INSERT INTO `BannedWords` (`bwID`, `bannedWord`) VALUES
(1, 'fuck'),
(2, 'shit'),
(3, 'bitch'),
(4, 'ass');

-- --------------------------------------------------------

--
-- Structure de la table `BasicWorkflowPermissionAssignments`
--

DROP TABLE IF EXISTS `BasicWorkflowPermissionAssignments`;
CREATE TABLE `BasicWorkflowPermissionAssignments` (
  `wfID` int(10) unsigned NOT NULL DEFAULT '0',
  `pkID` int(10) unsigned NOT NULL DEFAULT '0',
  `paID` int(10) unsigned NOT NULL DEFAULT '0'
) ENGINE=InnoDB DEFAULT CHARSET=utf8 COLLATE=utf8_unicode_ci;

-- --------------------------------------------------------

--
-- Structure de la table `BasicWorkflowProgressData`
--

DROP TABLE IF EXISTS `BasicWorkflowProgressData`;
CREATE TABLE `BasicWorkflowProgressData` (
  `wpID` int(10) unsigned NOT NULL DEFAULT '0',
  `uIDStarted` int(10) unsigned NOT NULL DEFAULT '0',
  `uIDCompleted` int(10) unsigned NOT NULL DEFAULT '0',
  `wpDateCompleted` datetime DEFAULT NULL
) ENGINE=InnoDB DEFAULT CHARSET=utf8 COLLATE=utf8_unicode_ci;

-- --------------------------------------------------------

--
-- Structure de la table `BlockFeatureAssignments`
--

DROP TABLE IF EXISTS `BlockFeatureAssignments`;
CREATE TABLE `BlockFeatureAssignments` (
  `cID` int(10) unsigned NOT NULL DEFAULT '0',
  `cvID` int(10) unsigned NOT NULL DEFAULT '0',
  `bID` int(10) unsigned NOT NULL DEFAULT '0',
  `faID` int(10) unsigned NOT NULL DEFAULT '0'
) ENGINE=InnoDB DEFAULT CHARSET=utf8 COLLATE=utf8_unicode_ci;

--
-- Contenu de la table `BlockFeatureAssignments`
--

INSERT INTO `BlockFeatureAssignments` (`cID`, `cvID`, `bID`, `faID`) VALUES
(152, 2, 14, 1),
(159, 3, 64, 2),
(159, 4, 64, 2),
(159, 5, 64, 2),
(159, 6, 64, 2),
(159, 7, 64, 2),
(159, 8, 64, 2),
(159, 9, 64, 2),
(159, 10, 64, 2),
(159, 11, 64, 2),
(159, 12, 64, 2),
(159, 13, 64, 2),
(159, 14, 64, 2),
(159, 15, 64, 2),
(159, 16, 64, 2),
(159, 17, 64, 2),
(159, 18, 64, 2),
(159, 19, 64, 2),
(159, 20, 64, 2),
(159, 21, 64, 2),
(161, 7, 87, 3),
(161, 8, 87, 3),
(161, 9, 87, 3),
(161, 10, 87, 3),
(162, 13, 97, 4),
(162, 14, 97, 4),
(162, 15, 97, 4),
(165, 25, 128, 5),
(165, 26, 128, 5),
(165, 27, 128, 5),
(165, 28, 128, 5),
(165, 29, 128, 5),
(165, 30, 128, 5),
(165, 31, 128, 5),
(165, 32, 128, 5),
(165, 33, 128, 5),
(165, 34, 128, 5),
(165, 35, 128, 5),
(165, 36, 128, 5),
(165, 37, 128, 5),
(165, 38, 128, 5),
(165, 39, 128, 5),
(165, 40, 128, 5),
(165, 41, 128, 5),
(165, 42, 128, 5),
(165, 43, 128, 5),
(165, 44, 151, 6),
(165, 45, 151, 6),
(165, 46, 151, 6),
(165, 47, 151, 6),
(165, 48, 151, 6),
(165, 49, 151, 6),
(165, 50, 151, 6),
(165, 51, 151, 6),
(165, 52, 151, 6),
(165, 53, 151, 6),
(165, 54, 151, 6),
(165, 54, 211, 7),
(165, 54, 214, 8),
(165, 54, 218, 9),
(165, 54, 223, 10),
(173, 7, 272, 12),
(173, 8, 272, 12),
(173, 7, 275, 13),
(173, 8, 275, 13),
(174, 7, 279, 14),
(174, 8, 282, 15);

-- --------------------------------------------------------

--
-- Structure de la table `BlockPermissionAssignments`
--

DROP TABLE IF EXISTS `BlockPermissionAssignments`;
CREATE TABLE `BlockPermissionAssignments` (
  `cID` int(10) unsigned NOT NULL DEFAULT '0',
  `cvID` int(10) unsigned NOT NULL DEFAULT '0',
  `bID` int(10) unsigned NOT NULL DEFAULT '0',
  `pkID` int(10) unsigned NOT NULL DEFAULT '0',
  `paID` int(10) unsigned NOT NULL DEFAULT '0'
) ENGINE=InnoDB DEFAULT CHARSET=utf8 COLLATE=utf8_unicode_ci;

-- --------------------------------------------------------

--
-- Structure de la table `BlockRelations`
--

DROP TABLE IF EXISTS `BlockRelations`;
CREATE TABLE `BlockRelations` (
  `brID` int(10) unsigned NOT NULL,
  `bID` int(10) unsigned NOT NULL DEFAULT '0',
  `originalBID` int(10) unsigned NOT NULL DEFAULT '0',
  `relationType` varchar(50) COLLATE utf8_unicode_ci NOT NULL
) ENGINE=InnoDB AUTO_INCREMENT=90 DEFAULT CHARSET=utf8 COLLATE=utf8_unicode_ci;

--
-- Contenu de la table `BlockRelations`
--

INSERT INTO `BlockRelations` (`brID`, `bID`, `originalBID`, `relationType`) VALUES
(1, 72, 60, 'DUPLICATE'),
(2, 73, 71, 'DUPLICATE'),
(3, 74, 73, 'DUPLICATE'),
(4, 77, 75, 'DUPLICATE'),
(5, 79, 15, 'DUPLICATE'),
(6, 82, 17, 'DUPLICATE'),
(7, 83, 62, 'DUPLICATE'),
(8, 85, 79, 'DUPLICATE'),
(9, 86, 65, 'DUPLICATE'),
(10, 87, 64, 'DUPLICATE'),
(11, 90, 70, 'DUPLICATE'),
(12, 91, 89, 'DUPLICATE'),
(13, 96, 80, 'DUPLICATE'),
(14, 97, 87, 'DUPLICATE'),
(15, 98, 86, 'DUPLICATE'),
(16, 99, 91, 'DUPLICATE'),
(17, 100, 88, 'DUPLICATE'),
(18, 101, 69, 'DUPLICATE'),
(19, 102, 101, 'DUPLICATE'),
(20, 103, 102, 'DUPLICATE'),
(21, 104, 103, 'DUPLICATE'),
(22, 105, 104, 'DUPLICATE'),
(23, 106, 104, 'DUPLICATE'),
(24, 107, 74, 'DUPLICATE'),
(25, 108, 67, 'DUPLICATE'),
(26, 110, 72, 'DUPLICATE'),
(27, 111, 110, 'DUPLICATE'),
(28, 112, 111, 'DUPLICATE'),
(29, 118, 66, 'DUPLICATE'),
(30, 119, 114, 'DUPLICATE'),
(31, 120, 112, 'DUPLICATE'),
(32, 121, 107, 'DUPLICATE'),
(33, 122, 121, 'DUPLICATE'),
(34, 123, 120, 'DUPLICATE'),
(35, 126, 65, 'DUPLICATE'),
(36, 128, 64, 'DUPLICATE'),
(37, 129, 126, 'DUPLICATE'),
(38, 131, 130, 'DUPLICATE'),
(39, 132, 131, 'DUPLICATE'),
(40, 133, 132, 'DUPLICATE'),
(41, 134, 133, 'DUPLICATE'),
(42, 135, 134, 'DUPLICATE'),
(43, 136, 135, 'DUPLICATE'),
(44, 137, 136, 'DUPLICATE'),
(45, 139, 118, 'DUPLICATE'),
(46, 140, 138, 'DUPLICATE'),
(47, 141, 140, 'DUPLICATE'),
(48, 142, 137, 'DUPLICATE'),
(49, 143, 119, 'DUPLICATE'),
(50, 145, 143, 'DUPLICATE'),
(51, 148, 146, 'DUPLICATE'),
(52, 149, 129, 'DUPLICATE'),
(53, 151, 128, 'DUPLICATE'),
(54, 152, 142, 'DUPLICATE'),
(55, 153, 152, 'DUPLICATE'),
(56, 154, 153, 'DUPLICATE'),
(57, 155, 145, 'DUPLICATE'),
(58, 159, 141, 'DUPLICATE'),
(59, 160, 159, 'DUPLICATE'),
(60, 161, 160, 'DUPLICATE'),
(61, 162, 161, 'DUPLICATE'),
(62, 178, 176, 'DUPLICATE'),
(63, 179, 178, 'DUPLICATE'),
(64, 186, 179, 'DUPLICATE'),
(65, 187, 185, 'DUPLICATE'),
(66, 188, 186, 'DUPLICATE'),
(67, 189, 187, 'DUPLICATE'),
(68, 190, 188, 'DUPLICATE'),
(69, 191, 189, 'DUPLICATE'),
(70, 192, 190, 'DUPLICATE'),
(71, 193, 191, 'DUPLICATE'),
(72, 194, 192, 'DUPLICATE'),
(73, 195, 193, 'DUPLICATE'),
(74, 196, 194, 'DUPLICATE'),
(75, 197, 195, 'DUPLICATE'),
(76, 198, 196, 'DUPLICATE'),
(77, 199, 197, 'DUPLICATE'),
(78, 200, 198, 'DUPLICATE'),
(79, 201, 199, 'DUPLICATE'),
(80, 202, 201, 'DUPLICATE'),
(81, 203, 108, 'DUPLICATE'),
(82, 206, 155, 'DUPLICATE'),
(83, 226, 12, 'DUPLICATE'),
(84, 227, 76, 'DUPLICATE'),
(85, 228, 100, 'DUPLICATE'),
(86, 262, 257, 'DUPLICATE'),
(87, 267, 262, 'DUPLICATE'),
(88, 280, 265, 'DUPLICATE'),
(89, 282, 279, 'DUPLICATE');

-- --------------------------------------------------------

--
-- Structure de la table `Blocks`
--

DROP TABLE IF EXISTS `Blocks`;
CREATE TABLE `Blocks` (
  `bID` int(10) unsigned NOT NULL,
  `bName` varchar(60) COLLATE utf8_unicode_ci DEFAULT NULL,
  `bDateAdded` datetime NOT NULL DEFAULT '0000-00-00 00:00:00',
  `bDateModified` datetime NOT NULL DEFAULT '0000-00-00 00:00:00',
  `bFilename` varchar(255) COLLATE utf8_unicode_ci DEFAULT NULL,
  `bIsActive` varchar(1) COLLATE utf8_unicode_ci NOT NULL DEFAULT '1',
  `btID` int(10) unsigned NOT NULL DEFAULT '0',
  `uID` int(10) unsigned DEFAULT NULL,
  `btCachedBlockRecord` longtext COLLATE utf8_unicode_ci
) ENGINE=InnoDB AUTO_INCREMENT=283 DEFAULT CHARSET=utf8 COLLATE=utf8_unicode_ci;

--
-- Contenu de la table `Blocks`
--

INSERT INTO `Blocks` (`bID`, `bName`, `bDateAdded`, `bDateModified`, `bFilename`, `bIsActive`, `btID`, `uID`, `btCachedBlockRecord`) VALUES
(1, '', '2015-01-18 20:12:49', '2015-01-18 20:12:49', NULL, '0', 12, 1, NULL),
(2, '', '2015-01-18 20:12:49', '2015-01-18 20:12:49', NULL, '0', 9, 1, NULL),
(3, '', '2015-01-18 20:12:49', '2015-01-18 20:12:49', NULL, '0', 10, 1, NULL),
(4, '', '2015-01-18 20:12:49', '2015-01-18 20:12:49', NULL, '0', 8, 1, NULL),
(5, '', '2015-01-18 20:12:49', '2015-01-18 20:12:49', NULL, '0', 8, 1, NULL),
(6, '', '2015-01-18 20:12:49', '2015-01-18 20:12:49', NULL, '0', 7, 1, NULL),
(7, '', '2015-01-18 20:12:49', '2015-01-18 20:12:49', NULL, '0', 6, 1, NULL),
(8, '', '2015-01-18 20:12:49', '2015-01-18 20:12:49', NULL, '0', 8, 1, NULL),
(9, '', '2015-01-18 20:12:51', '2015-01-18 20:12:51', NULL, '0', 2, 1, NULL),
(11, '', '2015-01-18 20:17:16', '2015-01-18 20:17:16', NULL, '0', 12, 1, NULL),
(12, '', '2015-01-18 20:19:15', '2015-01-18 20:19:15', NULL, '0', 11, 1, NULL),
(13, '', '2015-01-18 20:20:43', '2015-01-18 20:21:03', 'vedana_responsive_full_screen.php', '0', 11, 1, NULL),
(14, '', '2015-01-18 20:23:40', '2015-01-18 20:23:40', NULL, '0', 27, 1, NULL),
(15, '', '2015-01-18 20:25:57', '2015-01-18 20:26:22', '', '0', 12, 1, NULL),
(16, '', '2015-01-18 20:26:37', '2015-01-18 20:27:22', '', '0', 26, 1, NULL),
(17, '', '2015-01-18 20:27:46', '2015-01-18 20:27:46', NULL, '0', 12, 1, NULL),
(59, '', '2015-01-18 20:32:05', '2015-01-18 20:32:05', NULL, '0', 12, 1, NULL),
(60, '', '2015-01-18 20:55:05', '2015-01-18 20:58:40', 'masonry', '0', 40, 1, NULL),
(62, '', '2015-01-19 09:30:50', '2015-01-19 09:31:17', 'vedana_portfolio.php', '0', 30, 1, NULL),
(63, '', '2015-01-19 09:35:21', '2015-01-19 09:35:21', NULL, '0', 1, 1, NULL),
(64, '', '2015-01-19 09:36:22', '2015-01-19 09:36:40', '', '0', 27, 1, NULL),
(65, '', '2015-01-19 09:39:33', '2015-01-19 09:39:49', NULL, '0', 12, 1, NULL),
(66, '', '2015-01-19 09:41:48', '2015-01-19 09:41:48', NULL, '0', 12, 1, NULL),
(67, '', '2015-01-19 09:41:57', '2015-01-19 09:41:57', NULL, '0', 26, 1, NULL),
(68, '', '2015-01-19 09:42:23', '2015-01-19 09:42:32', '', '0', 26, 1, NULL),
(69, '', '2015-01-19 09:44:17', '2015-01-19 09:44:39', NULL, '0', 40, 1, NULL),
(70, '', '2015-01-19 09:44:58', '2015-01-19 09:44:58', NULL, '0', 26, 1, NULL),
(71, '', '2015-01-19 09:45:54', '2015-01-19 09:45:54', NULL, '0', 12, 1, NULL),
(72, '', '2015-01-19 09:46:11', '2015-01-19 09:46:11', 'masonry', '1', 40, 1, NULL),
(73, '', '2015-01-19 09:57:17', '2015-01-19 09:57:17', NULL, '1', 12, 1, NULL),
(74, '', '2015-01-19 10:00:28', '2015-01-19 10:00:28', NULL, '1', 12, 1, NULL),
(75, '', '2015-01-19 10:25:47', '2015-01-19 10:25:58', 'thumbnail_grid', '0', 30, 1, NULL),
(76, '', '2015-01-19 10:26:24', '2015-01-19 10:26:24', NULL, '0', 12, 1, NULL),
(77, '', '2015-01-19 10:26:58', '2015-01-19 10:27:10', 'vedana_portfolio.php', '1', 30, 1, NULL),
(79, '', '2015-01-25 19:32:27', '2015-01-25 19:32:27', '', '1', 12, 1, NULL),
(80, '', '2015-01-25 19:36:48', '2015-01-25 19:37:10', NULL, '0', 12, 1, NULL),
(81, '', '2015-01-25 19:37:20', '2015-01-25 19:37:27', '', '0', 26, 1, NULL),
(82, '', '2015-01-25 19:37:35', '2015-01-25 19:37:35', NULL, '1', 12, 1, NULL),
(83, '', '2015-01-25 19:37:45', '2015-01-25 19:37:45', 'vedana_portfolio.php', '1', 30, 1, NULL),
(84, '', '2015-01-25 19:37:55', '2015-01-25 19:37:55', NULL, '0', 26, 1, NULL),
(85, '', '2015-01-25 19:38:46', '2015-01-25 19:38:46', '', '1', 12, 1, NULL),
(86, '', '2015-01-25 19:43:26', '2015-01-25 19:43:26', NULL, '1', 12, 1, NULL),
(87, '', '2015-01-25 19:43:52', '2015-01-25 19:43:52', '', '1', 27, 1, NULL),
(88, '', '2015-01-25 19:46:10', '2015-01-25 19:46:10', NULL, '0', 12, 1, NULL),
(89, '', '2015-01-25 19:47:13', '2015-01-25 19:47:13', NULL, '0', 12, 1, NULL),
(90, '', '2015-01-25 19:47:46', '2015-01-25 19:47:46', '', '1', 26, 1, NULL),
(91, '', '2015-01-25 19:48:41', '2015-01-25 19:49:43', NULL, '1', 12, 1, NULL),
(92, '', '2015-01-25 19:50:40', '2015-01-25 19:50:49', NULL, '0', 12, 1, NULL),
(93, '', '2015-01-25 19:51:30', '2015-01-25 19:51:40', 'vedana_portfolio.php', '0', 30, 1, NULL),
(94, '', '2015-01-25 19:51:50', '2015-01-25 19:51:50', NULL, '0', 26, 1, NULL),
(95, '', '2015-01-25 19:52:01', '2015-01-25 19:52:08', '', '0', 26, 1, NULL),
(96, '', '2015-01-25 20:04:15', '2015-01-25 20:04:29', NULL, '1', 12, 1, NULL),
(97, '', '2015-01-25 20:08:58', '2015-01-25 20:08:58', '', '1', 27, 1, NULL),
(98, '', '2015-01-25 20:10:05', '2015-01-25 20:10:05', NULL, '1', 12, 1, NULL),
(99, '', '2015-01-25 20:11:12', '2015-01-25 20:11:12', NULL, '1', 12, 1, NULL),
(100, '', '2015-01-25 20:12:28', '2015-01-25 20:12:28', NULL, '1', 12, 1, NULL),
(101, '', '2015-02-04 19:48:04', '2015-02-04 19:48:24', NULL, '1', 40, 1, NULL),
(102, '', '2015-02-04 20:14:08', '2015-02-04 20:14:08', NULL, '1', 40, 1, NULL),
(103, '', '2015-02-04 20:29:10', '2015-02-04 20:29:10', NULL, '1', 40, 1, NULL),
(104, '', '2015-02-04 20:49:18', '2015-02-04 20:49:54', NULL, '1', 40, 1, NULL),
(105, '', '2015-02-05 14:18:23', '2015-02-05 14:18:23', 'temp', '1', 40, 1, NULL),
(106, '', '2015-04-08 19:41:27', '2015-04-08 19:41:28', NULL, '1', 40, 1, NULL),
(107, '', '2015-04-08 19:41:41', '2015-04-08 19:41:41', NULL, '1', 12, 1, NULL),
(108, '', '2015-04-08 19:49:21', '2015-04-08 19:49:21', '', '1', 26, 1, NULL),
(109, '', '2015-04-08 19:49:27', '2015-04-08 19:49:35', '', '0', 26, 1, NULL),
(110, '', '2015-04-08 21:02:11', '2015-04-08 21:02:11', 'masonry', '1', 40, 1, NULL),
(111, '', '2015-04-08 21:09:22', '2015-04-08 21:09:22', 'masonry', '1', 40, 1, NULL),
(112, '', '2015-04-09 08:59:11', '2015-04-09 09:04:38', 'masonry', '1', 40, 1, NULL),
(113, '', '2015-04-09 09:04:48', '2015-04-09 09:04:56', '', '0', 26, 1, NULL),
(114, '', '2015-04-09 09:20:35', '2015-04-09 09:20:35', NULL, '0', 12, 1, NULL),
(115, '', '2015-04-09 09:20:53', '2015-04-09 09:20:53', NULL, '0', 26, 1, NULL),
(116, '', '2015-04-09 09:22:05', '2015-04-09 09:22:05', NULL, '0', 12, 1, NULL),
(117, '', '2015-04-09 09:22:49', '2015-04-09 09:24:28', 'basic', '0', 40, 1, NULL),
(118, '', '2015-04-09 09:32:19', '2015-04-09 09:34:54', NULL, '1', 12, 1, NULL),
(119, '', '2015-04-09 09:33:22', '2015-04-09 09:33:23', NULL, '1', 12, 1, NULL),
(120, '', '2015-04-09 09:36:01', '2015-04-09 09:36:01', 'masonry', '1', 40, 1, NULL),
(121, '', '2015-04-09 09:38:37', '2015-04-09 09:38:37', NULL, '1', 12, 1, NULL),
(122, '', '2015-04-09 09:40:33', '2015-04-09 09:40:33', NULL, '1', 12, 1, NULL),
(123, '', '2015-04-09 09:41:12', '2015-04-09 09:41:12', 'masonry', '1', 40, 1, NULL),
(125, '', '2015-04-16 08:21:01', '2015-04-16 08:21:01', NULL, '0', 12, 1, NULL),
(126, '', '2015-04-16 08:21:52', '2015-04-16 08:22:37', NULL, '1', 12, 1, NULL),
(127, '', '2015-04-16 08:23:40', '2015-04-16 08:23:40', NULL, '0', 12, 1, NULL),
(128, '', '2015-04-17 19:45:03', '2015-04-17 19:45:03', '', '1', 27, 1, NULL),
(129, '', '2015-04-17 19:45:26', '2015-04-17 19:45:26', NULL, '1', 12, 1, NULL),
(130, '', '2015-04-21 03:58:42', '2015-04-21 03:58:42', NULL, '0', 41, 1, NULL),
(131, '', '2015-04-21 04:08:58', '2015-04-21 04:08:58', NULL, '1', 41, 1, NULL),
(132, '', '2015-04-21 04:09:52', '2015-04-21 04:09:52', NULL, '1', 41, 1, NULL),
(133, '', '2015-04-21 05:26:29', '2015-04-21 05:26:29', NULL, '1', 41, 1, NULL),
(134, '', '2015-04-21 05:31:43', '2015-04-21 07:26:53', NULL, '1', 41, 1, NULL),
(135, '', '2015-04-21 07:42:31', '2015-04-21 07:42:31', NULL, '1', 41, 1, NULL),
(136, '', '2015-04-21 07:44:37', '2015-04-21 07:48:59', 'one_slide', '1', 41, 1, NULL),
(137, '', '2015-04-21 07:54:17', '2015-04-21 07:54:17', 'one_slide', '1', 41, 1, NULL),
(138, '', '2015-04-21 07:59:20', '2015-04-21 07:59:20', NULL, '0', 41, 1, NULL),
(139, '', '2015-04-21 07:59:32', '2015-04-21 07:59:32', NULL, '1', 12, 1, NULL),
(140, '', '2015-04-21 08:02:16', '2015-04-21 08:02:16', NULL, '1', 41, 1, NULL),
(141, '', '2015-04-21 08:03:36', '2015-04-21 08:03:36', NULL, '1', 41, 1, NULL),
(142, '', '2015-04-21 08:11:59', '2015-04-21 08:11:59', 'one_slide', '1', 41, 1, NULL),
(143, '', '2015-04-21 08:29:06', '2015-04-21 08:29:06', NULL, '1', 12, 1, NULL),
(144, '', '2015-04-21 08:32:22', '2015-04-21 08:43:44', NULL, '0', 1, 1, NULL),
(145, '', '2015-04-21 08:39:14', '2015-04-21 08:39:14', NULL, '1', 12, 1, NULL),
(146, '', '2015-04-21 08:43:27', '2015-04-21 08:43:27', NULL, '0', 41, 1, NULL),
(147, '', '2015-04-21 08:44:09', '2015-04-21 08:44:09', NULL, '0', 12, 1, NULL),
(148, '', '2015-04-21 08:45:14', '2015-04-21 08:45:14', NULL, '1', 41, 1, NULL),
(149, '', '2015-04-21 08:51:32', '2015-04-21 08:54:55', NULL, '1', 12, 1, NULL),
(150, '', '2015-04-21 08:55:09', '2015-04-21 08:55:09', NULL, '0', 12, 1, NULL),
(151, '', '2015-04-21 09:23:16', '2015-04-21 09:23:16', '', '1', 27, 1, NULL),
(152, '', '2015-04-21 09:29:36', '2015-04-21 09:42:17', 'one_slide', '1', 41, 1, NULL),
(153, '', '2015-04-21 09:49:24', '2015-04-21 09:49:24', 'one_slide', '1', 41, 1, NULL),
(154, '', '2015-04-21 09:57:08', '2015-04-21 09:57:08', 'one_slide', '1', 41, 1, NULL),
(155, '', '2015-04-21 09:58:44', '2015-04-21 09:59:18', NULL, '1', 12, 1, NULL),
(156, '', '2015-04-21 10:01:05', '2015-04-21 10:01:05', NULL, '0', 12, 1, NULL),
(157, '', '2015-04-21 10:01:17', '2015-04-21 10:01:17', NULL, '0', 12, 1, NULL),
(158, '', '2015-04-21 10:01:28', '2015-04-21 10:01:28', NULL, '0', 26, 1, NULL),
(159, '', '2015-04-21 18:41:27', '2015-04-21 18:41:27', NULL, '1', 41, 1, NULL),
(160, '', '2015-04-21 18:42:27', '2015-04-21 18:42:27', NULL, '1', 41, 1, NULL),
(161, '', '2015-04-21 18:43:09', '2015-04-21 18:43:09', NULL, '1', 41, 1, NULL),
(162, '', '2015-04-21 19:08:35', '2015-04-21 19:08:35', NULL, '1', 41, 1, NULL),
(176, '', '2015-04-23 06:22:56', '2015-04-23 06:22:56', NULL, '0', 12, 1, NULL),
(177, '', '2015-04-23 06:27:01', '2015-04-23 06:27:01', NULL, '0', 41, 1, NULL),
(178, '', '2015-04-23 06:33:37', '2015-04-23 06:33:37', NULL, '1', 12, 1, NULL),
(179, '', '2015-04-23 06:37:57', '2015-04-23 06:38:13', NULL, '1', 12, 1, NULL),
(180, '', '2015-04-23 06:39:11', '2015-04-23 06:39:36', '', '0', 30, 1, NULL),
(181, '', '2015-04-23 06:41:11', '2015-04-23 06:43:11', '', '0', 26, 1, NULL),
(182, '', '2015-04-23 06:41:53', '2015-04-23 06:41:53', NULL, '0', 12, 1, NULL),
(183, '', '2015-04-23 06:42:53', '2015-04-23 06:42:53', NULL, '0', 30, 1, NULL),
(184, '', '2015-04-23 06:43:26', '2015-04-23 06:43:26', NULL, '0', 26, 1, NULL),
(185, '', '2015-04-23 06:47:51', '2015-04-23 06:47:51', NULL, '0', 41, 1, NULL),
(186, '', '2015-04-23 06:54:59', '2015-04-23 06:54:59', NULL, '1', 12, 1, NULL),
(187, '', '2015-04-23 07:10:28', '2015-04-23 07:10:57', 'one_slide', '1', 41, 1, NULL),
(188, '', '2015-04-23 07:12:09', '2015-04-23 07:12:35', NULL, '1', 12, 1, NULL),
(189, '', '2015-04-23 07:13:03', '2015-04-23 07:13:03', 'one_slide', '1', 41, 1, NULL),
(190, '', '2015-04-23 07:13:47', '2015-04-23 07:13:47', NULL, '1', 12, 1, NULL),
(191, '', '2015-04-23 07:16:38', '2015-04-23 07:16:39', 'one_slide', '1', 41, 1, NULL),
(192, '', '2015-04-23 07:17:47', '2015-04-23 07:17:47', NULL, '1', 12, 1, NULL),
(193, '', '2015-04-23 07:19:24', '2015-04-23 07:19:24', 'one_slide', '1', 41, 1, NULL),
(194, '', '2015-04-23 07:19:40', '2015-04-23 07:19:40', NULL, '1', 12, 1, NULL),
(195, '', '2015-04-23 07:24:28', '2015-04-23 07:24:28', 'one_slide', '1', 41, 1, NULL),
(196, '', '2015-04-23 07:28:42', '2015-04-23 07:31:03', NULL, '1', 12, 1, NULL),
(197, '', '2015-04-23 07:30:40', '2015-04-23 07:30:40', 'one_slide', '1', 41, 1, NULL),
(198, '', '2015-04-23 07:34:27', '2015-04-23 07:34:27', NULL, '1', 12, 1, NULL),
(199, '', '2015-04-23 19:40:15', '2015-04-23 19:40:58', 'one_slide', '1', 41, 1, NULL),
(200, '', '2015-04-23 19:42:37', '2015-04-23 19:42:37', NULL, '1', 12, 1, NULL),
(201, '', '2015-04-23 19:48:13', '2015-04-23 19:49:17', '', '1', 41, 1, NULL),
(202, '', '2015-04-23 19:55:55', '2015-04-23 19:55:55', '', '1', 41, 1, NULL),
(203, '', '2015-04-24 08:36:57', '2015-04-24 08:36:57', '', '1', 26, 1, NULL),
(204, '', '2015-04-24 08:37:09', '2015-04-24 08:37:19', '', '0', 26, 1, NULL),
(205, '', '2015-04-24 08:37:32', '2015-04-24 08:37:42', '', '0', 26, 1, NULL),
(206, '', '2015-04-24 08:39:57', '2015-04-24 08:39:57', NULL, '1', 12, 1, NULL),
(207, '', '2015-04-24 08:40:18', '2015-04-24 08:40:26', '', '0', 26, 1, NULL),
(209, '', '2015-04-24 10:26:58', '2015-04-24 10:26:58', NULL, '0', 12, 1, NULL),
(210, '', '2015-04-24 10:27:17', '2015-04-24 10:27:17', NULL, '0', 1, 1, NULL),
(211, '', '2015-04-24 10:27:51', '2015-04-24 10:28:43', NULL, '0', 27, 1, NULL),
(212, '', '2015-04-24 10:30:15', '2015-04-24 10:40:20', NULL, '0', 12, 1, NULL),
(213, '', '2015-04-24 10:38:56', '2015-04-24 10:38:56', NULL, '0', 26, 1, NULL),
(214, '', '2015-04-24 10:39:34', '2015-04-24 10:39:34', NULL, '0', 27, 1, NULL),
(215, '', '2015-04-24 10:39:54', '2015-04-24 10:39:54', NULL, '0', 1, 1, NULL),
(216, '', '2015-04-24 10:46:13', '2015-04-24 10:46:13', NULL, '0', 12, 1, NULL),
(217, '', '2015-04-24 10:46:46', '2015-04-24 10:46:46', NULL, '0', 1, 1, NULL),
(218, '', '2015-04-24 11:44:50', '2015-04-24 11:44:50', NULL, '0', 27, 1, NULL),
(219, '', '2015-04-24 11:45:11', '2015-04-24 11:45:11', NULL, '0', 26, 1, NULL),
(220, '', '2015-04-24 11:45:21', '2015-04-24 11:45:21', NULL, '0', 26, 1, NULL),
(222, '', '2015-04-24 11:55:11', '2015-04-24 11:55:11', NULL, '0', 12, 1, NULL),
(223, '', '2015-04-24 12:10:02', '2015-04-24 12:10:02', NULL, '0', 27, 1, NULL),
(224, '', '2015-04-24 12:10:24', '2015-04-24 12:10:24', NULL, '0', 12, 1, NULL),
(225, '', '2015-04-24 12:10:56', '2015-04-24 12:11:05', '', '0', 26, 1, NULL),
(226, '', '2015-04-27 08:17:28', '2015-04-27 08:17:43', 'vedana_header.php', '1', 11, 1, NULL),
(227, '', '2015-04-27 08:18:17', '2015-04-27 08:18:17', NULL, '1', 12, 1, NULL),
(228, '', '2015-04-27 08:24:51', '2015-04-27 08:24:51', NULL, '1', 12, 1, NULL),
(229, '', '2015-04-27 08:25:19', '2015-04-27 08:25:19', NULL, '0', 12, 1, NULL),
(230, '', '2015-04-27 08:26:07', '2015-04-27 08:26:31', 'vedana_vertical_boxes.php', '0', 11, 1, NULL),
(246, '', '2015-04-27 08:28:22', '2015-04-27 08:28:22', NULL, '0', 12, 1, NULL),
(257, '', '2015-04-27 08:29:09', '2015-04-27 08:29:09', NULL, '0', 12, 1, NULL),
(258, '', '2015-04-27 08:29:39', '2015-04-27 08:29:39', NULL, '0', 12, 1, NULL),
(259, '', '2015-04-27 08:29:53', '2015-04-27 08:32:12', 'vedana_vertical_boxes.php', '0', 11, 1, NULL),
(260, '', '2015-04-27 08:32:49', '2015-04-27 08:32:49', NULL, '0', 16, 1, NULL),
(261, '', '2015-04-27 08:33:49', '2015-04-27 08:34:00', '', '0', 26, 1, NULL),
(262, '', '2015-04-27 08:37:56', '2015-04-27 08:37:57', NULL, '1', 12, 1, NULL),
(263, '', '2015-04-27 08:39:43', '2015-04-27 08:39:43', NULL, '0', 12, 1, NULL),
(264, '', '2015-04-27 08:39:50', '2015-04-27 08:39:50', NULL, '0', 26, 1, NULL),
(265, '', '2015-04-27 10:42:05', '2015-04-27 10:42:05', NULL, '0', 1, 1, NULL),
(266, '', '2015-04-27 10:42:33', '2015-04-27 10:42:33', NULL, '0', 12, 1, NULL),
(267, '', '2015-04-27 10:44:01', '2015-04-27 10:44:01', NULL, '1', 12, 1, NULL),
(268, '', '2015-04-27 10:46:51', '2015-04-27 10:46:51', NULL, '0', 12, 1, NULL),
(269, '', '2015-04-27 10:48:36', '2015-04-27 10:48:36', NULL, '0', 1, 1, NULL),
(271, '', '2015-04-27 10:50:11', '2015-04-27 10:50:52', NULL, '0', 12, 1, NULL),
(272, '', '2015-04-27 10:50:39', '2015-04-27 10:50:39', NULL, '0', 27, 1, NULL),
(273, '', '2015-04-27 10:51:28', '2015-04-27 10:51:28', NULL, '0', 1, 1, NULL),
(274, '', '2015-04-27 10:51:58', '2015-04-27 10:53:38', NULL, '0', 12, 1, NULL),
(275, '', '2015-04-27 10:52:11', '2015-04-27 10:52:11', NULL, '0', 27, 1, NULL),
(276, '', '2015-04-27 10:52:18', '2015-04-27 10:52:18', NULL, '0', 26, 1, NULL),
(277, '', '2015-04-27 10:52:30', '2015-04-27 10:52:38', '', '0', 26, 1, NULL),
(278, '', '2015-04-27 10:55:21', '2015-04-27 10:55:21', NULL, '0', 26, 1, NULL),
(279, '', '2015-04-27 11:08:44', '2015-04-27 11:09:04', NULL, '0', 27, 1, NULL),
(280, '', '2015-04-27 11:09:19', '2015-04-27 11:09:19', NULL, '1', 1, 1, NULL),
(281, '', '2015-04-27 20:42:03', '2015-04-28 12:19:00', NULL, '0', 12, 1, NULL),
(282, '', '2015-04-28 12:19:43', '2015-04-28 12:19:52', '', '1', 27, 1, NULL);

-- --------------------------------------------------------

--
-- Structure de la table `BlockTypePermissionBlockTypeAccessList`
--

DROP TABLE IF EXISTS `BlockTypePermissionBlockTypeAccessList`;
CREATE TABLE `BlockTypePermissionBlockTypeAccessList` (
  `paID` int(10) unsigned NOT NULL DEFAULT '0',
  `peID` int(10) unsigned NOT NULL DEFAULT '0',
  `permission` varchar(1) COLLATE utf8_unicode_ci NOT NULL DEFAULT '1'
) ENGINE=InnoDB DEFAULT CHARSET=utf8 COLLATE=utf8_unicode_ci;

-- --------------------------------------------------------

--
-- Structure de la table `BlockTypePermissionBlockTypeAccessListCustom`
--

DROP TABLE IF EXISTS `BlockTypePermissionBlockTypeAccessListCustom`;
CREATE TABLE `BlockTypePermissionBlockTypeAccessListCustom` (
  `paID` int(10) unsigned NOT NULL DEFAULT '0',
  `peID` int(10) unsigned NOT NULL DEFAULT '0',
  `btID` int(10) unsigned NOT NULL DEFAULT '0'
) ENGINE=InnoDB DEFAULT CHARSET=utf8 COLLATE=utf8_unicode_ci;

-- --------------------------------------------------------

--
-- Structure de la table `BlockTypes`
--

DROP TABLE IF EXISTS `BlockTypes`;
CREATE TABLE `BlockTypes` (
  `btID` int(10) unsigned NOT NULL,
  `btHandle` varchar(128) COLLATE utf8_unicode_ci NOT NULL,
  `btName` varchar(128) COLLATE utf8_unicode_ci NOT NULL,
  `btDescription` text COLLATE utf8_unicode_ci,
  `btCopyWhenPropagate` tinyint(1) NOT NULL DEFAULT '0',
  `btIncludeAll` tinyint(1) NOT NULL DEFAULT '0',
  `btIsInternal` tinyint(1) NOT NULL DEFAULT '0',
  `btSupportsInlineAdd` tinyint(1) NOT NULL DEFAULT '0',
  `btSupportsInlineEdit` tinyint(1) NOT NULL DEFAULT '0',
  `btIgnorePageThemeGridFrameworkContainer` tinyint(1) NOT NULL DEFAULT '0',
  `btDisplayOrder` int(10) unsigned NOT NULL DEFAULT '0',
  `btInterfaceWidth` int(10) unsigned NOT NULL DEFAULT '400',
  `btInterfaceHeight` int(10) unsigned NOT NULL DEFAULT '400',
  `pkgID` int(10) unsigned NOT NULL DEFAULT '0'
) ENGINE=InnoDB AUTO_INCREMENT=42 DEFAULT CHARSET=utf8 COLLATE=utf8_unicode_ci;

--
-- Contenu de la table `BlockTypes`
--

INSERT INTO `BlockTypes` (`btID`, `btHandle`, `btName`, `btDescription`, `btCopyWhenPropagate`, `btIncludeAll`, `btIsInternal`, `btSupportsInlineAdd`, `btSupportsInlineEdit`, `btIgnorePageThemeGridFrameworkContainer`, `btDisplayOrder`, `btInterfaceWidth`, `btInterfaceHeight`, `pkgID`) VALUES
(1, 'core_area_layout', 'Area Layout', 'Proxy block for area layouts.', 0, 0, 1, 1, 1, 0, 0, 400, 400, 0),
(2, 'core_page_type_composer_control_output', 'Composer Control', 'Proxy block for blocks that need to be output through composer.', 0, 0, 1, 0, 0, 0, 0, 400, 400, 0),
(3, 'core_scrapbook_display', 'Scrapbook Display', 'Proxy block for blocks pasted through the scrapbook.', 0, 0, 1, 0, 0, 0, 0, 400, 400, 0),
(4, 'core_stack_display', 'Stack Display', 'Proxy block for stacks added through the UI.', 0, 0, 1, 0, 0, 0, 0, 400, 400, 0),
(5, 'core_conversation', 'Conversation', 'Displays conversations on a page.', 1, 0, 0, 0, 0, 0, 0, 400, 400, 0),
(6, 'dashboard_featured_addon', 'Dashboard Featured Add-On', 'Features an add-on from concrete5.org.', 0, 0, 1, 0, 0, 0, 0, 300, 100, 0),
(7, 'dashboard_featured_theme', 'Dashboard Featured Theme', 'Features a theme from concrete5.org.', 0, 0, 1, 0, 0, 0, 0, 300, 100, 0),
(8, 'dashboard_newsflow_latest', 'Dashboard Newsflow Latest', 'Grabs the latest newsflow data from concrete5.org.', 0, 0, 1, 0, 0, 0, 0, 400, 400, 0),
(9, 'dashboard_app_status', 'Dashboard App Status', 'Displays update and welcome back information on your dashboard.', 0, 0, 1, 0, 0, 0, 0, 400, 400, 0),
(10, 'dashboard_site_activity', 'Dashboard Site Activity', 'Displays a summary of website activity.', 0, 0, 1, 0, 0, 0, 0, 400, 400, 0),
(11, 'autonav', 'Auto-Nav', 'Creates navigation trees and sitemaps.', 0, 0, 0, 0, 0, 0, 0, 800, 350, 0),
(12, 'content', 'Content', 'HTML/WYSIWYG Editor Content.', 0, 0, 0, 1, 1, 0, 0, 600, 465, 0),
(13, 'date_navigation', 'Date Navigation', 'Displays a list of months to filter a page list by.', 0, 0, 0, 0, 0, 0, 0, 400, 450, 0),
(14, 'external_form', 'External Form', 'Include external forms in the filesystem and place them on pages.', 0, 0, 0, 0, 0, 0, 0, 370, 175, 0),
(15, 'file', 'File', 'Link to files stored in the asset library.', 0, 0, 0, 0, 0, 0, 0, 300, 320, 0),
(16, 'page_attribute_display', 'Page Attribute Display', 'Displays the value of a page attribute for the current page.', 0, 0, 0, 0, 0, 0, 0, 500, 365, 0),
(17, 'form', 'Form', 'Build simple forms and surveys.', 0, 0, 0, 0, 0, 0, 0, 420, 430, 0),
(18, 'page_title', 'Page Title', 'Displays a Page''s Title', 0, 0, 0, 0, 0, 0, 0, 400, 400, 0),
(19, 'feature', 'Feature', 'Displays an icon, a title, and a short paragraph description.', 0, 0, 0, 0, 0, 0, 0, 400, 520, 0),
(20, 'topic_list', 'Topic List', 'Displays a list of your site''s topics, allowing you to click on them to filter a page list.', 0, 0, 0, 0, 0, 0, 0, 400, 400, 0),
(21, 'social_links', 'Social Links', 'Allows users to add social icons to their website', 0, 0, 0, 0, 0, 0, 0, 400, 400, 0),
(22, 'testimonial', 'Testimonial', 'Displays a quote or paragraph next to biographical information and a person''s picture.', 0, 0, 0, 0, 0, 0, 0, 450, 560, 0),
(23, 'share_this_page', 'Share This Page', 'Allows users to share this page with social networks.', 0, 0, 0, 0, 0, 0, 0, 400, 400, 0),
(24, 'google_map', 'Google Map', 'Enter an address and a Google Map of that location will be placed in your page.', 0, 0, 0, 0, 0, 0, 0, 400, 320, 0),
(25, 'html', 'HTML', 'For adding HTML by hand.', 0, 0, 0, 0, 0, 1, 0, 600, 500, 0),
(26, 'horizontal_rule', 'Horizontal Rule', 'Adds a thin hairline horizontal divider to the page.', 0, 0, 0, 0, 0, 1, 0, 400, 400, 0),
(27, 'image', 'Image', 'Adds images and onstates from the library to pages.', 0, 0, 0, 0, 0, 0, 0, 400, 550, 0),
(28, 'faq', 'FAQ', 'Frequently Asked Questions Block', 0, 0, 0, 0, 0, 0, 0, 600, 465, 0),
(29, 'next_previous', 'Next & Previous Nav', 'Navigate through sibling pages.', 0, 0, 0, 0, 0, 0, 0, 430, 400, 0),
(30, 'page_list', 'Page List', 'List pages based on type, area.', 0, 0, 0, 0, 0, 0, 0, 800, 350, 0),
(31, 'rss_displayer', 'RSS Displayer', 'Fetch, parse and display the contents of an RSS or Atom feed.', 0, 0, 0, 0, 0, 0, 0, 400, 550, 0),
(32, 'search', 'Search', 'Add a search box to your site.', 0, 0, 0, 0, 0, 0, 0, 400, 420, 0),
(33, 'image_slider', 'Image Slider', 'Display your images and captions in an attractive slideshow format.', 0, 0, 0, 0, 0, 1, 0, 600, 465, 0),
(34, 'survey', 'Survey', 'Provide a simple survey, along with results in a pie chart format.', 0, 0, 0, 0, 0, 0, 0, 420, 400, 0),
(35, 'switch_language', 'Switch Language', 'Adds a front-end language switcher to your website.', 0, 0, 0, 0, 0, 0, 0, 500, 150, 0),
(36, 'tags', 'Tags', 'List pages based on type, area.', 0, 0, 0, 0, 0, 0, 0, 450, 439, 0),
(37, 'video', 'Video Player', 'Embeds uploaded video into a web page. Supports WebM, Ogg, and Quicktime/MPEG4 formats.', 0, 0, 0, 0, 0, 0, 0, 320, 270, 0),
(38, 'youtube', 'YouTube Video', 'Embeds a YouTube Video in your web page.', 0, 0, 0, 0, 0, 0, 0, 400, 430, 0),
(39, 'mylab_typer', 'Typer', 'Add a nice typer', 0, 0, 0, 0, 0, 0, 0, 600, 465, 1),
(40, 'easy_image_gallery', 'Easy Images Gallery', 'Display your images and captions in an attractive way.', 0, 0, 0, 1, 1, 0, 0, 600, 465, 2),
(41, 'easy_image_slider', 'Easy Images Slider', 'A OWL Carousel made easy for concrete5', 0, 0, 0, 1, 1, 0, 0, 600, 465, 3);

-- --------------------------------------------------------

--
-- Structure de la table `BlockTypeSetBlockTypes`
--

DROP TABLE IF EXISTS `BlockTypeSetBlockTypes`;
CREATE TABLE `BlockTypeSetBlockTypes` (
  `btID` int(10) unsigned NOT NULL DEFAULT '0',
  `btsID` int(10) unsigned NOT NULL DEFAULT '0',
  `displayOrder` int(10) unsigned NOT NULL DEFAULT '0'
) ENGINE=InnoDB DEFAULT CHARSET=utf8 COLLATE=utf8_unicode_ci;

--
-- Contenu de la table `BlockTypeSetBlockTypes`
--

INSERT INTO `BlockTypeSetBlockTypes` (`btID`, `btsID`, `displayOrder`) VALUES
(12, 1, 0),
(25, 1, 1),
(27, 1, 2),
(15, 1, 3),
(26, 1, 4),
(19, 1, 5),
(11, 2, 0),
(18, 2, 1),
(28, 2, 2),
(30, 2, 3),
(29, 2, 4),
(13, 2, 5),
(36, 2, 6),
(20, 2, 7),
(31, 2, 8),
(35, 2, 9),
(17, 3, 0),
(32, 3, 1),
(14, 3, 2),
(34, 4, 0),
(5, 4, 1),
(21, 4, 2),
(22, 4, 3),
(23, 4, 4),
(16, 5, 0),
(33, 5, 1),
(37, 5, 2),
(38, 5, 3),
(24, 5, 4),
(41, 5, 5),
(39, 6, 0);

-- --------------------------------------------------------

--
-- Structure de la table `BlockTypeSets`
--

DROP TABLE IF EXISTS `BlockTypeSets`;
CREATE TABLE `BlockTypeSets` (
  `btsID` int(10) unsigned NOT NULL,
  `btsName` varchar(255) COLLATE utf8_unicode_ci DEFAULT NULL,
  `btsHandle` varchar(255) COLLATE utf8_unicode_ci NOT NULL,
  `pkgID` int(10) unsigned NOT NULL DEFAULT '0',
  `btsDisplayOrder` int(10) unsigned NOT NULL DEFAULT '0'
) ENGINE=InnoDB AUTO_INCREMENT=7 DEFAULT CHARSET=utf8 COLLATE=utf8_unicode_ci;

--
-- Contenu de la table `BlockTypeSets`
--

INSERT INTO `BlockTypeSets` (`btsID`, `btsName`, `btsHandle`, `pkgID`, `btsDisplayOrder`) VALUES
(1, 'Basic', 'basic', 0, 0),
(2, 'Navigation', 'navigation', 0, 0),
(3, 'Forms', 'form', 0, 0),
(4, 'Social Networking', 'social', 0, 0),
(5, 'Multimedia', 'multimedia', 0, 0),
(6, 'Theme Vedana', 'theme_vedana', 1, 0);

-- --------------------------------------------------------

--
-- Structure de la table `btContentFile`
--

DROP TABLE IF EXISTS `btContentFile`;
CREATE TABLE `btContentFile` (
  `bID` int(10) unsigned NOT NULL,
  `fID` int(10) unsigned DEFAULT NULL,
  `fileLinkText` varchar(255) COLLATE utf8_unicode_ci DEFAULT NULL,
  `filePassword` varchar(255) COLLATE utf8_unicode_ci DEFAULT NULL,
  `forceDownload` tinyint(1) NOT NULL DEFAULT '0'
) ENGINE=InnoDB DEFAULT CHARSET=utf8 COLLATE=utf8_unicode_ci;

-- --------------------------------------------------------

--
-- Structure de la table `btContentImage`
--

DROP TABLE IF EXISTS `btContentImage`;
CREATE TABLE `btContentImage` (
  `bID` int(10) unsigned NOT NULL,
  `fID` int(10) unsigned DEFAULT '0',
  `fOnstateID` int(10) unsigned DEFAULT '0',
  `maxWidth` int(10) unsigned DEFAULT '0',
  `maxHeight` int(10) unsigned DEFAULT '0',
  `externalLink` varchar(255) COLLATE utf8_unicode_ci DEFAULT NULL,
  `internalLinkCID` int(10) unsigned DEFAULT '0',
  `altText` varchar(255) COLLATE utf8_unicode_ci DEFAULT NULL,
  `title` varchar(255) COLLATE utf8_unicode_ci DEFAULT NULL
) ENGINE=InnoDB DEFAULT CHARSET=utf8 COLLATE=utf8_unicode_ci;

--
-- Contenu de la table `btContentImage`
--

INSERT INTO `btContentImage` (`bID`, `fID`, `fOnstateID`, `maxWidth`, `maxHeight`, `externalLink`, `internalLinkCID`, `altText`, `title`) VALUES
(14, 1, 0, 0, 0, '', 0, '', ''),
(64, 16, 0, 0, 0, '', 0, '', ''),
(87, 17, 0, 0, 0, '', 0, '', ''),
(97, 18, 0, 0, 0, '', 0, '', ''),
(128, 21, 0, 0, 0, '', 0, '', ''),
(151, 35, 0, 0, 0, '', 0, '', ''),
(211, 33, 0, 400, 0, '', 0, '', ''),
(214, 32, 0, 400, 0, '', 0, '', ''),
(218, 31, 0, 400, 0, '', 0, '', ''),
(223, 38, 0, 0, 0, '', 0, '', ''),
(272, 40, 0, 0, 0, '', 0, '', ''),
(275, 39, 0, 0, 0, '', 0, '', ''),
(279, 41, 0, 300, 0, '', 0, '', ''),
(282, 41, 0, 0, 0, '', 0, '', '');

-- --------------------------------------------------------

--
-- Structure de la table `btContentLocal`
--

DROP TABLE IF EXISTS `btContentLocal`;
CREATE TABLE `btContentLocal` (
  `bID` int(10) unsigned NOT NULL,
  `content` longtext COLLATE utf8_unicode_ci
) ENGINE=InnoDB DEFAULT CHARSET=utf8 COLLATE=utf8_unicode_ci;

--
-- Contenu de la table `btContentLocal`
--

INSERT INTO `btContentLocal` (`bID`, `content`) VALUES
(1, '<div style="padding: 40px; text-align: center"> <iframe width="853" height="480" src="//www.youtube.com/embed/VB-R71zk06U" frameborder="0" allowfullscreen></iframe>                                     </div>'),
(11, ''),
(15, '<h2 style="text-align: center;">I build great addons and theme for Concrete5</h2>'),
(17, '<h2>Last Addons</h2>'),
(59, ''),
(65, '<h1>Easy <strong>image</strong> Gallery</h1><hr id="horizontalrule"><p>A gallery developed&nbsp;for easy image management</p>'),
(66, '<h3>A gallery with all default settings</h3><p>Displaying photos as a grid with 4 columns and a simple Lightbox</p>'),
(71, '<h2>A Gallery with <strong>Masonery</strong> template and <strong>Intense</strong> Lightbox</h2>'),
(73, '<h2>A Gallery with <strong>Masonery</strong> template and <strong>Intense</strong> Lightbox</h2><p>  	In this example, the template masonery work to display image in a perfect grid. To do that the gallery add a specific class for vertical and horizontal image. With CSS these image are set with a fixed height :</p>  <pre>	.img-wrap.vertical   { height:400px; } .img-wrap.horizontal { height:200px; }  </pre><p>  	So the height of vertical image are double of theight of horizontal one. You will need to change these value perhaps for some configuration</p>'),
(74, '<h2>A Gallery with <strong>Masonery</strong> template and <strong>Intense</strong> Lightbox</h2><p>  	  	In this example, the template masonery work to display image in a perfect grid. To do that the gallery add a specific class for vertical and horizontal image. With CSS these image are set with a fixed height :</p>  <pre>.img-wrap.vertical     { height:400px; } .img-wrap.horizontal { height:200px; }  </pre><p>  	  	So the height of vertical image are double of theight of horizontal one. You will need to change these value perhaps for some configuration</p>'),
(76, '<h1>Addons</h1>'),
(79, '<h1 style="text-align: center;">I build <strong>great things</strong>&nbsp;for Concrete5</h1>'),
(80, '<h6 style="text-align: center;">Here is&nbsp;the new version of&nbsp;<a href="http://myconcretelab.com/" data-concrete5-link-type="image">Myconcretelab</a>. I need some times to re-build with new addons.&nbsp;</h6><p style="text-align: center;">I&nbsp;beg your indulgence and a little more patience.</p><p style="text-align: center;">Sebastien J.</p>'),
(82, '<h2>Last <strong>Addons</strong></h2>'),
(85, '<p>&nbsp;</p>  <h1 style="text-align: center;">I build <strong>great things</strong>&nbsp;for Concrete5</h1>'),
(86, '<h1>Vedana</h1><hr id="horizontalrule">  <p>A <strong>perfectly crafted</strong> template that use all the power of concret5.7</p>'),
(88, '<h2>Complete, modern, responsive <strong>theme</strong> for Concrete5.7</h2><p>Vedana is a complete theme, very modern and adapting gracefully to all screens. It has been designed and coded with great care for all and especially for details. Each element of this theme has&nbsp;been created with love and attention.</p><p>Its ease of use thanks, among other things, its super optimized color management, you will create your site quickly and especially with great pleasure. </p><p>His numerous presets allow you to have a base of departure and elegant for your business or your client. </p><p>Great care was also given to the many visual features that make navigation fun and happy. </p><p>Smart strucure of pages allow you to create an infinite number of layout with ease thanks to its exhaustive documentation. </p><p>Vedana is the result of know-how experienced a designer present in Concrete5 since the beginning. </p><h3>Super Feature included :</h3><ul> <li>Video From youtube <a href="http://vedana.myconcretelab.com/layouts-examples/portfolio/video-work">on full header</a></li><li>A <a href="http://vedana.myconcretelab.com/">super slideshow</a> for your work (click on the "Last Ambitious Work" items)</li><li>Super Animation on page-scroll</li><li>A Block that write sentences for your client (on Home page Too)</li><li>A <a href="http://vedana.myconcretelab.com/layouts-examples/photographer">full Header Image</a> to turn your page into something really modern</li><li><a href="http://vedana.myconcretelab.com/color-schemes">4 Super Themes preset</a></li><li>A Stunning mobile experience and Navigation</li><li>More and more !</li></ul><h3>If you like numbers, Vedana is: </h3><ul> <li>Over 18 custom templates across 9 blocks. </li><li>More than 30 personalized classes spread over 11 blocks. </li><li>4 preset themes personalizing the color scheme and fonts. </li><li>..</li></ul>'),
(89, '<p><span class="outline-button primary"><a href="http://www.concrete5.org/marketplace/themes/vedana/" data-concrete5-link-type="image">Buy on Concrete5</a><br></span></p>'),
(91, '<p>  	<a href="http://www.concrete5.org/marketplace/themes/vedana/" data-concrete5-link-type="image" class="outline-button primary">Buy on Concrete5</a></p><p>  	<a href="http://vedana.myconcretelab.com/" data-concrete5-link-type="image" class="outline-button secondary">Demo Site</a></p>'),
(92, '<h2>Last <strong>Themes</strong></h2>'),
(96, '<h6 style="text-align: center;">Here is&nbsp;the new version of&nbsp;<a href="http://myconcretelab.com/" data-concrete5-link-type="image">Myconcretelab</a>. <br>I need some times to re-build with <strong>new addons and themes</strong> compatible with the <strong>new&nbsp;Concrete5.7</strong>.&nbsp;</h6><p style="text-align: center;">I&nbsp;beg your indulgence and a little more patience.</p><p style="text-align: center;">Sebastien J.</p>'),
(98, '<h1>Anitya</h1><hr id="horizontalrule">    <p>Anitya responsive suit, <strong>perfectly crafted design</strong> for any kind of website.</p>'),
(99, '<p>  	<a href="http://www.concrete5.org/marketplace/themes/anitya/" data-concrete5-link-type="image" class="outline-button primary">Buy on Concrete5</a></p><p>  	<a href="http://anitya.myconcretelab.com/" data-concrete5-link-type="image" class="outline-button secondary">Demo Site</a></p>'),
(100, '<h2>Anitya is a complete theme, <strong>very modern and adapting gracefully to all screens</strong>.&nbsp;</h2><p>It has been designed and coded with great care for all and especially for details. Each element of this theme has been created with love and attention. </p><p>Its ease of use thanks, among other things, its super optimized color management, you will create your site quickly and especially with great pleasure. </p><p>His numerous presets allow you to have a base of departure and elegant for your business or your client. </p><p>Great care was also given to the many visual features that make navigation fun and happy. </p><p>Smart strucure of pages allow you to create an infinite number of layout with ease thanks to its exhaustive documentation. </p><p>Anitya is the result of know-how experienced a designer present in Concrete5 since the beginning. </p><p><strong>If you like numbers, Anitya is: </strong></p><ul> <li>Over 18 custom templates across 9 blocks. </li><li>More than 30 personalized classes spread over 6 blocks. </li><li>5 preset themes personalizing the color scheme and fonts. </li><li>..</li></ul>'),
(107, '<h2>A Gallery with <strong>Masonery</strong> template and <strong>Intense</strong> Lightbox</h2>'),
(114, '<ul>  	  <li>Fully responsive grid and popup</li>	  <li>Lazy Load Feature</li>	  <li>Powerful filtering</li>	  <li>Searching system</li>	  <li>Auto cuts the height of the thumbnails with CSS techniques (with basic template)</li>	  <li>Full width, the grid will adapt to the 100% of its container.</li>	  <li>You can specify a special number of columns for a image</li>	  <li>CSS3 Effects and GPU acceleration</li>	  <li><strong>Easy implementation</strong></li>	  <li>Compatible with Twitter Bootstrap</li>	  <li>Deactivate and Activate Features through edit.</li>	  <li>Fully customizable and adaptable to your needs</li></ul>'),
(116, '<h2>A gallery with <strong>Basic</strong> template</h2><p>On this template, all images is cropped to create uniformity.</p>'),
(118, '<h3>A gallery with all default settings</h3><p>Displaying photos as a grid with 4 columns and a simple Lightbox.</p><p>Natively, this template use a masonry layout mode to display thumbnails. It provide tags filtering and text filtering (both&nbsp;in option). All images is lazy loading : a&nbsp;very light grey image is firstly displayed then replaced by a retina thumbnail image.</p>'),
(119, '<ul>  	    <li>Fully responsive grid and popup</li><li>Masonry layout mode on certain template</li>	    <li>Lazy Load Feature</li>	    <li>Powerful filtering</li>	    <li>Searching system</li>	    <li>Auto cuts the height of the thumbnails with CSS techniques (with basic template)</li>	    <li>Full width, the grid will adapt to the 100% of its container.</li>	    <li>You can specify a special number of columns for a image</li><li>Display a personal date forma in option</li>	    <li>CSS3 Effects and GPU acceleration</li>	    <li><strong>Easy implementation</strong></li>	    <li>Compatible with Twitter Bootstrap</li>	    <li>Deactivate and Activate Features through edit.</li>	    <li>Fully customizable and adaptable to your needs</li></ul>'),
(121, '<h2>A Gallery with <strong>Masonry</strong> template and <strong>Intense</strong> Lightbox</h2><p>On this template, the hover color background and text is customizable to your need. Filtering are enabled.</p>'),
(122, '<h2>A Gallery with <strong>Masonry</strong> template and <strong>Intense</strong> Lightbox</h2><p>On this template, the hover background&nbsp;color, opacity&nbsp;and text color is customizable to your need. Filtering are enabled.</p>'),
(125, ''),
(126, '<h1>Easy <strong>image</strong> Gallery</h1><hr id="horizontalrule"><p>  	A gallery developed&nbsp;for easy image management</p><p>  	<a href="{CCM:CID_164}" data-concrete5-link-type="ajax" class="btn btn-primary btn-lg"><span>Documentation</span></a></p>'),
(127, '<h2>Easy Image Gallery <strong>Documentation</strong></h2>'),
(129, '<h1>Easy <strong>image</strong> slider</h1><hr id="horizontalrule">  <p>  	A Slider developed&nbsp;for easy image management</p>'),
(139, '<h3>A carousel with all default settings</h3><p>Displaying photos as a grid with 4 columns and a simple Lightbox.</p><p>Natively, this template use a masonry layout mode to display thumbnails. It provide tags filtering and text filtering (both&nbsp;in option). All images is lazy loading : a&nbsp;very light grey image is firstly displayed then replaced by a retina thumbnail image.</p>'),
(143, '<ul>  	      <li>Fully responsive</li>	      <li>Lazy Load Feature</li>	      <li>Full width, the grid will adapt to the 100% of its container.</li>	      <li>CSS3 Effects and GPU acceleration</li>	      <li><strong>Easy implementation</strong></li>	      <li>Compatible with Twitter Bootstrap</li>	      <li>Deactivate and Activate Features through edit.</li>	      <li>Fully customizable and adaptable to your needs</li></ul>'),
(145, '<ul>  	        <li><strong>Easy implementation</strong></li><li><strong>Concrete5&nbsp;Composer Ready</strong></li><li><strong>1 slide or Carousel mode</strong></li><li>Fully responsive</li>	        <li>CSS3 Effects and GPU acceleration</li>	        <li>Compatible with Twitter Bootstrap</li><li>Cool effects with color variations</li>	        <li>Deactivate and Activate Features through edit.</li>	        <li>Fully customizable and adaptable to your needs</li></ul>'),
(147, '<h4>Editing Screenshots</h4>'),
(149, '<h2>Easy&nbsp;<strong>Slider</strong> &amp; <strong>Carousel</strong></h2><hr id="horizontalrule">          <p>  	A&nbsp;Touch enabled&nbsp;Carousel&nbsp;that lets you create beautiful responsive carousel slider.&nbsp;<br>Made with<a href="http://owlgraphic.com/owlcarousel/index.html" data-concrete5-link-type="image"> OWL slider</a> jQuery Plugin</p>'),
(150, '<p><img src="http://owlgraphic.com/owlcarousel/assets/img/owl-logo.png" style="font-size: 1.3rem;"></p>'),
(155, '<h4>Features</h4><ul><li><strong>Easy implementation</strong></li><li><strong>Concrete5&nbsp;Composer Ready</strong></li><li><strong>1 slide or Carousel mode</strong></li><li>Fully responsive</li><li>2&nbsp;Lightboxes or images links</li>	            <li>CSS3 Effects and GPU acceleration</li>	            <li>Compatible with Twitter Bootstrap</li><li>Cool effects with color variations</li>	            <li>Deactivate and Activate Features through edit.</li>	            <li>Fully customizable and adaptable to your needs</li></ul>'),
(156, '<h2>More demos</h2>'),
(157, '<h2>Demo</h2>'),
(176, ''),
(178, '<h2><strong>Full</strong> Width</h2><p>The gallery can be added to a full width Area. This is only possible if your theme contains full width areas.</p><h5>Settings for this example :</h5><hr><p><span class="code">items</span> : 5</p><p><span class="code">margin</span> : 10</p>'),
(179, '<p>  	<a href="{CCM:CID_165}" data-concrete5-link-type="ajax"><i class="fa fa-long-arrow-left"></i>&nbsp;Back to Easy Slider</a>  </p><h2><strong>Full</strong> Width</h2><p>  	The gallery can be added to a full width Area. This is only possible if your theme contains full width areas.  </p><h5>Settings for this example :</h5><hr>    <p>  	<span class="code">items</span> : 5  </p><p>  	<span class="code">margin</span> : 10  </p>'),
(182, '<h3>More Examples</h3>'),
(186, '<p>  	<a href="{CCM:CID_165}" data-concrete5-link-type="ajax"><i class="fa fa-long-arrow-left"></i>&nbsp;Back to Easy Slider</a></p><h2><strong>Responsive&nbsp;</strong>Full Width with color Transitions</h2><p>  	  	The gallery have been added to a full width Area. Colors have bee set on each image and the option "<strong>Color Transitions</strong>" have been activated. The result is a gallery where the background change to the color of each image. If no color is set on a image, the gallery take the global color BG set in options.</p><p>  	The interest of "<strong>Responsive Container</strong>" is only if you want to have a full with colored&nbsp;&nbsp;gallery but where images have same witdh as your page content. The responsive container respect Bootstrap responsive&nbsp;widths.</p><h5>Settings for this example :</h5><hr><p>  	<span class="code">items</span> : 1</p><p>  	<span class="code">Color Transitions</span>&nbsp;: ON</p><p><span class="code">Responsive Container</span> : ON</p>'),
(188, '<p>  	<a href="{CCM:CID_165}" data-concrete5-link-type="ajax"><i class="fa fa-long-arrow-left"></i>&nbsp;Back to Easy Slider</a></p><h2><strong>Responsive&nbsp;</strong>Full Width with color Transitions</h2><p>  	  	The gallery have been added to a full width Area. Colors have bee set on each image and the option "<strong>Color Transitions</strong>" have been activated. The result is a gallery where the background change to the color of each image. If no color is set on a image, the gallery take the global color BG set in options.</p><p>  	The interest of "<strong>Responsive Container</strong>" is only if you want to have a full with colored&nbsp;&nbsp;gallery but where images have same witdh as your page content. The responsive container respect Bootstrap responsive&nbsp;widths.</p><h5>Settings for this example :</h5><hr>    <p>  	<span class="code">items</span> : 1</p><p>  	<span class="code">Color Transitions</span>&nbsp;: ON</p><p><span class="code">Responsive Container</span> : ON</p><h5>Custom template :&nbsp;</h5><p><strong>One Slide</strong> : This custom template is used here only for the caption position and size that is optimized for 1 item.</p>'),
(190, '<p>  	<a href="{CCM:CID_165}" data-concrete5-link-type="ajax"><i class="fa fa-long-arrow-left"></i>&nbsp;Back to Easy Slider</a></p><h2><strong>Responsive&nbsp;</strong>Full Width with color Transitions</h2><p>  	  	The gallery have been added to a full width Area. Colors have bee set on each image and the option "<strong>Color Transitions</strong>" have been activated. The result is a gallery where the background change to the color of each image. If no color is set on a image, the gallery take the global color BG set in options.</p><p>  	The interest of "<strong>Responsive Container</strong>" is only if you want to have a full with colored&nbsp;&nbsp;gallery but where images have same witdh as your page content. The responsive container respect Bootstrap responsive&nbsp;widths.</p><h5>Settings for this example :</h5><hr>      <p>  	<span class="code">items</span> : 1</p><p>  	<span class="code">Color Transitions</span>&nbsp;: ON</p><p><span class="code">Responsive Container</span> : ON</p><p><span class="code">Loop</span> : ON</p><h5>Custom template :&nbsp;</h5><p><strong>One Slide</strong> : This custom template is used here only for the caption position and size that is optimized for 1 item.</p>'),
(192, '<p>  	<a href="{CCM:CID_165}" data-concrete5-link-type="ajax"><i class="fa fa-long-arrow-left"></i>&nbsp;Back to Easy Slider</a></p><h2><strong>Responsive&nbsp;</strong>Full Width with color Transitions</h2><p>  	  	The gallery have been added to a full width Area. Colors have bee set on each image and the option "<strong>Color Transitions</strong>" have been activated. The result is a gallery where the background change to the color of each image. If no color is set on a image, the gallery take the global color BG set in options.</p><p>  	The interest of "<strong>Responsive Container</strong>" is only if you want to have a full with colored&nbsp;&nbsp;gallery but where images have same witdh as your page content. The responsive container respect Bootstrap responsive&nbsp;widths.</p><h5>Settings for this example :</h5><hr>        <p>  	<span class="code">items</span> : 1</p><p>  	<span class="code">Color Transitions</span>&nbsp;: ON</p><p><span class="code">Responsive Container</span> : ON</p><p><span class="code">Navigation</span> : ON</p><p><span class="code">Loop</span> : ON</p><p><span class="code">Custom Next/prev text</span> from here :&nbsp;http://fontawesome.io/icon/hand-o-left/</p><h5>Custom template :&nbsp;</h5><p><strong>One Slide</strong> : This custom template is used here only for the caption position and size that is optimized for 1 item.</p>'),
(194, '<p>  	<a href="{CCM:CID_165}" data-concrete5-link-type="ajax"><i class="fa fa-long-arrow-left"></i>&nbsp;Back to Easy Slider</a></p><h2><strong>Responsive&nbsp;</strong>Full Width with color Transitions</h2><p>  	  	The gallery have been added to a full width Area. Colors have bee set on each image and the option "<strong>Color Transitions</strong>" have been activated. The result is a gallery where the background change to the color of each image. If no color is set on a image, the gallery take the global color BG set in options.</p><p>  	The interest of "<strong>Responsive Container</strong>" is only if you want to have a full with colored&nbsp;&nbsp;gallery but where images have same witdh as your page content. The responsive container respect Bootstrap responsive&nbsp;widths.</p><h5>Settings for this example :</h5><hr>          <p>  	<span class="code">items</span> : 1</p><p>  	<span class="code">Color Transitions</span>&nbsp;: ON</p><p><span class="code">Responsive Container</span> : ON</p><p><span class="code">Navigation</span> : ON</p><p><span class="code">Dots</span> : NO</p><p><span class="code">Loop</span> : ON</p><p><span class="code">Custom Next/prev text</span> from here :&nbsp;<a href="http://fontawesome.io/icon/hand-o-left/">http://fontawesome.io/icon/hand-o-left/</a></p><h5>Custom template :&nbsp;</h5><p><strong>One Slide</strong> : This custom template is used here only for the caption position and size that is optimized for 1 item.</p>'),
(196, '<p>  	<a href="{CCM:CID_165}" data-concrete5-link-type="ajax"><i class="fa fa-long-arrow-left"></i>&nbsp;Back to Easy Slider</a></p><h2><strong>Responsive&nbsp;</strong>Full Width with color Transitions</h2><p>It is possible let items outside visible. It add some cool effect no ?</p><h5>Settings for this example :</h5><hr>              <p>  	<span class="code">items</span> : 1</p><p><span class="code">Responsive Container</span> : ON</p><p><span class="code">Show Items outside</span> : ON</p><p><span class="code">Show Description</span> : ON</p><h5>Custom template :&nbsp;</h5><p><strong>One Slide</strong> : This custom template is used here only for the caption position and size that is optimized for 1 item.</p>'),
(198, '<p>  	<a href="{CCM:CID_165}" data-concrete5-link-type="ajax"><i class="fa fa-long-arrow-left"></i>&nbsp;Back to Easy Slider</a></p><h2><strong>Responsive&nbsp;</strong>Full Width with color Transitions</h2><p>It is possible let items outside visible. This setting is pretty cool on wide screens but not really sexy on smaller screens.</p><h5>Settings for this example :</h5><hr>                <p>  	<span class="code">items</span> : 1</p><p><span class="code">Responsive Container</span> : ON</p><p><span class="code">Show Items outside</span> : ON</p><p><span class="code">Show Description</span> : ON</p><h5>Custom template :&nbsp;</h5><p><strong>One Slide</strong> : This custom template is used here only for the caption position and size that is optimized for 1 item.</p>'),
(200, '<p>  	<a href="{CCM:CID_165}" data-concrete5-link-type="ajax"><i class="fa fa-long-arrow-left"></i>&nbsp;Back to Easy Slider</a></p><h2><strong>Lazy load </strong>with placeholder</h2><p>Only images visible are loaded, great for large galleries</p><h5>Settings for this example :</h5><hr>                  <p>  	<span class="code">items</span> : 4</p><p><span class="code">Responsive Container</span> : ON</p><p><span class="code">Lazy Load</span>&nbsp;: ON</p><p><span class="code">Show Description</span> : ON</p><h5>Custom template :&nbsp;</h5><p><strong>None</strong></p>'),
(206, '<h4>Features</h4><ul>  <li><strong>Easy implementation</strong></li><li><strong>Concrete5&nbsp;Composer Ready</strong></li><li><strong>1 slide or Carousel mode</strong></li><li><strong>Inline editing (no dashboard pages or popup)</strong></li><li>Fully responsive</li><li>2&nbsp;Lightboxes or images links</li>	              <li>CSS3 Effects and GPU acceleration</li>	              <li>Compatible with Twitter Bootstrap</li><li>Cool effects with color variations</li>	              <li>Deactivate and Activate Features through edit.</li>	              <li>Fully customizable and adaptable to your needs</li></ul>'),
(209, '<h2>Documentation</h2>'),
(212, '<p><strong>General Settings</strong></p><p><span class="code">Items to show</span>: Number of item visible. Set to 1 to have a slider</p><p><span class="code">margin between items </span>: Only used when more than 1 item</p><p><span class="code">Slide Speed</span>: in milliseconds (1000ms for 1s)</p><p><span class="code">Auto Play</span> : Check to enable and set a interval in milliseconds</p><p><span class="code">Info Box on Hover</span> :&nbsp;The color of the&nbsp;square with title and description on the main template. This setting is&nbsp;override&nbsp;if&nbsp;a color is set on a image (see bellow)</p><p><span class="code">Gallery Background Color</span> : Set the background color of the gallery (transparent by default).&nbsp;This settings is overrided by items colors, when it is in first place, if <span class="code">color transitions</span> is enabled</p><p><span class="code">Color Transitions</span> :&nbsp;Enable if you want cool colors transitions of the gallery background color.</p>'),
(216, '<p><strong>Lightbox settings</strong></p><p><span class="code">Lightbox</span> : Choose a light box. 2 Lightbox are present for now :&nbsp;<a href="http://fancyapps.com/fancybox/" data-concrete5-link-type="image">Fancybox</a> or The&nbsp;<a href="http://tholman.com/intense-images/" data-concrete5-link-type="image">Intense</a> Gallery</p><p><span class="code">Lightbox overlay color</span> : The color of the overlay. Light&nbsp;Grey by default</p><p><span class="code">Lightbox overlay opacity</span> (from 0 to 1) : The opacity of the bg above.</p><p><span class="code">Display Title in Lightbox</span></p><p><span class="code">Display Description in Lightbox</span> :&nbsp;Only with Intense Gallery</p>'),
(222, '<p><strong>Advanced settings</strong></p><p><span class="code">Dots Navigation</span> : Enable / Disable dots pagination. Every dots represent a set of items.</p><p><span class="code">Navigation + Navigation text</span> : Enable the item per item navigation + Text on each (html like icon from&nbsp;<a href="http://fontawesome.io/icons/" data-concrete5-link-type="image">fontawesome</a> are accepted)</p><p><span class="code">Loop Navigation</span> : If the slide is on the last slide and we click on ''next'' it rewind the slide.</p><p><span class="code">Responsive Container</span> :&nbsp;This setting is only used when the block is placed on a full width Area (in your theme). In this case you can activate this option to have the gallery container (with the colored background) that take full width and the content (images) that are constrained in a&nbsp;responsive container based on bootstrap container widths.</p>'),
(224, '<h3>Image edition</h3>'),
(227, '<h1>Awesome templates</h1>'),
(228, '<h3>Anitya is a complete theme, <strong>very modern and adapting gracefully to all screens</strong>.&nbsp;</h3><p>It has been designed and coded with great care for all and especially for details. Each element of this theme has been created with love and attention. </p><p>Its ease of use thanks, among other things, its super optimized color management, you will create your site quickly and especially with great pleasure. </p><p>His numerous presets allow you to have a base of departure and elegant for your business or your client. </p><p>Great care was also given to the many visual features that make navigation fun and happy. </p><p>Smart strucure of pages allow you to create an infinite number of layout with ease thanks to its exhaustive documentation. </p><p>Anitya is the result of know-how experienced a designer present in Concrete5 since the beginning. </p><h3>Documentation</h3><p>Anitya is the easier theme from MyconcreteLab to work with, thanks to all new features in concrete5.7 that take care of tons of design management. In this case tons of answers can be found in the official documentation from Concrete5.org</p><p>In this section i explain things that is specific to Anitya, his structure, classes, attributes,.. but nothing about installation, customization, .. where concrete5.org are deeply, substantially, more effective than me.</p><p>In any way, I''m listening to all your questions, problems or bugs you encounter when using this theme. To do this, simply create a support ticket via the theme page on concrete5.</p><p>Thank you.</p>'),
(229, '<h6>Documentation</h6>'),
(246, ''),
(257, ''),
(258, '<h6>Documentation</h6>'),
(262, '<h2>Custom classes for blocks</h2><hr id="horizontalrule"><p>  	<span class="lead">Concrete5.7 introduce Custom classe for blocks and Area.&nbsp;Generally its a good idea to have your theme control CSS for consistency sake, but the Design command can be handy in a pinch if you just need to add some padding to a content block or throw a background color up quickly. To know how apply classes&nbsp;</span><a href="http://www.concrete5.org/documentation/using-concrete5-7/in-page-editing/block-areas/design/" data-concrete5-link-type="image"><span class="lead">visit this page</span></a></p><h4>Page List:</h4><p>  	<span class="code">sidebar-wrapped</span> added margins for display fitted into a sidebar.</p><h4>Content: </h4><p>  	<span class="code">sidebar-wrapped</span> added margins for display fitted into a sidebar.</p><p>  	<span class="code">white-block</span>, <span class="code">primary-block</span>,<span class="code"> secondary-block</span>, <span class="code">tertiary-block</span>, <span class="code">quaternary-block</span>: Adds internal margin as well as background color.</p><h4>horizontal Rule</h4><p>  	<span class="code">space-s</span>, <span class="code">space-m</span> , <span class="code">space-l</span>,&nbsp;<span class="code">space-xl</span>: Adds an area without line. <strong>This is the best way to manage space in Anitya</strong></p><p>  	<span class="code">thin</span>: adds a fine line</p><p>  	<span class="code">primary</span>, <span class="code">secondary</span>, <span class="code">tertiary</span>, <span class="code">quaternary</span> adds a colorful thick line</p><h4>topic List</h4><p>  	<span class="code">sidebar-wrapped</span> added margins for display fitted into a sidebar.</p><h4>Autonav</h4><p>  	<span><span class="code">sidebar-wrapped</span></span> added margins for display fitted into a sidebar.</p><p>  	<span class="code">small-text-size</span> reduces the text size. In some places, its more elegant.</p><h4>testimonial</h4><p>  	<span class="code">primary</span>, <span class="code">secondary</span>, <span class="code">tertiary</span>, <span class="code">quaternary</span>, <span class="code">white</span>: The class change the color of the box as well as the text. Convenient to adjust the colors on different background colors.</p>'),
(263, '<h2>Custom templates for blocks</h2><hr><p>  	<span class="lead">Custom templates change the look and feel of a block. If you''re new on this&nbsp;<a href="http://www.concrete5.org/documentation/using-concrete5-7/in-page-editing/block-areas/custom-templates/" data-concrete5-link-type="image">check this</a>.&nbsp;</span></p><h4>Autonav</h4><p>  	<strong>Anitya Breadcrumb</strong></p><p>  	  	 Displays a Breadcrumb responsive. It can be displayed as well as anywhere perfectly adapts to the size of the container.</p><p>  	<strong>Anitya Header</strong></p><p>  	  	Used for display navigation in the main navigation at the top of the site.</p><p>  	<strong>Anitya Horizontal boxes</strong></p><p>  	  	Displays a nice horizontal navigation block. Adapted especially for the Area "Sub header»</p><p>  	<strong>Anitya Responsive Full Screen</strong></p><p>  	  	This template is only used for navigation on mobile. There is an Area "Responsive Navigation" reserved for him at the top of each page.</p><p>  	<strong>Anitya Vertical Boxes</strong></p><p>  	  	Same as horizontal boxes but this time vertically, surprising right?</p><h4>Feature</h4><p>  	<strong>  	Anitya Long Shadow Box</strong></p><p>  	This template will display the icon in a square the size of its container. It is suitable in structure to three or four columns.</p><p>  	<strong>  	Anitya Long Shadow Box Flip</strong></p><p>  	Same as the previous QUF that the text is in front of the icon with a nice effect Flip</p><p>  	<strong>  	Anitya Long Shadow</strong></p><p>  	Another way to show your icon</p><p>  	<strong>  	Anitya Tiny Box Long Shadow</strong></p><p>  	was created to feature vertically stacked. She appeared with a Flip effect on the page.</p><h4>Image</h4><p>  	<strong>  	Anitya Header</strong></p><p>  	Was designed to help you manage the image of the top banner with a picture block rather than attribute ''thumbnail. The height of the image will be removed from the "maximum height adjustment of picture box. More in category structure.</p><h4>Next Previous</h4><p>  	<strong>  	Anitya Blog</strong></p><p>  	Allows you to display the buttons in the style of Anita.</p><h4>Page List</h4><p>  	<strong>  	Anitya Date event</strong></p><p>  	designed for calendars where the text is important.</p><p>  	<strong>  	Anitya Date Based Image</strong></p><p>  	designed for calendars where the image is important.</p><p>  	<strong>  	Based anitya Image</strong></p><p>  	designed for portfolio, where image is important.</p><p>  	<strong>  	Based anitya Text</strong></p><p>  	Was designed to display news, blog, any page where the text is more important than the image.</p><h4>  	Share This Page</h4><p>  	<strong>  	Anitya Button</strong></p><p>  	Displays the buttons in the style of Anitya</p><h4>  	Social Links</h4><p>  	<strong>  	Big anitya</strong></p><p>  	Displays large icons</p><h4>  	testimonial</h4><p>  	<strong>  	Anitya Small Box</strong></p><p>  	Designed to display multiple block</p><p>  	<strong>  	Anitya Box</strong></p><p>  	Designed to highlight the most important evidence.</p><h4>  	FAQ  </h4><p>  	<strong>  	Anitya Accordion</strong></p><p>  	Display issues in an accordion.</p>'),
(266, '<p><img src="http://www.concrete5.org/files/4214/0993/3467/BlockArea_Design_01.png"></p>'),
(267, '<h2>Custom classes for blocks</h2><hr id="horizontalrule">  <p>  	<span class="lead">Concrete5.7 introduce Custom classe for blocks and Area.&nbsp;Generally its a good idea to have your theme control CSS for consistency sake, but the Design command can be handy in a pinch if you just need to add some padding to a content block or throw a background color up quickly. To know how apply classes&nbsp;</span><a href="http://www.concrete5.org/documentation/using-concrete5-7/in-page-editing/block-areas/design/" data-concrete5-link-type="image"><span class="lead">visit this page</span></a></p><p><img src="http://www.concrete5.org/files/8414/0993/3469/BlockArea_Design_08_Advanced.png"></p><p><a href="http://www.concrete5.org/documentation/using-concrete5-7/in-page-editing/block-areas/design/" data-concrete5-link-type="image"><span class="lead"></span></a></p><h4>Page List:</h4><p>  	<span class="code">sidebar-wrapped</span> added margins for display fitted into a sidebar.</p><h4>Content: </h4><p>  	<span class="code">sidebar-wrapped</span> added margins for display fitted into a sidebar.</p><p>  	<span class="code">white-block</span>, <span class="code">primary-block</span>,<span class="code"> secondary-block</span>, <span class="code">tertiary-block</span>, <span class="code">quaternary-block</span>: Adds internal margin as well as background color.</p><h4>horizontal Rule</h4><p>  	<span class="code">space-s</span>, <span class="code">space-m</span> , <span class="code">space-l</span>,&nbsp;<span class="code">space-xl</span>: Adds an area without line. <strong>This is the best way to manage space in Anitya</strong></p><p>  	<span class="code">thin</span>: adds a fine line</p><p>  	<span class="code">primary</span>, <span class="code">secondary</span>, <span class="code">tertiary</span>, <span class="code">quaternary</span> adds a colorful thick line</p><h4>topic List</h4><p>  	<span class="code">sidebar-wrapped</span> added margins for display fitted into a sidebar.</p><h4>Autonav</h4><p>  	<span><span class="code">sidebar-wrapped</span></span> added margins for display fitted into a sidebar.</p><p>  	<span class="code">small-text-size</span> reduces the text size. In some places, its more elegant.</p><h4>testimonial</h4><p>  	<span class="code">primary</span>, <span class="code">secondary</span>, <span class="code">tertiary</span>, <span class="code">quaternary</span>, <span class="code">white</span>: The class change the color of the box as well as the text. Convenient to adjust the colors on different background colors.</p>'),
(268, '<h2>Page framework in view mode</h2><hr><p>Here a graphic that show different part of a page on Anitya. This show full page-type, Left-sidebar and right-sidebar have the only difference to have sidebar (wahou!)</p>'),
(271, '<p>  	<strong>Responsive Navigation</strong> is only made to be filled with a <span class="code">autonav</span> block with <span class="code">Anitya responsive full screen</span> template.  </p><p>  	<strong>Header Image</strong> can be filled with&nbsp;  </p><ul>  	  <li>the attribute <span class="code">Thumbnail</span></li>  	  <li>a <span class="code">image block</span>.&nbsp;In this case, use&nbsp;the Anitya Header Custom&nbsp;template. Check also on the Image block edit panel "Constrain Image Size" and set a height that will be the height of the header.</li>  	  <li>a image from theme customization section&nbsp;</li>  	  <li>with a block like <span class="code">image-slider</span></li>  </ul><p>  	<strong>Header Content</strong> is a Area that is animated with a nice slide during the page scroll.  </p><p>  	Multiple <strong>Main</strong> Area :<br>  	Thanks to a attribute&nbsp;<span class="code">anitya_number_of_main_areas</span> you can multiply the main area how many you need. this is really useful when you want to create a very long page with different section and background on each.  </p><p>  	<strong>Page&nbsp;Heade</strong>r, <strong>Sub Header</strong> and&nbsp;<strong>Footer</strong> are hidded if doesn''t content any blocks.  </p>'),
(274, '<h3></h3><h5>Page Framework in edit mode</h5><p>The page structure is substantially different in edit mode, allowing  greater ease of editing elements overlapping. It may seem a bit  confusing at first but logic is quickly perceived.</p><p>Since only two Area are displayed differently, I show here that the latter.</p><p>The only major difference is that the happy Header is below the Header Image instead of above.</p>'),
(281, '<p>Anitya allows you to use the upper part of the site in several ways, allowing you to be creative and give you the tools to find the design that looks best to your need.<br> Both tools are image and video to create a fully adjustable height and content to enrich it. This content will slide to scroll an attractive way.</p><h4> For the image you have differents ways:</h4><ol>    <li> The option in the design customization to choose a background pattern</li><li> The "Thumbnail" attribute which, if it is completed, will be displayed on the background pattern.</li><li> An image block.</li><li> A Slider Carousel block or other ...</li></ol><h6><strong>1) background pattern</strong></h6><p><strong>Example :&nbsp;</strong></p><p><strong></strong><a href="http://anitya.myconcretelab.com/color-schemes/organic" data-concrete5-link-type="image"><strong>anitya.myconcretelab.com/color-schemes/organic</strong></a></p><p><a href="http://anitya.myconcretelab.com/blog" data-concrete5-link-type="image"><strong>anitya.myconcretelab.com/blog</strong></a></p><p><a href="http://anitya.myconcretelab.com/color-schemes/organic" data-concrete5-link-type="image"><strong></strong></a></p><p>Go to the gears icon on top-left of the page (Page-settings)&nbsp; &gt; Design &gt; clic unders the theme thumbnail (Customize) and there, under the section "Header" you will find options for this part of the page : </p><p><concrete-picture fID="42" alt="" style="" /></p><ul>    <li><strong>Header image height</strong> : the height for the header image. this settings can be overrided by a image block.</li><li><strong>Header image background (color) </strong>: Choose a color for the header (unseful when you are using transparent image)</li><li><strong>Header image default </strong>: Let you to choose a image that will be displayed like a payttern (repeat-x and repeat-y)</li></ul><h6><strong>2) Thumbnail attribute</strong></h6><p>Example :<a href="http://anitya.myconcretelab.com/blog/total-eclipse-heart" data-concrete5-link-type="image"> anitya.myconcretelab.com/blog/total-eclipse-heart</a></p><p>If the thumbnail attrivute is filled with a image, this image is displayed as background for the header with the particularity to cover all Area. so your image is streched in height or width to avoid repetition (different than solution 1. The height of the image is defined in option customization (below).</p><h6><strong>3) A image Block</strong></h6><p>Drop a image block to the "<strong>Header Image Area</strong>", choose in block option "constraint dimensions" and fill the height input with the height you want the header image. That''s it.</p>');

-- --------------------------------------------------------

--
-- Structure de la table `btCoreAreaLayout`
--

DROP TABLE IF EXISTS `btCoreAreaLayout`;
CREATE TABLE `btCoreAreaLayout` (
  `bID` int(10) unsigned NOT NULL DEFAULT '0',
  `arLayoutID` int(10) unsigned NOT NULL DEFAULT '0'
) ENGINE=InnoDB DEFAULT CHARSET=utf8 COLLATE=utf8_unicode_ci;

--
-- Contenu de la table `btCoreAreaLayout`
--

INSERT INTO `btCoreAreaLayout` (`bID`, `arLayoutID`) VALUES
(63, 1),
(144, 2),
(210, 3),
(215, 4),
(217, 5),
(265, 6),
(269, 7),
(273, 8),
(280, 9);

-- --------------------------------------------------------

--
-- Structure de la table `btCoreConversation`
--

DROP TABLE IF EXISTS `btCoreConversation`;
CREATE TABLE `btCoreConversation` (
  `bID` int(10) unsigned NOT NULL,
  `cnvID` int(11) DEFAULT NULL,
  `enablePosting` int(11) DEFAULT '1',
  `paginate` tinyint(1) NOT NULL DEFAULT '1',
  `itemsPerPage` smallint(5) unsigned NOT NULL DEFAULT '50',
  `displayMode` varchar(255) COLLATE utf8_unicode_ci NOT NULL DEFAULT 'threaded',
  `orderBy` varchar(255) COLLATE utf8_unicode_ci NOT NULL DEFAULT 'date_desc',
  `enableOrdering` tinyint(1) NOT NULL DEFAULT '1',
  `enableCommentRating` tinyint(1) NOT NULL DEFAULT '1',
  `displayPostingForm` varchar(255) COLLATE utf8_unicode_ci NOT NULL DEFAULT 'top',
  `addMessageLabel` varchar(255) COLLATE utf8_unicode_ci NOT NULL DEFAULT '',
  `dateFormat` varchar(255) COLLATE utf8_unicode_ci DEFAULT 'default',
  `customDateFormat` varchar(255) COLLATE utf8_unicode_ci DEFAULT NULL,
  `insertNewMessages` varchar(255) COLLATE utf8_unicode_ci NOT NULL DEFAULT 'top'
) ENGINE=InnoDB DEFAULT CHARSET=utf8 COLLATE=utf8_unicode_ci;

-- --------------------------------------------------------

--
-- Structure de la table `btCorePageTypeComposerControlOutput`
--

DROP TABLE IF EXISTS `btCorePageTypeComposerControlOutput`;
CREATE TABLE `btCorePageTypeComposerControlOutput` (
  `bID` int(10) unsigned NOT NULL,
  `ptComposerOutputControlID` int(10) unsigned NOT NULL DEFAULT '0'
) ENGINE=InnoDB DEFAULT CHARSET=utf8 COLLATE=utf8_unicode_ci;

--
-- Contenu de la table `btCorePageTypeComposerControlOutput`
--

INSERT INTO `btCorePageTypeComposerControlOutput` (`bID`, `ptComposerOutputControlID`) VALUES
(9, 1);

-- --------------------------------------------------------

--
-- Structure de la table `btCoreScrapbookDisplay`
--

DROP TABLE IF EXISTS `btCoreScrapbookDisplay`;
CREATE TABLE `btCoreScrapbookDisplay` (
  `bID` int(10) unsigned NOT NULL,
  `bOriginalID` int(10) unsigned NOT NULL
) ENGINE=InnoDB DEFAULT CHARSET=utf8 COLLATE=utf8_unicode_ci;

-- --------------------------------------------------------

--
-- Structure de la table `btCoreStackDisplay`
--

DROP TABLE IF EXISTS `btCoreStackDisplay`;
CREATE TABLE `btCoreStackDisplay` (
  `bID` int(10) unsigned NOT NULL,
  `stID` int(10) unsigned NOT NULL
) ENGINE=InnoDB DEFAULT CHARSET=utf8 COLLATE=utf8_unicode_ci;

-- --------------------------------------------------------

--
-- Structure de la table `btDashboardNewsflowLatest`
--

DROP TABLE IF EXISTS `btDashboardNewsflowLatest`;
CREATE TABLE `btDashboardNewsflowLatest` (
  `bID` int(10) unsigned NOT NULL,
  `slot` varchar(1) COLLATE utf8_unicode_ci NOT NULL
) ENGINE=InnoDB DEFAULT CHARSET=utf8 COLLATE=utf8_unicode_ci;

--
-- Contenu de la table `btDashboardNewsflowLatest`
--

INSERT INTO `btDashboardNewsflowLatest` (`bID`, `slot`) VALUES
(4, 'A'),
(5, 'B'),
(8, 'C');

-- --------------------------------------------------------

--
-- Structure de la table `btDateNavigation`
--

DROP TABLE IF EXISTS `btDateNavigation`;
CREATE TABLE `btDateNavigation` (
  `bID` int(10) unsigned NOT NULL,
  `title` varchar(255) COLLATE utf8_unicode_ci NOT NULL DEFAULT '',
  `filterByParent` tinyint(1) DEFAULT '0',
  `redirectToResults` tinyint(1) DEFAULT '0',
  `cParentID` int(10) unsigned NOT NULL DEFAULT '0',
  `cTargetID` int(10) unsigned NOT NULL DEFAULT '0',
  `ptID` smallint(5) unsigned DEFAULT NULL
) ENGINE=InnoDB DEFAULT CHARSET=utf8 COLLATE=utf8_unicode_ci;

-- --------------------------------------------------------

--
-- Structure de la table `btEasyImageGallery`
--

DROP TABLE IF EXISTS `btEasyImageGallery`;
CREATE TABLE `btEasyImageGallery` (
  `bID` int(10) unsigned NOT NULL,
  `fIDs` text COLLATE utf8_unicode_ci,
  `options` text COLLATE utf8_unicode_ci
) ENGINE=InnoDB DEFAULT CHARSET=utf8 COLLATE=utf8_unicode_ci;

--
-- Contenu de la table `btEasyImageGallery`
--

INSERT INTO `btEasyImageGallery` (`bID`, `fIDs`, `options`) VALUES
(60, '2,3,4,5,6,7,8,9,10,11,12,13,14,15', '{"btID":"40","arHandle":"Header Content","cID":"159","dragAreaBlockID":"0","lightbox":"lightbox","galleryColumns":"4","galleryTitle":"1","galleryDescription":"0","lightboxTitle":"1","lightboxDescription":"0","preloadImages":"0","uID":"1"}'),
(69, '14,13,12,11,10,9,8,7,6,5,3,2', '{"lightbox":"lightbox","galleryColumns":"4","galleryTitle":"1","galleryDescription":"0","lightboxTitle":"1","lightboxDescription":"0","preloadImages":"0"}'),
(72, '2,3,4,5,6,7,8,9,10,11,12,13,14,15', '{"lightbox":"intense","galleryColumns":"4","galleryTitle":"1","galleryDescription":"0","lightboxTitle":"1","lightboxDescription":"0","preloadImages":"0"}'),
(101, '14,13,12,11,10,9,8,7,6,5,3,2', '{"lightbox":"lightbox","galleryColumns":"4","galleryTitle":"1","galleryDescription":"0","lightboxTitle":"1","lightboxDescription":"1","preloadImages":"0"}'),
(102, '14,13,12,11,10,9,8,7,6,5,3,2', '{"lightbox":"lightbox","galleryColumns":"4","galleryTitle":"1","galleryDescription":"0","lightboxTitle":"1","lightboxDescription":"1","preloadImages":"0","fancyOverlay":"#eaeaea"}'),
(103, '14,13,12,11,10,9,8,7,6,5,3,2', '{"lightbox":"lightbox","galleryColumns":"4","galleryTitle":"1","galleryDescription":"0","lightboxTitle":"1","lightboxDescription":"1","preloadImages":"0","fancyOverlay":"#f0f0f0"}'),
(104, '14,13,12,11,10,9,8,7,6,5,3,2', '{"lightbox":"lightbox","galleryColumns":"4","galleryTitle":"1","galleryDescription":"0","lightboxTitle":"1","lightboxDescription":"1","preloadImages":"0","fancyOverlay":"#f0f0f0","fancyOverlayAlpha":0.9}'),
(105, '14,13,12,11,10,9,8,7,6,5,3,2', '{"lightbox":"lightbox","galleryColumns":"4","galleryTitle":"1","galleryDescription":"0","lightboxTitle":"1","lightboxDescription":"1","preloadImages":"0","fancyOverlay":"#f0f0f0","fancyOverlayAlpha":0.9}'),
(106, '14,13,12,11,10,9,8,7,6,5,3,2', '{"galleryColumns":"4","lightbox":"lightbox","galleryTitle":"1","galleryDescription":"0","lightboxTitle":"1","lightboxDescription":"1","preloadImages":"0","fancyOverlay":"#f0f0f0","fancyOverlayAlpha":"0.9","hoverColor":"#f0f0f0","hoverTitleColor":"#333333","filtering":"1","textFiltering":"1","displayDate":"1","dateFormat":"m - Y"}'),
(110, '2,13,3,4,5,6,7,8,9,10,11,12,14,15', '{"galleryColumns":"4","lightbox":"intense","galleryTitle":"1","galleryDescription":"0","lightboxTitle":"1","lightboxDescription":"0","preloadImages":"0","fancyOverlay":"#f0f0f0","fancyOverlayAlpha":"0.9","hoverColor":"#f0f0f0","hoverTitleColor":"#333333","filtering":"0","textFiltering":"0","displayDate":"1","dateFormat":"m - Y"}'),
(111, '2,13,3,4,5,6,7,8,9,10,11,12,14,15', '{"galleryColumns":"4","lightbox":"intense","galleryTitle":"1","galleryDescription":"1","lightboxTitle":"1","lightboxDescription":"0","preloadImages":"0","fancyOverlay":"#f0f0f0","fancyOverlayAlpha":"0.9","hoverColor":"#f0f0f0","hoverTitleColor":"#333333","filtering":"0","textFiltering":"0","displayDate":"1","dateFormat":"m - Y"}'),
(112, '2,13,3,4,5,6,7,8,9,10,11,12,14,15', '{"galleryColumns":"4","lightbox":"intense","galleryTitle":"1","galleryDescription":"1","displayDate":"0","filtering":"0","textFiltering":"0","lightboxTitle":"1","lightboxDescription":"0","preloadImages":"0","fancyOverlay":"#f0f0f0","fancyOverlayAlpha":"0.9","hoverColor":"#fb5f0e","hoverTitleColor":"#333333","dateFormat":"m - Y"}'),
(117, '15,14,13,12,11,10,9,8,7,6,5,4,3,2', '{"btID":"40","arHandle":"Main - 1","cID":"159","dragAreaBlockID":"116","galleryColumns":"4","lightbox":"lightbox","galleryTitle":"1","galleryDescription":"1","displayDate":"1","filtering":"0","textFiltering":"0","lightboxTitle":"1","lightboxDescription":"0","preloadImages":"0","fancyOverlay":"#f0f0f0","fancyOverlayAlpha":"0.9","hoverColor":"#f0f0f0","hoverTitleColor":"#333333","dateFormat":"","uID":"1"}'),
(120, '2,13,3,4,5,6,7,8,9,10,11,12,14,15', '{"galleryColumns":"4","lightbox":"intense","galleryTitle":"1","galleryDescription":"1","displayDate":"0","filtering":"1","textFiltering":"1","lightboxTitle":"1","lightboxDescription":"0","preloadImages":"0","fancyOverlay":"#f0f0f0","fancyOverlayAlpha":"0.9","hoverColor":"#fb5f0e","hoverTitleColor":"#333333","dateFormat":"m - Y"}'),
(123, '2,13,3,4,5,6,7,8,9,10,11,12,14,15', '{"galleryColumns":"4","lightbox":"intense","galleryTitle":"1","galleryDescription":"1","displayDate":"0","filtering":"1","textFiltering":"1","lightboxTitle":"1","lightboxDescription":"0","preloadImages":"0","fancyOverlay":"#f0f0f0","fancyOverlayAlpha":"0.95","hoverColor":"#fb5f0e","hoverTitleColor":"#ffffff","dateFormat":"m - Y"}');

-- --------------------------------------------------------

--
-- Structure de la table `btEasyImageSlider`
--

DROP TABLE IF EXISTS `btEasyImageSlider`;
CREATE TABLE `btEasyImageSlider` (
  `bID` int(10) unsigned NOT NULL,
  `fIDs` text COLLATE utf8_unicode_ci,
  `options` text COLLATE utf8_unicode_ci
) ENGINE=InnoDB DEFAULT CHARSET=utf8 COLLATE=utf8_unicode_ci;

--
-- Contenu de la table `btEasyImageSlider`
--

INSERT INTO `btEasyImageSlider` (`bID`, `fIDs`, `options`) VALUES
(130, '22,23,24,29', '{"btID":"41","arHandle":"Header Image","cID":"165","dragAreaBlockID":"0","items":"1","margin":"5","slideSpeed":"300","autoPlayTime":"5000","ItemsTitle":"1","ItemsDescription":"1","infoBg":"#0C99D5","fadingColor":"#ffffff","isTransparent":"0","lightbox":"0","fancyOverlay":"#f0f0f0","fancyOverlayAlpha":"0.9","lightboxTitle":"1","lightboxDescription":"0","dots":"0","navigationPrev":"Prev","navigationNext":"Next","responsiveContainer":"1","showItemsOutside":"0","center":"0","itemsScaleUp":"0","loop":"0","image_bg_color":["#ba2343","#f1db20","",""],"uID":"1","navigation":0,"imageLink":0,"autoPlay":0}'),
(131, '22,23,24,29', '{"items":"1","margin":"5","slideSpeed":"300","autoPlayTime":"5000","ItemsTitle":"1","ItemsDescription":"1","infoBg":"#0C99D5","fadingColor":"#ffffff","isTransparent":"1","lightbox":"0","fancyOverlay":"#f0f0f0","fancyOverlayAlpha":"0.9","lightboxTitle":"1","lightboxDescription":"0","dots":"0","navigationPrev":"Prev","navigationNext":"Next","responsiveContainer":"1","showItemsOutside":"0","center":"0","itemsScaleUp":"0","loop":"0","image_bg_color":["#ba2343","#f1db20","",""],"navigation":0,"imageLink":0,"autoPlay":0}'),
(132, '22,23,24,29', '{"items":"1","margin":"5","slideSpeed":"300","autoPlayTime":"5000","ItemsTitle":"1","ItemsDescription":"1","infoBg":"#0C99D5","fadingColor":"#373332","isTransparent":"1","lightbox":"0","fancyOverlay":"#f0f0f0","fancyOverlayAlpha":"0.9","lightboxTitle":"1","lightboxDescription":"0","dots":"0","navigationPrev":"Prev","navigationNext":"Next","responsiveContainer":"1","showItemsOutside":"0","center":"0","itemsScaleUp":"0","loop":"0","image_bg_color":["#ba2343","#f1db20","",""],"navigation":0,"imageLink":0,"autoPlay":0}'),
(133, '22,23,24,29', '{"items":"1","margin":"5","slideSpeed":"300","autoPlayTime":"5000","ItemsTitle":"1","ItemsDescription":"1","infoBg":"#0C99D5","fadingColor":"#373332","isTransparent":"1","lightbox":"0","fancyOverlay":"#f0f0f0","fancyOverlayAlpha":"0.9","lightboxTitle":"1","lightboxDescription":"0","dots":"0","nav":"","navigationPrev":"Prev","navigationNext":"Next","responsiveContainer":"1","showItemsOutside":"0","center":"0","itemsScaleUp":"0","loop":"0","image_bg_color":["#ba2343","#f1db20","",""],"navigation":0,"imageLink":0,"autoPlay":0}'),
(134, '22,23,24,29', '{"items":"1","margin":"5","slideSpeed":"300","autoPlay":1,"autoPlayTime":"5000","ItemsTitle":"1","ItemsDescription":"1","infoBg":"#0C99D5","fadingColor":"#373332","isTransparent":"1","lightbox":"0","fancyOverlay":"#f0f0f0","fancyOverlayAlpha":"0.9","lightboxTitle":"1","lightboxDescription":"0","dots":"0","nav":1,"navigationPrev":"Precedent","navigationNext":"Suivant","responsiveContainer":"1","showItemsOutside":"0","center":"0","itemsScaleUp":"0","loop":"0","image_bg_color":["#ba2343","#f1db20","",""],"imageLink":0}'),
(135, '22,23,24,29', '{"items":"1","margin":"5","slideSpeed":"300","autoPlay":1,"autoPlayTime":"5000","ItemsTitle":"1","ItemsDescription":"1","infoBg":"#0C99D5","fadingColor":"#373332","isTransparent":"1","lightbox":"0","fancyOverlay":"#f0f0f0","fancyOverlayAlpha":"0.9","lightboxTitle":"1","lightboxDescription":"0","dots":"0","nav":1,"navigationPrev":"<i class=\\"fa fa-arrow-circle-left\\"><\\/i> Precedent","navigationNext":"Suivant","responsiveContainer":"1","showItemsOutside":"0","center":"0","itemsScaleUp":"0","loop":"0","image_bg_color":["#ba2343","#f1db20","",""]}'),
(136, '22,23,24,29', '{"items":"1","margin":"5","slideSpeed":"300","autoPlay":1,"autoPlayTime":"5000","ItemsTitle":"1","ItemsDescription":"1","infoBg":"#0C99D5","fadingColor":"#373332","isTransparent":"1","lightbox":"0","fancyOverlay":"#f0f0f0","fancyOverlayAlpha":"0.9","lightboxTitle":"1","lightboxDescription":"0","dots":"0","nav":1,"navigationPrev":"<i class=\\"fa fa-arrow-circle-left\\"><\\/i> Precedent","navigationNext":"<i class=\\"fa fa-arrow-circle-right\\"><\\/i> Suivant","responsiveContainer":"1","showItemsOutside":"0","center":"0","itemsScaleUp":"0","loop":"0","image_bg_color":["#ba2343","#f1db20","",""]}'),
(137, '22,23,24,29', '{"items":"1","margin":"5","slideSpeed":"300","autoPlay":1,"autoPlayTime":"5000","ItemsTitle":"1","ItemsDescription":"1","infoBg":"#0C99D5","fadingColor":"#373332","isTransparent":"1","lightbox":"intense","fancyOverlay":"#f0f0f0","fancyOverlayAlpha":"0.9","lightboxTitle":"1","lightboxDescription":"0","dots":"0","nav":1,"navigationPrev":"<i class=\\"fa fa-arrow-circle-left\\"><\\/i> Precedent","navigationNext":"<i class=\\"fa fa-arrow-circle-right\\"><\\/i> Suivant","responsiveContainer":"1","showItemsOutside":"0","center":"0","itemsScaleUp":"0","loop":"0","image_bg_color":["#ba2343","#f1db20","",""]}'),
(138, '15,14,13,12,11,10,9,8,7,6,5,4,3,2', '{"btID":"41","arHandle":"Main","cID":"165","dragAreaBlockID":"118","items":"4","margin":"5","slideSpeed":"300","autoPlayTime":"5000","ItemsTitle":"1","ItemsDescription":"0","infoBg":"#0C99D5","fadingColor":"#ffffff","isTransparent":"0","lightbox":"0","fancyOverlay":"#f0f0f0","fancyOverlayAlpha":"0.9","lightboxTitle":"1","lightboxDescription":"0","dots":"1","navigationPrev":"<i class=\\"fa fa-arrow-circle-left\\"><\\/i> Prev","navigationNext":"Next <i class=\\"fa fa-arrow-circle-right\\"><\\/i>","responsiveContainer":"1","showItemsOutside":"0","center":"0","itemsScaleUp":"0","loop":"0","image_bg_color":["","","","","","","","","","","","","",""],"uID":"1","nav":0,"autoPlay":0}'),
(140, '15,3,14,13,12,11,10,7', '{"items":"4","margin":"5","slideSpeed":"300","autoPlayTime":"5000","ItemsTitle":"1","ItemsDescription":"0","infoBg":"#0C99D5","fadingColor":"#ffffff","isTransparent":"0","lightbox":"0","fancyOverlay":"#f0f0f0","fancyOverlayAlpha":"0.9","lightboxTitle":"1","lightboxDescription":"0","dots":"1","navigationPrev":"<i class=\\"fa fa-arrow-circle-left\\"><\\/i> Prev","navigationNext":"Next <i class=\\"fa fa-arrow-circle-right\\"><\\/i>","responsiveContainer":"1","showItemsOutside":"0","center":"0","itemsScaleUp":"0","loop":"0","image_bg_color":["","","","","","","",""],"nav":0,"autoPlay":0}'),
(141, '15,3,13,12,11,10,7', '{"items":"4","margin":"5","slideSpeed":"300","autoPlayTime":"5000","ItemsTitle":"1","ItemsDescription":"0","infoBg":"#0C99D5","fadingColor":"","isTransparent":"0","lightbox":"0","fancyOverlay":"#f0f0f0","fancyOverlayAlpha":"0.9","lightboxTitle":"1","lightboxDescription":"0","dots":"1","navigationPrev":"<i class=\\"fa fa-arrow-circle-left\\"><\\/i> Prev","navigationNext":"Next <i class=\\"fa fa-arrow-circle-right\\"><\\/i>","responsiveContainer":"1","showItemsOutside":"0","center":"0","itemsScaleUp":"0","loop":"0","image_bg_color":["","","","","","",""],"nav":0,"autoPlay":0}'),
(142, '22,23,24,29', '{"items":"1","margin":"5","slideSpeed":"300","autoPlay":1,"autoPlayTime":"5000","ItemsTitle":"1","ItemsDescription":"1","infoBg":"#0C99D5","fadingColor":"#373332","isTransparent":"1","lightbox":"intense","fancyOverlay":"#f0f0f0","fancyOverlayAlpha":"0.9","lightboxTitle":"1","lightboxDescription":"0","dots":"0","nav":1,"navigationPrev":"<i class=\\"fa fa-arrow-circle-left\\"><\\/i> Precedent","navigationNext":"<i class=\\"fa fa-arrow-circle-right\\"><\\/i> Suivant","responsiveContainer":"1","showItemsOutside":"0","center":"0","itemsScaleUp":"0","loop":"0","image_bg_color":["#ba2343","#f1db20","",""]}'),
(146, '34,33,32,31', '{"btID":"41","arHandle":"Main : 5","cID":"165","dragAreaBlockID":"0","items":"3","margin":"5","slideSpeed":"300","autoPlayTime":"5000","ItemsTitle":"1","ItemsDescription":"0","infoBg":"#0C99D5","fadingColor":"","isTransparent":"0","lightbox":"lightbox","fancyOverlay":"#f0f0f0","fancyOverlayAlpha":"0.9","lightboxTitle":"1","lightboxDescription":"0","dots":"1","navigationPrev":"<i class=\\"fa fa-arrow-circle-left\\"><\\/i> Prev","navigationNext":"Next <i class=\\"fa fa-arrow-circle-right\\"><\\/i>","responsiveContainer":"1","showItemsOutside":"0","center":"0","itemsScaleUp":"0","loop":"0","image_bg_color":["","","",""],"uID":"1","nav":0,"autoPlay":0}'),
(148, '34,33,32,31', '{"items":"3","margin":"5","slideSpeed":"300","autoPlayTime":"5000","ItemsTitle":"1","ItemsDescription":"0","infoBg":"#0C99D5","fadingColor":"","isTransparent":"0","lightbox":"lightbox","fancyOverlay":"#f0f0f0","fancyOverlayAlpha":"0.9","lightboxTitle":"1","lightboxDescription":"0","dots":"1","navigationPrev":"<i class=\\"fa fa-arrow-circle-left\\"><\\/i> Prev","navigationNext":"Next <i class=\\"fa fa-arrow-circle-right\\"><\\/i>","responsiveContainer":"0","showItemsOutside":"0","center":"0","itemsScaleUp":"0","loop":"0","image_bg_color":["","","",""],"nav":0,"autoPlay":0}'),
(152, '36,37,24,29', '{"items":"1","margin":"5","slideSpeed":"300","autoPlay":1,"autoPlayTime":"5000","ItemsTitle":"1","ItemsDescription":"1","infoBg":"#0C99D5","fadingColor":"#373332","isTransparent":"1","lightbox":"intense","fancyOverlay":"#f0f0f0","fancyOverlayAlpha":"0.9","lightboxTitle":"1","lightboxDescription":"0","dots":"0","nav":1,"navigationPrev":"<i class=\\"fa fa-arrow-circle-left\\"><\\/i> Precedent","navigationNext":"<i class=\\"fa fa-arrow-circle-right\\"><\\/i> Suivant","responsiveContainer":"1","showItemsOutside":"0","center":"0","itemsScaleUp":"0","loop":"0","image_bg_color":["#7cc437","#ff8a3c","",""]}'),
(153, '36,37,24,29', '{"items":"1","margin":"5","slideSpeed":"300","autoPlay":1,"autoPlayTime":"5000","ItemsTitle":"1","ItemsDescription":"1","infoBg":"#0C99D5","fadingColor":"#373332","isTransparent":"1","lightbox":"intense","fancyOverlay":"#f0f0f0","fancyOverlayAlpha":"0.9","lightboxTitle":"1","lightboxDescription":"0","dots":"0","nav":1,"navigationPrev":"<i class=\\"fa fa-arrow-circle-left\\"><\\/i> Precedent","navigationNext":"<i class=\\"fa fa-arrow-circle-right\\"><\\/i> Suivant","responsiveContainer":"1","showItemsOutside":"0","center":"0","itemsScaleUp":"0","loop":"0","image_bg_color":["#7cc437","#ff8a3c","",""]}'),
(154, '36,37,24,29', '{"items":"1","margin":"5","slideSpeed":"300","autoPlay":1,"autoPlayTime":"5000","ItemsTitle":"1","ItemsDescription":"1","infoBg":"#0C99D5","fadingColor":"#373332","isTransparent":"1","lightbox":"intense","fancyOverlay":"#f0f0f0","fancyOverlayAlpha":"0.9","lightboxTitle":"1","lightboxDescription":"0","dots":"0","nav":1,"navigationPrev":"<i class=\\"fa fa-arrow-circle-left\\"><\\/i> Precedent","navigationNext":"<i class=\\"fa fa-arrow-circle-right\\"><\\/i> Suivant","responsiveContainer":"1","showItemsOutside":"0","center":"0","itemsScaleUp":"0","loop":"0","image_bg_color":["#7cc437","#ff8a3c","",""]}'),
(159, '15,3,13,12,11,10,7', '{"items":"4","margin":"5","slideSpeed":"300","autoPlayTime":"5000","ItemsTitle":"1","ItemsDescription":"1","infoBg":"#0C99D5","fadingColor":"","isTransparent":"0","lightbox":"0","fancyOverlay":"#f0f0f0","fancyOverlayAlpha":"0.9","lightboxTitle":"1","lightboxDescription":"0","dots":"1","navigationPrev":"<i class=\\"fa fa-arrow-circle-left\\"><\\/i> Prev","navigationNext":"Next <i class=\\"fa fa-arrow-circle-right\\"><\\/i>","responsiveContainer":"1","showItemsOutside":"0","center":"0","itemsScaleUp":"0","loop":"0","image_bg_color":["","","","","","",""],"nav":0,"autoPlay":0}'),
(160, '15,3,13,12,11,10,7', '{"items":"4","margin":"5","slideSpeed":"300","autoPlayTime":"5000","ItemsTitle":"1","ItemsDescription":"1","infoBg":"#0C99D5","fadingColor":"","isTransparent":"0","lightbox":"0","fancyOverlay":"#f0f0f0","fancyOverlayAlpha":"0.9","lightboxTitle":"1","lightboxDescription":"0","dots":"1","navigationPrev":"<i class=\\"fa fa-arrow-circle-left\\"><\\/i> Prev","navigationNext":"Next <i class=\\"fa fa-arrow-circle-right\\"><\\/i>","responsiveContainer":"1","showItemsOutside":"0","center":"0","itemsScaleUp":"0","loop":"0","image_bg_color":["","","","","","",""],"nav":0,"autoPlay":0}'),
(161, '15,3,13,12,11,10,7', '{"items":"4","margin":"5","slideSpeed":"300","autoPlayTime":"5000","ItemsTitle":"1","ItemsDescription":"1","infoBg":"#0C99D5","fadingColor":"","isTransparent":"0","lightbox":"lightbox","fancyOverlay":"#f0f0f0","fancyOverlayAlpha":"0.9","lightboxTitle":"1","lightboxDescription":"0","dots":"1","navigationPrev":"<i class=\\"fa fa-arrow-circle-left\\"><\\/i> Prev","navigationNext":"Next <i class=\\"fa fa-arrow-circle-right\\"><\\/i>","responsiveContainer":"1","showItemsOutside":"0","center":"0","itemsScaleUp":"0","loop":"0","image_bg_color":["","","","","","",""],"nav":0,"autoPlay":0}'),
(162, '15,3,13,12,11,10,7', '{"items":"4","margin":"5","slideSpeed":"300","autoPlayTime":"5000","ItemsTitle":"1","ItemsDescription":"1","infoBg":"#0C99D5","fadingColor":"","isTransparent":"0","lightbox":"lightbox","fancyOverlay":"#f0f0f0","fancyOverlayAlpha":"0.9","lightboxTitle":"1","lightboxDescription":"0","dots":"1","navigationPrev":"<i class=\\"fa fa-arrow-circle-left\\"><\\/i> Prev","navigationNext":"Next <i class=\\"fa fa-arrow-circle-right\\"><\\/i>","responsiveContainer":"1","showItemsOutside":"0","center":"0","itemsScaleUp":"0","loop":"0","image_bg_color":["#434860","","","","","",""],"nav":0,"autoPlay":0}'),
(177, '15,14,13,12,11,10,9,8,7,6,5,4,3,2', '{"btID":"41","arHandle":"Header Image","cID":"166","dragAreaBlockID":"0","items":"5","margin":"15","slideSpeed":"300","autoPlayTime":"5000","ItemsTitle":"1","ItemsDescription":"1","infoBg":"#0C99D5","fadingColor":"","isTransparent":"0","lightbox":"0","fancyOverlay":"#f0f0f0","fancyOverlayAlpha":"0.9","lightboxTitle":"1","lightboxDescription":"0","dots":"1","navigationPrev":"<i class=\\"fa fa-arrow-circle-left\\"><\\/i> Prev","navigationNext":"Next <i class=\\"fa fa-arrow-circle-right\\"><\\/i>","responsiveContainer":"0","showItemsOutside":"0","center":"0","itemsScaleUp":"0","loop":"0","image_bg_color":["#434860","","","","","","","","","","","","#241615",""],"uID":"1","nav":0,"autoPlay":0}'),
(185, '36,37', '{"btID":"41","arHandle":"Header Image","cID":"168","dragAreaBlockID":"0","items":"4","margin":"5","slideSpeed":"300","autoPlayTime":"5000","ItemsTitle":"1","ItemsDescription":"0","infoBg":"#0C99D5","fadingColor":"","isTransparent":"1","lightbox":"0","fancyOverlay":"#f0f0f0","fancyOverlayAlpha":"0.9","lightboxTitle":"1","lightboxDescription":"0","dots":"1","navigationPrev":"<i class=\\"fa fa-arrow-circle-left\\"><\\/i> Prev","navigationNext":"Next <i class=\\"fa fa-arrow-circle-right\\"><\\/i>","loop":"0","responsiveContainer":"1","showItemsOutside":"0","image_bg_color":["#7cc437","#ff8a3c"],"uID":"1","nav":0,"autoPlay":0}'),
(187, '36,37', '{"items":"1","margin":"5","slideSpeed":"300","autoPlayTime":"5000","ItemsTitle":"1","ItemsDescription":"0","infoBg":"#0C99D5","fadingColor":"","isTransparent":"1","lightbox":"0","fancyOverlay":"#f0f0f0","fancyOverlayAlpha":"0.9","lightboxTitle":"1","lightboxDescription":"0","dots":"1","navigationPrev":"<i class=\\"fa fa-arrow-circle-left\\"><\\/i> Prev","navigationNext":"Next <i class=\\"fa fa-arrow-circle-right\\"><\\/i>","loop":"0","responsiveContainer":"1","showItemsOutside":"0","image_bg_color":["#7cc437","#ff8a3c"],"nav":0,"autoPlay":0}'),
(189, '36,37', '{"items":"1","margin":"5","slideSpeed":"300","autoPlayTime":"5000","ItemsTitle":"1","ItemsDescription":"0","infoBg":"#0C99D5","fadingColor":"","isTransparent":"1","lightbox":"0","fancyOverlay":"#f0f0f0","fancyOverlayAlpha":"0.9","lightboxTitle":"1","lightboxDescription":"0","dots":"1","navigationPrev":"<i class=\\"fa fa-arrow-circle-left\\"><\\/i> Prev","navigationNext":"Next <i class=\\"fa fa-arrow-circle-right\\"><\\/i>","loop":"1","responsiveContainer":"1","showItemsOutside":"0","image_bg_color":["#7cc437","#ff8a3c"],"nav":0,"autoPlay":0}'),
(191, '36,37', '{"items":"1","margin":"5","slideSpeed":"300","autoPlayTime":"5000","ItemsTitle":"1","ItemsDescription":"0","infoBg":"#0C99D5","fadingColor":"","isTransparent":"1","lightbox":"0","fancyOverlay":"#f0f0f0","fancyOverlayAlpha":"0.9","lightboxTitle":"1","lightboxDescription":"0","dots":"1","nav":1,"navigationPrev":"<i class=\\"fa fa-hand-o-left\\"><\\/i>","navigationNext":"<i class=\\"fa fa-hand-o-right\\"><\\/i>","loop":"1","responsiveContainer":"1","showItemsOutside":"0","image_bg_color":["#7cc437","#ff8a3c"],"autoPlay":0}'),
(193, '36,37', '{"items":"1","margin":"5","slideSpeed":"300","autoPlayTime":"5000","ItemsTitle":"1","ItemsDescription":"0","infoBg":"#0C99D5","fadingColor":"","isTransparent":"1","lightbox":"0","fancyOverlay":"#f0f0f0","fancyOverlayAlpha":"0.9","lightboxTitle":"1","lightboxDescription":"0","dots":"0","nav":1,"navigationPrev":"<i class=\\"fa fa-hand-o-left\\"><\\/i>","navigationNext":"<i class=\\"fa fa-hand-o-right\\"><\\/i>","loop":"1","responsiveContainer":"1","showItemsOutside":"0","image_bg_color":["#7cc437","#ff8a3c"],"autoPlay":0}'),
(195, '29,24,30,28,26', '{"items":"1","margin":"5","slideSpeed":"300","autoPlayTime":"5000","ItemsTitle":"1","ItemsDescription":"0","infoBg":"#0C99D5","fadingColor":"#373332","isTransparent":"0","lightbox":"0","fancyOverlay":"#f0f0f0","fancyOverlayAlpha":"0.9","lightboxTitle":"1","lightboxDescription":"0","dots":"1","navigationPrev":"<i class=\\"fa fa-hand-o-left\\"><\\/i>","navigationNext":"<i class=\\"fa fa-hand-o-right\\"><\\/i>","loop":"0","responsiveContainer":"1","showItemsOutside":"1","image_bg_color":["","","","",""],"nav":0,"autoPlay":0}'),
(197, '24,29,30,28,26', '{"items":"1","margin":"5","slideSpeed":"300","autoPlayTime":"5000","ItemsTitle":"1","ItemsDescription":"1","infoBg":"#0C99D5","fadingColor":"#373332","isTransparent":"0","lightbox":"0","fancyOverlay":"#f0f0f0","fancyOverlayAlpha":"0.9","lightboxTitle":"1","lightboxDescription":"0","dots":"1","navigationPrev":"<i class=\\"fa fa-hand-o-left\\"><\\/i>","navigationNext":"<i class=\\"fa fa-hand-o-right\\"><\\/i>","loop":"0","responsiveContainer":"1","showItemsOutside":"1","image_bg_color":["","","","",""],"nav":0,"autoPlay":0}'),
(199, '24,29,30,28,26', '{"items":"4","margin":"5","slideSpeed":"300","autoPlayTime":"5000","ItemsTitle":"1","ItemsDescription":"1","infoBg":"#0C99D5","fadingColor":"#373332","isTransparent":"0","lightbox":"0","fancyOverlay":"#f0f0f0","fancyOverlayAlpha":"0.9","lightboxTitle":"1","lightboxDescription":"0","dots":"1","navigationPrev":"<i class=\\"fa fa-hand-o-left\\"><\\/i>","navigationNext":"<i class=\\"fa fa-hand-o-right\\"><\\/i>","loop":"0","responsiveContainer":"1","lazy":"1","image_bg_color":["","","","",""],"nav":0,"autoPlay":0}'),
(201, '15,14,13,12,11,10,7,3', '{"items":"4","margin":"5","slideSpeed":"300","autoPlayTime":"5000","ItemsTitle":"1","ItemsDescription":"1","infoBg":"#0C99D5","fadingColor":"#373332","isTransparent":"0","lightbox":"0","fancyOverlay":"#f0f0f0","fancyOverlayAlpha":"0.9","lightboxTitle":"1","lightboxDescription":"0","dots":"1","navigationPrev":"<i class=\\"fa fa-hand-o-left\\"><\\/i>","navigationNext":"<i class=\\"fa fa-hand-o-right\\"><\\/i>","loop":"0","responsiveContainer":"1","lazy":"1","image_bg_color":["#434860","","","","","","","#241615"],"nav":0,"autoPlay":0}'),
(202, '15,14,13,12,11,10,7,3', '{"items":"4","margin":"5","slideSpeed":"300","autoPlayTime":"5000","ItemsTitle":"1","ItemsDescription":"1","infoBg":"#0C99D5","fadingColor":"#fdfdfd","isTransparent":"0","lightbox":"0","fancyOverlay":"#f0f0f0","fancyOverlayAlpha":"0.9","lightboxTitle":"1","lightboxDescription":"0","dots":"1","navigationPrev":"<i class=\\"fa fa-hand-o-left\\"><\\/i>","navigationNext":"<i class=\\"fa fa-hand-o-right\\"><\\/i>","loop":"0","responsiveContainer":"1","lazy":"1","image_bg_color":["#434860","","","","","","","#241615"],"nav":0,"autoPlay":0}');

-- --------------------------------------------------------

--
-- Structure de la table `btExternalForm`
--

DROP TABLE IF EXISTS `btExternalForm`;
CREATE TABLE `btExternalForm` (
  `bID` int(10) unsigned NOT NULL,
  `filename` varchar(128) COLLATE utf8_unicode_ci DEFAULT NULL
) ENGINE=InnoDB DEFAULT CHARSET=utf8 COLLATE=utf8_unicode_ci;

-- --------------------------------------------------------

--
-- Structure de la table `btFaq`
--

DROP TABLE IF EXISTS `btFaq`;
CREATE TABLE `btFaq` (
  `bID` int(10) unsigned NOT NULL,
  `blockTitle` varchar(255) COLLATE utf8_unicode_ci DEFAULT NULL
) ENGINE=InnoDB DEFAULT CHARSET=utf8 COLLATE=utf8_unicode_ci;

-- --------------------------------------------------------

--
-- Structure de la table `btFaqEntries`
--

DROP TABLE IF EXISTS `btFaqEntries`;
CREATE TABLE `btFaqEntries` (
  `id` int(10) unsigned NOT NULL,
  `bID` int(10) unsigned DEFAULT NULL,
  `linkTitle` varchar(255) COLLATE utf8_unicode_ci DEFAULT NULL,
  `title` varchar(255) COLLATE utf8_unicode_ci DEFAULT NULL,
  `sortOrder` int(11) DEFAULT NULL,
  `description` longtext COLLATE utf8_unicode_ci
) ENGINE=InnoDB DEFAULT CHARSET=utf8 COLLATE=utf8_unicode_ci;

-- --------------------------------------------------------

--
-- Structure de la table `btFeature`
--

DROP TABLE IF EXISTS `btFeature`;
CREATE TABLE `btFeature` (
  `bID` int(10) unsigned NOT NULL,
  `icon` varchar(255) COLLATE utf8_unicode_ci DEFAULT NULL,
  `title` varchar(255) COLLATE utf8_unicode_ci DEFAULT NULL,
  `paragraph` text COLLATE utf8_unicode_ci,
  `externalLink` varchar(255) COLLATE utf8_unicode_ci DEFAULT NULL,
  `internalLinkCID` int(10) unsigned DEFAULT '0'
) ENGINE=InnoDB DEFAULT CHARSET=utf8 COLLATE=utf8_unicode_ci;

-- --------------------------------------------------------

--
-- Structure de la table `btForm`
--

DROP TABLE IF EXISTS `btForm`;
CREATE TABLE `btForm` (
  `bID` int(10) unsigned NOT NULL,
  `questionSetId` int(10) unsigned DEFAULT '0',
  `surveyName` varchar(255) COLLATE utf8_unicode_ci DEFAULT NULL,
  `thankyouMsg` text COLLATE utf8_unicode_ci,
  `notifyMeOnSubmission` tinyint(1) NOT NULL DEFAULT '0',
  `recipientEmail` varchar(255) COLLATE utf8_unicode_ci DEFAULT NULL,
  `displayCaptcha` int(11) DEFAULT '1',
  `redirectCID` int(11) DEFAULT '0',
  `addFilesToSet` int(11) DEFAULT '0',
  `submitText` varchar(255) COLLATE utf8_unicode_ci DEFAULT 'Submit'
) ENGINE=InnoDB DEFAULT CHARSET=utf8 COLLATE=utf8_unicode_ci;

-- --------------------------------------------------------

--
-- Structure de la table `btFormAnswers`
--

DROP TABLE IF EXISTS `btFormAnswers`;
CREATE TABLE `btFormAnswers` (
  `aID` int(10) unsigned NOT NULL,
  `asID` int(10) unsigned DEFAULT '0',
  `msqID` int(10) unsigned DEFAULT '0',
  `answer` varchar(255) COLLATE utf8_unicode_ci DEFAULT NULL,
  `answerLong` text COLLATE utf8_unicode_ci
) ENGINE=InnoDB DEFAULT CHARSET=utf8 COLLATE=utf8_unicode_ci;

-- --------------------------------------------------------

--
-- Structure de la table `btFormAnswerSet`
--

DROP TABLE IF EXISTS `btFormAnswerSet`;
CREATE TABLE `btFormAnswerSet` (
  `asID` int(10) unsigned NOT NULL,
  `questionSetId` int(10) unsigned DEFAULT '0',
  `created` timestamp NOT NULL DEFAULT CURRENT_TIMESTAMP,
  `uID` int(10) unsigned DEFAULT '0'
) ENGINE=InnoDB DEFAULT CHARSET=utf8 COLLATE=utf8_unicode_ci;

-- --------------------------------------------------------

--
-- Structure de la table `btFormQuestions`
--

DROP TABLE IF EXISTS `btFormQuestions`;
CREATE TABLE `btFormQuestions` (
  `qID` int(10) unsigned NOT NULL,
  `msqID` int(10) unsigned DEFAULT '0',
  `bID` int(10) unsigned DEFAULT '0',
  `questionSetId` int(10) unsigned DEFAULT '0',
  `question` varchar(255) COLLATE utf8_unicode_ci DEFAULT NULL,
  `inputType` varchar(255) COLLATE utf8_unicode_ci DEFAULT NULL,
  `options` text COLLATE utf8_unicode_ci,
  `position` int(10) unsigned DEFAULT '1000',
  `width` int(10) unsigned DEFAULT '50',
  `height` int(10) unsigned DEFAULT '3',
  `required` int(11) DEFAULT '0',
  `defaultDate` varchar(255) COLLATE utf8_unicode_ci DEFAULT ''
) ENGINE=InnoDB DEFAULT CHARSET=utf8 COLLATE=utf8_unicode_ci;

-- --------------------------------------------------------

--
-- Structure de la table `btGoogleMap`
--

DROP TABLE IF EXISTS `btGoogleMap`;
CREATE TABLE `btGoogleMap` (
  `bID` int(10) unsigned NOT NULL,
  `title` varchar(255) COLLATE utf8_unicode_ci DEFAULT NULL,
  `location` varchar(255) COLLATE utf8_unicode_ci DEFAULT NULL,
  `latitude` double DEFAULT NULL,
  `longitude` double DEFAULT NULL,
  `zoom` smallint(6) DEFAULT NULL,
  `width` varchar(8) COLLATE utf8_unicode_ci DEFAULT '100%',
  `height` varchar(8) COLLATE utf8_unicode_ci DEFAULT '400px',
  `scrollwheel` tinyint(1) NOT NULL DEFAULT '1'
) ENGINE=InnoDB DEFAULT CHARSET=utf8 COLLATE=utf8_unicode_ci;

-- --------------------------------------------------------

--
-- Structure de la table `btImageSlider`
--

DROP TABLE IF EXISTS `btImageSlider`;
CREATE TABLE `btImageSlider` (
  `bID` int(10) unsigned NOT NULL,
  `navigationType` int(10) unsigned DEFAULT '0'
) ENGINE=InnoDB DEFAULT CHARSET=utf8 COLLATE=utf8_unicode_ci;

-- --------------------------------------------------------

--
-- Structure de la table `btImageSliderEntries`
--

DROP TABLE IF EXISTS `btImageSliderEntries`;
CREATE TABLE `btImageSliderEntries` (
  `id` int(10) unsigned NOT NULL,
  `bID` int(10) unsigned DEFAULT NULL,
  `cID` int(10) unsigned DEFAULT '0',
  `fID` int(10) unsigned DEFAULT '0',
  `linkURL` varchar(255) COLLATE utf8_unicode_ci DEFAULT NULL,
  `internalLinkCID` int(10) unsigned DEFAULT '0',
  `title` longtext COLLATE utf8_unicode_ci,
  `description` longtext COLLATE utf8_unicode_ci,
  `sortOrder` int(11) DEFAULT NULL
) ENGINE=InnoDB DEFAULT CHARSET=utf8 COLLATE=utf8_unicode_ci;

-- --------------------------------------------------------

--
-- Structure de la table `btMylabTyper`
--

DROP TABLE IF EXISTS `btMylabTyper`;
CREATE TABLE `btMylabTyper` (
  `bID` int(10) unsigned NOT NULL,
  `blockTitle` varchar(255) COLLATE utf8_unicode_ci DEFAULT NULL,
  `setenceStart` varchar(255) COLLATE utf8_unicode_ci DEFAULT NULL,
  `comaSeparatedSentence` text COLLATE utf8_unicode_ci,
  `setenceEnd` varchar(255) COLLATE utf8_unicode_ci DEFAULT NULL,
  `tag` varchar(2) COLLATE utf8_unicode_ci DEFAULT NULL,
  `class` varchar(28) COLLATE utf8_unicode_ci DEFAULT NULL
) ENGINE=InnoDB DEFAULT CHARSET=utf8 COLLATE=utf8_unicode_ci;

-- --------------------------------------------------------

--
-- Structure de la table `btNavigation`
--

DROP TABLE IF EXISTS `btNavigation`;
CREATE TABLE `btNavigation` (
  `bID` int(10) unsigned NOT NULL,
  `orderBy` varchar(255) COLLATE utf8_unicode_ci DEFAULT 'alpha_asc',
  `displayPages` varchar(255) COLLATE utf8_unicode_ci DEFAULT 'top',
  `displayPagesCID` int(10) unsigned NOT NULL DEFAULT '1',
  `displayPagesIncludeSelf` tinyint(1) NOT NULL DEFAULT '0',
  `displaySubPages` varchar(255) COLLATE utf8_unicode_ci DEFAULT 'none',
  `displaySubPageLevels` varchar(255) COLLATE utf8_unicode_ci DEFAULT 'none',
  `displaySubPageLevelsNum` smallint(5) unsigned NOT NULL DEFAULT '0',
  `displayUnavailablePages` tinyint(1) NOT NULL DEFAULT '0'
) ENGINE=InnoDB DEFAULT CHARSET=utf8 COLLATE=utf8_unicode_ci;

--
-- Contenu de la table `btNavigation`
--

INSERT INTO `btNavigation` (`bID`, `orderBy`, `displayPages`, `displayPagesCID`, `displayPagesIncludeSelf`, `displaySubPages`, `displaySubPageLevels`, `displaySubPageLevelsNum`, `displayUnavailablePages`) VALUES
(12, 'display_asc', 'top', 0, 0, 'none', 'enough', 0, 0),
(13, 'display_asc', 'top', 0, 0, 'none', 'enough', 0, 0),
(226, 'display_asc', 'top', 0, 0, 'all', 'custom', 1, 0),
(230, 'display_asc', 'below', 0, 0, 'none', 'enough', 0, 0),
(259, 'display_asc', 'current', 0, 0, 'none', 'enough', 0, 0);

-- --------------------------------------------------------

--
-- Structure de la table `btNextPrevious`
--

DROP TABLE IF EXISTS `btNextPrevious`;
CREATE TABLE `btNextPrevious` (
  `bID` int(10) unsigned NOT NULL,
  `nextLabel` varchar(128) COLLATE utf8_unicode_ci DEFAULT NULL,
  `previousLabel` varchar(128) COLLATE utf8_unicode_ci DEFAULT NULL,
  `parentLabel` varchar(128) COLLATE utf8_unicode_ci DEFAULT NULL,
  `loopSequence` int(11) DEFAULT '1',
  `excludeSystemPages` int(11) DEFAULT '1',
  `orderBy` varchar(20) COLLATE utf8_unicode_ci DEFAULT 'display_asc'
) ENGINE=InnoDB DEFAULT CHARSET=utf8 COLLATE=utf8_unicode_ci;

-- --------------------------------------------------------

--
-- Structure de la table `btPageAttributeDisplay`
--

DROP TABLE IF EXISTS `btPageAttributeDisplay`;
CREATE TABLE `btPageAttributeDisplay` (
  `bID` int(10) unsigned NOT NULL,
  `attributeHandle` varchar(255) COLLATE utf8_unicode_ci DEFAULT NULL,
  `attributeTitleText` varchar(255) COLLATE utf8_unicode_ci DEFAULT NULL,
  `displayTag` varchar(255) COLLATE utf8_unicode_ci DEFAULT NULL,
  `dateFormat` varchar(100) COLLATE utf8_unicode_ci DEFAULT 'div',
  `thumbnailHeight` int(10) unsigned DEFAULT NULL,
  `thumbnailWidth` int(10) unsigned DEFAULT NULL
) ENGINE=InnoDB DEFAULT CHARSET=utf8 COLLATE=utf8_unicode_ci;

--
-- Contenu de la table `btPageAttributeDisplay`
--

INSERT INTO `btPageAttributeDisplay` (`bID`, `attributeHandle`, `attributeTitleText`, `displayTag`, `dateFormat`, `thumbnailHeight`, `thumbnailWidth`) VALUES
(260, 'rpv_pageName', '', 'h3', 'm/d/y h:i:a', 250, 250);

-- --------------------------------------------------------

--
-- Structure de la table `btPageList`
--

DROP TABLE IF EXISTS `btPageList`;
CREATE TABLE `btPageList` (
  `bID` int(10) unsigned NOT NULL,
  `num` smallint(5) unsigned NOT NULL,
  `orderBy` varchar(32) COLLATE utf8_unicode_ci DEFAULT NULL,
  `cParentID` int(10) unsigned NOT NULL DEFAULT '1',
  `cThis` tinyint(1) NOT NULL DEFAULT '0',
  `useButtonForLink` tinyint(1) NOT NULL DEFAULT '0',
  `buttonLinkText` varchar(255) COLLATE utf8_unicode_ci DEFAULT NULL,
  `pageListTitle` varchar(255) COLLATE utf8_unicode_ci DEFAULT NULL,
  `relatedTopicAttributeKeyHandle` varchar(255) COLLATE utf8_unicode_ci DEFAULT NULL,
  `includeName` tinyint(1) NOT NULL DEFAULT '1',
  `includeDescription` tinyint(1) NOT NULL DEFAULT '1',
  `includeDate` tinyint(1) NOT NULL DEFAULT '0',
  `includeAllDescendents` tinyint(1) NOT NULL DEFAULT '0',
  `paginate` tinyint(1) NOT NULL DEFAULT '0',
  `displayAliases` tinyint(1) NOT NULL DEFAULT '1',
  `enableExternalFiltering` tinyint(1) NOT NULL DEFAULT '0',
  `filterByRelated` tinyint(1) NOT NULL DEFAULT '0',
  `ptID` smallint(5) unsigned DEFAULT NULL,
  `pfID` int(11) DEFAULT '0',
  `truncateSummaries` int(11) DEFAULT '0',
  `displayFeaturedOnly` tinyint(1) DEFAULT '0',
  `noResultsMessage` varchar(255) COLLATE utf8_unicode_ci DEFAULT NULL,
  `displayThumbnail` tinyint(1) DEFAULT '0',
  `truncateChars` int(11) DEFAULT '128',
  `filterByCustomTopic` tinyint(1) NOT NULL DEFAULT '0',
  `customTopicAttributeKeyHandle` varchar(255) COLLATE utf8_unicode_ci DEFAULT NULL,
  `customTopicTreeNodeID` int(10) unsigned NOT NULL DEFAULT '0'
) ENGINE=InnoDB DEFAULT CHARSET=utf8 COLLATE=utf8_unicode_ci;

--
-- Contenu de la table `btPageList`
--

INSERT INTO `btPageList` (`bID`, `num`, `orderBy`, `cParentID`, `cThis`, `useButtonForLink`, `buttonLinkText`, `pageListTitle`, `relatedTopicAttributeKeyHandle`, `includeName`, `includeDescription`, `includeDate`, `includeAllDescendents`, `paginate`, `displayAliases`, `enableExternalFiltering`, `filterByRelated`, `ptID`, `pfID`, `truncateSummaries`, `displayFeaturedOnly`, `noResultsMessage`, `displayThumbnail`, `truncateChars`, `filterByCustomTopic`, `customTopicAttributeKeyHandle`, `customTopicTreeNodeID`) VALUES
(62, 3, 'display_asc', 148, 0, 0, '', '', '', 1, 1, 0, 0, 0, 0, 0, 0, 0, 0, 0, 0, '', 0, 0, 0, NULL, 0),
(75, 0, 'display_asc', 148, 1, 0, '', '', '', 1, 1, 0, 0, 0, 0, 0, 0, 0, 0, 0, 0, '', 1, 0, 0, NULL, 0),
(77, 0, 'display_asc', 148, 1, 0, '', '', '', 1, 1, 0, 0, 0, 0, 0, 0, 0, 0, 0, 0, '', 1, 0, 0, NULL, 0),
(83, 3, 'display_asc', 148, 0, 0, '', '', '', 1, 1, 0, 0, 0, 0, 0, 0, 0, 0, 0, 0, '', 1, 0, 0, NULL, 0),
(93, 9, 'display_asc', 160, 0, 0, '', '', '', 1, 1, 0, 0, 0, 0, 0, 0, 0, 0, 0, 0, '', 1, 0, 0, NULL, 0),
(180, 0, 'display_asc', 165, 1, 0, '', '', '', 1, 1, 0, 0, 0, 0, 0, 0, 0, 0, 0, 0, '', 0, 0, 0, NULL, 0),
(183, 0, 'display_asc', 165, 0, 0, '', '', '', 1, 1, 0, 0, 0, 0, 0, 0, 0, 0, 0, 0, '', 0, 0, 0, NULL, 0);

-- --------------------------------------------------------

--
-- Structure de la table `btPageTitle`
--

DROP TABLE IF EXISTS `btPageTitle`;
CREATE TABLE `btPageTitle` (
  `bID` int(10) unsigned NOT NULL,
  `useCustomTitle` int(10) unsigned DEFAULT '0',
  `titleText` varchar(255) COLLATE utf8_unicode_ci DEFAULT NULL,
  `formatting` varchar(3) COLLATE utf8_unicode_ci DEFAULT NULL
) ENGINE=InnoDB DEFAULT CHARSET=utf8 COLLATE=utf8_unicode_ci;

-- --------------------------------------------------------

--
-- Structure de la table `btRssDisplay`
--

DROP TABLE IF EXISTS `btRssDisplay`;
CREATE TABLE `btRssDisplay` (
  `bID` int(10) unsigned NOT NULL,
  `title` varchar(255) COLLATE utf8_unicode_ci DEFAULT NULL,
  `url` varchar(255) COLLATE utf8_unicode_ci DEFAULT NULL,
  `dateFormat` varchar(100) COLLATE utf8_unicode_ci DEFAULT NULL,
  `itemsToDisplay` int(10) unsigned DEFAULT '5',
  `showSummary` tinyint(1) NOT NULL DEFAULT '1',
  `launchInNewWindow` tinyint(1) NOT NULL DEFAULT '1'
) ENGINE=InnoDB DEFAULT CHARSET=utf8 COLLATE=utf8_unicode_ci;

-- --------------------------------------------------------

--
-- Structure de la table `btSearch`
--

DROP TABLE IF EXISTS `btSearch`;
CREATE TABLE `btSearch` (
  `bID` int(10) unsigned NOT NULL,
  `title` varchar(255) COLLATE utf8_unicode_ci DEFAULT NULL,
  `buttonText` varchar(128) COLLATE utf8_unicode_ci DEFAULT NULL,
  `baseSearchPath` varchar(255) COLLATE utf8_unicode_ci DEFAULT NULL,
  `postTo_cID` varchar(255) COLLATE utf8_unicode_ci DEFAULT NULL,
  `resultsURL` varchar(255) COLLATE utf8_unicode_ci DEFAULT NULL
) ENGINE=InnoDB DEFAULT CHARSET=utf8 COLLATE=utf8_unicode_ci;

-- --------------------------------------------------------

--
-- Structure de la table `btShareThisPage`
--

DROP TABLE IF EXISTS `btShareThisPage`;
CREATE TABLE `btShareThisPage` (
  `btShareThisPageID` int(10) unsigned NOT NULL,
  `bID` int(10) unsigned DEFAULT '0',
  `service` varchar(255) COLLATE utf8_unicode_ci DEFAULT NULL,
  `displayOrder` int(10) unsigned DEFAULT '0'
) ENGINE=InnoDB DEFAULT CHARSET=utf8 COLLATE=utf8_unicode_ci;

-- --------------------------------------------------------

--
-- Structure de la table `btSocialLinks`
--

DROP TABLE IF EXISTS `btSocialLinks`;
CREATE TABLE `btSocialLinks` (
  `btSocialLinkID` int(10) unsigned NOT NULL,
  `bID` int(10) unsigned DEFAULT '0',
  `slID` int(10) unsigned DEFAULT '0',
  `displayOrder` int(10) unsigned DEFAULT '0'
) ENGINE=InnoDB DEFAULT CHARSET=utf8 COLLATE=utf8_unicode_ci;

-- --------------------------------------------------------

--
-- Structure de la table `btSurvey`
--

DROP TABLE IF EXISTS `btSurvey`;
CREATE TABLE `btSurvey` (
  `bID` int(10) unsigned NOT NULL,
  `question` varchar(255) COLLATE utf8_unicode_ci DEFAULT '',
  `requiresRegistration` int(11) DEFAULT '0'
) ENGINE=InnoDB DEFAULT CHARSET=utf8 COLLATE=utf8_unicode_ci;

-- --------------------------------------------------------

--
-- Structure de la table `btSurveyOptions`
--

DROP TABLE IF EXISTS `btSurveyOptions`;
CREATE TABLE `btSurveyOptions` (
  `optionID` int(10) unsigned NOT NULL,
  `bID` int(11) DEFAULT NULL,
  `optionName` varchar(255) COLLATE utf8_unicode_ci DEFAULT NULL,
  `displayOrder` int(11) DEFAULT '0'
) ENGINE=InnoDB DEFAULT CHARSET=utf8 COLLATE=utf8_unicode_ci;

-- --------------------------------------------------------

--
-- Structure de la table `btSurveyResults`
--

DROP TABLE IF EXISTS `btSurveyResults`;
CREATE TABLE `btSurveyResults` (
  `resultID` int(10) unsigned NOT NULL,
  `optionID` int(10) unsigned DEFAULT '0',
  `uID` int(10) unsigned DEFAULT '0',
  `bID` int(11) DEFAULT NULL,
  `cID` int(11) DEFAULT NULL,
  `ipAddress` varchar(128) COLLATE utf8_unicode_ci DEFAULT NULL,
  `timestamp` timestamp NOT NULL DEFAULT CURRENT_TIMESTAMP
) ENGINE=InnoDB DEFAULT CHARSET=utf8 COLLATE=utf8_unicode_ci;

-- --------------------------------------------------------

--
-- Structure de la table `btSwitchLanguage`
--

DROP TABLE IF EXISTS `btSwitchLanguage`;
CREATE TABLE `btSwitchLanguage` (
  `bID` int(10) unsigned NOT NULL,
  `label` varchar(255) COLLATE utf8_unicode_ci DEFAULT ''
) ENGINE=InnoDB DEFAULT CHARSET=utf8 COLLATE=utf8_unicode_ci;

-- --------------------------------------------------------

--
-- Structure de la table `btTags`
--

DROP TABLE IF EXISTS `btTags`;
CREATE TABLE `btTags` (
  `bID` int(10) unsigned NOT NULL,
  `title` varchar(255) COLLATE utf8_unicode_ci DEFAULT NULL,
  `targetCID` int(11) DEFAULT NULL,
  `displayMode` varchar(20) COLLATE utf8_unicode_ci DEFAULT 'page',
  `cloudCount` int(11) DEFAULT '10'
) ENGINE=InnoDB DEFAULT CHARSET=utf8 COLLATE=utf8_unicode_ci;

-- --------------------------------------------------------

--
-- Structure de la table `btTestimonial`
--

DROP TABLE IF EXISTS `btTestimonial`;
CREATE TABLE `btTestimonial` (
  `bID` int(10) unsigned NOT NULL,
  `fID` int(10) unsigned DEFAULT '0',
  `name` varchar(255) COLLATE utf8_unicode_ci DEFAULT NULL,
  `position` varchar(255) COLLATE utf8_unicode_ci DEFAULT NULL,
  `company` varchar(255) COLLATE utf8_unicode_ci DEFAULT NULL,
  `companyURL` varchar(255) COLLATE utf8_unicode_ci DEFAULT NULL,
  `paragraph` text COLLATE utf8_unicode_ci
) ENGINE=InnoDB DEFAULT CHARSET=utf8 COLLATE=utf8_unicode_ci;

-- --------------------------------------------------------

--
-- Structure de la table `btTopicList`
--

DROP TABLE IF EXISTS `btTopicList`;
CREATE TABLE `btTopicList` (
  `bID` int(10) unsigned NOT NULL,
  `mode` varchar(1) COLLATE utf8_unicode_ci NOT NULL DEFAULT 'S',
  `topicAttributeKeyHandle` varchar(255) COLLATE utf8_unicode_ci NOT NULL DEFAULT '',
  `topicTreeID` int(10) unsigned NOT NULL DEFAULT '0',
  `cParentID` int(10) unsigned NOT NULL DEFAULT '0',
  `title` varchar(255) COLLATE utf8_unicode_ci NOT NULL DEFAULT ''
) ENGINE=InnoDB DEFAULT CHARSET=utf8 COLLATE=utf8_unicode_ci;

-- --------------------------------------------------------

--
-- Structure de la table `btVideo`
--

DROP TABLE IF EXISTS `btVideo`;
CREATE TABLE `btVideo` (
  `bID` int(10) unsigned NOT NULL,
  `webmfID` int(10) unsigned DEFAULT '0',
  `oggfID` int(10) unsigned DEFAULT '0',
  `posterfID` int(10) unsigned DEFAULT '0',
  `mp4fID` int(10) unsigned DEFAULT '0',
  `width` int(10) unsigned DEFAULT NULL,
  `height` int(10) unsigned DEFAULT NULL
) ENGINE=InnoDB DEFAULT CHARSET=utf8 COLLATE=utf8_unicode_ci;

-- --------------------------------------------------------

--
-- Structure de la table `btYouTube`
--

DROP TABLE IF EXISTS `btYouTube`;
CREATE TABLE `btYouTube` (
  `bID` int(10) unsigned NOT NULL,
  `title` varchar(255) COLLATE utf8_unicode_ci DEFAULT NULL,
  `videoURL` varchar(255) COLLATE utf8_unicode_ci DEFAULT NULL,
  `vHeight` varchar(255) COLLATE utf8_unicode_ci DEFAULT NULL,
  `vWidth` varchar(255) COLLATE utf8_unicode_ci DEFAULT NULL,
  `vPlayer` tinyint(1) NOT NULL DEFAULT '0'
) ENGINE=InnoDB DEFAULT CHARSET=utf8 COLLATE=utf8_unicode_ci;

-- --------------------------------------------------------

--
-- Structure de la table `CollectionAttributeValues`
--

DROP TABLE IF EXISTS `CollectionAttributeValues`;
CREATE TABLE `CollectionAttributeValues` (
  `cID` int(10) unsigned NOT NULL DEFAULT '0',
  `cvID` int(10) unsigned NOT NULL DEFAULT '0',
  `akID` int(10) unsigned NOT NULL DEFAULT '0',
  `avID` int(10) unsigned DEFAULT '0'
) ENGINE=InnoDB DEFAULT CHARSET=utf8 COLLATE=utf8_unicode_ci;

--
-- Contenu de la table `CollectionAttributeValues`
--

INSERT INTO `CollectionAttributeValues` (`cID`, `cvID`, `akID`, `avID`) VALUES
(2, 1, 4, 1),
(3, 1, 3, 2),
(4, 1, 3, 3),
(5, 1, 3, 4),
(6, 1, 3, 5),
(8, 1, 3, 6),
(9, 1, 3, 7),
(10, 1, 3, 8),
(11, 1, 5, 9),
(11, 1, 3, 10),
(12, 1, 3, 11),
(13, 1, 3, 12),
(14, 1, 3, 13),
(15, 1, 3, 14),
(16, 1, 3, 15),
(16, 1, 5, 16),
(17, 1, 3, 17),
(17, 1, 5, 18),
(19, 1, 3, 19),
(20, 1, 3, 20),
(22, 1, 3, 21),
(23, 1, 3, 22),
(24, 1, 3, 23),
(25, 1, 3, 24),
(26, 1, 3, 25),
(28, 1, 3, 26),
(29, 1, 3, 27),
(29, 1, 5, 28),
(31, 1, 5, 29),
(32, 1, 5, 30),
(33, 1, 5, 31),
(34, 1, 5, 32),
(35, 1, 5, 33),
(36, 1, 5, 34),
(38, 1, 5, 35),
(39, 1, 3, 36),
(40, 1, 3, 37),
(41, 1, 3, 38),
(43, 1, 4, 39),
(44, 1, 3, 40),
(48, 1, 3, 41),
(50, 1, 5, 42),
(50, 1, 10, 43),
(50, 1, 3, 44),
(51, 1, 3, 45),
(52, 1, 3, 46),
(53, 1, 5, 47),
(54, 1, 3, 48),
(55, 1, 3, 49),
(56, 1, 3, 50),
(56, 1, 5, 51),
(57, 1, 3, 52),
(58, 1, 3, 53),
(59, 1, 3, 54),
(61, 1, 3, 55),
(62, 1, 3, 56),
(63, 1, 3, 57),
(64, 1, 3, 58),
(65, 1, 3, 59),
(66, 1, 3, 60),
(67, 1, 3, 61),
(68, 1, 3, 62),
(73, 1, 3, 63),
(74, 1, 3, 64),
(75, 1, 3, 65),
(76, 1, 3, 66),
(77, 1, 3, 67),
(79, 1, 3, 68),
(80, 1, 3, 69),
(81, 1, 3, 70),
(82, 1, 3, 71),
(84, 1, 3, 72),
(85, 1, 3, 73),
(86, 1, 3, 74),
(87, 1, 3, 75),
(89, 1, 3, 76),
(90, 1, 3, 77),
(93, 1, 3, 78),
(94, 1, 3, 79),
(95, 1, 3, 80),
(96, 1, 3, 81),
(98, 1, 3, 82),
(99, 1, 3, 83),
(100, 1, 3, 84),
(101, 1, 3, 85),
(102, 1, 3, 86),
(103, 1, 3, 87),
(104, 1, 3, 88),
(105, 1, 3, 89),
(106, 1, 3, 90),
(107, 1, 3, 91),
(108, 1, 3, 92),
(109, 1, 3, 93),
(111, 1, 3, 94),
(112, 1, 3, 95),
(113, 1, 3, 96),
(114, 1, 3, 97),
(116, 1, 10, 98),
(117, 1, 3, 99),
(118, 1, 3, 100),
(119, 1, 3, 101),
(120, 1, 3, 102),
(121, 1, 3, 103),
(123, 1, 3, 104),
(124, 1, 5, 105),
(125, 1, 5, 106),
(125, 1, 10, 107),
(126, 1, 4, 108),
(127, 1, 4, 109),
(128, 1, 4, 110),
(131, 1, 4, 111),
(159, 6, 19, 142),
(159, 7, 19, 142),
(159, 8, 19, 142),
(159, 9, 19, 142),
(159, 10, 19, 142),
(159, 11, 19, 142),
(159, 12, 19, 142),
(159, 13, 19, 142),
(159, 14, 19, 142),
(159, 15, 19, 142),
(159, 16, 19, 142),
(159, 17, 19, 142),
(159, 18, 19, 142),
(159, 19, 19, 142),
(159, 20, 19, 142),
(159, 21, 19, 142),
(161, 6, 19, 142),
(162, 6, 19, 142),
(163, 6, 19, 142),
(163, 7, 19, 142),
(163, 8, 19, 142),
(163, 9, 19, 142),
(163, 10, 19, 142),
(165, 6, 19, 142),
(165, 7, 19, 142),
(165, 8, 19, 142),
(165, 9, 19, 142),
(165, 10, 19, 142),
(165, 11, 19, 142),
(165, 12, 19, 142),
(165, 13, 19, 142),
(165, 14, 19, 142),
(165, 15, 19, 142),
(165, 16, 19, 142),
(165, 17, 19, 142),
(165, 18, 19, 142),
(165, 19, 19, 142),
(165, 20, 19, 142),
(165, 21, 19, 142),
(160, 4, 1, 143),
(160, 5, 1, 143),
(160, 6, 1, 143),
(160, 4, 2, 144),
(160, 5, 2, 144),
(160, 6, 2, 144),
(160, 4, 3, 145),
(160, 5, 3, 145),
(160, 6, 3, 145),
(160, 4, 7, 146),
(160, 5, 7, 146),
(160, 6, 7, 146),
(160, 4, 11, 147),
(160, 5, 11, 147),
(160, 6, 11, 147),
(161, 7, 19, 150),
(161, 8, 19, 150),
(161, 9, 19, 150),
(162, 7, 19, 150),
(162, 8, 19, 150),
(162, 9, 19, 150),
(162, 10, 19, 150),
(161, 9, 1, 151),
(162, 9, 1, 151),
(161, 9, 2, 152),
(162, 9, 2, 152),
(161, 9, 3, 153),
(162, 9, 3, 153),
(161, 9, 7, 154),
(162, 9, 7, 154),
(161, 9, 11, 155),
(162, 9, 11, 155),
(162, 10, 1, 156),
(162, 10, 2, 157),
(162, 10, 3, 158),
(162, 10, 7, 159),
(162, 10, 11, 160),
(162, 11, 1, 163),
(162, 11, 2, 164),
(162, 11, 3, 165),
(162, 11, 7, 166),
(162, 11, 11, 167),
(162, 11, 19, 168),
(161, 10, 1, 169),
(161, 10, 2, 170),
(161, 10, 3, 171),
(161, 10, 7, 172),
(161, 10, 11, 173),
(161, 10, 19, 174),
(162, 12, 1, 175),
(162, 13, 1, 175),
(162, 12, 2, 176),
(162, 13, 2, 176),
(162, 12, 3, 177),
(162, 13, 3, 177),
(162, 12, 7, 178),
(162, 13, 7, 178),
(162, 12, 11, 179),
(162, 13, 11, 179),
(162, 12, 19, 180),
(162, 13, 19, 180),
(162, 14, 1, 181),
(162, 15, 1, 181),
(162, 14, 2, 182),
(162, 15, 2, 182),
(162, 14, 3, 183),
(162, 15, 3, 183),
(162, 14, 7, 184),
(162, 15, 7, 184),
(162, 14, 11, 185),
(162, 15, 11, 185),
(162, 14, 19, 186),
(162, 15, 19, 186),
(163, 11, 19, 187),
(163, 12, 19, 187),
(163, 11, 5, 188),
(163, 12, 5, 188),
(163, 11, 6, 189),
(163, 12, 6, 189),
(165, 22, 19, 213),
(165, 23, 19, 213),
(165, 22, 5, 214),
(165, 23, 5, 214),
(165, 22, 6, 215),
(165, 23, 6, 215),
(165, 23, 1, 216),
(165, 23, 2, 217),
(165, 23, 3, 218),
(165, 23, 7, 219),
(165, 23, 11, 220),
(165, 24, 1, 223),
(165, 25, 1, 223),
(165, 26, 1, 223),
(165, 27, 1, 223),
(165, 28, 1, 223),
(165, 29, 1, 223),
(165, 30, 1, 223),
(165, 31, 1, 223),
(165, 32, 1, 223),
(165, 33, 1, 223),
(165, 34, 1, 223),
(165, 35, 1, 223),
(165, 36, 1, 223),
(165, 37, 1, 223),
(165, 38, 1, 223),
(165, 39, 1, 223),
(165, 40, 1, 223),
(165, 41, 1, 223),
(165, 42, 1, 223),
(165, 43, 1, 223),
(165, 44, 1, 223),
(165, 45, 1, 223),
(165, 24, 2, 224),
(165, 25, 2, 224),
(165, 26, 2, 224),
(165, 27, 2, 224),
(165, 28, 2, 224),
(165, 29, 2, 224),
(165, 30, 2, 224),
(165, 31, 2, 224),
(165, 32, 2, 224),
(165, 33, 2, 224),
(165, 34, 2, 224),
(165, 35, 2, 224),
(165, 36, 2, 224),
(165, 37, 2, 224),
(165, 38, 2, 224),
(165, 39, 2, 224),
(165, 40, 2, 224),
(165, 41, 2, 224),
(165, 42, 2, 224),
(165, 43, 2, 224),
(165, 44, 2, 224),
(165, 45, 2, 224),
(165, 24, 3, 225),
(165, 25, 3, 225),
(165, 26, 3, 225),
(165, 27, 3, 225),
(165, 28, 3, 225),
(165, 29, 3, 225),
(165, 30, 3, 225),
(165, 31, 3, 225),
(165, 32, 3, 225),
(165, 33, 3, 225),
(165, 34, 3, 225),
(165, 35, 3, 225),
(165, 36, 3, 225),
(165, 37, 3, 225),
(165, 38, 3, 225),
(165, 39, 3, 225),
(165, 40, 3, 225),
(165, 41, 3, 225),
(165, 42, 3, 225),
(165, 43, 3, 225),
(165, 44, 3, 225),
(165, 45, 3, 225),
(165, 24, 5, 226),
(165, 25, 5, 226),
(165, 26, 5, 226),
(165, 27, 5, 226),
(165, 28, 5, 226),
(165, 29, 5, 226),
(165, 30, 5, 226),
(165, 31, 5, 226),
(165, 32, 5, 226),
(165, 33, 5, 226),
(165, 34, 5, 226),
(165, 35, 5, 226),
(165, 36, 5, 226),
(165, 37, 5, 226),
(165, 38, 5, 226),
(165, 39, 5, 226),
(165, 40, 5, 226),
(165, 41, 5, 226),
(165, 42, 5, 226),
(165, 43, 5, 226),
(165, 44, 5, 226),
(165, 45, 5, 226),
(165, 24, 6, 227),
(165, 25, 6, 227),
(165, 26, 6, 227),
(165, 27, 6, 227),
(165, 28, 6, 227),
(165, 29, 6, 227),
(165, 30, 6, 227),
(165, 31, 6, 227),
(165, 32, 6, 227),
(165, 33, 6, 227),
(165, 34, 6, 227),
(165, 35, 6, 227),
(165, 36, 6, 227),
(165, 37, 6, 227),
(165, 38, 6, 227),
(165, 39, 6, 227),
(165, 40, 6, 227),
(165, 41, 6, 227),
(165, 42, 6, 227),
(165, 43, 6, 227),
(165, 44, 6, 227),
(165, 45, 6, 227),
(165, 24, 7, 228),
(165, 25, 7, 228),
(165, 26, 7, 228),
(165, 27, 7, 228),
(165, 28, 7, 228),
(165, 29, 7, 228),
(165, 30, 7, 228),
(165, 31, 7, 228),
(165, 32, 7, 228),
(165, 33, 7, 228),
(165, 34, 7, 228),
(165, 35, 7, 228),
(165, 36, 7, 228),
(165, 37, 7, 228),
(165, 38, 7, 228),
(165, 39, 7, 228),
(165, 40, 7, 228),
(165, 41, 7, 228),
(165, 42, 7, 228),
(165, 43, 7, 228),
(165, 44, 7, 228),
(165, 45, 7, 228),
(165, 24, 11, 229),
(165, 25, 11, 229),
(165, 26, 11, 229),
(165, 27, 11, 229),
(165, 28, 11, 229),
(165, 29, 11, 229),
(165, 30, 11, 229),
(165, 31, 11, 229),
(165, 32, 11, 229),
(165, 33, 11, 229),
(165, 34, 11, 229),
(165, 35, 11, 229),
(165, 36, 11, 229),
(165, 37, 11, 229),
(165, 38, 11, 229),
(165, 39, 11, 229),
(165, 40, 11, 229),
(165, 41, 11, 229),
(165, 42, 11, 229),
(165, 43, 11, 229),
(165, 44, 11, 229),
(165, 45, 11, 229),
(165, 24, 19, 230),
(165, 25, 19, 230),
(165, 26, 19, 230),
(165, 27, 19, 230),
(165, 28, 19, 230),
(165, 29, 19, 230),
(165, 30, 19, 230),
(165, 31, 19, 230),
(165, 32, 19, 230),
(165, 33, 19, 230),
(165, 34, 19, 230),
(165, 35, 19, 230),
(165, 36, 19, 230),
(165, 37, 19, 230),
(165, 38, 19, 230),
(165, 39, 19, 230),
(165, 40, 19, 230),
(165, 41, 19, 230),
(165, 42, 19, 230),
(165, 43, 19, 230),
(165, 44, 19, 230),
(165, 45, 19, 230),
(165, 46, 1, 280),
(165, 46, 2, 281),
(165, 46, 3, 282),
(165, 46, 5, 283),
(165, 46, 6, 284),
(165, 46, 7, 285),
(165, 46, 11, 286),
(165, 46, 19, 287),
(165, 47, 1, 290),
(165, 48, 1, 290),
(165, 49, 1, 290),
(165, 50, 1, 290),
(165, 51, 1, 290),
(165, 52, 1, 290),
(165, 53, 1, 290),
(165, 54, 1, 290),
(165, 47, 2, 291),
(165, 48, 2, 291),
(165, 49, 2, 291),
(165, 50, 2, 291),
(165, 51, 2, 291),
(165, 52, 2, 291),
(165, 53, 2, 291),
(165, 54, 2, 291),
(165, 47, 3, 292),
(165, 48, 3, 292),
(165, 49, 3, 292),
(165, 50, 3, 292),
(165, 51, 3, 292),
(165, 52, 3, 292),
(165, 53, 3, 292),
(165, 54, 3, 292),
(165, 47, 5, 293),
(165, 48, 5, 293),
(165, 49, 5, 293),
(165, 50, 5, 293),
(165, 51, 5, 293),
(165, 52, 5, 293),
(165, 53, 5, 293),
(165, 54, 5, 293),
(165, 47, 6, 294),
(165, 48, 6, 294),
(165, 49, 6, 294),
(165, 50, 6, 294),
(165, 51, 6, 294),
(165, 52, 6, 294),
(165, 53, 6, 294),
(165, 54, 6, 294),
(165, 47, 7, 295),
(165, 48, 7, 295),
(165, 49, 7, 295),
(165, 50, 7, 295),
(165, 51, 7, 295),
(165, 52, 7, 295),
(165, 53, 7, 295),
(165, 54, 7, 295),
(165, 47, 11, 296),
(165, 48, 11, 296),
(165, 49, 11, 296),
(165, 50, 11, 296),
(165, 51, 11, 296),
(165, 52, 11, 296),
(165, 53, 11, 296),
(165, 54, 11, 296),
(165, 47, 19, 297),
(165, 48, 19, 297),
(165, 49, 19, 297),
(165, 50, 19, 297),
(165, 51, 19, 297),
(165, 52, 19, 297),
(165, 53, 19, 297),
(165, 54, 19, 297),
(167, 3, 1, 302),
(167, 3, 2, 303),
(167, 3, 3, 304),
(167, 3, 7, 305),
(167, 3, 11, 306),
(167, 4, 1, 307),
(167, 4, 2, 308),
(167, 4, 3, 309),
(167, 4, 7, 310),
(167, 4, 11, 311),
(168, 5, 1, 312),
(168, 5, 2, 313),
(168, 5, 3, 314),
(168, 5, 7, 315),
(168, 5, 11, 316),
(168, 6, 1, 317),
(168, 7, 1, 317),
(168, 8, 1, 317),
(168, 9, 1, 317),
(168, 10, 1, 317),
(168, 11, 1, 317),
(168, 12, 1, 317),
(168, 13, 1, 317),
(168, 14, 1, 317),
(169, 8, 1, 317),
(169, 9, 1, 317),
(169, 10, 1, 317),
(169, 11, 1, 317),
(169, 12, 1, 317),
(169, 13, 1, 317),
(168, 6, 2, 318),
(168, 7, 2, 318),
(168, 8, 2, 318),
(168, 9, 2, 318),
(168, 10, 2, 318),
(168, 11, 2, 318),
(168, 12, 2, 318),
(168, 13, 2, 318),
(168, 14, 2, 318),
(169, 8, 2, 318),
(169, 9, 2, 318),
(169, 10, 2, 318),
(169, 11, 2, 318),
(169, 12, 2, 318),
(169, 13, 2, 318),
(168, 6, 3, 319),
(168, 7, 3, 319),
(168, 8, 3, 319),
(168, 9, 3, 319),
(168, 10, 3, 319),
(168, 11, 3, 319),
(168, 12, 3, 319),
(168, 13, 3, 319),
(168, 14, 3, 319),
(169, 8, 3, 319),
(169, 9, 3, 319),
(169, 10, 3, 319),
(169, 11, 3, 319),
(169, 12, 3, 319),
(169, 13, 3, 319),
(168, 6, 7, 320),
(168, 7, 7, 320),
(168, 8, 7, 320),
(168, 9, 7, 320),
(168, 10, 7, 320),
(168, 11, 7, 320),
(168, 12, 7, 320),
(168, 13, 7, 320),
(168, 14, 7, 320),
(169, 8, 7, 320),
(169, 9, 7, 320),
(169, 10, 7, 320),
(169, 11, 7, 320),
(169, 12, 7, 320),
(169, 13, 7, 320),
(168, 6, 11, 321),
(168, 7, 11, 321),
(168, 8, 11, 321),
(168, 9, 11, 321),
(168, 10, 11, 321),
(168, 11, 11, 321),
(168, 12, 11, 321),
(168, 13, 11, 321),
(168, 14, 11, 321),
(169, 8, 11, 321),
(169, 9, 11, 321),
(169, 10, 11, 321),
(169, 11, 11, 321),
(169, 12, 11, 321),
(169, 13, 11, 321),
(169, 14, 1, 322),
(169, 15, 1, 322),
(169, 16, 1, 322),
(169, 17, 1, 322),
(169, 18, 1, 322),
(169, 19, 1, 322),
(169, 20, 1, 322),
(169, 21, 1, 322),
(169, 14, 2, 323),
(169, 15, 2, 323),
(169, 16, 2, 323),
(169, 17, 2, 323),
(169, 18, 2, 323),
(169, 19, 2, 323),
(169, 20, 2, 323),
(169, 21, 2, 323),
(169, 14, 3, 324),
(169, 15, 3, 324),
(169, 16, 3, 324),
(169, 17, 3, 324),
(169, 18, 3, 324),
(169, 19, 3, 324),
(169, 20, 3, 324),
(169, 21, 3, 324),
(169, 14, 7, 325),
(169, 15, 7, 325),
(169, 16, 7, 325),
(169, 17, 7, 325),
(169, 18, 7, 325),
(169, 19, 7, 325),
(169, 20, 7, 325),
(169, 21, 7, 325),
(169, 14, 11, 326),
(169, 15, 11, 326),
(169, 16, 11, 326),
(169, 17, 11, 326),
(169, 18, 11, 326),
(169, 19, 11, 326),
(169, 20, 11, 326),
(169, 21, 11, 326),
(173, 6, 1, 331),
(173, 6, 2, 332),
(173, 6, 3, 333),
(173, 6, 7, 334),
(173, 6, 11, 335),
(173, 7, 1, 336),
(173, 8, 1, 336),
(173, 7, 2, 337),
(173, 8, 2, 337),
(173, 7, 3, 338),
(173, 8, 3, 338),
(173, 7, 7, 339),
(173, 8, 7, 339),
(173, 7, 11, 340),
(173, 8, 11, 340),
(173, 7, 21, 341),
(173, 8, 21, 341),
(174, 6, 1, 346),
(174, 7, 1, 346),
(174, 8, 1, 346),
(174, 6, 2, 347),
(174, 7, 2, 347),
(174, 8, 2, 347),
(174, 6, 3, 348),
(174, 7, 3, 348),
(174, 8, 3, 348),
(174, 6, 7, 349),
(174, 7, 7, 349),
(174, 8, 7, 349),
(174, 6, 11, 350),
(174, 7, 11, 350),
(174, 8, 11, 350),
(175, 1, 3, 357);

-- --------------------------------------------------------

--
-- Structure de la table `Collections`
--

DROP TABLE IF EXISTS `Collections`;
CREATE TABLE `Collections` (
  `cID` int(10) unsigned NOT NULL,
  `cDateAdded` datetime NOT NULL DEFAULT '0000-00-00 00:00:00',
  `cDateModified` datetime NOT NULL DEFAULT '0000-00-00 00:00:00',
  `cHandle` varchar(255) COLLATE utf8_unicode_ci DEFAULT NULL
) ENGINE=InnoDB AUTO_INCREMENT=177 DEFAULT CHARSET=utf8 COLLATE=utf8_unicode_ci;

--
-- Contenu de la table `Collections`
--

INSERT INTO `Collections` (`cID`, `cDateAdded`, `cDateModified`, `cHandle`) VALUES
(1, '2015-01-18 20:10:11', '2015-01-25 20:09:30', 'home'),
(2, '2015-01-18 20:12:42', '2015-01-18 20:12:42', 'dashboard'),
(3, '2015-01-18 20:12:42', '2015-01-18 20:12:42', 'sitemap'),
(4, '2015-01-18 20:12:42', '2015-01-18 20:12:42', 'full'),
(5, '2015-01-18 20:12:42', '2015-01-18 20:12:42', 'explore'),
(6, '2015-01-18 20:12:42', '2015-01-18 20:12:42', 'search'),
(7, '2015-01-18 20:12:42', '2015-01-18 20:12:42', 'files'),
(8, '2015-01-18 20:12:42', '2015-01-18 20:12:42', 'search'),
(9, '2015-01-18 20:12:43', '2015-01-18 20:12:43', 'attributes'),
(10, '2015-01-18 20:12:43', '2015-01-18 20:12:43', 'sets'),
(11, '2015-01-18 20:12:43', '2015-01-18 20:12:43', 'add_set'),
(12, '2015-01-18 20:12:43', '2015-01-18 20:12:43', 'users'),
(13, '2015-01-18 20:12:43', '2015-01-18 20:12:43', 'search'),
(14, '2015-01-18 20:12:43', '2015-01-18 20:12:43', 'groups'),
(15, '2015-01-18 20:12:43', '2015-01-18 20:12:43', 'attributes'),
(16, '2015-01-18 20:12:43', '2015-01-18 20:12:43', 'add'),
(17, '2015-01-18 20:12:43', '2015-01-18 20:12:43', 'add_group'),
(18, '2015-01-18 20:12:43', '2015-01-18 20:12:43', 'bulkupdate'),
(19, '2015-01-18 20:12:43', '2015-01-18 20:12:43', 'group_sets'),
(20, '2015-01-18 20:12:43', '2015-01-18 20:12:43', 'points'),
(21, '2015-01-18 20:12:43', '2015-01-18 20:12:43', 'assign'),
(22, '2015-01-18 20:12:43', '2015-01-18 20:12:43', 'actions'),
(23, '2015-01-18 20:12:43', '2015-01-18 20:12:43', 'reports'),
(24, '2015-01-18 20:12:43', '2015-01-18 20:12:43', 'forms'),
(25, '2015-01-18 20:12:43', '2015-01-18 20:12:43', 'surveys'),
(26, '2015-01-18 20:12:43', '2015-01-18 20:12:43', 'logs'),
(27, '2015-01-18 20:12:43', '2015-01-18 20:12:43', 'pages'),
(28, '2015-01-18 20:12:43', '2015-01-18 20:12:43', 'themes'),
(29, '2015-01-18 20:12:43', '2015-01-18 20:12:43', 'inspect'),
(30, '2015-01-18 20:12:43', '2015-01-18 20:12:43', 'types'),
(31, '2015-01-18 20:12:43', '2015-01-18 20:12:43', 'organize'),
(32, '2015-01-18 20:12:43', '2015-01-18 20:12:43', 'add'),
(33, '2015-01-18 20:12:43', '2015-01-18 20:12:43', 'form'),
(34, '2015-01-18 20:12:43', '2015-01-18 20:12:43', 'output'),
(35, '2015-01-18 20:12:43', '2015-01-18 20:12:43', 'attributes'),
(36, '2015-01-18 20:12:43', '2015-01-18 20:12:43', 'permissions'),
(37, '2015-01-18 20:12:43', '2015-01-18 20:12:43', 'templates'),
(38, '2015-01-18 20:12:43', '2015-01-18 20:12:43', 'add'),
(39, '2015-01-18 20:12:43', '2015-01-18 20:12:43', 'attributes'),
(40, '2015-01-18 20:12:43', '2015-01-18 20:12:43', 'single'),
(41, '2015-01-18 20:12:43', '2015-01-18 20:12:43', 'feeds'),
(42, '2015-01-18 20:12:43', '2015-01-18 20:12:44', 'conversations'),
(43, '2015-01-18 20:12:44', '2015-01-18 20:12:44', 'messages'),
(44, '2015-01-18 20:12:44', '2015-01-18 20:12:44', 'workflow'),
(45, '2015-01-18 20:12:44', '2015-01-18 20:12:44', 'workflows'),
(46, '2015-01-18 20:12:44', '2015-01-18 20:12:44', 'me'),
(47, '2015-01-18 20:12:44', '2015-01-18 20:12:44', 'blocks'),
(48, '2015-01-18 20:12:44', '2015-01-18 20:12:44', 'stacks'),
(49, '2015-01-18 20:12:44', '2015-01-18 20:12:44', 'permissions'),
(50, '2015-01-18 20:12:44', '2015-01-18 20:12:44', 'list'),
(51, '2015-01-18 20:12:44', '2015-01-18 20:12:44', 'types'),
(52, '2015-01-18 20:12:44', '2015-01-18 20:12:44', 'extend'),
(53, '2015-01-18 20:12:44', '2015-01-18 20:12:44', 'news'),
(54, '2015-01-18 20:12:44', '2015-01-18 20:12:44', 'install'),
(55, '2015-01-18 20:12:44', '2015-01-18 20:12:44', 'update'),
(56, '2015-01-18 20:12:44', '2015-01-18 20:12:44', 'connect'),
(57, '2015-01-18 20:12:44', '2015-01-18 20:12:44', 'themes'),
(58, '2015-01-18 20:12:44', '2015-01-18 20:12:44', 'addons'),
(59, '2015-01-18 20:12:44', '2015-01-18 20:12:44', 'system'),
(60, '2015-01-18 20:12:44', '2015-01-18 20:12:44', 'basics'),
(61, '2015-01-18 20:12:44', '2015-01-18 20:12:44', 'name'),
(62, '2015-01-18 20:12:44', '2015-01-18 20:12:44', 'accessibility'),
(63, '2015-01-18 20:12:44', '2015-01-18 20:12:44', 'social'),
(64, '2015-01-18 20:12:44', '2015-01-18 20:12:44', 'icons'),
(65, '2015-01-18 20:12:44', '2015-01-18 20:12:44', 'editor'),
(66, '2015-01-18 20:12:44', '2015-01-18 20:12:44', 'multilingual'),
(67, '2015-01-18 20:12:44', '2015-01-18 20:12:44', 'timezone'),
(68, '2015-01-18 20:12:44', '2015-01-18 20:12:44', 'multilingual'),
(69, '2015-01-18 20:12:44', '2015-01-18 20:12:44', 'setup'),
(70, '2015-01-18 20:12:44', '2015-01-18 20:12:44', 'page_report'),
(71, '2015-01-18 20:12:44', '2015-01-18 20:12:44', 'translate_interface'),
(72, '2015-01-18 20:12:44', '2015-01-18 20:12:44', 'seo'),
(73, '2015-01-18 20:12:44', '2015-09-17 01:00:55', 'urls'),
(74, '2015-01-18 20:12:44', '2015-01-18 20:12:44', 'bulk'),
(75, '2015-01-18 20:12:44', '2015-01-18 20:12:44', 'codes'),
(76, '2015-01-18 20:12:44', '2015-01-18 20:12:44', 'excluded'),
(77, '2015-01-18 20:12:44', '2015-01-18 20:12:44', 'searchindex'),
(78, '2015-01-18 20:12:44', '2015-01-18 20:12:44', 'files'),
(79, '2015-01-18 20:12:44', '2015-01-18 20:12:44', 'permissions'),
(80, '2015-01-18 20:12:45', '2015-01-18 20:12:45', 'filetypes'),
(81, '2015-01-18 20:12:45', '2015-01-18 20:12:45', 'thumbnails'),
(82, '2015-01-18 20:12:45', '2015-01-18 20:12:45', 'storage'),
(83, '2015-01-18 20:12:45', '2015-01-18 20:12:45', 'optimization'),
(84, '2015-01-18 20:12:45', '2015-01-18 20:12:45', 'cache'),
(85, '2015-01-18 20:12:45', '2015-01-18 20:12:45', 'clearcache'),
(86, '2015-01-18 20:12:45', '2015-01-18 20:12:45', 'jobs'),
(87, '2015-01-18 20:12:45', '2015-01-18 20:12:45', 'query_log'),
(88, '2015-01-18 20:12:45', '2015-01-18 20:12:45', 'permissions'),
(89, '2015-01-18 20:12:45', '2015-01-18 20:12:45', 'site'),
(90, '2015-01-18 20:12:45', '2015-01-18 20:12:45', 'tasks'),
(91, '2015-01-18 20:12:45', '2015-01-18 20:12:45', 'users'),
(92, '2015-01-18 20:12:45', '2015-01-18 20:12:45', 'advanced'),
(93, '2015-01-18 20:12:45', '2015-01-18 20:12:45', 'blacklist'),
(94, '2015-01-18 20:12:45', '2015-01-18 20:12:45', 'captcha'),
(95, '2015-01-18 20:12:45', '2015-01-18 20:12:45', 'antispam'),
(96, '2015-01-18 20:12:45', '2015-01-18 20:12:45', 'maintenance'),
(97, '2015-01-18 20:12:45', '2015-01-18 20:12:45', 'registration'),
(98, '2015-01-18 20:12:45', '2015-01-18 20:12:45', 'postlogin'),
(99, '2015-01-18 20:12:45', '2015-01-18 20:12:45', 'profiles'),
(100, '2015-01-18 20:12:45', '2015-01-18 20:12:45', 'open'),
(101, '2015-01-18 20:12:45', '2015-01-18 20:12:45', 'authentication'),
(102, '2015-01-18 20:12:45', '2015-01-18 20:12:45', 'mail'),
(103, '2015-01-18 20:12:45', '2015-01-18 20:12:45', 'method'),
(104, '2015-01-18 20:12:45', '2015-01-18 20:12:45', 'test'),
(105, '2015-01-18 20:12:45', '2015-01-18 20:12:45', 'importers'),
(106, '2015-01-18 20:12:45', '2015-01-18 20:12:45', 'conversations'),
(107, '2015-01-18 20:12:45', '2015-01-18 20:12:45', 'settings'),
(108, '2015-01-18 20:12:45', '2015-01-18 20:12:45', 'points'),
(109, '2015-01-18 20:12:45', '2015-01-18 20:12:45', 'bannedwords'),
(110, '2015-01-18 20:12:45', '2015-01-18 20:12:45', 'permissions'),
(111, '2015-01-18 20:12:45', '2015-01-18 20:12:45', 'attributes'),
(112, '2015-01-18 20:12:45', '2015-01-18 20:12:45', 'sets'),
(113, '2015-01-18 20:12:45', '2015-01-18 20:12:45', 'types'),
(114, '2015-01-18 20:12:45', '2015-01-18 20:12:45', 'topics'),
(115, '2015-01-18 20:12:45', '2015-01-18 20:12:45', 'add'),
(116, '2015-01-18 20:12:45', '2015-01-18 20:12:45', 'environment'),
(117, '2015-01-18 20:12:45', '2015-01-18 20:12:46', 'info'),
(118, '2015-01-18 20:12:46', '2015-01-18 20:12:46', 'debug'),
(119, '2015-01-18 20:12:46', '2015-01-18 20:12:46', 'logging'),
(120, '2015-01-18 20:12:46', '2015-01-18 20:12:46', 'proxy'),
(121, '2015-01-18 20:12:46', '2015-01-18 20:12:46', 'backup'),
(122, '2015-01-18 20:12:46', '2015-01-18 20:12:46', 'backup'),
(123, '2015-01-18 20:12:46', '2015-01-18 20:12:46', 'update'),
(124, '2015-01-18 20:12:46', '2015-01-18 20:12:46', 'welcome'),
(125, '2015-01-18 20:12:46', '2015-01-18 20:12:46', 'home'),
(126, '2015-01-18 20:12:50', '2015-01-18 20:12:50', '!drafts'),
(127, '2015-01-18 20:12:50', '2015-01-18 20:12:50', '!trash'),
(128, '2015-01-18 20:12:50', '2015-01-18 20:12:50', '!stacks'),
(129, '2015-01-18 20:12:50', '2015-01-18 20:12:50', 'login'),
(130, '2015-01-18 20:12:50', '2015-01-18 20:12:50', 'register'),
(131, '2015-01-18 20:12:50', '2015-01-18 20:12:50', 'account'),
(132, '2015-01-18 20:12:50', '2015-01-18 20:12:50', 'edit_profile'),
(133, '2015-01-18 20:12:50', '2015-01-18 20:12:50', 'avatar'),
(134, '2015-01-18 20:12:50', '2015-01-18 20:12:50', 'messages'),
(135, '2015-01-18 20:12:50', '2015-01-18 20:12:50', 'inbox'),
(136, '2015-01-18 20:12:50', '2015-01-18 20:12:50', 'members'),
(137, '2015-01-18 20:12:50', '2015-01-18 20:12:50', 'profile'),
(138, '2015-01-18 20:12:50', '2015-01-18 20:12:50', 'directory'),
(139, '2015-01-18 20:12:50', '2015-01-18 20:12:50', 'page_not_found'),
(140, '2015-01-18 20:12:50', '2015-01-18 20:12:50', 'page_forbidden'),
(141, '2015-01-18 20:12:50', '2015-01-18 20:12:50', 'download_file'),
(142, '2015-01-18 20:12:51', '2015-01-18 20:12:51', NULL),
(143, '2015-01-18 20:13:52', '2015-01-18 20:13:52', 'header-site-title'),
(144, '2015-01-18 20:13:52', '2015-04-27 08:17:47', 'header-navigation'),
(145, '2015-01-18 20:13:52', '2015-01-18 20:13:52', 'footer-legal'),
(146, '2015-01-18 20:13:52', '2015-01-18 20:13:52', 'footer-navigation'),
(147, '2015-01-18 20:13:52', '2015-01-18 20:13:52', 'footer-contact'),
(148, '2015-01-18 20:17:16', '2015-01-19 10:27:15', ''),
(149, '2015-01-18 20:18:07', '2015-01-18 20:28:00', 'responsive-navigation'),
(150, '2015-01-18 20:18:07', '2015-01-18 20:28:00', 'header-info'),
(151, '2015-01-18 20:18:07', '2015-01-18 20:18:07', 'header-social'),
(152, '2015-01-18 20:18:07', '2015-01-18 20:28:00', 'site-name'),
(153, '2015-01-18 20:18:07', '2015-01-18 20:18:07', 'footer-1'),
(154, '2015-01-18 20:18:07', '2015-01-18 20:18:07', 'footer-2'),
(155, '2015-01-18 20:18:07', '2015-01-18 20:18:07', 'footer-3'),
(156, '2015-01-18 20:18:07', '2015-01-18 20:18:07', 'footer-4'),
(157, '2015-01-18 20:18:07', '2015-01-18 20:18:07', 'footer-5'),
(158, '2015-01-18 20:18:07', '2015-01-18 20:18:07', 'footer-6'),
(159, '2015-01-18 20:28:20', '2015-04-16 08:22:43', ''),
(160, '2015-01-25 19:40:49', '2015-04-27 08:18:20', NULL),
(161, '2015-01-25 19:40:50', '2015-01-25 20:02:08', NULL),
(162, '2015-01-25 19:53:54', '2015-04-27 08:26:37', NULL),
(163, '2015-02-05 14:17:04', '2015-04-16 08:20:22', NULL),
(164, '2015-04-16 08:21:00', '2015-04-17 19:13:41', ''),
(165, '2015-04-17 19:13:52', '2015-04-24 12:11:23', NULL),
(166, '2015-04-23 06:21:38', '2015-04-23 06:43:32', ''),
(167, '2015-04-23 06:34:05', '2015-04-23 06:44:03', NULL),
(168, '2015-04-23 06:44:43', '2015-04-23 07:21:43', NULL),
(169, '2015-04-23 07:20:27', '2015-04-23 19:56:02', NULL),
(170, '2015-04-27 08:23:21', '2015-04-27 08:23:21', NULL),
(171, '2015-04-27 08:27:04', '2015-04-27 10:44:10', ''),
(172, '2015-04-27 08:28:22', '2015-04-27 08:28:22', ''),
(173, '2015-04-27 10:44:33', '2015-04-27 10:55:26', NULL),
(174, '2015-04-27 10:54:24', '2015-04-28 12:19:59', NULL),
(175, '2015-09-17 01:00:55', '2015-09-17 01:00:55', 'entities'),
(176, '2015-09-17 01:02:46', '2015-09-17 01:02:46', 'copy');

-- --------------------------------------------------------

--
-- Structure de la table `CollectionSearchIndexAttributes`
--

DROP TABLE IF EXISTS `CollectionSearchIndexAttributes`;
CREATE TABLE `CollectionSearchIndexAttributes` (
  `cID` int(10) unsigned NOT NULL DEFAULT '0',
  `ak_meta_title` longtext COLLATE utf8_unicode_ci,
  `ak_meta_description` longtext COLLATE utf8_unicode_ci,
  `ak_meta_keywords` longtext COLLATE utf8_unicode_ci,
  `ak_icon_dashboard` longtext COLLATE utf8_unicode_ci,
  `ak_exclude_nav` tinyint(1) DEFAULT '0',
  `ak_exclude_page_list` tinyint(1) DEFAULT '0',
  `ak_header_extra_content` longtext COLLATE utf8_unicode_ci,
  `ak_tags` varchar(255) COLLATE utf8_unicode_ci DEFAULT NULL,
  `ak_is_featured` tinyint(1) DEFAULT '0',
  `ak_exclude_search_index` tinyint(1) DEFAULT '0',
  `ak_exclude_sitemapxml` tinyint(1) DEFAULT '0',
  `ak_vedana_youtube_backround_url` longtext COLLATE utf8_unicode_ci,
  `ak_thumbnail` int(11) DEFAULT '0',
  `ak_vedana_header_image` int(11) DEFAULT '0',
  `ak_vedana_number_of_main_areas` varchar(255) COLLATE utf8_unicode_ci DEFAULT NULL,
  `ak_boxed_layout_mode` tinyint(1) DEFAULT '0'
) ENGINE=InnoDB DEFAULT CHARSET=utf8 COLLATE=utf8_unicode_ci;

--
-- Contenu de la table `CollectionSearchIndexAttributes`
--

INSERT INTO `CollectionSearchIndexAttributes` (`cID`, `ak_meta_title`, `ak_meta_description`, `ak_meta_keywords`, `ak_icon_dashboard`, `ak_exclude_nav`, `ak_exclude_page_list`, `ak_header_extra_content`, `ak_tags`, `ak_is_featured`, `ak_exclude_search_index`, `ak_exclude_sitemapxml`, `ak_vedana_youtube_backround_url`, `ak_thumbnail`, `ak_vedana_header_image`, `ak_vedana_number_of_main_areas`, `ak_boxed_layout_mode`) VALUES
(1, NULL, NULL, NULL, NULL, 0, 0, NULL, NULL, 0, 0, 0, NULL, 0, 0, NULL, 0),
(2, NULL, NULL, NULL, 'fa fa-th-large', 0, 0, NULL, NULL, 0, 0, 0, NULL, 0, 0, NULL, 0),
(3, NULL, NULL, 'pages, add page, delete page, copy, move, alias', NULL, 0, 0, NULL, NULL, 0, 0, 0, NULL, 0, 0, NULL, 0),
(4, NULL, NULL, 'pages, add page, delete page, copy, move, alias', NULL, 0, 0, NULL, NULL, 0, 0, 0, NULL, 0, 0, NULL, 0),
(5, NULL, NULL, 'pages, add page, delete page, copy, move, alias, bulk', NULL, 0, 0, NULL, NULL, 0, 0, 0, NULL, 0, 0, NULL, 0),
(6, NULL, NULL, 'find page, search page, search, find, pages, sitemap', NULL, 0, 0, NULL, NULL, 0, 0, 0, NULL, 0, 0, NULL, 0),
(8, NULL, NULL, 'add file, delete file, copy, move, alias, resize, crop, rename, images, title, attribute', NULL, 0, 0, NULL, NULL, 0, 0, 0, NULL, 0, 0, NULL, 0),
(9, NULL, NULL, 'file, file attributes, title, attribute, description, rename', NULL, 0, 0, NULL, NULL, 0, 0, 0, NULL, 0, 0, NULL, 0),
(10, NULL, NULL, 'files, category, categories', NULL, 0, 0, NULL, NULL, 0, 0, 0, NULL, 0, 0, NULL, 0),
(11, NULL, NULL, 'new file set', NULL, 1, 0, NULL, NULL, 0, 0, 0, NULL, 0, 0, NULL, 0),
(12, NULL, NULL, 'users, groups, people, find, delete user, remove user, change password, password', NULL, 0, 0, NULL, NULL, 0, 0, 0, NULL, 0, 0, NULL, 0),
(13, NULL, NULL, 'find, search, people, delete user, remove user, change password, password', NULL, 0, 0, NULL, NULL, 0, 0, 0, NULL, 0, 0, NULL, 0),
(14, NULL, NULL, 'user, group, people, permissions, expire, badges', NULL, 0, 0, NULL, NULL, 0, 0, 0, NULL, 0, 0, NULL, 0),
(15, NULL, NULL, 'user attributes, user data, gather data, registration data', NULL, 0, 0, NULL, NULL, 0, 0, 0, NULL, 0, 0, NULL, 0),
(16, NULL, NULL, 'new user, create', NULL, 1, 0, NULL, NULL, 0, 0, 0, NULL, 0, 0, NULL, 0),
(17, NULL, NULL, 'new user group, new group, group, create', NULL, 1, 0, NULL, NULL, 0, 0, 0, NULL, 0, 0, NULL, 0),
(19, NULL, NULL, 'group set', NULL, 0, 0, NULL, NULL, 0, 0, 0, NULL, 0, 0, NULL, 0),
(20, NULL, NULL, 'community, points, karma', NULL, 0, 0, NULL, NULL, 0, 0, 0, NULL, 0, 0, NULL, 0),
(22, NULL, NULL, 'action, community actions', NULL, 0, 0, NULL, NULL, 0, 0, 0, NULL, 0, 0, NULL, 0),
(23, NULL, NULL, 'forms, log, error, email, mysql, exception, survey', NULL, 0, 0, NULL, NULL, 0, 0, 0, NULL, 0, 0, NULL, 0),
(24, NULL, NULL, 'forms, questions, response, data', NULL, 0, 0, NULL, NULL, 0, 0, 0, NULL, 0, 0, NULL, 0),
(25, NULL, NULL, 'questions, quiz, response', NULL, 0, 0, NULL, NULL, 0, 0, 0, NULL, 0, 0, NULL, 0),
(26, NULL, NULL, 'forms, log, error, email, mysql, exception, survey, history', NULL, 0, 0, NULL, NULL, 0, 0, 0, NULL, 0, 0, NULL, 0),
(28, NULL, NULL, 'new theme, theme, active theme, change theme, template, css', NULL, 0, 0, NULL, NULL, 0, 0, 0, NULL, 0, 0, NULL, 0),
(29, NULL, NULL, 'page types', NULL, 1, 0, NULL, NULL, 0, 0, 0, NULL, 0, 0, NULL, 0),
(31, NULL, NULL, NULL, NULL, 1, 0, NULL, NULL, 0, 0, 0, NULL, 0, 0, NULL, 0),
(32, NULL, NULL, NULL, NULL, 1, 0, NULL, NULL, 0, 0, 0, NULL, 0, 0, NULL, 0),
(33, NULL, NULL, NULL, NULL, 1, 0, NULL, NULL, 0, 0, 0, NULL, 0, 0, NULL, 0),
(34, NULL, NULL, NULL, NULL, 1, 0, NULL, NULL, 0, 0, 0, NULL, 0, 0, NULL, 0),
(35, NULL, NULL, NULL, NULL, 1, 0, NULL, NULL, 0, 0, 0, NULL, 0, 0, NULL, 0),
(36, NULL, NULL, NULL, NULL, 1, 0, NULL, NULL, 0, 0, 0, NULL, 0, 0, NULL, 0),
(38, NULL, NULL, NULL, NULL, 1, 0, NULL, NULL, 0, 0, 0, NULL, 0, 0, NULL, 0),
(39, NULL, NULL, 'page attributes, custom', NULL, 0, 0, NULL, NULL, 0, 0, 0, NULL, 0, 0, NULL, 0),
(40, NULL, NULL, 'single, page, custom, application', NULL, 0, 0, NULL, NULL, 0, 0, 0, NULL, 0, 0, NULL, 0),
(41, NULL, NULL, 'atom, rss, feed, syndication', NULL, 0, 0, NULL, NULL, 0, 0, 0, NULL, 0, 0, NULL, 0),
(43, NULL, NULL, NULL, 'icon-bullhorn', 0, 0, NULL, NULL, 0, 0, 0, NULL, 0, 0, NULL, 0),
(44, NULL, NULL, 'add workflow, remove workflow', NULL, 0, 0, NULL, NULL, 0, 0, 0, NULL, 0, 0, NULL, 0),
(48, NULL, NULL, 'stacks, reusable content, scrapbook, copy, paste, paste block, copy block, site name, logo', NULL, 0, 0, NULL, NULL, 0, 0, 0, NULL, 0, 0, NULL, 0),
(50, NULL, NULL, 'edit stacks, view stacks, all stacks', NULL, 1, 0, NULL, NULL, 0, 1, 0, NULL, 0, 0, NULL, 0),
(51, NULL, NULL, 'block, refresh, custom', NULL, 0, 0, NULL, NULL, 0, 0, 0, NULL, 0, 0, NULL, 0),
(52, NULL, NULL, 'add-on, addon, add on, package, app, ecommerce, discussions, forums, themes, templates, blocks', NULL, 0, 0, NULL, NULL, 0, 0, 0, NULL, 0, 0, NULL, 0),
(53, NULL, NULL, NULL, NULL, 1, 0, NULL, NULL, 0, 0, 0, NULL, 0, 0, NULL, 0),
(54, NULL, NULL, 'add-on, addon, ecommerce, install, discussions, forums, themes, templates, blocks', NULL, 0, 0, NULL, NULL, 0, 0, 0, NULL, 0, 0, NULL, 0),
(55, NULL, NULL, 'update, upgrade', NULL, 0, 0, NULL, NULL, 0, 0, 0, NULL, 0, 0, NULL, 0),
(56, NULL, NULL, 'concrete5.org, my account, marketplace', NULL, 1, 0, NULL, NULL, 0, 0, 0, NULL, 0, 0, NULL, 0),
(57, NULL, NULL, 'buy theme, new theme, marketplace, template', NULL, 0, 0, NULL, NULL, 0, 0, 0, NULL, 0, 0, NULL, 0),
(58, NULL, NULL, 'buy addon, buy add on, buy add-on, purchase addon, purchase add on, purchase add-on, find addon, new addon, marketplace', NULL, 0, 0, NULL, NULL, 0, 0, 0, NULL, 0, 0, NULL, 0),
(59, NULL, NULL, 'dashboard, configuration', NULL, 0, 0, NULL, NULL, 0, 0, 0, NULL, 0, 0, NULL, 0),
(61, NULL, NULL, 'website name, title', NULL, 0, 0, NULL, NULL, 0, 0, 0, NULL, 0, 0, NULL, 0),
(62, NULL, NULL, 'accessibility, easy mode', NULL, 0, 0, NULL, NULL, 0, 0, 0, NULL, 0, 0, NULL, 0),
(63, NULL, NULL, 'sharing, facebook, twitter', NULL, 0, 0, NULL, NULL, 0, 0, 0, NULL, 0, 0, NULL, 0),
(64, NULL, NULL, 'logo, favicon, iphone, icon, bookmark', NULL, 0, 0, NULL, NULL, 0, 0, 0, NULL, 0, 0, NULL, 0),
(65, NULL, NULL, 'tinymce, content block, fonts, editor, content, overlay', NULL, 0, 0, NULL, NULL, 0, 0, 0, NULL, 0, 0, NULL, 0),
(66, NULL, NULL, 'translate, translation, internationalization, multilingual', NULL, 0, 0, NULL, NULL, 0, 0, 0, NULL, 0, 0, NULL, 0),
(67, NULL, NULL, 'timezone, profile, locale', NULL, 0, 0, NULL, NULL, 0, 0, 0, NULL, 0, 0, NULL, 0),
(68, NULL, NULL, 'multilingual, localization, internationalization, i18n', NULL, 0, 0, NULL, NULL, 0, 0, 0, NULL, 0, 0, NULL, 0),
(73, NULL, NULL, 'vanity, pretty url, seo, pageview, view', NULL, 0, 0, NULL, NULL, 0, 0, 0, NULL, 0, 0, NULL, 0),
(74, NULL, NULL, 'bulk, seo, change keywords, engine, optimization, search', NULL, 0, 0, NULL, NULL, 0, 0, 0, NULL, 0, 0, NULL, 0),
(75, NULL, NULL, 'traffic, statistics, google analytics, quant, pageviews, hits', NULL, 0, 0, NULL, NULL, 0, 0, 0, NULL, 0, 0, NULL, 0),
(76, NULL, NULL, 'pretty, slug', NULL, 0, 0, NULL, NULL, 0, 0, 0, NULL, 0, 0, NULL, 0),
(77, NULL, NULL, 'configure search, site search, search option', NULL, 0, 0, NULL, NULL, 0, 0, 0, NULL, 0, 0, NULL, 0),
(79, NULL, NULL, 'file options, file manager, upload, modify', NULL, 0, 0, NULL, NULL, 0, 0, 0, NULL, 0, 0, NULL, 0),
(80, NULL, NULL, 'security, files, media, extension, manager, upload', NULL, 0, 0, NULL, NULL, 0, 0, 0, NULL, 0, 0, NULL, 0),
(81, NULL, NULL, 'images, picture, responsive, retina', NULL, 0, 0, NULL, NULL, 0, 0, 0, NULL, 0, 0, NULL, 0),
(82, NULL, NULL, 'security, alternate storage, hide files', NULL, 0, 0, NULL, NULL, 0, 0, 0, NULL, 0, 0, NULL, 0),
(84, NULL, NULL, 'cache option, change cache, override, turn on cache, turn off cache, no cache, page cache, caching', NULL, 0, 0, NULL, NULL, 0, 0, 0, NULL, 0, 0, NULL, 0),
(85, NULL, NULL, 'cache option, turn off cache, no cache, page cache, caching', NULL, 0, 0, NULL, NULL, 0, 0, 0, NULL, 0, 0, NULL, 0),
(86, NULL, NULL, 'index search, reindex search, build sitemap, sitemap.xml, clear old versions, page versions, remove old', NULL, 0, 0, NULL, NULL, 0, 0, 0, NULL, 0, 0, NULL, 0),
(87, NULL, NULL, 'queries, database, mysql', NULL, 0, 0, NULL, NULL, 0, 0, 0, NULL, 0, 0, NULL, 0),
(89, NULL, NULL, 'editors, hide site, offline, private, public, access', NULL, 0, 0, NULL, NULL, 0, 0, 0, NULL, 0, 0, NULL, 0),
(90, NULL, NULL, 'security, actions, administrator, admin, package, marketplace, search', NULL, 0, 0, NULL, NULL, 0, 0, 0, NULL, 0, 0, NULL, 0),
(93, NULL, NULL, 'security, lock ip, lock out, block ip, address, restrict, access', NULL, 0, 0, NULL, NULL, 0, 0, 0, NULL, 0, 0, NULL, 0),
(94, NULL, NULL, 'security, registration', NULL, 0, 0, NULL, NULL, 0, 0, 0, NULL, 0, 0, NULL, 0),
(95, NULL, NULL, 'antispam, block spam, security', NULL, 0, 0, NULL, NULL, 0, 0, 0, NULL, 0, 0, NULL, 0),
(96, NULL, NULL, 'lock site, under construction, hide, hidden', NULL, 0, 0, NULL, NULL, 0, 0, 0, NULL, 0, 0, NULL, 0),
(98, NULL, NULL, 'profile, login, redirect, specific, dashboard, administrators', NULL, 0, 0, NULL, NULL, 0, 0, 0, NULL, 0, 0, NULL, 0),
(99, NULL, NULL, 'member profile, member page, community, forums, social, avatar', NULL, 0, 0, NULL, NULL, 0, 0, 0, NULL, 0, 0, NULL, 0),
(100, NULL, NULL, 'signup, new user, community, public registration, public, registration', NULL, 0, 0, NULL, NULL, 0, 0, 0, NULL, 0, 0, NULL, 0),
(101, NULL, NULL, 'auth, authentication, types, oauth, facebook, login, registration', NULL, 0, 0, NULL, NULL, 0, 0, 0, NULL, 0, 0, NULL, 0),
(102, NULL, NULL, 'smtp, mail settings', NULL, 0, 0, NULL, NULL, 0, 0, 0, NULL, 0, 0, NULL, 0),
(103, NULL, NULL, 'email server, mail settings, mail configuration, external, internal', NULL, 0, 0, NULL, NULL, 0, 0, 0, NULL, 0, 0, NULL, 0),
(104, NULL, NULL, 'test smtp, test mail', NULL, 0, 0, NULL, NULL, 0, 0, 0, NULL, 0, 0, NULL, 0),
(105, NULL, NULL, 'email server, mail settings, mail configuration, private message, message system, import, email, message', NULL, 0, 0, NULL, NULL, 0, 0, 0, NULL, 0, 0, NULL, 0),
(106, NULL, NULL, 'conversations', NULL, 0, 0, NULL, NULL, 0, 0, 0, NULL, 0, 0, NULL, 0),
(107, NULL, NULL, 'conversations', NULL, 0, 0, NULL, NULL, 0, 0, 0, NULL, 0, 0, NULL, 0),
(108, NULL, NULL, 'conversations ratings, ratings, community, community points', NULL, 0, 0, NULL, NULL, 0, 0, 0, NULL, 0, 0, NULL, 0),
(109, NULL, NULL, 'conversations bad words, banned words, banned, bad words, bad, words, list', NULL, 0, 0, NULL, NULL, 0, 0, 0, NULL, 0, 0, NULL, 0),
(111, NULL, NULL, 'attribute configuration', NULL, 0, 0, NULL, NULL, 0, 0, 0, NULL, 0, 0, NULL, 0),
(112, NULL, NULL, 'attributes, sets', NULL, 0, 0, NULL, NULL, 0, 0, 0, NULL, 0, 0, NULL, 0),
(113, NULL, NULL, 'attributes, types', NULL, 0, 0, NULL, NULL, 0, 0, 0, NULL, 0, 0, NULL, 0),
(114, NULL, NULL, 'topics, tags, taxonomy', NULL, 0, 0, NULL, NULL, 0, 0, 0, NULL, 0, 0, NULL, 0),
(116, NULL, NULL, NULL, NULL, 0, 0, NULL, NULL, 0, 1, 0, NULL, 0, 0, NULL, 0),
(117, NULL, NULL, 'overrides, system info, debug, support, help', NULL, 0, 0, NULL, NULL, 0, 0, 0, NULL, 0, 0, NULL, 0),
(118, NULL, NULL, 'errors, exceptions, develop, support, help', NULL, 0, 0, NULL, NULL, 0, 0, 0, NULL, 0, 0, NULL, 0),
(119, NULL, NULL, 'email, logging, logs, smtp, pop, errors, mysql, log', NULL, 0, 0, NULL, NULL, 0, 0, 0, NULL, 0, 0, NULL, 0),
(120, NULL, NULL, 'network, proxy server', NULL, 0, 0, NULL, NULL, 0, 0, 0, NULL, 0, 0, NULL, 0),
(121, NULL, NULL, 'export, backup, database, sql, mysql, encryption, restore', NULL, 0, 0, NULL, NULL, 0, 0, 0, NULL, 0, 0, NULL, 0),
(123, NULL, NULL, 'upgrade, new version, update', NULL, 0, 0, NULL, NULL, 0, 0, 0, NULL, 0, 0, NULL, 0),
(124, NULL, NULL, NULL, NULL, 1, 0, NULL, NULL, 0, 0, 0, NULL, 0, 0, NULL, 0),
(125, NULL, NULL, NULL, NULL, 1, 0, NULL, NULL, 0, 1, 0, NULL, 0, 0, NULL, 0),
(126, NULL, NULL, NULL, 'fa fa-edit', 0, 0, NULL, NULL, 0, 0, 0, NULL, 0, 0, NULL, 0),
(127, NULL, NULL, NULL, 'fa fa-trash-o', 0, 0, NULL, NULL, 0, 0, 0, NULL, 0, 0, NULL, 0),
(128, NULL, NULL, NULL, 'fa fa-th', 0, 0, NULL, NULL, 0, 0, 0, NULL, 0, 0, NULL, 0),
(131, NULL, NULL, NULL, 'fa fa-briefcase', 0, 0, NULL, NULL, 0, 0, 0, NULL, 0, 0, NULL, 0),
(144, NULL, NULL, NULL, NULL, 0, 0, NULL, NULL, 0, 0, 0, NULL, 0, 0, NULL, 0),
(148, NULL, NULL, NULL, NULL, 0, 0, NULL, NULL, 0, 0, 0, NULL, 0, 0, NULL, 0),
(149, NULL, NULL, NULL, NULL, 0, 0, NULL, NULL, 0, 0, 0, NULL, 0, 0, NULL, 0),
(150, NULL, NULL, NULL, NULL, 0, 0, NULL, NULL, 0, 0, 0, NULL, 0, 0, NULL, 0),
(152, NULL, NULL, NULL, NULL, 0, 0, NULL, NULL, 0, 0, 0, NULL, 0, 0, NULL, 0),
(159, NULL, NULL, NULL, NULL, 0, 0, NULL, NULL, 0, 0, 0, NULL, 16, 0, NULL, 0),
(160, '', '', '', NULL, 0, 0, '', NULL, 0, 0, 0, NULL, 0, 0, NULL, 0),
(161, '', '', '', NULL, 0, 0, '', NULL, 0, 0, 0, NULL, 17, 0, NULL, 0),
(162, '', '', '', NULL, 0, 0, '', NULL, 0, 0, 0, NULL, 18, 0, NULL, 0),
(163, NULL, NULL, NULL, NULL, 1, 1, NULL, NULL, 0, 0, 0, NULL, 16, 0, NULL, 0),
(164, NULL, NULL, NULL, NULL, 0, 0, NULL, NULL, 0, 0, 0, NULL, 0, 0, NULL, 0),
(165, '', '', '', NULL, 0, 0, '', NULL, 0, 0, 0, NULL, 35, 0, NULL, 0),
(166, NULL, NULL, NULL, NULL, 0, 0, NULL, NULL, 0, 0, 0, NULL, 0, 0, NULL, 0),
(167, '', '', '', NULL, 0, 0, '', NULL, 0, 0, 0, NULL, 0, 0, NULL, 0),
(168, '', '', '', NULL, 0, 0, '', NULL, 0, 0, 0, NULL, 0, 0, NULL, 0),
(169, '', '', '', NULL, 0, 0, '', NULL, 0, 0, 0, NULL, 0, 0, NULL, 0),
(171, NULL, NULL, NULL, NULL, 0, 0, NULL, NULL, 0, 0, 0, NULL, 0, 0, NULL, 0),
(172, NULL, NULL, NULL, NULL, 0, 0, NULL, NULL, 0, 0, 0, NULL, 0, 0, NULL, 0),
(173, '', '', '', NULL, 0, 0, '', NULL, 0, 0, 0, NULL, 0, 0, '\n3\n', 0),
(174, '', '', '', NULL, 0, 0, '', NULL, 0, 0, 0, NULL, 0, 0, NULL, 0),
(175, NULL, NULL, 'database, entities, doctrine, orm', NULL, 0, 0, NULL, NULL, 0, 0, 0, NULL, 0, 0, NULL, 0);

-- --------------------------------------------------------

--
-- Structure de la table `CollectionVersionAreaStyles`
--

DROP TABLE IF EXISTS `CollectionVersionAreaStyles`;
CREATE TABLE `CollectionVersionAreaStyles` (
  `cID` int(10) unsigned NOT NULL DEFAULT '0',
  `cvID` int(10) unsigned NOT NULL DEFAULT '0',
  `arHandle` varchar(255) COLLATE utf8_unicode_ci NOT NULL,
  `issID` int(10) unsigned NOT NULL DEFAULT '0'
) ENGINE=InnoDB DEFAULT CHARSET=utf8 COLLATE=utf8_unicode_ci;

--
-- Contenu de la table `CollectionVersionAreaStyles`
--

INSERT INTO `CollectionVersionAreaStyles` (`cID`, `cvID`, `arHandle`, `issID`) VALUES
(159, 11, 'Main', 16),
(159, 12, 'Main', 16),
(159, 13, 'Main', 16),
(159, 14, 'Main', 16),
(159, 15, 'Main', 16),
(159, 16, 'Main', 16),
(159, 17, 'Main', 16),
(159, 18, 'Main', 16),
(159, 19, 'Main', 16),
(159, 20, 'Main', 16),
(159, 21, 'Main', 16),
(165, 11, 'Main', 16),
(165, 12, 'Main', 16),
(165, 13, 'Main', 16),
(165, 14, 'Main', 16),
(165, 15, 'Main', 16),
(165, 16, 'Main', 16),
(165, 17, 'Main', 16),
(165, 18, 'Main', 16),
(165, 19, 'Main', 16),
(165, 20, 'Main', 16),
(165, 21, 'Main', 16),
(165, 22, 'Main', 16),
(165, 23, 'Main', 16),
(165, 24, 'Main', 16),
(165, 25, 'Main', 16),
(165, 26, 'Main', 16),
(165, 27, 'Main', 16),
(165, 28, 'Main', 16),
(165, 29, 'Main', 16),
(165, 30, 'Main', 16),
(165, 31, 'Main', 16),
(165, 32, 'Main', 16),
(165, 33, 'Main', 16),
(165, 34, 'Main', 16),
(165, 35, 'Main', 16),
(165, 36, 'Main', 16),
(165, 37, 'Main', 16),
(165, 38, 'Main', 16),
(165, 39, 'Main', 16),
(165, 40, 'Main', 16),
(165, 41, 'Main', 16),
(165, 42, 'Main', 23),
(165, 43, 'Main', 23),
(165, 44, 'Main', 23),
(165, 45, 'Main', 23),
(165, 46, 'Main', 23),
(165, 47, 'Main', 23),
(165, 48, 'Main', 23),
(165, 49, 'Main', 23),
(165, 50, 'Main', 23),
(165, 51, 'Main', 23),
(165, 52, 'Main', 23),
(165, 53, 'Main', 23),
(165, 54, 'Main', 23);

-- --------------------------------------------------------

--
-- Structure de la table `CollectionVersionBlocks`
--

DROP TABLE IF EXISTS `CollectionVersionBlocks`;
CREATE TABLE `CollectionVersionBlocks` (
  `cID` int(10) unsigned NOT NULL DEFAULT '0',
  `cvID` int(10) unsigned NOT NULL DEFAULT '1',
  `bID` int(10) unsigned NOT NULL DEFAULT '0',
  `arHandle` varchar(255) COLLATE utf8_unicode_ci NOT NULL,
  `cbDisplayOrder` int(10) unsigned NOT NULL DEFAULT '0',
  `isOriginal` tinyint(1) NOT NULL DEFAULT '0',
  `cbOverrideAreaPermissions` tinyint(1) NOT NULL DEFAULT '0',
  `cbIncludeAll` tinyint(1) NOT NULL DEFAULT '0',
  `cbOverrideBlockTypeCacheSettings` tinyint(1) NOT NULL DEFAULT '0',
  `cbOverrideBlockTypeContainerSettings` tinyint(1) NOT NULL DEFAULT '0',
  `cbEnableBlockContainer` tinyint(1) NOT NULL DEFAULT '0'
) ENGINE=InnoDB DEFAULT CHARSET=utf8 COLLATE=utf8_unicode_ci;

--
-- Contenu de la table `CollectionVersionBlocks`
--

INSERT INTO `CollectionVersionBlocks` (`cID`, `cvID`, `bID`, `arHandle`, `cbDisplayOrder`, `isOriginal`, `cbOverrideAreaPermissions`, `cbIncludeAll`, `cbOverrideBlockTypeCacheSettings`, `cbOverrideBlockTypeContainerSettings`, `cbEnableBlockContainer`) VALUES
(1, 2, 15, 'Header Image', 0, 1, 0, 0, 0, 0, 0),
(1, 2, 16, 'Header Content', 0, 1, 0, 0, 0, 0, 0),
(1, 2, 17, 'Header Content', 2, 1, 0, 0, 0, 0, 0),
(1, 3, 15, 'Header Image', 0, 0, 0, 0, 0, 0, 0),
(1, 3, 16, 'Header Content', 0, 0, 0, 0, 0, 0, 0),
(1, 3, 17, 'Header Content', 2, 0, 0, 0, 0, 0, 0),
(1, 3, 62, 'Header Content', 3, 1, 0, 0, 0, 0, 0),
(1, 4, 16, 'Header Content', 0, 0, 0, 0, 0, 0, 0),
(1, 4, 79, 'Header Image', 0, 1, 0, 0, 0, 0, 0),
(1, 4, 80, 'Header Content', 1, 1, 0, 0, 0, 0, 0),
(1, 4, 81, 'Header Content', 8, 1, 0, 0, 0, 0, 0),
(1, 4, 82, 'Header Content', 6, 1, 0, 0, 0, 0, 0),
(1, 4, 83, 'Header Content', 7, 1, 0, 0, 0, 0, 0),
(1, 4, 84, 'Header Content', 2, 1, 0, 0, 0, 0, 0),
(1, 5, 16, 'Header Content', 0, 0, 0, 0, 0, 0, 0),
(1, 5, 80, 'Header Content', 1, 0, 0, 0, 0, 0, 0),
(1, 5, 81, 'Header Content', 8, 0, 0, 0, 0, 0, 0),
(1, 5, 82, 'Header Content', 6, 0, 0, 0, 0, 0, 0),
(1, 5, 83, 'Header Content', 7, 0, 0, 0, 0, 0, 0),
(1, 5, 84, 'Header Content', 2, 0, 0, 0, 0, 0, 0),
(1, 5, 85, 'Header Image', 0, 1, 0, 0, 0, 0, 0),
(1, 6, 16, 'Header Content', 0, 0, 0, 0, 0, 0, 0),
(1, 6, 80, 'Header Content', 1, 0, 0, 0, 0, 0, 0),
(1, 6, 81, 'Header Content', 9, 0, 0, 0, 0, 0, 0),
(1, 6, 82, 'Header Content', 7, 0, 0, 0, 0, 0, 0),
(1, 6, 83, 'Header Content', 8, 0, 0, 0, 0, 0, 0),
(1, 6, 84, 'Header Content', 2, 0, 0, 0, 0, 0, 0),
(1, 6, 85, 'Header Image', 0, 0, 0, 0, 0, 0, 0),
(1, 6, 92, 'Header Content', 3, 1, 0, 0, 0, 0, 0),
(1, 6, 93, 'Header Content', 4, 1, 0, 0, 0, 0, 0),
(1, 6, 94, 'Header Content', 6, 1, 0, 0, 0, 0, 0),
(1, 6, 95, 'Header Content', 5, 1, 0, 0, 0, 0, 0),
(1, 7, 16, 'Header Content', 0, 0, 0, 0, 0, 0, 0),
(1, 7, 81, 'Header Content', 9, 0, 0, 0, 0, 0, 0),
(1, 7, 82, 'Header Content', 7, 0, 0, 0, 0, 0, 0),
(1, 7, 83, 'Header Content', 8, 0, 0, 0, 0, 0, 0),
(1, 7, 84, 'Header Content', 2, 0, 0, 0, 0, 0, 0),
(1, 7, 85, 'Header Image', 0, 0, 0, 0, 0, 0, 0),
(1, 7, 92, 'Header Content', 3, 0, 0, 0, 0, 0, 0),
(1, 7, 93, 'Header Content', 4, 0, 0, 0, 0, 0, 0),
(1, 7, 94, 'Header Content', 6, 0, 0, 0, 0, 0, 0),
(1, 7, 95, 'Header Content', 5, 0, 0, 0, 0, 0, 0),
(1, 7, 96, 'Header Content', 1, 1, 0, 0, 0, 0, 0),
(124, 1, 1, 'Main', 0, 1, 0, 0, 0, 0, 0),
(125, 1, 2, 'Primary', 0, 1, 0, 0, 0, 0, 0),
(125, 1, 3, 'Primary', 1, 1, 0, 0, 0, 0, 0),
(125, 1, 4, 'Secondary 1', 0, 1, 0, 0, 0, 0, 0),
(125, 1, 5, 'Secondary 2', 0, 1, 0, 0, 0, 0, 0),
(125, 1, 6, 'Secondary 3', 0, 1, 0, 0, 0, 0, 0),
(125, 1, 7, 'Secondary 4', 0, 1, 0, 0, 0, 0, 0),
(125, 1, 8, 'Secondary 5', 0, 1, 0, 0, 0, 0, 0),
(142, 1, 9, 'Main', 0, 1, 0, 0, 0, 0, 0),
(144, 2, 12, 'Main', 0, 0, 0, 0, 0, 0, 0),
(144, 3, 226, 'Main', 0, 1, 0, 0, 0, 0, 0),
(144, 4, 226, 'Main', 0, 0, 0, 0, 0, 0, 0),
(148, 1, 11, 'Main', 0, 1, 0, 0, 0, 0, 0),
(148, 2, 75, 'Main', 1, 1, 0, 0, 0, 0, 0),
(148, 2, 76, 'Main', 0, 1, 0, 0, 0, 0, 0),
(148, 3, 76, 'Main', 0, 0, 0, 0, 0, 0, 0),
(148, 3, 77, 'Main', 1, 1, 0, 0, 0, 0, 0),
(149, 2, 13, 'Main', 0, 1, 0, 0, 0, 0, 0),
(149, 3, 13, 'Main', 0, 0, 0, 0, 0, 0, 0),
(150, 2, 12, 'Main', 0, 1, 0, 0, 0, 0, 0),
(152, 2, 14, 'Main', 0, 1, 0, 0, 0, 0, 0),
(159, 1, 59, 'Main', 0, 1, 0, 0, 0, 0, 0),
(159, 2, 59, 'Main', 0, 0, 0, 0, 0, 0, 0),
(159, 2, 60, 'Header Content', 1, 1, 0, 0, 0, 0, 0),
(159, 3, 63, 'Header Content', 1, 1, 0, 0, 0, 0, 0),
(159, 3, 64, 'Header Content : 1', 0, 1, 0, 0, 0, 0, 0),
(159, 3, 65, 'Header Content : 2', 0, 1, 0, 0, 0, 0, 0),
(159, 3, 66, 'Header Content', 0, 1, 0, 0, 0, 0, 0),
(159, 3, 67, 'Header Content', 2, 1, 0, 0, 0, 0, 0),
(159, 3, 68, 'Header Content', 0, 1, 0, 0, 0, 0, 0),
(159, 3, 69, 'Header Content', 4, 1, 0, 0, 0, 0, 0),
(159, 3, 70, 'Header Content', 3, 1, 0, 0, 0, 0, 0),
(159, 3, 71, 'Header Content', 6, 1, 0, 0, 0, 0, 0),
(159, 3, 72, 'Main', 2, 1, 0, 0, 0, 0, 0),
(159, 4, 63, 'Header Content', 1, 0, 0, 0, 0, 0, 0),
(159, 4, 64, 'Header Content : 1', 0, 0, 0, 0, 0, 0, 0),
(159, 4, 65, 'Header Content : 2', 0, 0, 0, 0, 0, 0, 0),
(159, 4, 66, 'Header Content', 0, 0, 0, 0, 0, 0, 0),
(159, 4, 67, 'Header Content', 2, 0, 0, 0, 0, 0, 0),
(159, 4, 68, 'Header Content', 0, 0, 0, 0, 0, 0, 0),
(159, 4, 69, 'Header Content', 4, 0, 0, 0, 0, 0, 0),
(159, 4, 70, 'Header Content', 3, 0, 0, 0, 0, 0, 0),
(159, 4, 72, 'Main', 2, 0, 0, 0, 0, 0, 0),
(159, 4, 73, 'Header Content', 6, 1, 0, 0, 0, 0, 0),
(159, 5, 63, 'Header Content', 1, 0, 0, 0, 0, 0, 0),
(159, 5, 64, 'Header Content : 1', 0, 0, 0, 0, 0, 0, 0),
(159, 5, 65, 'Header Content : 2', 0, 0, 0, 0, 0, 0, 0),
(159, 5, 66, 'Header Content', 0, 0, 0, 0, 0, 0, 0),
(159, 5, 67, 'Header Content', 2, 0, 0, 0, 0, 0, 0),
(159, 5, 68, 'Header Content', 0, 0, 0, 0, 0, 0, 0),
(159, 5, 69, 'Header Content', 4, 0, 0, 0, 0, 0, 0),
(159, 5, 70, 'Header Content', 3, 0, 0, 0, 0, 0, 0),
(159, 5, 72, 'Main', 2, 0, 0, 0, 0, 0, 0),
(159, 5, 74, 'Header Content', 6, 1, 0, 0, 0, 0, 0),
(159, 6, 63, 'Header Content', 1, 0, 0, 0, 0, 0, 0),
(159, 6, 64, 'Header Content : 1', 0, 0, 0, 0, 0, 0, 0),
(159, 6, 65, 'Header Content : 2', 0, 0, 0, 0, 0, 0, 0),
(159, 6, 66, 'Header Content', 0, 0, 0, 0, 0, 0, 0),
(159, 6, 67, 'Header Content', 2, 0, 0, 0, 0, 0, 0),
(159, 6, 68, 'Header Content', 0, 0, 0, 0, 0, 0, 0),
(159, 6, 69, 'Header Content', 4, 0, 0, 0, 0, 0, 0),
(159, 6, 70, 'Header Content', 3, 0, 0, 0, 0, 0, 0),
(159, 6, 72, 'Main', 2, 0, 0, 0, 0, 0, 0),
(159, 6, 74, 'Header Content', 6, 0, 0, 0, 0, 0, 0),
(159, 7, 63, 'Header Content', 1, 0, 0, 0, 0, 0, 0),
(159, 7, 64, 'Header Content : 1', 0, 0, 0, 0, 0, 0, 0),
(159, 7, 65, 'Header Content : 2', 0, 0, 0, 0, 0, 0, 0),
(159, 7, 66, 'Header Content', 0, 0, 0, 0, 0, 0, 0),
(159, 7, 67, 'Header Content', 2, 0, 0, 0, 0, 0, 0),
(159, 7, 68, 'Header Content', 0, 0, 0, 0, 0, 0, 0),
(159, 7, 70, 'Header Content', 3, 0, 0, 0, 0, 0, 0),
(159, 7, 72, 'Main', 2, 0, 0, 0, 0, 0, 0),
(159, 7, 74, 'Header Content', 6, 0, 0, 0, 0, 0, 0),
(159, 7, 101, 'Header Content', 4, 1, 0, 0, 0, 0, 0),
(159, 8, 63, 'Header Content', 1, 0, 0, 0, 0, 0, 0),
(159, 8, 64, 'Header Content : 1', 0, 0, 0, 0, 0, 0, 0),
(159, 8, 65, 'Header Content : 2', 0, 0, 0, 0, 0, 0, 0),
(159, 8, 66, 'Header Content', 0, 0, 0, 0, 0, 0, 0),
(159, 8, 67, 'Header Content', 2, 0, 0, 0, 0, 0, 0),
(159, 8, 68, 'Header Content', 0, 0, 0, 0, 0, 0, 0),
(159, 8, 70, 'Header Content', 3, 0, 0, 0, 0, 0, 0),
(159, 8, 72, 'Main', 2, 0, 0, 0, 0, 0, 0),
(159, 8, 74, 'Header Content', 6, 0, 0, 0, 0, 0, 0),
(159, 8, 102, 'Header Content', 4, 1, 0, 0, 0, 0, 0),
(159, 9, 63, 'Header Content', 1, 0, 0, 0, 0, 0, 0),
(159, 9, 64, 'Header Content : 1', 0, 0, 0, 0, 0, 0, 0),
(159, 9, 65, 'Header Content : 2', 0, 0, 0, 0, 0, 0, 0),
(159, 9, 66, 'Header Content', 0, 0, 0, 0, 0, 0, 0),
(159, 9, 67, 'Header Content', 2, 0, 0, 0, 0, 0, 0),
(159, 9, 68, 'Header Content', 0, 0, 0, 0, 0, 0, 0),
(159, 9, 70, 'Header Content', 3, 0, 0, 0, 0, 0, 0),
(159, 9, 72, 'Main', 2, 0, 0, 0, 0, 0, 0),
(159, 9, 74, 'Header Content', 6, 0, 0, 0, 0, 0, 0),
(159, 9, 103, 'Header Content', 4, 1, 0, 0, 0, 0, 0),
(159, 10, 63, 'Header Content', 1, 0, 0, 0, 0, 0, 0),
(159, 10, 64, 'Header Content : 1', 0, 0, 0, 0, 0, 0, 0),
(159, 10, 65, 'Header Content : 2', 0, 0, 0, 0, 0, 0, 0),
(159, 10, 66, 'Header Content', 0, 0, 0, 0, 0, 0, 0),
(159, 10, 67, 'Header Content', 2, 0, 0, 0, 0, 0, 0),
(159, 10, 68, 'Header Content', 0, 0, 0, 0, 0, 0, 0),
(159, 10, 70, 'Header Content', 3, 0, 0, 0, 0, 0, 0),
(159, 10, 72, 'Main', 2, 0, 0, 0, 0, 0, 0),
(159, 10, 74, 'Header Content', 6, 0, 0, 0, 0, 0, 0),
(159, 10, 104, 'Header Content', 4, 1, 0, 0, 0, 0, 0),
(159, 11, 63, 'Header Content', 1, 0, 0, 0, 0, 0, 0),
(159, 11, 64, 'Header Content : 1', 0, 0, 0, 0, 0, 0, 0),
(159, 11, 65, 'Header Content : 2', 0, 0, 0, 0, 0, 0, 0),
(159, 11, 66, 'Main', 0, 0, 0, 0, 0, 0, 0),
(159, 11, 68, 'Header Content', 0, 0, 0, 0, 0, 0, 0),
(159, 11, 72, 'Main - 1', 2, 0, 0, 0, 0, 0, 0),
(159, 11, 106, 'Main', 1, 1, 0, 0, 0, 0, 0),
(159, 11, 107, 'Main - 1', 1, 1, 0, 0, 0, 0, 0),
(159, 11, 108, 'Header Content', 2, 1, 0, 0, 0, 0, 0),
(159, 11, 109, 'Main', 5, 1, 0, 0, 0, 0, 0),
(159, 12, 63, 'Header Content', 1, 0, 0, 0, 0, 0, 0),
(159, 12, 64, 'Header Content : 1', 0, 0, 0, 0, 0, 0, 0),
(159, 12, 65, 'Header Content : 2', 0, 0, 0, 0, 0, 0, 0),
(159, 12, 66, 'Main', 0, 0, 0, 0, 0, 0, 0),
(159, 12, 68, 'Header Content', 0, 0, 0, 0, 0, 0, 0),
(159, 12, 106, 'Main', 1, 0, 0, 0, 0, 0, 0),
(159, 12, 107, 'Main - 1', 0, 0, 0, 0, 0, 0, 0),
(159, 12, 108, 'Header Content', 2, 0, 0, 0, 0, 0, 0),
(159, 12, 109, 'Main', 5, 0, 0, 0, 0, 0, 0),
(159, 12, 110, 'Main - 1', 2, 1, 0, 0, 0, 0, 0),
(159, 13, 63, 'Header Content', 1, 0, 0, 0, 0, 0, 0),
(159, 13, 64, 'Header Content : 1', 0, 0, 0, 0, 0, 0, 0),
(159, 13, 65, 'Header Content : 2', 0, 0, 0, 0, 0, 0, 0),
(159, 13, 66, 'Main', 0, 0, 0, 0, 0, 0, 0),
(159, 13, 68, 'Header Content', 0, 0, 0, 0, 0, 0, 0),
(159, 13, 106, 'Main', 1, 0, 0, 0, 0, 0, 0),
(159, 13, 107, 'Main - 1', 0, 0, 0, 0, 0, 0, 0),
(159, 13, 108, 'Header Content', 2, 0, 0, 0, 0, 0, 0),
(159, 13, 109, 'Main', 5, 0, 0, 0, 0, 0, 0),
(159, 13, 111, 'Main - 1', 2, 1, 0, 0, 0, 0, 0),
(159, 14, 63, 'Header Content', 1, 0, 0, 0, 0, 0, 0),
(159, 14, 64, 'Header Content : 1', 0, 0, 0, 0, 0, 0, 0),
(159, 14, 65, 'Header Content : 2', 0, 0, 0, 0, 0, 0, 0),
(159, 14, 66, 'Main', 0, 0, 0, 0, 0, 0, 0),
(159, 14, 68, 'Header Content', 0, 0, 0, 0, 0, 0, 0),
(159, 14, 106, 'Main', 1, 0, 0, 0, 0, 0, 0),
(159, 14, 107, 'Main - 1', 0, 0, 0, 0, 0, 0, 0),
(159, 14, 108, 'Header Content', 2, 0, 0, 0, 0, 0, 0),
(159, 14, 109, 'Main', 5, 0, 0, 0, 0, 0, 0),
(159, 14, 112, 'Main - 1', 2, 1, 0, 0, 0, 0, 0),
(159, 14, 113, 'Main - 1', 4, 1, 0, 0, 0, 0, 0),
(159, 15, 63, 'Header Content', 1, 0, 0, 0, 0, 0, 0),
(159, 15, 64, 'Header Content : 1', 0, 0, 0, 0, 0, 0, 0),
(159, 15, 65, 'Header Content : 2', 0, 0, 0, 0, 0, 0, 0),
(159, 15, 66, 'Main', 0, 0, 0, 0, 0, 0, 0),
(159, 15, 68, 'Header Content', 0, 0, 0, 0, 0, 0, 0),
(159, 15, 106, 'Main', 1, 0, 0, 0, 0, 0, 0),
(159, 15, 107, 'Main - 1', 0, 0, 0, 0, 0, 0, 0),
(159, 15, 108, 'Header Content', 2, 0, 0, 0, 0, 0, 0),
(159, 15, 109, 'Main', 5, 0, 0, 0, 0, 0, 0),
(159, 15, 112, 'Main - 1', 1, 0, 0, 0, 0, 0, 0),
(159, 15, 113, 'Main - 1', 4, 0, 0, 0, 0, 0, 0),
(159, 15, 114, 'Header Content : 3', 0, 1, 0, 0, 0, 0, 0),
(159, 15, 115, 'Main - 1', 2, 1, 0, 0, 0, 0, 0),
(159, 15, 116, 'Main - 1', 3, 1, 0, 0, 0, 0, 0),
(159, 15, 117, 'Main - 1', 4, 1, 0, 0, 0, 0, 0),
(159, 16, 63, 'Header Content', 1, 0, 0, 0, 0, 0, 0),
(159, 16, 64, 'Header Content : 1', 0, 0, 0, 0, 0, 0, 0),
(159, 16, 65, 'Header Content : 2', 0, 0, 0, 0, 0, 0, 0),
(159, 16, 66, 'Main', 0, 0, 0, 0, 0, 0, 0),
(159, 16, 68, 'Header Content', 0, 0, 0, 0, 0, 0, 0),
(159, 16, 106, 'Main', 1, 0, 0, 0, 0, 0, 0),
(159, 16, 107, 'Main - 1', 0, 0, 0, 0, 0, 0, 0),
(159, 16, 108, 'Header Content', 2, 0, 0, 0, 0, 0, 0),
(159, 16, 109, 'Main', 5, 0, 0, 0, 0, 0, 0),
(159, 16, 112, 'Main - 1', 1, 0, 0, 0, 0, 0, 0),
(159, 16, 113, 'Main - 1', 4, 0, 0, 0, 0, 0, 0),
(159, 16, 114, 'Header Content : 3', 0, 0, 0, 0, 0, 0, 0),
(159, 16, 115, 'Main - 1', 2, 0, 0, 0, 0, 0, 0),
(159, 16, 116, 'Main - 1', 3, 0, 0, 0, 0, 0, 0),
(159, 16, 117, 'Main - 1', 4, 0, 0, 0, 0, 0, 0),
(159, 17, 63, 'Header Content', 1, 0, 0, 0, 0, 0, 0),
(159, 17, 64, 'Header Content : 1', 0, 0, 0, 0, 0, 0, 0),
(159, 17, 65, 'Header Content : 2', 0, 0, 0, 0, 0, 0, 0),
(159, 17, 68, 'Header Content', 0, 0, 0, 0, 0, 0, 0),
(159, 17, 106, 'Main', 1, 0, 0, 0, 0, 0, 0),
(159, 17, 107, 'Main - 1', 0, 0, 0, 0, 0, 0, 0),
(159, 17, 108, 'Header Content', 2, 0, 0, 0, 0, 0, 0),
(159, 17, 109, 'Main', 5, 0, 0, 0, 0, 0, 0),
(159, 17, 112, 'Main - 1', 1, 0, 0, 0, 0, 0, 0),
(159, 17, 113, 'Main - 1', 4, 0, 0, 0, 0, 0, 0),
(159, 17, 115, 'Main - 1', 2, 0, 0, 0, 0, 0, 0),
(159, 17, 116, 'Main - 1', 3, 0, 0, 0, 0, 0, 0),
(159, 17, 117, 'Main - 1', 4, 0, 0, 0, 0, 0, 0),
(159, 17, 118, 'Main', 0, 1, 0, 0, 0, 0, 0),
(159, 17, 119, 'Header Content : 3', 0, 1, 0, 0, 0, 0, 0),
(159, 18, 63, 'Header Content', 1, 0, 0, 0, 0, 0, 0),
(159, 18, 64, 'Header Content : 1', 0, 0, 0, 0, 0, 0, 0),
(159, 18, 65, 'Header Content : 2', 0, 0, 0, 0, 0, 0, 0),
(159, 18, 68, 'Header Content', 0, 0, 0, 0, 0, 0, 0),
(159, 18, 106, 'Main', 1, 0, 0, 0, 0, 0, 0),
(159, 18, 107, 'Main - 1', 0, 0, 0, 0, 0, 0, 0),
(159, 18, 108, 'Header Content', 2, 0, 0, 0, 0, 0, 0),
(159, 18, 109, 'Main', 5, 0, 0, 0, 0, 0, 0),
(159, 18, 113, 'Main - 1', 4, 0, 0, 0, 0, 0, 0),
(159, 18, 115, 'Main - 1', 2, 0, 0, 0, 0, 0, 0),
(159, 18, 116, 'Main - 1', 3, 0, 0, 0, 0, 0, 0),
(159, 18, 117, 'Main - 1', 4, 0, 0, 0, 0, 0, 0),
(159, 18, 118, 'Main', 0, 0, 0, 0, 0, 0, 0),
(159, 18, 119, 'Header Content : 3', 0, 0, 0, 0, 0, 0, 0),
(159, 18, 120, 'Main - 1', 1, 1, 0, 0, 0, 0, 0),
(159, 19, 63, 'Header Content', 1, 0, 0, 0, 0, 0, 0),
(159, 19, 64, 'Header Content : 1', 0, 0, 0, 0, 0, 0, 0),
(159, 19, 65, 'Header Content : 2', 0, 0, 0, 0, 0, 0, 0),
(159, 19, 68, 'Header Content', 0, 0, 0, 0, 0, 0, 0),
(159, 19, 106, 'Main', 1, 0, 0, 0, 0, 0, 0),
(159, 19, 108, 'Header Content', 2, 0, 0, 0, 0, 0, 0),
(159, 19, 109, 'Main', 5, 0, 0, 0, 0, 0, 0),
(159, 19, 113, 'Main - 1', 4, 0, 0, 0, 0, 0, 0),
(159, 19, 115, 'Main - 1', 2, 0, 0, 0, 0, 0, 0),
(159, 19, 116, 'Main - 1', 3, 0, 0, 0, 0, 0, 0),
(159, 19, 117, 'Main - 1', 4, 0, 0, 0, 0, 0, 0),
(159, 19, 118, 'Main', 0, 0, 0, 0, 0, 0, 0),
(159, 19, 119, 'Header Content : 3', 0, 0, 0, 0, 0, 0, 0),
(159, 19, 120, 'Main - 1', 1, 0, 0, 0, 0, 0, 0),
(159, 19, 121, 'Main - 1', 0, 1, 0, 0, 0, 0, 0),
(159, 20, 63, 'Header Content', 1, 0, 0, 0, 0, 0, 0),
(159, 20, 64, 'Header Content : 1', 0, 0, 0, 0, 0, 0, 0),
(159, 20, 65, 'Header Content : 2', 0, 0, 0, 0, 0, 0, 0),
(159, 20, 68, 'Header Content', 0, 0, 0, 0, 0, 0, 0),
(159, 20, 106, 'Main', 1, 0, 0, 0, 0, 0, 0),
(159, 20, 108, 'Header Content', 2, 0, 0, 0, 0, 0, 0),
(159, 20, 109, 'Main', 5, 0, 0, 0, 0, 0, 0),
(159, 20, 113, 'Main - 1', 4, 0, 0, 0, 0, 0, 0),
(159, 20, 115, 'Main - 1', 2, 0, 0, 0, 0, 0, 0),
(159, 20, 116, 'Main - 1', 3, 0, 0, 0, 0, 0, 0),
(159, 20, 117, 'Main - 1', 4, 0, 0, 0, 0, 0, 0),
(159, 20, 118, 'Main', 0, 0, 0, 0, 0, 0, 0),
(159, 20, 119, 'Header Content : 3', 0, 0, 0, 0, 0, 0, 0),
(159, 20, 122, 'Main - 1', 0, 1, 0, 0, 0, 0, 0),
(159, 20, 123, 'Main - 1', 1, 1, 0, 0, 0, 0, 0),
(159, 21, 63, 'Header Content', 1, 0, 0, 0, 0, 0, 0),
(159, 21, 64, 'Header Content : 1', 0, 0, 0, 0, 0, 0, 0),
(159, 21, 68, 'Header Content', 0, 0, 0, 0, 0, 0, 0),
(159, 21, 106, 'Main', 1, 0, 0, 0, 0, 0, 0),
(159, 21, 108, 'Header Content', 2, 0, 0, 0, 0, 0, 0),
(159, 21, 109, 'Main', 5, 0, 0, 0, 0, 0, 0),
(159, 21, 113, 'Main - 1', 4, 0, 0, 0, 0, 0, 0),
(159, 21, 115, 'Main - 1', 2, 0, 0, 0, 0, 0, 0),
(159, 21, 116, 'Main - 1', 3, 0, 0, 0, 0, 0, 0),
(159, 21, 117, 'Main - 1', 4, 0, 0, 0, 0, 0, 0),
(159, 21, 118, 'Main', 0, 0, 0, 0, 0, 0, 0),
(159, 21, 119, 'Header Content : 3', 0, 0, 0, 0, 0, 0, 0),
(159, 21, 122, 'Main - 1', 0, 0, 0, 0, 0, 0, 0),
(159, 21, 123, 'Main - 1', 1, 0, 0, 0, 0, 0, 0),
(159, 21, 126, 'Header Content : 2', 0, 1, 0, 0, 0, 0, 0),
(160, 1, 11, 'Main', 0, 0, 0, 0, 0, 0, 0),
(160, 2, 75, 'Main', 1, 0, 0, 0, 0, 0, 0),
(160, 2, 76, 'Main', 0, 0, 0, 0, 0, 0, 0),
(160, 3, 76, 'Main', 0, 0, 0, 0, 0, 0, 0),
(160, 3, 77, 'Main', 1, 0, 0, 0, 0, 0, 0),
(160, 4, 76, 'Main', 0, 0, 0, 0, 0, 0, 0),
(160, 4, 77, 'Main', 1, 0, 0, 0, 0, 0, 0),
(160, 5, 76, 'Main', 0, 0, 0, 0, 0, 0, 0),
(160, 5, 77, 'Main', 1, 0, 0, 0, 0, 0, 0),
(160, 6, 77, 'Main', 1, 0, 0, 0, 0, 0, 0),
(160, 6, 227, 'Main', 0, 1, 0, 0, 0, 0, 0),
(161, 1, 59, 'Main', 0, 0, 0, 0, 0, 0, 0),
(161, 2, 59, 'Main', 0, 0, 0, 0, 0, 0, 0),
(161, 2, 60, 'Header Content', 1, 0, 0, 0, 0, 0, 0),
(161, 3, 63, 'Header Content', 1, 0, 0, 0, 0, 0, 0),
(161, 3, 64, 'Header Content : 1', 0, 0, 0, 0, 0, 0, 0),
(161, 3, 65, 'Header Content : 2', 0, 0, 0, 0, 0, 0, 0),
(161, 3, 66, 'Header Content', 0, 0, 0, 0, 0, 0, 0),
(161, 3, 67, 'Header Content', 2, 0, 0, 0, 0, 0, 0),
(161, 3, 68, 'Header Content', 0, 0, 0, 0, 0, 0, 0),
(161, 3, 69, 'Header Content', 4, 0, 0, 0, 0, 0, 0),
(161, 3, 70, 'Header Content', 3, 0, 0, 0, 0, 0, 0),
(161, 3, 71, 'Header Content', 6, 0, 0, 0, 0, 0, 0),
(161, 3, 72, 'Main', 2, 0, 0, 0, 0, 0, 0),
(161, 4, 63, 'Header Content', 1, 0, 0, 0, 0, 0, 0),
(161, 4, 64, 'Header Content : 1', 0, 0, 0, 0, 0, 0, 0),
(161, 4, 65, 'Header Content : 2', 0, 0, 0, 0, 0, 0, 0),
(161, 4, 66, 'Header Content', 0, 0, 0, 0, 0, 0, 0),
(161, 4, 67, 'Header Content', 2, 0, 0, 0, 0, 0, 0),
(161, 4, 68, 'Header Content', 0, 0, 0, 0, 0, 0, 0),
(161, 4, 69, 'Header Content', 4, 0, 0, 0, 0, 0, 0),
(161, 4, 70, 'Header Content', 3, 0, 0, 0, 0, 0, 0),
(161, 4, 72, 'Main', 2, 0, 0, 0, 0, 0, 0),
(161, 4, 73, 'Header Content', 6, 0, 0, 0, 0, 0, 0),
(161, 5, 63, 'Header Content', 1, 0, 0, 0, 0, 0, 0),
(161, 5, 64, 'Header Content : 1', 0, 0, 0, 0, 0, 0, 0),
(161, 5, 65, 'Header Content : 2', 0, 0, 0, 0, 0, 0, 0),
(161, 5, 66, 'Header Content', 0, 0, 0, 0, 0, 0, 0),
(161, 5, 67, 'Header Content', 2, 0, 0, 0, 0, 0, 0),
(161, 5, 68, 'Header Content', 0, 0, 0, 0, 0, 0, 0),
(161, 5, 69, 'Header Content', 4, 0, 0, 0, 0, 0, 0),
(161, 5, 70, 'Header Content', 3, 0, 0, 0, 0, 0, 0),
(161, 5, 72, 'Main', 2, 0, 0, 0, 0, 0, 0),
(161, 5, 74, 'Header Content', 6, 0, 0, 0, 0, 0, 0),
(161, 6, 63, 'Header Content', 1, 0, 0, 0, 0, 0, 0),
(161, 6, 64, 'Header Content : 1', 0, 0, 0, 0, 0, 0, 0),
(161, 6, 65, 'Header Content : 2', 0, 0, 0, 0, 0, 0, 0),
(161, 6, 66, 'Header Content', 0, 0, 0, 0, 0, 0, 0),
(161, 6, 67, 'Header Content', 2, 0, 0, 0, 0, 0, 0),
(161, 6, 68, 'Header Content', 0, 0, 0, 0, 0, 0, 0),
(161, 6, 69, 'Header Content', 4, 0, 0, 0, 0, 0, 0),
(161, 6, 70, 'Header Content', 3, 0, 0, 0, 0, 0, 0),
(161, 6, 72, 'Main', 2, 0, 0, 0, 0, 0, 0),
(161, 6, 74, 'Header Content', 6, 0, 0, 0, 0, 0, 0),
(161, 7, 63, 'Header Content', 1, 0, 0, 0, 0, 0, 0),
(161, 7, 67, 'Header Content', 2, 0, 0, 0, 0, 0, 0),
(161, 7, 68, 'Header Content', 0, 0, 0, 0, 0, 0, 0),
(161, 7, 86, 'Header Content : 2', 0, 1, 0, 0, 0, 0, 0),
(161, 7, 87, 'Header Content : 1', 0, 1, 0, 0, 0, 0, 0),
(161, 7, 88, 'Header Content', 3, 1, 0, 0, 0, 0, 0),
(161, 7, 89, 'Header Content : 3', 0, 1, 0, 0, 0, 0, 0),
(161, 7, 90, 'Header Content', 6, 1, 0, 0, 0, 0, 0),
(161, 8, 63, 'Header Content', 1, 0, 0, 0, 0, 0, 0),
(161, 8, 67, 'Header Content', 2, 0, 0, 0, 0, 0, 0),
(161, 8, 68, 'Header Content', 0, 0, 0, 0, 0, 0, 0),
(161, 8, 86, 'Header Content : 2', 0, 0, 0, 0, 0, 0, 0),
(161, 8, 87, 'Header Content : 1', 0, 0, 0, 0, 0, 0, 0),
(161, 8, 88, 'Header Content', 3, 0, 0, 0, 0, 0, 0),
(161, 8, 90, 'Header Content', 4, 0, 0, 0, 0, 0, 0),
(161, 8, 91, 'Header Content : 3', 0, 1, 0, 0, 0, 0, 0),
(161, 9, 63, 'Header Content', 1, 0, 0, 0, 0, 0, 0),
(161, 9, 67, 'Header Content', 2, 0, 0, 0, 0, 0, 0),
(161, 9, 68, 'Header Content', 0, 0, 0, 0, 0, 0, 0),
(161, 9, 86, 'Header Content : 2', 0, 0, 0, 0, 0, 0, 0),
(161, 9, 87, 'Header Content : 1', 0, 0, 0, 0, 0, 0, 0),
(161, 9, 88, 'Header Content', 3, 0, 0, 0, 0, 0, 0),
(161, 9, 90, 'Header Content', 4, 0, 0, 0, 0, 0, 0),
(161, 9, 91, 'Header Content : 3', 0, 0, 0, 0, 0, 0, 0),
(161, 10, 63, 'Header Content', 1, 0, 0, 0, 0, 0, 0),
(161, 10, 67, 'Header Content', 2, 0, 0, 0, 0, 0, 0),
(161, 10, 68, 'Header Content', 0, 0, 0, 0, 0, 0, 0),
(161, 10, 86, 'Header Content : 2', 0, 0, 0, 0, 0, 0, 0),
(161, 10, 87, 'Header Content : 1', 0, 0, 0, 0, 0, 0, 0),
(161, 10, 88, 'Header Content', 3, 0, 0, 0, 0, 0, 0),
(161, 10, 90, 'Header Content', 4, 0, 0, 0, 0, 0, 0),
(161, 10, 91, 'Header Content : 3', 0, 0, 0, 0, 0, 0, 0),
(162, 1, 59, 'Main', 0, 0, 0, 0, 0, 0, 0),
(162, 2, 59, 'Main', 0, 0, 0, 0, 0, 0, 0),
(162, 2, 60, 'Header Content', 1, 0, 0, 0, 0, 0, 0),
(162, 3, 63, 'Header Content', 1, 0, 0, 0, 0, 0, 0),
(162, 3, 64, 'Header Content : 1', 0, 0, 0, 0, 0, 0, 0),
(162, 3, 65, 'Header Content : 2', 0, 0, 0, 0, 0, 0, 0),
(162, 3, 66, 'Header Content', 0, 0, 0, 0, 0, 0, 0),
(162, 3, 67, 'Header Content', 2, 0, 0, 0, 0, 0, 0),
(162, 3, 68, 'Header Content', 0, 0, 0, 0, 0, 0, 0),
(162, 3, 69, 'Header Content', 4, 0, 0, 0, 0, 0, 0),
(162, 3, 70, 'Header Content', 3, 0, 0, 0, 0, 0, 0),
(162, 3, 71, 'Header Content', 6, 0, 0, 0, 0, 0, 0),
(162, 3, 72, 'Main', 2, 0, 0, 0, 0, 0, 0),
(162, 4, 63, 'Header Content', 1, 0, 0, 0, 0, 0, 0),
(162, 4, 64, 'Header Content : 1', 0, 0, 0, 0, 0, 0, 0),
(162, 4, 65, 'Header Content : 2', 0, 0, 0, 0, 0, 0, 0),
(162, 4, 66, 'Header Content', 0, 0, 0, 0, 0, 0, 0),
(162, 4, 67, 'Header Content', 2, 0, 0, 0, 0, 0, 0),
(162, 4, 68, 'Header Content', 0, 0, 0, 0, 0, 0, 0),
(162, 4, 69, 'Header Content', 4, 0, 0, 0, 0, 0, 0),
(162, 4, 70, 'Header Content', 3, 0, 0, 0, 0, 0, 0),
(162, 4, 72, 'Main', 2, 0, 0, 0, 0, 0, 0),
(162, 4, 73, 'Header Content', 6, 0, 0, 0, 0, 0, 0),
(162, 5, 63, 'Header Content', 1, 0, 0, 0, 0, 0, 0),
(162, 5, 64, 'Header Content : 1', 0, 0, 0, 0, 0, 0, 0),
(162, 5, 65, 'Header Content : 2', 0, 0, 0, 0, 0, 0, 0),
(162, 5, 66, 'Header Content', 0, 0, 0, 0, 0, 0, 0),
(162, 5, 67, 'Header Content', 2, 0, 0, 0, 0, 0, 0),
(162, 5, 68, 'Header Content', 0, 0, 0, 0, 0, 0, 0),
(162, 5, 69, 'Header Content', 4, 0, 0, 0, 0, 0, 0),
(162, 5, 70, 'Header Content', 3, 0, 0, 0, 0, 0, 0),
(162, 5, 72, 'Main', 2, 0, 0, 0, 0, 0, 0),
(162, 5, 74, 'Header Content', 6, 0, 0, 0, 0, 0, 0),
(162, 6, 63, 'Header Content', 1, 0, 0, 0, 0, 0, 0),
(162, 6, 64, 'Header Content : 1', 0, 0, 0, 0, 0, 0, 0),
(162, 6, 65, 'Header Content : 2', 0, 0, 0, 0, 0, 0, 0),
(162, 6, 66, 'Header Content', 0, 0, 0, 0, 0, 0, 0),
(162, 6, 67, 'Header Content', 2, 0, 0, 0, 0, 0, 0),
(162, 6, 68, 'Header Content', 0, 0, 0, 0, 0, 0, 0),
(162, 6, 69, 'Header Content', 4, 0, 0, 0, 0, 0, 0),
(162, 6, 70, 'Header Content', 3, 0, 0, 0, 0, 0, 0),
(162, 6, 72, 'Main', 2, 0, 0, 0, 0, 0, 0),
(162, 6, 74, 'Header Content', 6, 0, 0, 0, 0, 0, 0),
(162, 7, 63, 'Header Content', 1, 0, 0, 0, 0, 0, 0),
(162, 7, 67, 'Header Content', 2, 0, 0, 0, 0, 0, 0),
(162, 7, 68, 'Header Content', 0, 0, 0, 0, 0, 0, 0),
(162, 7, 86, 'Header Content : 2', 0, 0, 0, 0, 0, 0, 0),
(162, 7, 87, 'Header Content : 1', 0, 0, 0, 0, 0, 0, 0),
(162, 7, 88, 'Header Content', 3, 0, 0, 0, 0, 0, 0),
(162, 7, 89, 'Header Content : 3', 0, 0, 0, 0, 0, 0, 0),
(162, 7, 90, 'Header Content', 6, 0, 0, 0, 0, 0, 0),
(162, 8, 63, 'Header Content', 1, 0, 0, 0, 0, 0, 0),
(162, 8, 67, 'Header Content', 2, 0, 0, 0, 0, 0, 0),
(162, 8, 68, 'Header Content', 0, 0, 0, 0, 0, 0, 0),
(162, 8, 86, 'Header Content : 2', 0, 0, 0, 0, 0, 0, 0),
(162, 8, 87, 'Header Content : 1', 0, 0, 0, 0, 0, 0, 0),
(162, 8, 88, 'Header Content', 3, 0, 0, 0, 0, 0, 0),
(162, 8, 90, 'Header Content', 4, 0, 0, 0, 0, 0, 0),
(162, 8, 91, 'Header Content : 3', 0, 0, 0, 0, 0, 0, 0),
(162, 9, 63, 'Header Content', 1, 0, 0, 0, 0, 0, 0),
(162, 9, 67, 'Header Content', 2, 0, 0, 0, 0, 0, 0),
(162, 9, 68, 'Header Content', 0, 0, 0, 0, 0, 0, 0),
(162, 9, 86, 'Header Content : 2', 0, 0, 0, 0, 0, 0, 0),
(162, 9, 87, 'Header Content : 1', 0, 0, 0, 0, 0, 0, 0),
(162, 9, 88, 'Header Content', 3, 0, 0, 0, 0, 0, 0),
(162, 9, 90, 'Header Content', 4, 0, 0, 0, 0, 0, 0),
(162, 9, 91, 'Header Content : 3', 0, 0, 0, 0, 0, 0, 0),
(162, 10, 63, 'Header Content', 1, 0, 0, 0, 0, 0, 0),
(162, 10, 67, 'Header Content', 2, 0, 0, 0, 0, 0, 0),
(162, 10, 68, 'Header Content', 0, 0, 0, 0, 0, 0, 0),
(162, 10, 86, 'Header Content : 2', 0, 0, 0, 0, 0, 0, 0),
(162, 10, 87, 'Header Content : 1', 0, 0, 0, 0, 0, 0, 0),
(162, 10, 88, 'Header Content', 3, 0, 0, 0, 0, 0, 0),
(162, 10, 90, 'Header Content', 4, 0, 0, 0, 0, 0, 0),
(162, 10, 91, 'Header Content : 3', 0, 0, 0, 0, 0, 0, 0),
(162, 11, 63, 'Header Content', 1, 0, 0, 0, 0, 0, 0),
(162, 11, 67, 'Header Content', 2, 0, 0, 0, 0, 0, 0),
(162, 11, 68, 'Header Content', 0, 0, 0, 0, 0, 0, 0),
(162, 11, 86, 'Header Content : 2', 0, 0, 0, 0, 0, 0, 0),
(162, 11, 87, 'Header Content : 1', 0, 0, 0, 0, 0, 0, 0),
(162, 11, 88, 'Header Content', 3, 0, 0, 0, 0, 0, 0),
(162, 11, 90, 'Header Content', 4, 0, 0, 0, 0, 0, 0),
(162, 11, 91, 'Header Content : 3', 0, 0, 0, 0, 0, 0, 0),
(162, 12, 63, 'Header Content', 1, 0, 0, 0, 0, 0, 0),
(162, 12, 67, 'Header Content', 2, 0, 0, 0, 0, 0, 0),
(162, 12, 68, 'Header Content', 0, 0, 0, 0, 0, 0, 0),
(162, 12, 86, 'Header Content : 2', 0, 0, 0, 0, 0, 0, 0),
(162, 12, 87, 'Header Content : 1', 0, 0, 0, 0, 0, 0, 0),
(162, 12, 88, 'Header Content', 3, 0, 0, 0, 0, 0, 0),
(162, 12, 90, 'Header Content', 4, 0, 0, 0, 0, 0, 0),
(162, 12, 91, 'Header Content : 3', 0, 0, 0, 0, 0, 0, 0),
(162, 13, 63, 'Header Content', 1, 0, 0, 0, 0, 0, 0),
(162, 13, 67, 'Header Content', 2, 0, 0, 0, 0, 0, 0),
(162, 13, 68, 'Header Content', 0, 0, 0, 0, 0, 0, 0),
(162, 13, 90, 'Header Content', 4, 0, 0, 0, 0, 0, 0),
(162, 13, 97, 'Header Content : 1', 0, 1, 0, 0, 0, 0, 0),
(162, 13, 98, 'Header Content : 2', 0, 1, 0, 0, 0, 0, 0),
(162, 13, 99, 'Header Content : 3', 0, 1, 0, 0, 0, 0, 0),
(162, 13, 100, 'Header Content', 0, 1, 0, 0, 0, 0, 0),
(162, 14, 63, 'Header Content', 1, 0, 0, 0, 0, 0, 0),
(162, 14, 67, 'Header Content', 2, 0, 0, 0, 0, 0, 0),
(162, 14, 68, 'Header Content', 0, 0, 0, 0, 0, 0, 0),
(162, 14, 90, 'Header Content', 4, 0, 0, 0, 0, 0, 0),
(162, 14, 97, 'Header Content : 1', 0, 0, 0, 0, 0, 0, 0),
(162, 14, 98, 'Header Content : 2', 0, 0, 0, 0, 0, 0, 0),
(162, 14, 99, 'Header Content : 3', 0, 0, 0, 0, 0, 0, 0),
(162, 14, 100, 'Header Content', 0, 0, 0, 0, 0, 0, 0),
(162, 15, 63, 'Header Content', 1, 0, 0, 0, 0, 0, 0),
(162, 15, 67, 'Header Content', 2, 0, 0, 0, 0, 0, 0),
(162, 15, 68, 'Header Content', 0, 0, 0, 0, 0, 0, 0),
(162, 15, 90, 'Header Content', 4, 0, 0, 0, 0, 0, 0),
(162, 15, 97, 'Header Content : 1', 0, 0, 0, 0, 0, 0, 0),
(162, 15, 98, 'Header Content : 2', 0, 0, 0, 0, 0, 0, 0),
(162, 15, 99, 'Header Content : 3', 0, 0, 0, 0, 0, 0, 0),
(162, 15, 228, 'Main', 0, 1, 0, 0, 0, 0, 0),
(162, 15, 229, 'Sidebar', 0, 1, 0, 0, 0, 0, 0),
(162, 15, 230, 'Sidebar', 1, 1, 0, 0, 0, 0, 0),
(163, 1, 59, 'Main', 0, 0, 0, 0, 0, 0, 0),
(163, 2, 59, 'Main', 0, 0, 0, 0, 0, 0, 0),
(163, 2, 60, 'Header Content', 1, 0, 0, 0, 0, 0, 0),
(163, 3, 63, 'Header Content', 1, 0, 0, 0, 0, 0, 0),
(163, 3, 64, 'Header Content : 1', 0, 0, 0, 0, 0, 0, 0),
(163, 3, 65, 'Header Content : 2', 0, 0, 0, 0, 0, 0, 0),
(163, 3, 66, 'Header Content', 0, 0, 0, 0, 0, 0, 0),
(163, 3, 67, 'Header Content', 2, 0, 0, 0, 0, 0, 0),
(163, 3, 68, 'Header Content', 0, 0, 0, 0, 0, 0, 0),
(163, 3, 69, 'Header Content', 4, 0, 0, 0, 0, 0, 0),
(163, 3, 70, 'Header Content', 3, 0, 0, 0, 0, 0, 0),
(163, 3, 71, 'Header Content', 6, 0, 0, 0, 0, 0, 0),
(163, 3, 72, 'Main', 2, 0, 0, 0, 0, 0, 0),
(163, 4, 63, 'Header Content', 1, 0, 0, 0, 0, 0, 0),
(163, 4, 64, 'Header Content : 1', 0, 0, 0, 0, 0, 0, 0),
(163, 4, 65, 'Header Content : 2', 0, 0, 0, 0, 0, 0, 0),
(163, 4, 66, 'Header Content', 0, 0, 0, 0, 0, 0, 0),
(163, 4, 67, 'Header Content', 2, 0, 0, 0, 0, 0, 0),
(163, 4, 68, 'Header Content', 0, 0, 0, 0, 0, 0, 0),
(163, 4, 69, 'Header Content', 4, 0, 0, 0, 0, 0, 0),
(163, 4, 70, 'Header Content', 3, 0, 0, 0, 0, 0, 0),
(163, 4, 72, 'Main', 2, 0, 0, 0, 0, 0, 0),
(163, 4, 73, 'Header Content', 6, 0, 0, 0, 0, 0, 0),
(163, 5, 63, 'Header Content', 1, 0, 0, 0, 0, 0, 0),
(163, 5, 64, 'Header Content : 1', 0, 0, 0, 0, 0, 0, 0),
(163, 5, 65, 'Header Content : 2', 0, 0, 0, 0, 0, 0, 0),
(163, 5, 66, 'Header Content', 0, 0, 0, 0, 0, 0, 0),
(163, 5, 67, 'Header Content', 2, 0, 0, 0, 0, 0, 0),
(163, 5, 68, 'Header Content', 0, 0, 0, 0, 0, 0, 0),
(163, 5, 69, 'Header Content', 4, 0, 0, 0, 0, 0, 0),
(163, 5, 70, 'Header Content', 3, 0, 0, 0, 0, 0, 0),
(163, 5, 72, 'Main', 2, 0, 0, 0, 0, 0, 0),
(163, 5, 74, 'Header Content', 6, 0, 0, 0, 0, 0, 0),
(163, 6, 63, 'Header Content', 1, 0, 0, 0, 0, 0, 0),
(163, 6, 64, 'Header Content : 1', 0, 0, 0, 0, 0, 0, 0),
(163, 6, 65, 'Header Content : 2', 0, 0, 0, 0, 0, 0, 0),
(163, 6, 66, 'Header Content', 0, 0, 0, 0, 0, 0, 0),
(163, 6, 67, 'Header Content', 2, 0, 0, 0, 0, 0, 0),
(163, 6, 68, 'Header Content', 0, 0, 0, 0, 0, 0, 0),
(163, 6, 69, 'Header Content', 4, 0, 0, 0, 0, 0, 0),
(163, 6, 70, 'Header Content', 3, 0, 0, 0, 0, 0, 0),
(163, 6, 72, 'Main', 2, 0, 0, 0, 0, 0, 0),
(163, 6, 74, 'Header Content', 6, 0, 0, 0, 0, 0, 0),
(163, 7, 63, 'Header Content', 1, 0, 0, 0, 0, 0, 0),
(163, 7, 64, 'Header Content : 1', 0, 0, 0, 0, 0, 0, 0),
(163, 7, 65, 'Header Content : 2', 0, 0, 0, 0, 0, 0, 0),
(163, 7, 66, 'Header Content', 0, 0, 0, 0, 0, 0, 0),
(163, 7, 67, 'Header Content', 2, 0, 0, 0, 0, 0, 0),
(163, 7, 68, 'Header Content', 0, 0, 0, 0, 0, 0, 0),
(163, 7, 70, 'Header Content', 3, 0, 0, 0, 0, 0, 0),
(163, 7, 72, 'Main', 2, 0, 0, 0, 0, 0, 0),
(163, 7, 74, 'Header Content', 6, 0, 0, 0, 0, 0, 0),
(163, 7, 101, 'Header Content', 4, 0, 0, 0, 0, 0, 0),
(163, 8, 63, 'Header Content', 1, 0, 0, 0, 0, 0, 0),
(163, 8, 64, 'Header Content : 1', 0, 0, 0, 0, 0, 0, 0),
(163, 8, 65, 'Header Content : 2', 0, 0, 0, 0, 0, 0, 0),
(163, 8, 66, 'Header Content', 0, 0, 0, 0, 0, 0, 0),
(163, 8, 67, 'Header Content', 2, 0, 0, 0, 0, 0, 0),
(163, 8, 68, 'Header Content', 0, 0, 0, 0, 0, 0, 0),
(163, 8, 70, 'Header Content', 3, 0, 0, 0, 0, 0, 0),
(163, 8, 72, 'Main', 2, 0, 0, 0, 0, 0, 0),
(163, 8, 74, 'Header Content', 6, 0, 0, 0, 0, 0, 0),
(163, 8, 102, 'Header Content', 4, 0, 0, 0, 0, 0, 0),
(163, 9, 63, 'Header Content', 1, 0, 0, 0, 0, 0, 0),
(163, 9, 64, 'Header Content : 1', 0, 0, 0, 0, 0, 0, 0),
(163, 9, 65, 'Header Content : 2', 0, 0, 0, 0, 0, 0, 0),
(163, 9, 66, 'Header Content', 0, 0, 0, 0, 0, 0, 0),
(163, 9, 67, 'Header Content', 2, 0, 0, 0, 0, 0, 0),
(163, 9, 68, 'Header Content', 0, 0, 0, 0, 0, 0, 0),
(163, 9, 70, 'Header Content', 3, 0, 0, 0, 0, 0, 0),
(163, 9, 72, 'Main', 2, 0, 0, 0, 0, 0, 0),
(163, 9, 74, 'Header Content', 6, 0, 0, 0, 0, 0, 0),
(163, 9, 103, 'Header Content', 4, 0, 0, 0, 0, 0, 0),
(163, 10, 63, 'Header Content', 1, 0, 0, 0, 0, 0, 0),
(163, 10, 64, 'Header Content : 1', 0, 0, 0, 0, 0, 0, 0),
(163, 10, 65, 'Header Content : 2', 0, 0, 0, 0, 0, 0, 0),
(163, 10, 66, 'Header Content', 0, 0, 0, 0, 0, 0, 0),
(163, 10, 67, 'Header Content', 2, 0, 0, 0, 0, 0, 0),
(163, 10, 68, 'Header Content', 0, 0, 0, 0, 0, 0, 0),
(163, 10, 70, 'Header Content', 3, 0, 0, 0, 0, 0, 0),
(163, 10, 72, 'Main', 2, 0, 0, 0, 0, 0, 0),
(163, 10, 74, 'Header Content', 6, 0, 0, 0, 0, 0, 0),
(163, 10, 104, 'Header Content', 4, 0, 0, 0, 0, 0, 0),
(163, 11, 63, 'Header Content', 1, 0, 0, 0, 0, 0, 0),
(163, 11, 64, 'Header Content : 1', 0, 0, 0, 0, 0, 0, 0),
(163, 11, 65, 'Header Content : 2', 0, 0, 0, 0, 0, 0, 0),
(163, 11, 66, 'Header Content', 0, 0, 0, 0, 0, 0, 0),
(163, 11, 67, 'Header Content', 2, 0, 0, 0, 0, 0, 0),
(163, 11, 68, 'Header Content', 0, 0, 0, 0, 0, 0, 0),
(163, 11, 70, 'Header Content', 3, 0, 0, 0, 0, 0, 0),
(163, 11, 72, 'Main', 2, 0, 0, 0, 0, 0, 0),
(163, 11, 74, 'Header Content', 6, 0, 0, 0, 0, 0, 0),
(163, 11, 104, 'Header Content', 4, 0, 0, 0, 0, 0, 0),
(163, 12, 63, 'Header Content', 1, 0, 0, 0, 0, 0, 0),
(163, 12, 64, 'Header Content : 1', 0, 0, 0, 0, 0, 0, 0),
(163, 12, 65, 'Header Content : 2', 0, 0, 0, 0, 0, 0, 0),
(163, 12, 66, 'Header Content', 0, 0, 0, 0, 0, 0, 0),
(163, 12, 67, 'Header Content', 2, 0, 0, 0, 0, 0, 0),
(163, 12, 68, 'Header Content', 0, 0, 0, 0, 0, 0, 0),
(163, 12, 70, 'Header Content', 3, 0, 0, 0, 0, 0, 0),
(163, 12, 72, 'Main', 2, 0, 0, 0, 0, 0, 0),
(163, 12, 74, 'Header Content', 6, 0, 0, 0, 0, 0, 0),
(163, 12, 105, 'Header Content', 4, 1, 0, 0, 0, 0, 0),
(164, 1, 125, 'Main', 0, 1, 0, 0, 0, 0, 0),
(164, 2, 125, 'Main', 0, 0, 0, 0, 0, 0, 0),
(164, 2, 127, 'Header Content', 0, 1, 0, 0, 0, 0, 0),
(165, 1, 59, 'Main', 0, 0, 0, 0, 0, 0, 0),
(165, 2, 59, 'Main', 0, 0, 0, 0, 0, 0, 0),
(165, 2, 60, 'Header Content', 1, 0, 0, 0, 0, 0, 0),
(165, 3, 63, 'Header Content', 1, 0, 0, 0, 0, 0, 0),
(165, 3, 64, 'Header Content : 1', 0, 0, 0, 0, 0, 0, 0),
(165, 3, 65, 'Header Content : 2', 0, 0, 0, 0, 0, 0, 0),
(165, 3, 66, 'Header Content', 0, 0, 0, 0, 0, 0, 0),
(165, 3, 67, 'Header Content', 2, 0, 0, 0, 0, 0, 0),
(165, 3, 68, 'Header Content', 0, 0, 0, 0, 0, 0, 0),
(165, 3, 69, 'Header Content', 4, 0, 0, 0, 0, 0, 0),
(165, 3, 70, 'Header Content', 3, 0, 0, 0, 0, 0, 0),
(165, 3, 71, 'Header Content', 6, 0, 0, 0, 0, 0, 0),
(165, 3, 72, 'Main', 2, 0, 0, 0, 0, 0, 0),
(165, 4, 63, 'Header Content', 1, 0, 0, 0, 0, 0, 0),
(165, 4, 64, 'Header Content : 1', 0, 0, 0, 0, 0, 0, 0),
(165, 4, 65, 'Header Content : 2', 0, 0, 0, 0, 0, 0, 0),
(165, 4, 66, 'Header Content', 0, 0, 0, 0, 0, 0, 0),
(165, 4, 67, 'Header Content', 2, 0, 0, 0, 0, 0, 0),
(165, 4, 68, 'Header Content', 0, 0, 0, 0, 0, 0, 0),
(165, 4, 69, 'Header Content', 4, 0, 0, 0, 0, 0, 0),
(165, 4, 70, 'Header Content', 3, 0, 0, 0, 0, 0, 0),
(165, 4, 72, 'Main', 2, 0, 0, 0, 0, 0, 0),
(165, 4, 73, 'Header Content', 6, 0, 0, 0, 0, 0, 0),
(165, 5, 63, 'Header Content', 1, 0, 0, 0, 0, 0, 0),
(165, 5, 64, 'Header Content : 1', 0, 0, 0, 0, 0, 0, 0),
(165, 5, 65, 'Header Content : 2', 0, 0, 0, 0, 0, 0, 0),
(165, 5, 66, 'Header Content', 0, 0, 0, 0, 0, 0, 0),
(165, 5, 67, 'Header Content', 2, 0, 0, 0, 0, 0, 0),
(165, 5, 68, 'Header Content', 0, 0, 0, 0, 0, 0, 0),
(165, 5, 69, 'Header Content', 4, 0, 0, 0, 0, 0, 0),
(165, 5, 70, 'Header Content', 3, 0, 0, 0, 0, 0, 0),
(165, 5, 72, 'Main', 2, 0, 0, 0, 0, 0, 0),
(165, 5, 74, 'Header Content', 6, 0, 0, 0, 0, 0, 0),
(165, 6, 63, 'Header Content', 1, 0, 0, 0, 0, 0, 0),
(165, 6, 64, 'Header Content : 1', 0, 0, 0, 0, 0, 0, 0),
(165, 6, 65, 'Header Content : 2', 0, 0, 0, 0, 0, 0, 0),
(165, 6, 66, 'Header Content', 0, 0, 0, 0, 0, 0, 0),
(165, 6, 67, 'Header Content', 2, 0, 0, 0, 0, 0, 0),
(165, 6, 68, 'Header Content', 0, 0, 0, 0, 0, 0, 0),
(165, 6, 69, 'Header Content', 4, 0, 0, 0, 0, 0, 0),
(165, 6, 70, 'Header Content', 3, 0, 0, 0, 0, 0, 0),
(165, 6, 72, 'Main', 2, 0, 0, 0, 0, 0, 0),
(165, 6, 74, 'Header Content', 6, 0, 0, 0, 0, 0, 0),
(165, 7, 63, 'Header Content', 1, 0, 0, 0, 0, 0, 0),
(165, 7, 64, 'Header Content : 1', 0, 0, 0, 0, 0, 0, 0),
(165, 7, 65, 'Header Content : 2', 0, 0, 0, 0, 0, 0, 0),
(165, 7, 66, 'Header Content', 0, 0, 0, 0, 0, 0, 0),
(165, 7, 67, 'Header Content', 2, 0, 0, 0, 0, 0, 0),
(165, 7, 68, 'Header Content', 0, 0, 0, 0, 0, 0, 0),
(165, 7, 70, 'Header Content', 3, 0, 0, 0, 0, 0, 0),
(165, 7, 72, 'Main', 2, 0, 0, 0, 0, 0, 0),
(165, 7, 74, 'Header Content', 6, 0, 0, 0, 0, 0, 0),
(165, 7, 101, 'Header Content', 4, 0, 0, 0, 0, 0, 0),
(165, 8, 63, 'Header Content', 1, 0, 0, 0, 0, 0, 0),
(165, 8, 64, 'Header Content : 1', 0, 0, 0, 0, 0, 0, 0),
(165, 8, 65, 'Header Content : 2', 0, 0, 0, 0, 0, 0, 0),
(165, 8, 66, 'Header Content', 0, 0, 0, 0, 0, 0, 0),
(165, 8, 67, 'Header Content', 2, 0, 0, 0, 0, 0, 0),
(165, 8, 68, 'Header Content', 0, 0, 0, 0, 0, 0, 0),
(165, 8, 70, 'Header Content', 3, 0, 0, 0, 0, 0, 0),
(165, 8, 72, 'Main', 2, 0, 0, 0, 0, 0, 0),
(165, 8, 74, 'Header Content', 6, 0, 0, 0, 0, 0, 0),
(165, 8, 102, 'Header Content', 4, 0, 0, 0, 0, 0, 0),
(165, 9, 63, 'Header Content', 1, 0, 0, 0, 0, 0, 0),
(165, 9, 64, 'Header Content : 1', 0, 0, 0, 0, 0, 0, 0),
(165, 9, 65, 'Header Content : 2', 0, 0, 0, 0, 0, 0, 0),
(165, 9, 66, 'Header Content', 0, 0, 0, 0, 0, 0, 0),
(165, 9, 67, 'Header Content', 2, 0, 0, 0, 0, 0, 0),
(165, 9, 68, 'Header Content', 0, 0, 0, 0, 0, 0, 0),
(165, 9, 70, 'Header Content', 3, 0, 0, 0, 0, 0, 0),
(165, 9, 72, 'Main', 2, 0, 0, 0, 0, 0, 0),
(165, 9, 74, 'Header Content', 6, 0, 0, 0, 0, 0, 0),
(165, 9, 103, 'Header Content', 4, 0, 0, 0, 0, 0, 0),
(165, 10, 63, 'Header Content', 1, 0, 0, 0, 0, 0, 0),
(165, 10, 64, 'Header Content : 1', 0, 0, 0, 0, 0, 0, 0),
(165, 10, 65, 'Header Content : 2', 0, 0, 0, 0, 0, 0, 0),
(165, 10, 66, 'Header Content', 0, 0, 0, 0, 0, 0, 0),
(165, 10, 67, 'Header Content', 2, 0, 0, 0, 0, 0, 0),
(165, 10, 68, 'Header Content', 0, 0, 0, 0, 0, 0, 0),
(165, 10, 70, 'Header Content', 3, 0, 0, 0, 0, 0, 0),
(165, 10, 72, 'Main', 2, 0, 0, 0, 0, 0, 0),
(165, 10, 74, 'Header Content', 6, 0, 0, 0, 0, 0, 0),
(165, 10, 104, 'Header Content', 4, 0, 0, 0, 0, 0, 0),
(165, 11, 63, 'Header Content', 1, 0, 0, 0, 0, 0, 0),
(165, 11, 64, 'Header Content : 1', 0, 0, 0, 0, 0, 0, 0),
(165, 11, 65, 'Header Content : 2', 0, 0, 0, 0, 0, 0, 0),
(165, 11, 66, 'Main', 0, 0, 0, 0, 0, 0, 0),
(165, 11, 68, 'Header Content', 0, 0, 0, 0, 0, 0, 0),
(165, 11, 72, 'Main - 1', 2, 0, 0, 0, 0, 0, 0),
(165, 11, 106, 'Main', 1, 0, 0, 0, 0, 0, 0),
(165, 11, 107, 'Main - 1', 1, 0, 0, 0, 0, 0, 0),
(165, 11, 108, 'Header Content', 2, 0, 0, 0, 0, 0, 0),
(165, 11, 109, 'Main', 5, 0, 0, 0, 0, 0, 0),
(165, 12, 63, 'Header Content', 1, 0, 0, 0, 0, 0, 0),
(165, 12, 64, 'Header Content : 1', 0, 0, 0, 0, 0, 0, 0),
(165, 12, 65, 'Header Content : 2', 0, 0, 0, 0, 0, 0, 0),
(165, 12, 66, 'Main', 0, 0, 0, 0, 0, 0, 0),
(165, 12, 68, 'Header Content', 0, 0, 0, 0, 0, 0, 0),
(165, 12, 106, 'Main', 1, 0, 0, 0, 0, 0, 0),
(165, 12, 107, 'Main - 1', 0, 0, 0, 0, 0, 0, 0),
(165, 12, 108, 'Header Content', 2, 0, 0, 0, 0, 0, 0),
(165, 12, 109, 'Main', 5, 0, 0, 0, 0, 0, 0),
(165, 12, 110, 'Main - 1', 2, 0, 0, 0, 0, 0, 0),
(165, 13, 63, 'Header Content', 1, 0, 0, 0, 0, 0, 0),
(165, 13, 64, 'Header Content : 1', 0, 0, 0, 0, 0, 0, 0),
(165, 13, 65, 'Header Content : 2', 0, 0, 0, 0, 0, 0, 0),
(165, 13, 66, 'Main', 0, 0, 0, 0, 0, 0, 0),
(165, 13, 68, 'Header Content', 0, 0, 0, 0, 0, 0, 0),
(165, 13, 106, 'Main', 1, 0, 0, 0, 0, 0, 0),
(165, 13, 107, 'Main - 1', 0, 0, 0, 0, 0, 0, 0),
(165, 13, 108, 'Header Content', 2, 0, 0, 0, 0, 0, 0),
(165, 13, 109, 'Main', 5, 0, 0, 0, 0, 0, 0),
(165, 13, 111, 'Main - 1', 2, 0, 0, 0, 0, 0, 0),
(165, 14, 63, 'Header Content', 1, 0, 0, 0, 0, 0, 0),
(165, 14, 64, 'Header Content : 1', 0, 0, 0, 0, 0, 0, 0),
(165, 14, 65, 'Header Content : 2', 0, 0, 0, 0, 0, 0, 0),
(165, 14, 66, 'Main', 0, 0, 0, 0, 0, 0, 0),
(165, 14, 68, 'Header Content', 0, 0, 0, 0, 0, 0, 0),
(165, 14, 106, 'Main', 1, 0, 0, 0, 0, 0, 0),
(165, 14, 107, 'Main - 1', 0, 0, 0, 0, 0, 0, 0),
(165, 14, 108, 'Header Content', 2, 0, 0, 0, 0, 0, 0),
(165, 14, 109, 'Main', 5, 0, 0, 0, 0, 0, 0),
(165, 14, 112, 'Main - 1', 2, 0, 0, 0, 0, 0, 0),
(165, 14, 113, 'Main - 1', 4, 0, 0, 0, 0, 0, 0),
(165, 15, 63, 'Header Content', 1, 0, 0, 0, 0, 0, 0),
(165, 15, 64, 'Header Content : 1', 0, 0, 0, 0, 0, 0, 0),
(165, 15, 65, 'Header Content : 2', 0, 0, 0, 0, 0, 0, 0),
(165, 15, 66, 'Main', 0, 0, 0, 0, 0, 0, 0),
(165, 15, 68, 'Header Content', 0, 0, 0, 0, 0, 0, 0),
(165, 15, 106, 'Main', 1, 0, 0, 0, 0, 0, 0),
(165, 15, 107, 'Main - 1', 0, 0, 0, 0, 0, 0, 0),
(165, 15, 108, 'Header Content', 2, 0, 0, 0, 0, 0, 0),
(165, 15, 109, 'Main', 5, 0, 0, 0, 0, 0, 0),
(165, 15, 112, 'Main - 1', 1, 0, 0, 0, 0, 0, 0),
(165, 15, 113, 'Main - 1', 4, 0, 0, 0, 0, 0, 0),
(165, 15, 114, 'Header Content : 3', 0, 0, 0, 0, 0, 0, 0),
(165, 15, 115, 'Main - 1', 2, 0, 0, 0, 0, 0, 0),
(165, 15, 116, 'Main - 1', 3, 0, 0, 0, 0, 0, 0),
(165, 15, 117, 'Main - 1', 4, 0, 0, 0, 0, 0, 0),
(165, 16, 63, 'Header Content', 1, 0, 0, 0, 0, 0, 0),
(165, 16, 64, 'Header Content : 1', 0, 0, 0, 0, 0, 0, 0),
(165, 16, 65, 'Header Content : 2', 0, 0, 0, 0, 0, 0, 0),
(165, 16, 66, 'Main', 0, 0, 0, 0, 0, 0, 0),
(165, 16, 68, 'Header Content', 0, 0, 0, 0, 0, 0, 0),
(165, 16, 106, 'Main', 1, 0, 0, 0, 0, 0, 0),
(165, 16, 107, 'Main - 1', 0, 0, 0, 0, 0, 0, 0),
(165, 16, 108, 'Header Content', 2, 0, 0, 0, 0, 0, 0),
(165, 16, 109, 'Main', 5, 0, 0, 0, 0, 0, 0),
(165, 16, 112, 'Main - 1', 1, 0, 0, 0, 0, 0, 0),
(165, 16, 113, 'Main - 1', 4, 0, 0, 0, 0, 0, 0),
(165, 16, 114, 'Header Content : 3', 0, 0, 0, 0, 0, 0, 0),
(165, 16, 115, 'Main - 1', 2, 0, 0, 0, 0, 0, 0),
(165, 16, 116, 'Main - 1', 3, 0, 0, 0, 0, 0, 0),
(165, 16, 117, 'Main - 1', 4, 0, 0, 0, 0, 0, 0),
(165, 17, 63, 'Header Content', 1, 0, 0, 0, 0, 0, 0),
(165, 17, 64, 'Header Content : 1', 0, 0, 0, 0, 0, 0, 0),
(165, 17, 65, 'Header Content : 2', 0, 0, 0, 0, 0, 0, 0),
(165, 17, 68, 'Header Content', 0, 0, 0, 0, 0, 0, 0),
(165, 17, 106, 'Main', 1, 0, 0, 0, 0, 0, 0),
(165, 17, 107, 'Main - 1', 0, 0, 0, 0, 0, 0, 0),
(165, 17, 108, 'Header Content', 2, 0, 0, 0, 0, 0, 0),
(165, 17, 109, 'Main', 5, 0, 0, 0, 0, 0, 0),
(165, 17, 112, 'Main - 1', 1, 0, 0, 0, 0, 0, 0),
(165, 17, 113, 'Main - 1', 4, 0, 0, 0, 0, 0, 0),
(165, 17, 115, 'Main - 1', 2, 0, 0, 0, 0, 0, 0),
(165, 17, 116, 'Main - 1', 3, 0, 0, 0, 0, 0, 0),
(165, 17, 117, 'Main - 1', 4, 0, 0, 0, 0, 0, 0),
(165, 17, 118, 'Main', 0, 0, 0, 0, 0, 0, 0),
(165, 17, 119, 'Header Content : 3', 0, 0, 0, 0, 0, 0, 0),
(165, 18, 63, 'Header Content', 1, 0, 0, 0, 0, 0, 0),
(165, 18, 64, 'Header Content : 1', 0, 0, 0, 0, 0, 0, 0),
(165, 18, 65, 'Header Content : 2', 0, 0, 0, 0, 0, 0, 0),
(165, 18, 68, 'Header Content', 0, 0, 0, 0, 0, 0, 0),
(165, 18, 106, 'Main', 1, 0, 0, 0, 0, 0, 0),
(165, 18, 107, 'Main - 1', 0, 0, 0, 0, 0, 0, 0),
(165, 18, 108, 'Header Content', 2, 0, 0, 0, 0, 0, 0),
(165, 18, 109, 'Main', 5, 0, 0, 0, 0, 0, 0),
(165, 18, 113, 'Main - 1', 4, 0, 0, 0, 0, 0, 0),
(165, 18, 115, 'Main - 1', 2, 0, 0, 0, 0, 0, 0),
(165, 18, 116, 'Main - 1', 3, 0, 0, 0, 0, 0, 0),
(165, 18, 117, 'Main - 1', 4, 0, 0, 0, 0, 0, 0),
(165, 18, 118, 'Main', 0, 0, 0, 0, 0, 0, 0),
(165, 18, 119, 'Header Content : 3', 0, 0, 0, 0, 0, 0, 0),
(165, 18, 120, 'Main - 1', 1, 0, 0, 0, 0, 0, 0),
(165, 19, 63, 'Header Content', 1, 0, 0, 0, 0, 0, 0),
(165, 19, 64, 'Header Content : 1', 0, 0, 0, 0, 0, 0, 0),
(165, 19, 65, 'Header Content : 2', 0, 0, 0, 0, 0, 0, 0),
(165, 19, 68, 'Header Content', 0, 0, 0, 0, 0, 0, 0),
(165, 19, 106, 'Main', 1, 0, 0, 0, 0, 0, 0),
(165, 19, 108, 'Header Content', 2, 0, 0, 0, 0, 0, 0),
(165, 19, 109, 'Main', 5, 0, 0, 0, 0, 0, 0),
(165, 19, 113, 'Main - 1', 4, 0, 0, 0, 0, 0, 0),
(165, 19, 115, 'Main - 1', 2, 0, 0, 0, 0, 0, 0),
(165, 19, 116, 'Main - 1', 3, 0, 0, 0, 0, 0, 0),
(165, 19, 117, 'Main - 1', 4, 0, 0, 0, 0, 0, 0),
(165, 19, 118, 'Main', 0, 0, 0, 0, 0, 0, 0),
(165, 19, 119, 'Header Content : 3', 0, 0, 0, 0, 0, 0, 0),
(165, 19, 120, 'Main - 1', 1, 0, 0, 0, 0, 0, 0),
(165, 19, 121, 'Main - 1', 0, 0, 0, 0, 0, 0, 0),
(165, 20, 63, 'Header Content', 1, 0, 0, 0, 0, 0, 0),
(165, 20, 64, 'Header Content : 1', 0, 0, 0, 0, 0, 0, 0),
(165, 20, 65, 'Header Content : 2', 0, 0, 0, 0, 0, 0, 0),
(165, 20, 68, 'Header Content', 0, 0, 0, 0, 0, 0, 0),
(165, 20, 106, 'Main', 1, 0, 0, 0, 0, 0, 0),
(165, 20, 108, 'Header Content', 2, 0, 0, 0, 0, 0, 0),
(165, 20, 109, 'Main', 5, 0, 0, 0, 0, 0, 0),
(165, 20, 113, 'Main - 1', 4, 0, 0, 0, 0, 0, 0),
(165, 20, 115, 'Main - 1', 2, 0, 0, 0, 0, 0, 0),
(165, 20, 116, 'Main - 1', 3, 0, 0, 0, 0, 0, 0),
(165, 20, 117, 'Main - 1', 4, 0, 0, 0, 0, 0, 0),
(165, 20, 118, 'Main', 0, 0, 0, 0, 0, 0, 0),
(165, 20, 119, 'Header Content : 3', 0, 0, 0, 0, 0, 0, 0),
(165, 20, 122, 'Main - 1', 0, 0, 0, 0, 0, 0, 0),
(165, 20, 123, 'Main - 1', 1, 0, 0, 0, 0, 0, 0),
(165, 21, 63, 'Header Content', 1, 0, 0, 0, 0, 0, 0),
(165, 21, 64, 'Header Content : 1', 0, 0, 0, 0, 0, 0, 0),
(165, 21, 68, 'Header Content', 0, 0, 0, 0, 0, 0, 0),
(165, 21, 106, 'Main', 1, 0, 0, 0, 0, 0, 0),
(165, 21, 108, 'Header Content', 2, 0, 0, 0, 0, 0, 0),
(165, 21, 109, 'Main', 5, 0, 0, 0, 0, 0, 0),
(165, 21, 113, 'Main - 1', 4, 0, 0, 0, 0, 0, 0),
(165, 21, 115, 'Main - 1', 2, 0, 0, 0, 0, 0, 0),
(165, 21, 116, 'Main - 1', 3, 0, 0, 0, 0, 0, 0),
(165, 21, 117, 'Main - 1', 4, 0, 0, 0, 0, 0, 0),
(165, 21, 118, 'Main', 0, 0, 0, 0, 0, 0, 0),
(165, 21, 119, 'Header Content : 3', 0, 0, 0, 0, 0, 0, 0),
(165, 21, 122, 'Main - 1', 0, 0, 0, 0, 0, 0, 0),
(165, 21, 123, 'Main - 1', 1, 0, 0, 0, 0, 0, 0),
(165, 21, 126, 'Header Content : 2', 0, 0, 0, 0, 0, 0, 0),
(165, 22, 63, 'Header Content', 1, 0, 0, 0, 0, 0, 0),
(165, 22, 64, 'Header Content : 1', 0, 0, 0, 0, 0, 0, 0),
(165, 22, 68, 'Header Content', 0, 0, 0, 0, 0, 0, 0),
(165, 22, 106, 'Main', 1, 0, 0, 0, 0, 0, 0),
(165, 22, 108, 'Header Content', 2, 0, 0, 0, 0, 0, 0),
(165, 22, 109, 'Main', 5, 0, 0, 0, 0, 0, 0),
(165, 22, 113, 'Main - 1', 4, 0, 0, 0, 0, 0, 0),
(165, 22, 115, 'Main - 1', 2, 0, 0, 0, 0, 0, 0),
(165, 22, 116, 'Main - 1', 3, 0, 0, 0, 0, 0, 0),
(165, 22, 117, 'Main - 1', 4, 0, 0, 0, 0, 0, 0),
(165, 22, 118, 'Main', 0, 0, 0, 0, 0, 0, 0),
(165, 22, 119, 'Header Content : 3', 0, 0, 0, 0, 0, 0, 0),
(165, 22, 122, 'Main - 1', 0, 0, 0, 0, 0, 0, 0),
(165, 22, 123, 'Main - 1', 1, 0, 0, 0, 0, 0, 0),
(165, 22, 126, 'Header Content : 2', 0, 0, 0, 0, 0, 0, 0),
(165, 23, 63, 'Header Content', 1, 0, 0, 0, 0, 0, 0),
(165, 23, 64, 'Header Content : 1', 0, 0, 0, 0, 0, 0, 0),
(165, 23, 68, 'Header Content', 0, 0, 0, 0, 0, 0, 0),
(165, 23, 106, 'Main', 1, 0, 0, 0, 0, 0, 0),
(165, 23, 108, 'Header Content', 2, 0, 0, 0, 0, 0, 0),
(165, 23, 109, 'Main', 5, 0, 0, 0, 0, 0, 0),
(165, 23, 113, 'Main - 1', 4, 0, 0, 0, 0, 0, 0),
(165, 23, 115, 'Main - 1', 2, 0, 0, 0, 0, 0, 0),
(165, 23, 116, 'Main - 1', 3, 0, 0, 0, 0, 0, 0),
(165, 23, 117, 'Main - 1', 4, 0, 0, 0, 0, 0, 0),
(165, 23, 118, 'Main', 0, 0, 0, 0, 0, 0, 0),
(165, 23, 119, 'Header Content : 3', 0, 0, 0, 0, 0, 0, 0),
(165, 23, 122, 'Main - 1', 0, 0, 0, 0, 0, 0, 0),
(165, 23, 123, 'Main - 1', 1, 0, 0, 0, 0, 0, 0),
(165, 23, 126, 'Header Content : 2', 0, 0, 0, 0, 0, 0, 0),
(165, 24, 63, 'Header Content', 1, 0, 0, 0, 0, 0, 0),
(165, 24, 64, 'Header Content : 1', 0, 0, 0, 0, 0, 0, 0),
(165, 24, 68, 'Header Content', 0, 0, 0, 0, 0, 0, 0),
(165, 24, 106, 'Main', 1, 0, 0, 0, 0, 0, 0),
(165, 24, 108, 'Header Content', 2, 0, 0, 0, 0, 0, 0),
(165, 24, 109, 'Main', 5, 0, 0, 0, 0, 0, 0),
(165, 24, 113, 'Main - 1', 4, 0, 0, 0, 0, 0, 0),
(165, 24, 115, 'Main - 1', 2, 0, 0, 0, 0, 0, 0),
(165, 24, 116, 'Main - 1', 3, 0, 0, 0, 0, 0, 0),
(165, 24, 117, 'Main - 1', 4, 0, 0, 0, 0, 0, 0),
(165, 24, 118, 'Main', 0, 0, 0, 0, 0, 0, 0),
(165, 24, 119, 'Header Content : 3', 0, 0, 0, 0, 0, 0, 0),
(165, 24, 122, 'Main - 1', 0, 0, 0, 0, 0, 0, 0),
(165, 24, 123, 'Main - 1', 1, 0, 0, 0, 0, 0, 0),
(165, 24, 126, 'Header Content : 2', 0, 0, 0, 0, 0, 0, 0),
(165, 25, 63, 'Header Content', 1, 0, 0, 0, 0, 0, 0),
(165, 25, 68, 'Header Content', 0, 0, 0, 0, 0, 0, 0),
(165, 25, 108, 'Header Content', 2, 0, 0, 0, 0, 0, 0),
(165, 25, 109, 'Main', 5, 0, 0, 0, 0, 0, 0),
(165, 25, 113, 'Main - 1', 4, 0, 0, 0, 0, 0, 0),
(165, 25, 115, 'Main - 1', 2, 0, 0, 0, 0, 0, 0),
(165, 25, 116, 'Main - 1', 3, 0, 0, 0, 0, 0, 0),
(165, 25, 117, 'Main - 1', 4, 0, 0, 0, 0, 0, 0),
(165, 25, 118, 'Main', 0, 0, 0, 0, 0, 0, 0),
(165, 25, 119, 'Header Content : 3', 0, 0, 0, 0, 0, 0, 0),
(165, 25, 122, 'Main - 1', 0, 0, 0, 0, 0, 0, 0),
(165, 25, 128, 'Header Content : 1', 0, 1, 0, 0, 0, 0, 0),
(165, 25, 129, 'Header Content : 2', 0, 1, 0, 0, 0, 0, 0),
(165, 26, 63, 'Header Content', 1, 0, 0, 0, 0, 0, 0),
(165, 26, 68, 'Header Content', 0, 0, 0, 0, 0, 0, 0),
(165, 26, 108, 'Header Content', 2, 0, 0, 0, 0, 0, 0),
(165, 26, 109, 'Main', 5, 0, 0, 0, 0, 0, 0),
(165, 26, 113, 'Main - 1', 4, 0, 0, 0, 0, 0, 0),
(165, 26, 115, 'Main - 1', 1, 0, 0, 0, 0, 0, 0),
(165, 26, 116, 'Main - 1', 2, 0, 0, 0, 0, 0, 0),
(165, 26, 118, 'Main', 0, 0, 0, 0, 0, 0, 0),
(165, 26, 119, 'Header Content : 3', 0, 0, 0, 0, 0, 0, 0),
(165, 26, 122, 'Main - 1', 0, 0, 0, 0, 0, 0, 0),
(165, 26, 128, 'Header Content : 1', 0, 0, 0, 0, 0, 0, 0),
(165, 26, 129, 'Header Content : 2', 0, 0, 0, 0, 0, 0, 0),
(165, 26, 130, 'Header Image', 0, 1, 0, 0, 0, 0, 0),
(165, 27, 63, 'Header Content', 1, 0, 0, 0, 0, 0, 0),
(165, 27, 68, 'Header Content', 0, 0, 0, 0, 0, 0, 0),
(165, 27, 108, 'Header Content', 2, 0, 0, 0, 0, 0, 0),
(165, 27, 109, 'Main', 5, 0, 0, 0, 0, 0, 0),
(165, 27, 113, 'Main - 1', 4, 0, 0, 0, 0, 0, 0),
(165, 27, 115, 'Main - 1', 1, 0, 0, 0, 0, 0, 0),
(165, 27, 116, 'Main - 1', 2, 0, 0, 0, 0, 0, 0),
(165, 27, 118, 'Main', 0, 0, 0, 0, 0, 0, 0),
(165, 27, 119, 'Header Content : 3', 0, 0, 0, 0, 0, 0, 0),
(165, 27, 122, 'Main - 1', 0, 0, 0, 0, 0, 0, 0),
(165, 27, 128, 'Header Content : 1', 0, 0, 0, 0, 0, 0, 0),
(165, 27, 129, 'Header Content : 2', 0, 0, 0, 0, 0, 0, 0),
(165, 27, 131, 'Header Image', 0, 1, 0, 0, 0, 0, 0),
(165, 28, 63, 'Header Content', 1, 0, 0, 0, 0, 0, 0),
(165, 28, 68, 'Header Content', 0, 0, 0, 0, 0, 0, 0),
(165, 28, 108, 'Header Content', 2, 0, 0, 0, 0, 0, 0),
(165, 28, 109, 'Main', 5, 0, 0, 0, 0, 0, 0),
(165, 28, 113, 'Main - 1', 4, 0, 0, 0, 0, 0, 0),
(165, 28, 115, 'Main - 1', 1, 0, 0, 0, 0, 0, 0),
(165, 28, 116, 'Main - 1', 2, 0, 0, 0, 0, 0, 0),
(165, 28, 118, 'Main', 0, 0, 0, 0, 0, 0, 0),
(165, 28, 119, 'Header Content : 3', 0, 0, 0, 0, 0, 0, 0),
(165, 28, 122, 'Main - 1', 0, 0, 0, 0, 0, 0, 0),
(165, 28, 128, 'Header Content : 1', 0, 0, 0, 0, 0, 0, 0),
(165, 28, 129, 'Header Content : 2', 0, 0, 0, 0, 0, 0, 0),
(165, 28, 132, 'Header Image', 0, 1, 0, 0, 0, 0, 0),
(165, 29, 63, 'Header Content', 1, 0, 0, 0, 0, 0, 0),
(165, 29, 68, 'Header Content', 0, 0, 0, 0, 0, 0, 0),
(165, 29, 108, 'Header Content', 2, 0, 0, 0, 0, 0, 0),
(165, 29, 109, 'Main', 5, 0, 0, 0, 0, 0, 0),
(165, 29, 113, 'Main - 1', 4, 0, 0, 0, 0, 0, 0),
(165, 29, 115, 'Main - 1', 1, 0, 0, 0, 0, 0, 0),
(165, 29, 116, 'Main - 1', 2, 0, 0, 0, 0, 0, 0),
(165, 29, 118, 'Main', 0, 0, 0, 0, 0, 0, 0),
(165, 29, 119, 'Header Content : 3', 0, 0, 0, 0, 0, 0, 0),
(165, 29, 122, 'Main - 1', 0, 0, 0, 0, 0, 0, 0),
(165, 29, 128, 'Header Content : 1', 0, 0, 0, 0, 0, 0, 0),
(165, 29, 129, 'Header Content : 2', 0, 0, 0, 0, 0, 0, 0),
(165, 29, 133, 'Header Image', 0, 1, 0, 0, 0, 0, 0),
(165, 30, 63, 'Header Content', 1, 0, 0, 0, 0, 0, 0),
(165, 30, 68, 'Header Content', 0, 0, 0, 0, 0, 0, 0),
(165, 30, 108, 'Header Content', 2, 0, 0, 0, 0, 0, 0),
(165, 30, 109, 'Main', 5, 0, 0, 0, 0, 0, 0),
(165, 30, 113, 'Main - 1', 4, 0, 0, 0, 0, 0, 0),
(165, 30, 115, 'Main - 1', 1, 0, 0, 0, 0, 0, 0),
(165, 30, 116, 'Main - 1', 2, 0, 0, 0, 0, 0, 0),
(165, 30, 118, 'Main', 0, 0, 0, 0, 0, 0, 0),
(165, 30, 119, 'Header Content : 3', 0, 0, 0, 0, 0, 0, 0),
(165, 30, 122, 'Main - 1', 0, 0, 0, 0, 0, 0, 0),
(165, 30, 128, 'Header Content : 1', 0, 0, 0, 0, 0, 0, 0),
(165, 30, 129, 'Header Content : 2', 0, 0, 0, 0, 0, 0, 0),
(165, 30, 134, 'Header Image', 0, 1, 0, 0, 0, 0, 0),
(165, 31, 63, 'Header Content', 1, 0, 0, 0, 0, 0, 0),
(165, 31, 68, 'Header Content', 0, 0, 0, 0, 0, 0, 0),
(165, 31, 108, 'Header Content', 2, 0, 0, 0, 0, 0, 0),
(165, 31, 109, 'Main', 5, 0, 0, 0, 0, 0, 0),
(165, 31, 113, 'Main - 1', 4, 0, 0, 0, 0, 0, 0),
(165, 31, 115, 'Main - 1', 1, 0, 0, 0, 0, 0, 0),
(165, 31, 116, 'Main - 1', 2, 0, 0, 0, 0, 0, 0),
(165, 31, 118, 'Main', 0, 0, 0, 0, 0, 0, 0),
(165, 31, 119, 'Header Content : 3', 0, 0, 0, 0, 0, 0, 0),
(165, 31, 122, 'Main - 1', 0, 0, 0, 0, 0, 0, 0),
(165, 31, 128, 'Header Content : 1', 0, 0, 0, 0, 0, 0, 0),
(165, 31, 129, 'Header Content : 2', 0, 0, 0, 0, 0, 0, 0),
(165, 31, 135, 'Header Image', 0, 1, 0, 0, 0, 0, 0),
(165, 32, 63, 'Header Content', 1, 0, 0, 0, 0, 0, 0),
(165, 32, 68, 'Header Content', 0, 0, 0, 0, 0, 0, 0),
(165, 32, 108, 'Header Content', 2, 0, 0, 0, 0, 0, 0),
(165, 32, 109, 'Main', 5, 0, 0, 0, 0, 0, 0),
(165, 32, 113, 'Main - 1', 4, 0, 0, 0, 0, 0, 0),
(165, 32, 115, 'Main - 1', 1, 0, 0, 0, 0, 0, 0),
(165, 32, 116, 'Main - 1', 2, 0, 0, 0, 0, 0, 0),
(165, 32, 118, 'Main', 0, 0, 0, 0, 0, 0, 0),
(165, 32, 119, 'Header Content : 3', 0, 0, 0, 0, 0, 0, 0),
(165, 32, 122, 'Main - 1', 0, 0, 0, 0, 0, 0, 0),
(165, 32, 128, 'Header Content : 1', 0, 0, 0, 0, 0, 0, 0),
(165, 32, 129, 'Header Content : 2', 0, 0, 0, 0, 0, 0, 0),
(165, 32, 136, 'Header Image', 0, 1, 0, 0, 0, 0, 0),
(165, 33, 63, 'Header Content', 1, 0, 0, 0, 0, 0, 0),
(165, 33, 68, 'Header Content', 0, 0, 0, 0, 0, 0, 0),
(165, 33, 108, 'Header Content', 2, 0, 0, 0, 0, 0, 0),
(165, 33, 109, 'Main', 5, 0, 0, 0, 0, 0, 0),
(165, 33, 113, 'Main - 1', 4, 0, 0, 0, 0, 0, 0),
(165, 33, 115, 'Main - 1', 1, 0, 0, 0, 0, 0, 0),
(165, 33, 116, 'Main - 1', 2, 0, 0, 0, 0, 0, 0),
(165, 33, 118, 'Main', 0, 0, 0, 0, 0, 0, 0),
(165, 33, 119, 'Header Content : 3', 0, 0, 0, 0, 0, 0, 0),
(165, 33, 122, 'Main - 1', 0, 0, 0, 0, 0, 0, 0),
(165, 33, 128, 'Header Content : 1', 0, 0, 0, 0, 0, 0, 0),
(165, 33, 129, 'Header Content : 2', 0, 0, 0, 0, 0, 0, 0),
(165, 33, 136, 'Header Image', 0, 0, 0, 0, 0, 0, 0),
(165, 34, 63, 'Header Content', 1, 0, 0, 0, 0, 0, 0),
(165, 34, 68, 'Header Content', 0, 0, 0, 0, 0, 0, 0);
INSERT INTO `CollectionVersionBlocks` (`cID`, `cvID`, `bID`, `arHandle`, `cbDisplayOrder`, `isOriginal`, `cbOverrideAreaPermissions`, `cbIncludeAll`, `cbOverrideBlockTypeCacheSettings`, `cbOverrideBlockTypeContainerSettings`, `cbEnableBlockContainer`) VALUES
(165, 34, 108, 'Header Content', 2, 0, 0, 0, 0, 0, 0),
(165, 34, 109, 'Main', 5, 0, 0, 0, 0, 0, 0),
(165, 34, 113, 'Main - 1', 4, 0, 0, 0, 0, 0, 0),
(165, 34, 115, 'Main - 1', 1, 0, 0, 0, 0, 0, 0),
(165, 34, 116, 'Main - 1', 2, 0, 0, 0, 0, 0, 0),
(165, 34, 118, 'Main', 0, 0, 0, 0, 0, 0, 0),
(165, 34, 119, 'Header Content : 3', 0, 0, 0, 0, 0, 0, 0),
(165, 34, 122, 'Main - 1', 0, 0, 0, 0, 0, 0, 0),
(165, 34, 128, 'Header Content : 1', 0, 0, 0, 0, 0, 0, 0),
(165, 34, 129, 'Header Content : 2', 0, 0, 0, 0, 0, 0, 0),
(165, 34, 137, 'Header Image', 0, 1, 0, 0, 0, 0, 0),
(165, 35, 63, 'Header Content', 1, 0, 0, 0, 0, 0, 0),
(165, 35, 68, 'Header Content', 0, 0, 0, 0, 0, 0, 0),
(165, 35, 108, 'Header Content', 2, 0, 0, 0, 0, 0, 0),
(165, 35, 109, 'Main', 5, 0, 0, 0, 0, 0, 0),
(165, 35, 113, 'Main - 1', 4, 0, 0, 0, 0, 0, 0),
(165, 35, 115, 'Main - 1', 1, 0, 0, 0, 0, 0, 0),
(165, 35, 116, 'Main - 1', 2, 0, 0, 0, 0, 0, 0),
(165, 35, 119, 'Header Content : 3', 0, 0, 0, 0, 0, 0, 0),
(165, 35, 122, 'Main - 1', 0, 0, 0, 0, 0, 0, 0),
(165, 35, 128, 'Header Content : 1', 0, 0, 0, 0, 0, 0, 0),
(165, 35, 129, 'Header Content : 2', 0, 0, 0, 0, 0, 0, 0),
(165, 35, 137, 'Header Image', 0, 0, 0, 0, 0, 0, 0),
(165, 35, 138, 'Main', 1, 1, 0, 0, 0, 0, 0),
(165, 35, 139, 'Main', 0, 1, 0, 0, 0, 0, 0),
(165, 36, 63, 'Header Content', 1, 0, 0, 0, 0, 0, 0),
(165, 36, 68, 'Header Content', 0, 0, 0, 0, 0, 0, 0),
(165, 36, 108, 'Header Content', 2, 0, 0, 0, 0, 0, 0),
(165, 36, 109, 'Main', 5, 0, 0, 0, 0, 0, 0),
(165, 36, 113, 'Main - 1', 4, 0, 0, 0, 0, 0, 0),
(165, 36, 115, 'Main - 1', 1, 0, 0, 0, 0, 0, 0),
(165, 36, 116, 'Main - 1', 2, 0, 0, 0, 0, 0, 0),
(165, 36, 119, 'Header Content : 3', 0, 0, 0, 0, 0, 0, 0),
(165, 36, 122, 'Main - 1', 0, 0, 0, 0, 0, 0, 0),
(165, 36, 128, 'Header Content : 1', 0, 0, 0, 0, 0, 0, 0),
(165, 36, 129, 'Header Content : 2', 0, 0, 0, 0, 0, 0, 0),
(165, 36, 137, 'Header Image', 0, 0, 0, 0, 0, 0, 0),
(165, 36, 139, 'Main', 0, 0, 0, 0, 0, 0, 0),
(165, 36, 140, 'Main', 1, 1, 0, 0, 0, 0, 0),
(165, 37, 63, 'Header Content', 1, 0, 0, 0, 0, 0, 0),
(165, 37, 68, 'Header Content', 0, 0, 0, 0, 0, 0, 0),
(165, 37, 108, 'Header Content', 2, 0, 0, 0, 0, 0, 0),
(165, 37, 109, 'Main', 5, 0, 0, 0, 0, 0, 0),
(165, 37, 113, 'Main - 1', 4, 0, 0, 0, 0, 0, 0),
(165, 37, 115, 'Main - 1', 1, 0, 0, 0, 0, 0, 0),
(165, 37, 116, 'Main - 1', 2, 0, 0, 0, 0, 0, 0),
(165, 37, 119, 'Header Content : 3', 0, 0, 0, 0, 0, 0, 0),
(165, 37, 122, 'Main - 1', 0, 0, 0, 0, 0, 0, 0),
(165, 37, 128, 'Header Content : 1', 0, 0, 0, 0, 0, 0, 0),
(165, 37, 129, 'Header Content : 2', 0, 0, 0, 0, 0, 0, 0),
(165, 37, 137, 'Header Image', 0, 0, 0, 0, 0, 0, 0),
(165, 37, 139, 'Main', 0, 0, 0, 0, 0, 0, 0),
(165, 37, 141, 'Main', 3, 1, 0, 0, 0, 0, 0),
(165, 38, 63, 'Header Content', 1, 0, 0, 0, 0, 0, 0),
(165, 38, 68, 'Header Content', 0, 0, 0, 0, 0, 0, 0),
(165, 38, 108, 'Header Content', 2, 0, 0, 0, 0, 0, 0),
(165, 38, 109, 'Main', 5, 0, 0, 0, 0, 0, 0),
(165, 38, 113, 'Main - 1', 4, 0, 0, 0, 0, 0, 0),
(165, 38, 115, 'Main - 1', 1, 0, 0, 0, 0, 0, 0),
(165, 38, 116, 'Main - 1', 2, 0, 0, 0, 0, 0, 0),
(165, 38, 119, 'Header Content : 3', 0, 0, 0, 0, 0, 0, 0),
(165, 38, 122, 'Main - 1', 0, 0, 0, 0, 0, 0, 0),
(165, 38, 128, 'Header Content : 1', 0, 0, 0, 0, 0, 0, 0),
(165, 38, 129, 'Header Content : 2', 0, 0, 0, 0, 0, 0, 0),
(165, 38, 139, 'Main', 0, 0, 0, 0, 0, 0, 0),
(165, 38, 141, 'Main', 3, 0, 0, 0, 0, 0, 0),
(165, 38, 142, 'Header Image', 1, 1, 0, 0, 0, 0, 0),
(165, 39, 63, 'Header Content', 1, 0, 0, 0, 0, 0, 0),
(165, 39, 68, 'Header Content', 0, 0, 0, 0, 0, 0, 0),
(165, 39, 108, 'Header Content', 2, 0, 0, 0, 0, 0, 0),
(165, 39, 109, 'Main', 5, 0, 0, 0, 0, 0, 0),
(165, 39, 113, 'Main - 1', 4, 0, 0, 0, 0, 0, 0),
(165, 39, 115, 'Main - 1', 1, 0, 0, 0, 0, 0, 0),
(165, 39, 116, 'Main - 1', 2, 0, 0, 0, 0, 0, 0),
(165, 39, 119, 'Header Content : 3', 0, 0, 0, 0, 0, 0, 0),
(165, 39, 122, 'Main - 1', 0, 0, 0, 0, 0, 0, 0),
(165, 39, 128, 'Header Content : 1', 0, 0, 0, 0, 0, 0, 0),
(165, 39, 129, 'Header Content : 2', 0, 0, 0, 0, 0, 0, 0),
(165, 39, 139, 'Main', 0, 0, 0, 0, 0, 0, 0),
(165, 39, 141, 'Header Content', 3, 0, 0, 0, 0, 0, 0),
(165, 39, 142, 'Main', 1, 0, 0, 0, 0, 0, 0),
(165, 40, 63, 'Header Content', 1, 0, 0, 0, 0, 0, 0),
(165, 40, 68, 'Header Content', 0, 0, 0, 0, 0, 0, 0),
(165, 40, 108, 'Header Content', 2, 0, 0, 0, 0, 0, 0),
(165, 40, 109, 'Main', 5, 0, 0, 0, 0, 0, 0),
(165, 40, 113, 'Main - 1', 4, 0, 0, 0, 0, 0, 0),
(165, 40, 115, 'Main - 1', 1, 0, 0, 0, 0, 0, 0),
(165, 40, 116, 'Main - 1', 2, 0, 0, 0, 0, 0, 0),
(165, 40, 119, 'Header Content : 3', 0, 0, 0, 0, 0, 0, 0),
(165, 40, 122, 'Main - 1', 0, 0, 0, 0, 0, 0, 0),
(165, 40, 128, 'Header Content : 1', 0, 0, 0, 0, 0, 0, 0),
(165, 40, 129, 'Header Content : 2', 0, 0, 0, 0, 0, 0, 0),
(165, 40, 141, 'Header Content', 3, 0, 0, 0, 0, 0, 0),
(165, 40, 142, 'Header Image', 1, 0, 0, 0, 0, 0, 0),
(165, 41, 63, 'Header Content', 1, 0, 0, 0, 0, 0, 0),
(165, 41, 68, 'Header Content', 0, 0, 0, 0, 0, 0, 0),
(165, 41, 108, 'Header Content', 2, 0, 0, 0, 0, 0, 0),
(165, 41, 109, 'Header Content', 5, 0, 0, 0, 0, 0, 0),
(165, 41, 113, 'Main - 1', 4, 0, 0, 0, 0, 0, 0),
(165, 41, 115, 'Main - 1', 1, 0, 0, 0, 0, 0, 0),
(165, 41, 116, 'Main - 1', 2, 0, 0, 0, 0, 0, 0),
(165, 41, 122, 'Main - 1', 0, 0, 0, 0, 0, 0, 0),
(165, 41, 128, 'Header Content : 1', 0, 0, 0, 0, 0, 0, 0),
(165, 41, 129, 'Header Content : 2', 0, 0, 0, 0, 0, 0, 0),
(165, 41, 141, 'Header Content', 3, 0, 0, 0, 0, 0, 0),
(165, 41, 142, 'Header Image', 0, 0, 0, 0, 0, 0, 0),
(165, 41, 143, 'Header Content : 3', 0, 1, 0, 0, 0, 0, 0),
(165, 42, 63, 'Header Content', 1, 0, 0, 0, 0, 0, 0),
(165, 42, 68, 'Header Content', 0, 0, 0, 0, 0, 0, 0),
(165, 42, 108, 'Header Content', 2, 0, 0, 0, 0, 0, 0),
(165, 42, 109, 'Header Content', 5, 0, 0, 0, 0, 0, 0),
(165, 42, 113, 'Main - 1', 4, 0, 0, 0, 0, 0, 0),
(165, 42, 115, 'Main - 1', 1, 0, 0, 0, 0, 0, 0),
(165, 42, 128, 'Header Content : 1', 0, 0, 0, 0, 0, 0, 0),
(165, 42, 129, 'Header Content : 2', 0, 0, 0, 0, 0, 0, 0),
(165, 42, 141, 'Header Content', 3, 0, 0, 0, 0, 0, 0),
(165, 42, 142, 'Header Image', 0, 0, 0, 0, 0, 0, 0),
(165, 42, 144, 'Main', 2, 1, 0, 0, 0, 0, 0),
(165, 42, 145, 'Main : 4', 0, 1, 0, 0, 0, 0, 0),
(165, 42, 146, 'Main : 5', 1, 1, 0, 0, 0, 0, 0),
(165, 42, 147, 'Main : 5', 0, 1, 0, 0, 0, 0, 0),
(165, 43, 63, 'Header Content', 1, 0, 0, 0, 0, 0, 0),
(165, 43, 68, 'Header Content', 0, 0, 0, 0, 0, 0, 0),
(165, 43, 108, 'Header Content', 2, 0, 0, 0, 0, 0, 0),
(165, 43, 109, 'Header Content', 4, 0, 0, 0, 0, 0, 0),
(165, 43, 113, 'Main - 1', 4, 0, 0, 0, 0, 0, 0),
(165, 43, 115, 'Main - 1', 0, 0, 0, 0, 0, 0, 0),
(165, 43, 128, 'Header Content : 1', 0, 0, 0, 0, 0, 0, 0),
(165, 43, 129, 'Header Content : 2', 0, 0, 0, 0, 0, 0, 0),
(165, 43, 141, 'Header Content', 3, 0, 0, 0, 0, 0, 0),
(165, 43, 142, 'Header Image', 0, 0, 0, 0, 0, 0, 0),
(165, 43, 144, 'Main', 2, 0, 0, 0, 0, 0, 0),
(165, 43, 145, 'Main : 4', 0, 0, 0, 0, 0, 0, 0),
(165, 43, 147, 'Main : 5', 0, 0, 0, 0, 0, 0, 0),
(165, 43, 148, 'Main : 5', 1, 1, 0, 0, 0, 0, 0),
(165, 44, 63, 'Header Content', 1, 0, 0, 0, 0, 0, 0),
(165, 44, 68, 'Header Content', 0, 0, 0, 0, 0, 0, 0),
(165, 44, 108, 'Header Content', 2, 0, 0, 0, 0, 0, 0),
(165, 44, 109, 'Header Content', 4, 0, 0, 0, 0, 0, 0),
(165, 44, 113, 'Main - 1', 4, 0, 0, 0, 0, 0, 0),
(165, 44, 115, 'Main - 1', 0, 0, 0, 0, 0, 0, 0),
(165, 44, 141, 'Header Content', 3, 0, 0, 0, 0, 0, 0),
(165, 44, 144, 'Main', 2, 0, 0, 0, 0, 0, 0),
(165, 44, 145, 'Main : 4', 0, 0, 0, 0, 0, 0, 0),
(165, 44, 147, 'Main : 5', 0, 0, 0, 0, 0, 0, 0),
(165, 44, 148, 'Main : 5', 1, 0, 0, 0, 0, 0, 0),
(165, 44, 149, 'Header Content : 2', 0, 1, 0, 0, 0, 0, 0),
(165, 44, 150, 'Header Content : 3', 0, 1, 0, 0, 0, 0, 0),
(165, 44, 151, 'Header Content : 1', 0, 1, 0, 0, 0, 0, 0),
(165, 44, 152, 'Header Image', 0, 1, 0, 0, 0, 0, 0),
(165, 45, 63, 'Header Content', 1, 0, 0, 0, 0, 0, 0),
(165, 45, 68, 'Header Content', 0, 0, 0, 0, 0, 0, 0),
(165, 45, 108, 'Header Content', 2, 0, 0, 0, 0, 0, 0),
(165, 45, 109, 'Header Content', 4, 0, 0, 0, 0, 0, 0),
(165, 45, 113, 'Main - 1', 4, 0, 0, 0, 0, 0, 0),
(165, 45, 115, 'Main - 1', 0, 0, 0, 0, 0, 0, 0),
(165, 45, 141, 'Header Content', 3, 0, 0, 0, 0, 0, 0),
(165, 45, 144, 'Main', 2, 0, 0, 0, 0, 0, 0),
(165, 45, 145, 'Main : 4', 0, 0, 0, 0, 0, 0, 0),
(165, 45, 147, 'Main : 5', 0, 0, 0, 0, 0, 0, 0),
(165, 45, 148, 'Main : 5', 1, 0, 0, 0, 0, 0, 0),
(165, 45, 149, 'Header Content : 2', 0, 0, 0, 0, 0, 0, 0),
(165, 45, 150, 'Header Content : 3', 0, 0, 0, 0, 0, 0, 0),
(165, 45, 151, 'Header Content : 1', 0, 0, 0, 0, 0, 0, 0),
(165, 45, 153, 'Header Image', 0, 1, 0, 0, 0, 0, 0),
(165, 46, 63, 'Header Content', 1, 0, 0, 0, 0, 0, 0),
(165, 46, 68, 'Header Content', 0, 0, 0, 0, 0, 0, 0),
(165, 46, 108, 'Header Content', 2, 0, 0, 0, 0, 0, 0),
(165, 46, 109, 'Header Content', 5, 0, 0, 0, 0, 0, 0),
(165, 46, 113, 'Main - 1', 4, 0, 0, 0, 0, 0, 0),
(165, 46, 115, 'Main - 1', 0, 0, 0, 0, 0, 0, 0),
(165, 46, 141, 'Header Content', 4, 0, 0, 0, 0, 0, 0),
(165, 46, 144, 'Main', 2, 0, 0, 0, 0, 0, 0),
(165, 46, 147, 'Main : 5', 0, 0, 0, 0, 0, 0, 0),
(165, 46, 148, 'Main : 5', 1, 0, 0, 0, 0, 0, 0),
(165, 46, 149, 'Header Content : 2', 0, 0, 0, 0, 0, 0, 0),
(165, 46, 150, 'Header Content : 3', 0, 0, 0, 0, 0, 0, 0),
(165, 46, 151, 'Header Content : 1', 0, 0, 0, 0, 0, 0, 0),
(165, 46, 154, 'Header Image', 0, 1, 0, 0, 0, 0, 0),
(165, 46, 155, 'Main : 4', 0, 1, 0, 0, 0, 0, 0),
(165, 46, 156, 'Main - 1', 0, 1, 0, 0, 0, 0, 0),
(165, 46, 157, 'Header Content', 0, 1, 0, 0, 0, 0, 0),
(165, 46, 158, 'Header Content', 6, 1, 0, 0, 0, 0, 0),
(165, 47, 63, 'Header Content', 1, 0, 0, 0, 0, 0, 0),
(165, 47, 68, 'Header Content', 0, 0, 0, 0, 0, 0, 0),
(165, 47, 108, 'Header Content', 2, 0, 0, 0, 0, 0, 0),
(165, 47, 109, 'Header Content', 5, 0, 0, 0, 0, 0, 0),
(165, 47, 113, 'Main - 1', 4, 0, 0, 0, 0, 0, 0),
(165, 47, 115, 'Main - 1', 0, 0, 0, 0, 0, 0, 0),
(165, 47, 141, 'Header Content', 4, 0, 0, 0, 0, 0, 0),
(165, 47, 144, 'Main', 2, 0, 0, 0, 0, 0, 0),
(165, 47, 147, 'Main : 5', 0, 0, 0, 0, 0, 0, 0),
(165, 47, 148, 'Main : 5', 1, 0, 0, 0, 0, 0, 0),
(165, 47, 149, 'Header Content : 2', 0, 0, 0, 0, 0, 0, 0),
(165, 47, 150, 'Header Content : 3', 0, 0, 0, 0, 0, 0, 0),
(165, 47, 151, 'Header Content : 1', 0, 0, 0, 0, 0, 0, 0),
(165, 47, 154, 'Header Image', 0, 0, 0, 0, 0, 0, 0),
(165, 47, 155, 'Main : 4', 0, 0, 0, 0, 0, 0, 0),
(165, 47, 156, 'Main - 1', 0, 0, 0, 0, 0, 0, 0),
(165, 47, 157, 'Header Content', 0, 0, 0, 0, 0, 0, 0),
(165, 47, 158, 'Header Content', 6, 0, 0, 0, 0, 0, 0),
(165, 48, 63, 'Header Content', 1, 0, 0, 0, 0, 0, 0),
(165, 48, 68, 'Header Content', 0, 0, 0, 0, 0, 0, 0),
(165, 48, 108, 'Header Content', 2, 0, 0, 0, 0, 0, 0),
(165, 48, 109, 'Header Content', 5, 0, 0, 0, 0, 0, 0),
(165, 48, 113, 'Main - 1', 4, 0, 0, 0, 0, 0, 0),
(165, 48, 115, 'Main - 1', 0, 0, 0, 0, 0, 0, 0),
(165, 48, 144, 'Main', 2, 0, 0, 0, 0, 0, 0),
(165, 48, 147, 'Main : 5', 0, 0, 0, 0, 0, 0, 0),
(165, 48, 148, 'Main : 5', 1, 0, 0, 0, 0, 0, 0),
(165, 48, 149, 'Header Content : 2', 0, 0, 0, 0, 0, 0, 0),
(165, 48, 150, 'Header Content : 3', 0, 0, 0, 0, 0, 0, 0),
(165, 48, 151, 'Header Content : 1', 0, 0, 0, 0, 0, 0, 0),
(165, 48, 154, 'Header Image', 0, 0, 0, 0, 0, 0, 0),
(165, 48, 155, 'Main : 4', 0, 0, 0, 0, 0, 0, 0),
(165, 48, 156, 'Main - 1', 0, 0, 0, 0, 0, 0, 0),
(165, 48, 157, 'Header Content', 0, 0, 0, 0, 0, 0, 0),
(165, 48, 158, 'Header Content', 6, 0, 0, 0, 0, 0, 0),
(165, 48, 159, 'Header Content', 4, 1, 0, 0, 0, 0, 0),
(165, 49, 63, 'Header Content', 1, 0, 0, 0, 0, 0, 0),
(165, 49, 68, 'Header Content', 0, 0, 0, 0, 0, 0, 0),
(165, 49, 108, 'Header Content', 2, 0, 0, 0, 0, 0, 0),
(165, 49, 109, 'Header Content', 5, 0, 0, 0, 0, 0, 0),
(165, 49, 113, 'Main - 1', 4, 0, 0, 0, 0, 0, 0),
(165, 49, 115, 'Main - 1', 0, 0, 0, 0, 0, 0, 0),
(165, 49, 144, 'Main', 2, 0, 0, 0, 0, 0, 0),
(165, 49, 147, 'Main : 5', 0, 0, 0, 0, 0, 0, 0),
(165, 49, 148, 'Main : 5', 1, 0, 0, 0, 0, 0, 0),
(165, 49, 149, 'Header Content : 2', 0, 0, 0, 0, 0, 0, 0),
(165, 49, 150, 'Header Content : 3', 0, 0, 0, 0, 0, 0, 0),
(165, 49, 151, 'Header Content : 1', 0, 0, 0, 0, 0, 0, 0),
(165, 49, 154, 'Header Image', 0, 0, 0, 0, 0, 0, 0),
(165, 49, 155, 'Main : 4', 0, 0, 0, 0, 0, 0, 0),
(165, 49, 156, 'Main - 1', 0, 0, 0, 0, 0, 0, 0),
(165, 49, 157, 'Header Content', 0, 0, 0, 0, 0, 0, 0),
(165, 49, 158, 'Header Content', 6, 0, 0, 0, 0, 0, 0),
(165, 49, 160, 'Header Content', 4, 1, 0, 0, 0, 0, 0),
(165, 50, 63, 'Header Content', 1, 0, 0, 0, 0, 0, 0),
(165, 50, 68, 'Header Content', 0, 0, 0, 0, 0, 0, 0),
(165, 50, 108, 'Header Content', 2, 0, 0, 0, 0, 0, 0),
(165, 50, 109, 'Header Content', 5, 0, 0, 0, 0, 0, 0),
(165, 50, 113, 'Main - 1', 4, 0, 0, 0, 0, 0, 0),
(165, 50, 115, 'Main - 1', 0, 0, 0, 0, 0, 0, 0),
(165, 50, 144, 'Main', 2, 0, 0, 0, 0, 0, 0),
(165, 50, 147, 'Main : 5', 0, 0, 0, 0, 0, 0, 0),
(165, 50, 148, 'Main : 5', 1, 0, 0, 0, 0, 0, 0),
(165, 50, 149, 'Header Content : 2', 0, 0, 0, 0, 0, 0, 0),
(165, 50, 150, 'Header Content : 3', 0, 0, 0, 0, 0, 0, 0),
(165, 50, 151, 'Header Content : 1', 0, 0, 0, 0, 0, 0, 0),
(165, 50, 154, 'Header Image', 0, 0, 0, 0, 0, 0, 0),
(165, 50, 155, 'Main : 4', 0, 0, 0, 0, 0, 0, 0),
(165, 50, 156, 'Main - 1', 0, 0, 0, 0, 0, 0, 0),
(165, 50, 157, 'Header Content', 0, 0, 0, 0, 0, 0, 0),
(165, 50, 158, 'Header Content', 6, 0, 0, 0, 0, 0, 0),
(165, 50, 161, 'Header Content', 4, 1, 0, 0, 0, 0, 0),
(165, 51, 63, 'Header Content', 1, 0, 0, 0, 0, 0, 0),
(165, 51, 68, 'Header Content', 0, 0, 0, 0, 0, 0, 0),
(165, 51, 108, 'Header Content', 2, 0, 0, 0, 0, 0, 0),
(165, 51, 109, 'Header Content', 5, 0, 0, 0, 0, 0, 0),
(165, 51, 113, 'Main - 1', 4, 0, 0, 0, 0, 0, 0),
(165, 51, 115, 'Main - 1', 0, 0, 0, 0, 0, 0, 0),
(165, 51, 144, 'Main', 2, 0, 0, 0, 0, 0, 0),
(165, 51, 147, 'Main : 5', 0, 0, 0, 0, 0, 0, 0),
(165, 51, 148, 'Main : 5', 1, 0, 0, 0, 0, 0, 0),
(165, 51, 149, 'Header Content : 2', 0, 0, 0, 0, 0, 0, 0),
(165, 51, 150, 'Header Content : 3', 0, 0, 0, 0, 0, 0, 0),
(165, 51, 151, 'Header Content : 1', 0, 0, 0, 0, 0, 0, 0),
(165, 51, 154, 'Header Image', 0, 0, 0, 0, 0, 0, 0),
(165, 51, 155, 'Main : 4', 0, 0, 0, 0, 0, 0, 0),
(165, 51, 156, 'Main - 1', 0, 0, 0, 0, 0, 0, 0),
(165, 51, 157, 'Header Content', 0, 0, 0, 0, 0, 0, 0),
(165, 51, 158, 'Header Content', 6, 0, 0, 0, 0, 0, 0),
(165, 51, 162, 'Header Content', 1, 1, 0, 0, 0, 0, 0),
(165, 52, 63, 'Header Content', 1, 0, 0, 0, 0, 0, 0),
(165, 52, 68, 'Header Content', 0, 0, 0, 0, 0, 0, 0),
(165, 52, 108, 'Header Content', 2, 0, 0, 0, 0, 0, 0),
(165, 52, 113, 'Main - 1', 4, 0, 0, 0, 0, 0, 0),
(165, 52, 144, 'Main', 2, 0, 0, 0, 0, 0, 0),
(165, 52, 147, 'Main : 5', 0, 0, 0, 0, 0, 0, 0),
(165, 52, 148, 'Main : 5', 1, 0, 0, 0, 0, 0, 0),
(165, 52, 149, 'Header Content : 2', 0, 0, 0, 0, 0, 0, 0),
(165, 52, 150, 'Header Content : 3', 0, 0, 0, 0, 0, 0, 0),
(165, 52, 151, 'Header Content : 1', 0, 0, 0, 0, 0, 0, 0),
(165, 52, 154, 'Header Image', 0, 0, 0, 0, 0, 0, 0),
(165, 52, 155, 'Main : 4', 0, 0, 0, 0, 0, 0, 0),
(165, 52, 156, 'Main - 1', 0, 0, 0, 0, 0, 0, 0),
(165, 52, 157, 'Main', 0, 0, 0, 0, 0, 0, 0),
(165, 52, 162, 'Main', 1, 0, 0, 0, 0, 0, 0),
(165, 53, 63, 'Header Content', 1, 0, 0, 0, 0, 0, 0),
(165, 53, 68, 'Header Content', 0, 0, 0, 0, 0, 0, 0),
(165, 53, 108, 'Header Content', 2, 0, 0, 0, 0, 0, 0),
(165, 53, 113, 'Main - 1', 4, 0, 0, 0, 0, 0, 0),
(165, 53, 144, 'Main', 2, 0, 0, 0, 0, 0, 0),
(165, 53, 147, 'Main : 5', 0, 0, 0, 0, 0, 0, 0),
(165, 53, 148, 'Main : 5', 1, 0, 0, 0, 0, 0, 0),
(165, 53, 149, 'Header Content : 2', 0, 0, 0, 0, 0, 0, 0),
(165, 53, 150, 'Header Content : 3', 0, 0, 0, 0, 0, 0, 0),
(165, 53, 151, 'Header Content : 1', 0, 0, 0, 0, 0, 0, 0),
(165, 53, 154, 'Header Image', 0, 0, 0, 0, 0, 0, 0),
(165, 53, 155, 'Main : 4', 0, 0, 0, 0, 0, 0, 0),
(165, 53, 156, 'Main - 1', 0, 0, 0, 0, 0, 0, 0),
(165, 53, 157, 'Main', 0, 0, 0, 0, 0, 0, 0),
(165, 53, 162, 'Main', 1, 0, 0, 0, 0, 0, 0),
(165, 53, 180, 'Main - 1', 1, 1, 0, 0, 0, 0, 0),
(165, 54, 63, 'Header Content', 1, 0, 0, 0, 0, 0, 0),
(165, 54, 68, 'Header Content', 0, 0, 0, 0, 0, 0, 0),
(165, 54, 144, 'Main', 4, 0, 0, 0, 0, 0, 0),
(165, 54, 147, 'Main : 5', 0, 0, 0, 0, 0, 0, 0),
(165, 54, 148, 'Main : 5', 1, 0, 0, 0, 0, 0, 0),
(165, 54, 149, 'Header Content : 2', 0, 0, 0, 0, 0, 0, 0),
(165, 54, 150, 'Header Content : 3', 0, 0, 0, 0, 0, 0, 0),
(165, 54, 151, 'Header Content : 1', 0, 0, 0, 0, 0, 0, 0),
(165, 54, 154, 'Header Image', 0, 0, 0, 0, 0, 0, 0),
(165, 54, 156, 'Main - 1', 0, 0, 0, 0, 0, 0, 0),
(165, 54, 157, 'Main', 1, 0, 0, 0, 0, 0, 0),
(165, 54, 162, 'Main', 2, 0, 0, 0, 0, 0, 0),
(165, 54, 180, 'Main - 1', 1, 0, 0, 0, 0, 0, 0),
(165, 54, 203, 'Header Content', 2, 1, 0, 0, 0, 0, 0),
(165, 54, 204, 'Main', 5, 1, 0, 0, 0, 0, 0),
(165, 54, 205, 'Main', 0, 1, 0, 0, 0, 0, 0),
(165, 54, 206, 'Main : 4', 0, 1, 0, 0, 0, 0, 0),
(165, 54, 207, 'Main', 3, 1, 0, 0, 0, 0, 0),
(165, 54, 209, 'Main - 1', 3, 1, 0, 0, 0, 0, 0),
(165, 54, 210, 'Main - 1', 4, 1, 0, 0, 0, 0, 0),
(165, 54, 211, 'Main - 1 : 6', 0, 1, 0, 0, 0, 0, 0),
(165, 54, 212, 'Main - 1 : 7', 0, 1, 0, 0, 0, 0, 0),
(165, 54, 213, 'Main - 1', 2, 1, 0, 0, 0, 0, 0),
(165, 54, 214, 'Main - 1 : 8', 0, 1, 0, 0, 0, 0, 0),
(165, 54, 215, 'Main - 1', 7, 1, 0, 0, 0, 0, 0),
(165, 54, 216, 'Main - 1 : 9', 0, 1, 0, 0, 0, 0, 0),
(165, 54, 217, 'Main - 1', 8, 1, 0, 0, 0, 0, 0),
(165, 54, 218, 'Main - 1 : 10', 0, 1, 0, 0, 0, 0, 0),
(165, 54, 219, 'Main - 1 : 7', 1, 1, 0, 0, 0, 0, 0),
(165, 54, 220, 'Main - 1 : 9', 1, 1, 0, 0, 0, 0, 0),
(165, 54, 222, 'Main - 1 : 11', 1, 1, 0, 0, 0, 0, 0),
(165, 54, 223, 'Main - 1', 10, 1, 0, 0, 0, 0, 0),
(165, 54, 224, 'Main - 1', 9, 1, 0, 0, 0, 0, 0),
(165, 54, 225, 'Main - 1', 11, 1, 0, 0, 0, 0, 0),
(166, 1, 176, 'Main', 0, 1, 0, 0, 0, 0, 0),
(166, 1, 177, 'Header Image', 0, 1, 0, 0, 0, 0, 0),
(166, 2, 177, 'Header Image', 0, 0, 0, 0, 0, 0, 0),
(166, 2, 178, 'Main', 0, 1, 0, 0, 0, 0, 0),
(166, 3, 177, 'Header Image', 0, 0, 0, 0, 0, 0, 0),
(166, 3, 179, 'Main', 0, 1, 0, 0, 0, 0, 0),
(166, 4, 177, 'Header Image', 0, 0, 0, 0, 0, 0, 0),
(166, 4, 179, 'Main', 0, 0, 0, 0, 0, 0, 0),
(166, 4, 181, 'Main', 4, 1, 0, 0, 0, 0, 0),
(166, 4, 182, 'Main', 2, 1, 0, 0, 0, 0, 0),
(166, 4, 183, 'Main', 3, 1, 0, 0, 0, 0, 0),
(166, 4, 184, 'Main', 1, 1, 0, 0, 0, 0, 0),
(167, 1, 176, 'Main', 0, 0, 0, 0, 0, 0, 0),
(167, 1, 177, 'Header Image', 0, 0, 0, 0, 0, 0, 0),
(167, 2, 177, 'Header Image', 0, 0, 0, 0, 0, 0, 0),
(167, 2, 178, 'Main', 0, 0, 0, 0, 0, 0, 0),
(167, 3, 177, 'Header Image', 0, 0, 0, 0, 0, 0, 0),
(167, 3, 178, 'Main', 0, 0, 0, 0, 0, 0, 0),
(167, 4, 177, 'Header Image', 0, 0, 0, 0, 0, 0, 0),
(167, 4, 178, 'Main', 0, 0, 0, 0, 0, 0, 0),
(168, 5, 177, 'Header Image', 0, 0, 0, 0, 0, 0, 0),
(168, 5, 179, 'Main', 0, 0, 0, 0, 0, 0, 0),
(168, 5, 181, 'Main', 4, 0, 0, 0, 0, 0, 0),
(168, 5, 182, 'Main', 2, 0, 0, 0, 0, 0, 0),
(168, 5, 183, 'Main', 3, 0, 0, 0, 0, 0, 0),
(168, 5, 184, 'Main', 1, 0, 0, 0, 0, 0, 0),
(168, 6, 177, 'Header Image', 0, 0, 0, 0, 0, 0, 0),
(168, 6, 179, 'Main', 0, 0, 0, 0, 0, 0, 0),
(168, 6, 181, 'Main', 4, 0, 0, 0, 0, 0, 0),
(168, 6, 182, 'Main', 2, 0, 0, 0, 0, 0, 0),
(168, 6, 183, 'Main', 3, 0, 0, 0, 0, 0, 0),
(168, 6, 184, 'Main', 1, 0, 0, 0, 0, 0, 0),
(168, 7, 181, 'Main', 4, 0, 0, 0, 0, 0, 0),
(168, 7, 182, 'Main', 2, 0, 0, 0, 0, 0, 0),
(168, 7, 183, 'Main', 3, 0, 0, 0, 0, 0, 0),
(168, 7, 184, 'Main', 1, 0, 0, 0, 0, 0, 0),
(168, 7, 185, 'Header Image', 0, 1, 0, 0, 0, 0, 0),
(168, 7, 186, 'Main', 0, 1, 0, 0, 0, 0, 0),
(168, 8, 181, 'Main', 4, 0, 0, 0, 0, 0, 0),
(168, 8, 182, 'Main', 2, 0, 0, 0, 0, 0, 0),
(168, 8, 183, 'Main', 3, 0, 0, 0, 0, 0, 0),
(168, 8, 184, 'Main', 1, 0, 0, 0, 0, 0, 0),
(168, 8, 186, 'Main', 0, 0, 0, 0, 0, 0, 0),
(168, 8, 187, 'Header Image', 0, 1, 0, 0, 0, 0, 0),
(168, 9, 181, 'Main', 4, 0, 0, 0, 0, 0, 0),
(168, 9, 182, 'Main', 2, 0, 0, 0, 0, 0, 0),
(168, 9, 183, 'Main', 3, 0, 0, 0, 0, 0, 0),
(168, 9, 184, 'Main', 1, 0, 0, 0, 0, 0, 0),
(168, 9, 187, 'Header Image', 0, 0, 0, 0, 0, 0, 0),
(168, 9, 188, 'Main', 0, 1, 0, 0, 0, 0, 0),
(168, 10, 181, 'Main', 4, 0, 0, 0, 0, 0, 0),
(168, 10, 182, 'Main', 2, 0, 0, 0, 0, 0, 0),
(168, 10, 183, 'Main', 3, 0, 0, 0, 0, 0, 0),
(168, 10, 184, 'Main', 1, 0, 0, 0, 0, 0, 0),
(168, 10, 188, 'Main', 0, 0, 0, 0, 0, 0, 0),
(168, 10, 189, 'Header Image', 0, 1, 0, 0, 0, 0, 0),
(168, 11, 181, 'Main', 4, 0, 0, 0, 0, 0, 0),
(168, 11, 182, 'Main', 2, 0, 0, 0, 0, 0, 0),
(168, 11, 183, 'Main', 3, 0, 0, 0, 0, 0, 0),
(168, 11, 184, 'Main', 1, 0, 0, 0, 0, 0, 0),
(168, 11, 189, 'Header Image', 0, 0, 0, 0, 0, 0, 0),
(168, 11, 190, 'Main', 0, 1, 0, 0, 0, 0, 0),
(168, 12, 181, 'Main', 4, 0, 0, 0, 0, 0, 0),
(168, 12, 182, 'Main', 2, 0, 0, 0, 0, 0, 0),
(168, 12, 183, 'Main', 3, 0, 0, 0, 0, 0, 0),
(168, 12, 184, 'Main', 1, 0, 0, 0, 0, 0, 0),
(168, 12, 191, 'Header Image', 0, 1, 0, 0, 0, 0, 0),
(168, 12, 192, 'Main', 0, 1, 0, 0, 0, 0, 0),
(168, 13, 181, 'Main', 4, 0, 0, 0, 0, 0, 0),
(168, 13, 182, 'Main', 2, 0, 0, 0, 0, 0, 0),
(168, 13, 183, 'Main', 3, 0, 0, 0, 0, 0, 0),
(168, 13, 184, 'Main', 1, 0, 0, 0, 0, 0, 0),
(168, 13, 193, 'Header Image', 0, 1, 0, 0, 0, 0, 0),
(168, 13, 194, 'Main', 0, 1, 0, 0, 0, 0, 0),
(168, 14, 181, 'Main', 4, 0, 0, 0, 0, 0, 0),
(168, 14, 182, 'Main', 2, 0, 0, 0, 0, 0, 0),
(168, 14, 183, 'Main', 3, 0, 0, 0, 0, 0, 0),
(168, 14, 184, 'Main', 1, 0, 0, 0, 0, 0, 0),
(168, 14, 193, 'Header Image', 0, 0, 0, 0, 0, 0, 0),
(168, 14, 194, 'Main', 0, 0, 0, 0, 0, 0, 0),
(169, 8, 181, 'Main', 4, 0, 0, 0, 0, 0, 0),
(169, 8, 182, 'Main', 2, 0, 0, 0, 0, 0, 0),
(169, 8, 183, 'Main', 3, 0, 0, 0, 0, 0, 0),
(169, 8, 184, 'Main', 1, 0, 0, 0, 0, 0, 0),
(169, 8, 186, 'Main', 0, 0, 0, 0, 0, 0, 0),
(169, 8, 187, 'Header Image', 0, 0, 0, 0, 0, 0, 0),
(169, 9, 181, 'Main', 4, 0, 0, 0, 0, 0, 0),
(169, 9, 182, 'Main', 2, 0, 0, 0, 0, 0, 0),
(169, 9, 183, 'Main', 3, 0, 0, 0, 0, 0, 0),
(169, 9, 184, 'Main', 1, 0, 0, 0, 0, 0, 0),
(169, 9, 187, 'Header Image', 0, 0, 0, 0, 0, 0, 0),
(169, 9, 188, 'Main', 0, 0, 0, 0, 0, 0, 0),
(169, 10, 181, 'Main', 4, 0, 0, 0, 0, 0, 0),
(169, 10, 182, 'Main', 2, 0, 0, 0, 0, 0, 0),
(169, 10, 183, 'Main', 3, 0, 0, 0, 0, 0, 0),
(169, 10, 184, 'Main', 1, 0, 0, 0, 0, 0, 0),
(169, 10, 188, 'Main', 0, 0, 0, 0, 0, 0, 0),
(169, 10, 189, 'Header Image', 0, 0, 0, 0, 0, 0, 0),
(169, 11, 181, 'Main', 4, 0, 0, 0, 0, 0, 0),
(169, 11, 182, 'Main', 2, 0, 0, 0, 0, 0, 0),
(169, 11, 183, 'Main', 3, 0, 0, 0, 0, 0, 0),
(169, 11, 184, 'Main', 1, 0, 0, 0, 0, 0, 0),
(169, 11, 189, 'Header Image', 0, 0, 0, 0, 0, 0, 0),
(169, 11, 190, 'Main', 0, 0, 0, 0, 0, 0, 0),
(169, 12, 181, 'Main', 4, 0, 0, 0, 0, 0, 0),
(169, 12, 182, 'Main', 2, 0, 0, 0, 0, 0, 0),
(169, 12, 183, 'Main', 3, 0, 0, 0, 0, 0, 0),
(169, 12, 184, 'Main', 1, 0, 0, 0, 0, 0, 0),
(169, 12, 191, 'Header Image', 0, 0, 0, 0, 0, 0, 0),
(169, 12, 192, 'Main', 0, 0, 0, 0, 0, 0, 0),
(169, 13, 181, 'Main', 4, 0, 0, 0, 0, 0, 0),
(169, 13, 182, 'Main', 2, 0, 0, 0, 0, 0, 0),
(169, 13, 183, 'Main', 3, 0, 0, 0, 0, 0, 0),
(169, 13, 184, 'Main', 1, 0, 0, 0, 0, 0, 0),
(169, 13, 193, 'Header Image', 0, 0, 0, 0, 0, 0, 0),
(169, 13, 194, 'Main', 0, 0, 0, 0, 0, 0, 0),
(169, 14, 181, 'Main', 4, 0, 0, 0, 0, 0, 0),
(169, 14, 182, 'Main', 2, 0, 0, 0, 0, 0, 0),
(169, 14, 183, 'Main', 3, 0, 0, 0, 0, 0, 0),
(169, 14, 184, 'Main', 1, 0, 0, 0, 0, 0, 0),
(169, 14, 193, 'Header Image', 0, 0, 0, 0, 0, 0, 0),
(169, 14, 194, 'Main', 0, 0, 0, 0, 0, 0, 0),
(169, 15, 181, 'Main', 4, 0, 0, 0, 0, 0, 0),
(169, 15, 182, 'Main', 2, 0, 0, 0, 0, 0, 0),
(169, 15, 183, 'Main', 3, 0, 0, 0, 0, 0, 0),
(169, 15, 184, 'Main', 1, 0, 0, 0, 0, 0, 0),
(169, 15, 194, 'Main', 0, 0, 0, 0, 0, 0, 0),
(169, 15, 195, 'Header Image', 0, 1, 0, 0, 0, 0, 0),
(169, 16, 181, 'Main', 4, 0, 0, 0, 0, 0, 0),
(169, 16, 182, 'Main', 2, 0, 0, 0, 0, 0, 0),
(169, 16, 183, 'Main', 3, 0, 0, 0, 0, 0, 0),
(169, 16, 184, 'Main', 1, 0, 0, 0, 0, 0, 0),
(169, 16, 196, 'Main', 0, 1, 0, 0, 0, 0, 0),
(169, 16, 197, 'Header Image', 0, 1, 0, 0, 0, 0, 0),
(169, 17, 181, 'Main', 4, 0, 0, 0, 0, 0, 0),
(169, 17, 182, 'Main', 2, 0, 0, 0, 0, 0, 0),
(169, 17, 183, 'Main', 3, 0, 0, 0, 0, 0, 0),
(169, 17, 184, 'Main', 1, 0, 0, 0, 0, 0, 0),
(169, 17, 197, 'Header Image', 0, 0, 0, 0, 0, 0, 0),
(169, 17, 198, 'Main', 0, 1, 0, 0, 0, 0, 0),
(169, 18, 181, 'Main', 4, 0, 0, 0, 0, 0, 0),
(169, 18, 182, 'Main', 2, 0, 0, 0, 0, 0, 0),
(169, 18, 183, 'Main', 3, 0, 0, 0, 0, 0, 0),
(169, 18, 184, 'Main', 1, 0, 0, 0, 0, 0, 0),
(169, 18, 199, 'Header Image', 0, 1, 0, 0, 0, 0, 0),
(169, 18, 200, 'Main', 0, 1, 0, 0, 0, 0, 0),
(169, 19, 181, 'Main', 4, 0, 0, 0, 0, 0, 0),
(169, 19, 182, 'Main', 2, 0, 0, 0, 0, 0, 0),
(169, 19, 183, 'Main', 3, 0, 0, 0, 0, 0, 0),
(169, 19, 184, 'Main', 1, 0, 0, 0, 0, 0, 0),
(169, 19, 200, 'Main', 0, 0, 0, 0, 0, 0, 0),
(169, 19, 201, 'Header Image', 0, 1, 0, 0, 0, 0, 0),
(169, 20, 181, 'Main', 4, 0, 0, 0, 0, 0, 0),
(169, 20, 182, 'Main', 2, 0, 0, 0, 0, 0, 0),
(169, 20, 183, 'Main', 3, 0, 0, 0, 0, 0, 0),
(169, 20, 184, 'Main', 1, 0, 0, 0, 0, 0, 0),
(169, 20, 200, 'Main', 0, 0, 0, 0, 0, 0, 0),
(169, 20, 201, 'Header Image', 0, 0, 0, 0, 0, 0, 0),
(169, 21, 181, 'Main', 4, 0, 0, 0, 0, 0, 0),
(169, 21, 182, 'Main', 2, 0, 0, 0, 0, 0, 0),
(169, 21, 183, 'Main', 3, 0, 0, 0, 0, 0, 0),
(169, 21, 184, 'Main', 1, 0, 0, 0, 0, 0, 0),
(169, 21, 200, 'Main', 0, 0, 0, 0, 0, 0, 0),
(169, 21, 202, 'Header Image', 0, 1, 0, 0, 0, 0, 0),
(171, 1, 257, 'Main', 0, 1, 0, 0, 0, 0, 0),
(171, 2, 257, 'Main', 0, 0, 0, 0, 0, 0, 0),
(171, 2, 258, 'Sidebar', 1, 1, 0, 0, 0, 0, 0),
(171, 2, 259, 'Sidebar', 2, 1, 0, 0, 0, 0, 0),
(171, 2, 260, 'Header Content', 0, 1, 0, 0, 0, 0, 0),
(171, 3, 258, 'Sidebar', 1, 0, 0, 0, 0, 0, 0),
(171, 3, 259, 'Sidebar', 2, 0, 0, 0, 0, 0, 0),
(171, 3, 260, 'Header Content', 0, 0, 0, 0, 0, 0, 0),
(171, 3, 261, 'Page Footer', 0, 1, 0, 0, 0, 0, 0),
(171, 3, 262, 'Main', 0, 1, 0, 0, 0, 0, 0),
(171, 3, 263, 'Main', 2, 1, 0, 0, 0, 0, 0),
(171, 3, 264, 'Main', 1, 1, 0, 0, 0, 0, 0),
(171, 4, 258, 'Sidebar', 1, 0, 0, 0, 0, 0, 0),
(171, 4, 259, 'Sidebar', 2, 0, 0, 0, 0, 0, 0),
(171, 4, 260, 'Header Content : 12', 0, 0, 0, 0, 0, 0, 0),
(171, 4, 261, 'Page Footer', 0, 0, 0, 0, 0, 0, 0),
(171, 4, 262, 'Main', 0, 0, 0, 0, 0, 0, 0),
(171, 4, 263, 'Main', 2, 0, 0, 0, 0, 0, 0),
(171, 4, 264, 'Main', 1, 0, 0, 0, 0, 0, 0),
(171, 4, 265, 'Header Content', 1, 1, 0, 0, 0, 0, 0),
(171, 4, 266, 'Header Content : 13', 0, 1, 0, 0, 0, 0, 0),
(171, 5, 258, 'Sidebar', 1, 0, 0, 0, 0, 0, 0),
(171, 5, 259, 'Sidebar', 2, 0, 0, 0, 0, 0, 0),
(171, 5, 260, 'Header Content : 12', 0, 0, 0, 0, 0, 0, 0),
(171, 5, 261, 'Page Footer', 0, 0, 0, 0, 0, 0, 0),
(171, 5, 263, 'Main', 2, 0, 0, 0, 0, 0, 0),
(171, 5, 264, 'Main', 1, 0, 0, 0, 0, 0, 0),
(171, 5, 265, 'Header Content', 0, 0, 0, 0, 0, 0, 0),
(171, 5, 266, 'Header Content : 13', 0, 0, 0, 0, 0, 0, 0),
(171, 5, 267, 'Main', 0, 1, 0, 0, 0, 0, 0),
(172, 1, 246, 'Main', 0, 1, 0, 0, 0, 0, 0),
(173, 1, 257, 'Main', 0, 0, 0, 0, 0, 0, 0),
(173, 2, 257, 'Main', 0, 0, 0, 0, 0, 0, 0),
(173, 2, 258, 'Sidebar', 1, 0, 0, 0, 0, 0, 0),
(173, 2, 259, 'Sidebar', 2, 0, 0, 0, 0, 0, 0),
(173, 2, 260, 'Header Content', 0, 0, 0, 0, 0, 0, 0),
(173, 3, 258, 'Sidebar', 1, 0, 0, 0, 0, 0, 0),
(173, 3, 259, 'Sidebar', 2, 0, 0, 0, 0, 0, 0),
(173, 3, 260, 'Header Content', 0, 0, 0, 0, 0, 0, 0),
(173, 3, 261, 'Page Footer', 0, 0, 0, 0, 0, 0, 0),
(173, 3, 262, 'Main', 0, 0, 0, 0, 0, 0, 0),
(173, 3, 263, 'Main', 2, 0, 0, 0, 0, 0, 0),
(173, 3, 264, 'Main', 1, 0, 0, 0, 0, 0, 0),
(173, 4, 258, 'Sidebar', 1, 0, 0, 0, 0, 0, 0),
(173, 4, 259, 'Sidebar', 2, 0, 0, 0, 0, 0, 0),
(173, 4, 260, 'Header Content : 12', 0, 0, 0, 0, 0, 0, 0),
(173, 4, 261, 'Page Footer', 0, 0, 0, 0, 0, 0, 0),
(173, 4, 262, 'Main', 0, 0, 0, 0, 0, 0, 0),
(173, 4, 263, 'Main', 2, 0, 0, 0, 0, 0, 0),
(173, 4, 264, 'Main', 1, 0, 0, 0, 0, 0, 0),
(173, 4, 265, 'Header Content', 1, 0, 0, 0, 0, 0, 0),
(173, 4, 266, 'Header Content : 13', 0, 0, 0, 0, 0, 0, 0),
(173, 5, 258, 'Sidebar', 1, 0, 0, 0, 0, 0, 0),
(173, 5, 259, 'Sidebar', 2, 0, 0, 0, 0, 0, 0),
(173, 5, 260, 'Header Content : 12', 0, 0, 0, 0, 0, 0, 0),
(173, 5, 261, 'Page Footer', 0, 0, 0, 0, 0, 0, 0),
(173, 5, 263, 'Main', 2, 0, 0, 0, 0, 0, 0),
(173, 5, 264, 'Main', 1, 0, 0, 0, 0, 0, 0),
(173, 5, 265, 'Header Content', 0, 0, 0, 0, 0, 0, 0),
(173, 5, 266, 'Header Content : 13', 0, 0, 0, 0, 0, 0, 0),
(173, 5, 267, 'Main', 0, 0, 0, 0, 0, 0, 0),
(173, 6, 258, 'Sidebar', 1, 0, 0, 0, 0, 0, 0),
(173, 6, 259, 'Sidebar', 2, 0, 0, 0, 0, 0, 0),
(173, 6, 260, 'Header Content : 12', 0, 0, 0, 0, 0, 0, 0),
(173, 6, 261, 'Page Footer', 0, 0, 0, 0, 0, 0, 0),
(173, 6, 263, 'Main', 2, 0, 0, 0, 0, 0, 0),
(173, 6, 264, 'Main', 1, 0, 0, 0, 0, 0, 0),
(173, 6, 265, 'Header Content', 0, 0, 0, 0, 0, 0, 0),
(173, 6, 266, 'Header Content : 13', 0, 0, 0, 0, 0, 0, 0),
(173, 6, 267, 'Main', 0, 0, 0, 0, 0, 0, 0),
(173, 7, 258, 'Sidebar', 1, 0, 0, 0, 0, 0, 0),
(173, 7, 259, 'Sidebar', 2, 0, 0, 0, 0, 0, 0),
(173, 7, 260, 'Header Content : 12', 0, 0, 0, 0, 0, 0, 0),
(173, 7, 261, 'Page Footer', 0, 0, 0, 0, 0, 0, 0),
(173, 7, 265, 'Header Content', 0, 0, 0, 0, 0, 0, 0),
(173, 7, 268, 'Main', 0, 1, 0, 0, 0, 0, 0),
(173, 7, 269, 'Page Footer', 1, 1, 0, 0, 0, 0, 0),
(173, 7, 271, 'Page Footer : 15', 0, 1, 0, 0, 0, 0, 0),
(173, 7, 272, 'Page Footer : 14', 0, 1, 0, 0, 0, 0, 0),
(173, 7, 273, 'Page Footer', 3, 1, 0, 0, 0, 0, 0),
(173, 7, 274, 'Page Footer : 17', 0, 1, 0, 0, 0, 0, 0),
(173, 7, 275, 'Page Footer : 16', 0, 1, 0, 0, 0, 0, 0),
(173, 7, 276, 'Page Footer', 2, 1, 0, 0, 0, 0, 0),
(173, 7, 277, 'Page Footer', 4, 1, 0, 0, 0, 0, 0),
(173, 8, 258, 'Sidebar', 1, 0, 0, 0, 0, 0, 0),
(173, 8, 259, 'Sidebar', 2, 0, 0, 0, 0, 0, 0),
(173, 8, 260, 'Header Content : 12', 0, 0, 0, 0, 0, 0, 0),
(173, 8, 261, 'Page Footer', 1, 0, 0, 0, 0, 0, 0),
(173, 8, 265, 'Header Content', 0, 0, 0, 0, 0, 0, 0),
(173, 8, 268, 'Main', 0, 0, 0, 0, 0, 0, 0),
(173, 8, 269, 'Page Footer', 2, 0, 0, 0, 0, 0, 0),
(173, 8, 271, 'Page Footer : 15', 0, 0, 0, 0, 0, 0, 0),
(173, 8, 272, 'Page Footer : 14', 0, 0, 0, 0, 0, 0, 0),
(173, 8, 273, 'Page Footer', 4, 0, 0, 0, 0, 0, 0),
(173, 8, 274, 'Page Footer : 17', 0, 0, 0, 0, 0, 0, 0),
(173, 8, 275, 'Page Footer : 16', 0, 0, 0, 0, 0, 0, 0),
(173, 8, 276, 'Page Footer', 3, 0, 0, 0, 0, 0, 0),
(173, 8, 277, 'Page Footer', 5, 0, 0, 0, 0, 0, 0),
(173, 8, 278, 'Page Footer', 0, 1, 0, 0, 0, 0, 0),
(174, 1, 257, 'Main', 0, 0, 0, 0, 0, 0, 0),
(174, 2, 257, 'Main', 0, 0, 0, 0, 0, 0, 0),
(174, 2, 258, 'Sidebar', 1, 0, 0, 0, 0, 0, 0),
(174, 2, 259, 'Sidebar', 2, 0, 0, 0, 0, 0, 0),
(174, 2, 260, 'Header Content', 0, 0, 0, 0, 0, 0, 0),
(174, 3, 258, 'Sidebar', 1, 0, 0, 0, 0, 0, 0),
(174, 3, 259, 'Sidebar', 2, 0, 0, 0, 0, 0, 0),
(174, 3, 260, 'Header Content', 0, 0, 0, 0, 0, 0, 0),
(174, 3, 261, 'Page Footer', 0, 0, 0, 0, 0, 0, 0),
(174, 3, 262, 'Main', 0, 0, 0, 0, 0, 0, 0),
(174, 3, 263, 'Main', 2, 0, 0, 0, 0, 0, 0),
(174, 3, 264, 'Main', 1, 0, 0, 0, 0, 0, 0),
(174, 4, 258, 'Sidebar', 1, 0, 0, 0, 0, 0, 0),
(174, 4, 259, 'Sidebar', 2, 0, 0, 0, 0, 0, 0),
(174, 4, 260, 'Header Content : 12', 0, 0, 0, 0, 0, 0, 0),
(174, 4, 261, 'Page Footer', 0, 0, 0, 0, 0, 0, 0),
(174, 4, 262, 'Main', 0, 0, 0, 0, 0, 0, 0),
(174, 4, 263, 'Main', 2, 0, 0, 0, 0, 0, 0),
(174, 4, 264, 'Main', 1, 0, 0, 0, 0, 0, 0),
(174, 4, 265, 'Header Content', 1, 0, 0, 0, 0, 0, 0),
(174, 4, 266, 'Header Content : 13', 0, 0, 0, 0, 0, 0, 0),
(174, 5, 258, 'Sidebar', 1, 0, 0, 0, 0, 0, 0),
(174, 5, 259, 'Sidebar', 2, 0, 0, 0, 0, 0, 0),
(174, 5, 260, 'Header Content : 12', 0, 0, 0, 0, 0, 0, 0),
(174, 5, 261, 'Page Footer', 0, 0, 0, 0, 0, 0, 0),
(174, 5, 263, 'Main', 2, 0, 0, 0, 0, 0, 0),
(174, 5, 264, 'Main', 1, 0, 0, 0, 0, 0, 0),
(174, 5, 265, 'Header Content', 0, 0, 0, 0, 0, 0, 0),
(174, 5, 266, 'Header Content : 13', 0, 0, 0, 0, 0, 0, 0),
(174, 5, 267, 'Main', 0, 0, 0, 0, 0, 0, 0),
(174, 6, 258, 'Sidebar', 1, 0, 0, 0, 0, 0, 0),
(174, 6, 259, 'Sidebar', 2, 0, 0, 0, 0, 0, 0),
(174, 6, 260, 'Header Content : 12', 0, 0, 0, 0, 0, 0, 0),
(174, 6, 261, 'Page Footer', 0, 0, 0, 0, 0, 0, 0),
(174, 6, 263, 'Main', 2, 0, 0, 0, 0, 0, 0),
(174, 6, 264, 'Main', 1, 0, 0, 0, 0, 0, 0),
(174, 6, 265, 'Header Content', 0, 0, 0, 0, 0, 0, 0),
(174, 6, 266, 'Header Content : 13', 0, 0, 0, 0, 0, 0, 0),
(174, 6, 267, 'Main', 0, 0, 0, 0, 0, 0, 0),
(174, 7, 258, 'Sidebar', 1, 0, 0, 0, 0, 0, 0),
(174, 7, 259, 'Sidebar', 2, 0, 0, 0, 0, 0, 0),
(174, 7, 260, 'Header Content : 12', 0, 0, 0, 0, 0, 0, 0),
(174, 7, 261, 'Page Footer', 0, 0, 0, 0, 0, 0, 0),
(174, 7, 263, 'Main', 2, 0, 0, 0, 0, 0, 0),
(174, 7, 264, 'Main', 1, 0, 0, 0, 0, 0, 0),
(174, 7, 267, 'Main', 0, 0, 0, 0, 0, 0, 0),
(174, 7, 279, 'Header Content : 13', 0, 1, 0, 0, 0, 0, 0),
(174, 7, 280, 'Header Content', 0, 1, 0, 0, 0, 0, 0),
(174, 8, 258, 'Sidebar', 1, 0, 0, 0, 0, 0, 0),
(174, 8, 259, 'Sidebar', 2, 0, 0, 0, 0, 0, 0),
(174, 8, 260, 'Header Content : 12', 0, 0, 0, 0, 0, 0, 0),
(174, 8, 261, 'Page Footer', 0, 0, 0, 0, 0, 0, 0),
(174, 8, 280, 'Header Content', 0, 0, 0, 0, 0, 0, 0),
(174, 8, 281, 'Main', 0, 1, 0, 0, 0, 0, 0),
(174, 8, 282, 'Sidebar', 0, 1, 0, 0, 0, 0, 0);

-- --------------------------------------------------------

--
-- Structure de la table `CollectionVersionBlocksCacheSettings`
--

DROP TABLE IF EXISTS `CollectionVersionBlocksCacheSettings`;
CREATE TABLE `CollectionVersionBlocksCacheSettings` (
  `cID` int(10) unsigned NOT NULL DEFAULT '0',
  `cvID` int(10) unsigned NOT NULL DEFAULT '1',
  `bID` int(10) unsigned NOT NULL DEFAULT '0',
  `arHandle` varchar(255) COLLATE utf8_unicode_ci NOT NULL,
  `btCacheBlockOutput` tinyint(1) NOT NULL DEFAULT '0',
  `btCacheBlockOutputOnPost` tinyint(1) NOT NULL DEFAULT '0',
  `btCacheBlockOutputForRegisteredUsers` tinyint(1) NOT NULL DEFAULT '0',
  `btCacheBlockOutputLifetime` int(10) unsigned NOT NULL DEFAULT '0'
) ENGINE=InnoDB DEFAULT CHARSET=utf8 COLLATE=utf8_unicode_ci;

-- --------------------------------------------------------

--
-- Structure de la table `CollectionVersionBlocksOutputCache`
--

DROP TABLE IF EXISTS `CollectionVersionBlocksOutputCache`;
CREATE TABLE `CollectionVersionBlocksOutputCache` (
  `cID` int(10) unsigned NOT NULL DEFAULT '0',
  `cvID` int(10) unsigned NOT NULL DEFAULT '1',
  `bID` int(10) unsigned NOT NULL DEFAULT '0',
  `arHandle` varchar(255) COLLATE utf8_unicode_ci NOT NULL,
  `btCachedBlockOutput` longtext COLLATE utf8_unicode_ci,
  `btCachedBlockOutputExpires` int(10) unsigned NOT NULL DEFAULT '0'
) ENGINE=InnoDB DEFAULT CHARSET=utf8 COLLATE=utf8_unicode_ci;

-- --------------------------------------------------------

--
-- Structure de la table `CollectionVersionBlockStyles`
--

DROP TABLE IF EXISTS `CollectionVersionBlockStyles`;
CREATE TABLE `CollectionVersionBlockStyles` (
  `cID` int(10) unsigned NOT NULL DEFAULT '0',
  `cvID` int(10) unsigned NOT NULL DEFAULT '0',
  `bID` int(10) unsigned NOT NULL DEFAULT '0',
  `arHandle` varchar(255) COLLATE utf8_unicode_ci NOT NULL,
  `issID` int(10) unsigned NOT NULL DEFAULT '0'
) ENGINE=InnoDB DEFAULT CHARSET=utf8 COLLATE=utf8_unicode_ci;

--
-- Contenu de la table `CollectionVersionBlockStyles`
--

INSERT INTO `CollectionVersionBlockStyles` (`cID`, `cvID`, `bID`, `arHandle`, `issID`) VALUES
(149, 3, 13, 'Main', 1),
(1, 2, 15, 'Header Image', 2),
(1, 3, 15, 'Header Image', 2),
(1, 4, 79, 'Header Image', 2),
(1, 5, 85, 'Header Image', 2),
(1, 6, 85, 'Header Image', 2),
(1, 7, 85, 'Header Image', 2),
(1, 2, 16, 'Header Content', 4),
(1, 3, 16, 'Header Content', 4),
(1, 4, 16, 'Header Content', 4),
(1, 5, 16, 'Header Content', 4),
(1, 6, 16, 'Header Content', 4),
(1, 7, 16, 'Header Content', 4),
(159, 2, 60, 'Header Content', 5),
(159, 3, 72, 'Main', 5),
(159, 4, 72, 'Main', 5),
(159, 5, 72, 'Main', 5),
(159, 6, 72, 'Main', 5),
(159, 7, 72, 'Main', 5),
(159, 8, 72, 'Main', 5),
(159, 9, 72, 'Main', 5),
(159, 10, 72, 'Main', 5),
(159, 11, 72, 'Main - 1', 5),
(159, 12, 110, 'Main - 1', 5),
(159, 13, 111, 'Main - 1', 5),
(159, 14, 112, 'Main - 1', 5),
(159, 15, 112, 'Main - 1', 5),
(159, 16, 112, 'Main - 1', 5),
(159, 17, 112, 'Main - 1', 5),
(159, 18, 120, 'Main - 1', 5),
(159, 19, 120, 'Main - 1', 5),
(159, 20, 123, 'Main - 1', 5),
(159, 21, 123, 'Main - 1', 5),
(161, 2, 60, 'Header Content', 5),
(161, 3, 72, 'Main', 5),
(161, 4, 72, 'Main', 5),
(161, 5, 72, 'Main', 5),
(161, 6, 72, 'Main', 5),
(162, 2, 60, 'Header Content', 5),
(162, 3, 72, 'Main', 5),
(162, 4, 72, 'Main', 5),
(162, 5, 72, 'Main', 5),
(162, 6, 72, 'Main', 5),
(163, 2, 60, 'Header Content', 5),
(163, 3, 72, 'Main', 5),
(163, 4, 72, 'Main', 5),
(163, 5, 72, 'Main', 5),
(163, 6, 72, 'Main', 5),
(163, 7, 72, 'Main', 5),
(163, 8, 72, 'Main', 5),
(163, 9, 72, 'Main', 5),
(163, 10, 72, 'Main', 5),
(163, 11, 72, 'Main', 5),
(163, 12, 72, 'Main', 5),
(165, 2, 60, 'Header Content', 5),
(165, 3, 72, 'Main', 5),
(165, 4, 72, 'Main', 5),
(165, 5, 72, 'Main', 5),
(165, 6, 72, 'Main', 5),
(165, 7, 72, 'Main', 5),
(165, 8, 72, 'Main', 5),
(165, 9, 72, 'Main', 5),
(165, 10, 72, 'Main', 5),
(165, 11, 72, 'Main - 1', 5),
(165, 12, 110, 'Main - 1', 5),
(165, 13, 111, 'Main - 1', 5),
(165, 14, 112, 'Main - 1', 5),
(165, 15, 112, 'Main - 1', 5),
(165, 16, 112, 'Main - 1', 5),
(165, 17, 112, 'Main - 1', 5),
(165, 18, 120, 'Main - 1', 5),
(165, 19, 120, 'Main - 1', 5),
(165, 20, 123, 'Main - 1', 5),
(165, 21, 123, 'Main - 1', 5),
(165, 22, 123, 'Main - 1', 5),
(165, 23, 123, 'Main - 1', 5),
(165, 24, 123, 'Main - 1', 5),
(1, 3, 62, 'Header Content', 6),
(1, 4, 83, 'Header Content', 6),
(1, 5, 83, 'Header Content', 6),
(1, 6, 83, 'Header Content', 6),
(1, 7, 83, 'Header Content', 6),
(159, 3, 64, 'Header Content : 1', 7),
(159, 4, 64, 'Header Content : 1', 7),
(159, 5, 64, 'Header Content : 1', 7),
(159, 6, 64, 'Header Content : 1', 7),
(159, 7, 64, 'Header Content : 1', 7),
(159, 8, 64, 'Header Content : 1', 7),
(159, 9, 64, 'Header Content : 1', 7),
(159, 10, 64, 'Header Content : 1', 7),
(159, 11, 64, 'Header Content : 1', 7),
(159, 12, 64, 'Header Content : 1', 7),
(159, 13, 64, 'Header Content : 1', 7),
(159, 14, 64, 'Header Content : 1', 7),
(159, 15, 64, 'Header Content : 1', 7),
(159, 16, 64, 'Header Content : 1', 7),
(159, 17, 64, 'Header Content : 1', 7),
(159, 18, 64, 'Header Content : 1', 7),
(159, 19, 64, 'Header Content : 1', 7),
(159, 20, 64, 'Header Content : 1', 7),
(159, 21, 64, 'Header Content : 1', 7),
(161, 3, 64, 'Header Content : 1', 7),
(161, 4, 64, 'Header Content : 1', 7),
(161, 5, 64, 'Header Content : 1', 7),
(161, 6, 64, 'Header Content : 1', 7),
(161, 7, 87, 'Header Content : 1', 7),
(161, 8, 87, 'Header Content : 1', 7),
(161, 9, 87, 'Header Content : 1', 7),
(161, 10, 87, 'Header Content : 1', 7),
(162, 3, 64, 'Header Content : 1', 7),
(162, 4, 64, 'Header Content : 1', 7),
(162, 5, 64, 'Header Content : 1', 7),
(162, 6, 64, 'Header Content : 1', 7),
(162, 7, 87, 'Header Content : 1', 7),
(162, 8, 87, 'Header Content : 1', 7),
(162, 9, 87, 'Header Content : 1', 7),
(162, 10, 87, 'Header Content : 1', 7),
(162, 11, 87, 'Header Content : 1', 7),
(162, 12, 87, 'Header Content : 1', 7),
(162, 13, 97, 'Header Content : 1', 7),
(162, 14, 97, 'Header Content : 1', 7),
(162, 15, 97, 'Header Content : 1', 7),
(163, 3, 64, 'Header Content : 1', 7),
(163, 4, 64, 'Header Content : 1', 7),
(163, 5, 64, 'Header Content : 1', 7),
(163, 6, 64, 'Header Content : 1', 7),
(163, 7, 64, 'Header Content : 1', 7),
(163, 8, 64, 'Header Content : 1', 7),
(163, 9, 64, 'Header Content : 1', 7),
(163, 10, 64, 'Header Content : 1', 7),
(163, 11, 64, 'Header Content : 1', 7),
(163, 12, 64, 'Header Content : 1', 7),
(165, 3, 64, 'Header Content : 1', 7),
(165, 4, 64, 'Header Content : 1', 7),
(165, 5, 64, 'Header Content : 1', 7),
(165, 6, 64, 'Header Content : 1', 7),
(165, 7, 64, 'Header Content : 1', 7),
(165, 8, 64, 'Header Content : 1', 7),
(165, 9, 64, 'Header Content : 1', 7),
(165, 10, 64, 'Header Content : 1', 7),
(165, 11, 64, 'Header Content : 1', 7),
(165, 12, 64, 'Header Content : 1', 7),
(165, 13, 64, 'Header Content : 1', 7),
(165, 14, 64, 'Header Content : 1', 7),
(165, 15, 64, 'Header Content : 1', 7),
(165, 16, 64, 'Header Content : 1', 7),
(165, 17, 64, 'Header Content : 1', 7),
(165, 18, 64, 'Header Content : 1', 7),
(165, 19, 64, 'Header Content : 1', 7),
(165, 20, 64, 'Header Content : 1', 7),
(165, 21, 64, 'Header Content : 1', 7),
(165, 22, 64, 'Header Content : 1', 7),
(165, 23, 64, 'Header Content : 1', 7),
(165, 24, 64, 'Header Content : 1', 7),
(165, 25, 128, 'Header Content : 1', 7),
(165, 26, 128, 'Header Content : 1', 7),
(165, 27, 128, 'Header Content : 1', 7),
(165, 28, 128, 'Header Content : 1', 7),
(165, 29, 128, 'Header Content : 1', 7),
(165, 30, 128, 'Header Content : 1', 7),
(165, 31, 128, 'Header Content : 1', 7),
(165, 32, 128, 'Header Content : 1', 7),
(165, 33, 128, 'Header Content : 1', 7),
(165, 34, 128, 'Header Content : 1', 7),
(165, 35, 128, 'Header Content : 1', 7),
(165, 36, 128, 'Header Content : 1', 7),
(165, 37, 128, 'Header Content : 1', 7),
(165, 38, 128, 'Header Content : 1', 7),
(165, 39, 128, 'Header Content : 1', 7),
(165, 40, 128, 'Header Content : 1', 7),
(165, 41, 128, 'Header Content : 1', 7),
(165, 42, 128, 'Header Content : 1', 7),
(165, 43, 128, 'Header Content : 1', 7),
(165, 44, 151, 'Header Content : 1', 7),
(165, 45, 151, 'Header Content : 1', 7),
(165, 46, 151, 'Header Content : 1', 7),
(165, 47, 151, 'Header Content : 1', 7),
(165, 48, 151, 'Header Content : 1', 7),
(165, 49, 151, 'Header Content : 1', 7),
(165, 50, 151, 'Header Content : 1', 7),
(165, 51, 151, 'Header Content : 1', 7),
(165, 52, 151, 'Header Content : 1', 7),
(165, 53, 151, 'Header Content : 1', 7),
(165, 54, 151, 'Header Content : 1', 7),
(159, 3, 68, 'Header Content', 8),
(159, 4, 68, 'Header Content', 8),
(159, 5, 68, 'Header Content', 8),
(159, 6, 68, 'Header Content', 8),
(159, 7, 68, 'Header Content', 8),
(159, 8, 68, 'Header Content', 8),
(159, 9, 68, 'Header Content', 8),
(159, 10, 68, 'Header Content', 8),
(159, 11, 68, 'Header Content', 8),
(159, 12, 68, 'Header Content', 8),
(159, 13, 68, 'Header Content', 8),
(159, 14, 68, 'Header Content', 8),
(159, 15, 68, 'Header Content', 8),
(159, 16, 68, 'Header Content', 8),
(159, 17, 68, 'Header Content', 8),
(159, 18, 68, 'Header Content', 8),
(159, 19, 68, 'Header Content', 8),
(159, 20, 68, 'Header Content', 8),
(159, 21, 68, 'Header Content', 8),
(161, 3, 68, 'Header Content', 8),
(161, 4, 68, 'Header Content', 8),
(161, 5, 68, 'Header Content', 8),
(161, 6, 68, 'Header Content', 8),
(161, 7, 68, 'Header Content', 8),
(161, 8, 68, 'Header Content', 8),
(161, 9, 68, 'Header Content', 8),
(161, 10, 68, 'Header Content', 8),
(162, 3, 68, 'Header Content', 8),
(162, 4, 68, 'Header Content', 8),
(162, 5, 68, 'Header Content', 8),
(162, 6, 68, 'Header Content', 8),
(162, 7, 68, 'Header Content', 8),
(162, 8, 68, 'Header Content', 8),
(162, 9, 68, 'Header Content', 8),
(162, 10, 68, 'Header Content', 8),
(162, 11, 68, 'Header Content', 8),
(162, 12, 68, 'Header Content', 8),
(162, 13, 68, 'Header Content', 8),
(162, 14, 68, 'Header Content', 8),
(162, 15, 68, 'Header Content', 8),
(163, 3, 68, 'Header Content', 8),
(163, 4, 68, 'Header Content', 8),
(163, 5, 68, 'Header Content', 8),
(163, 6, 68, 'Header Content', 8),
(163, 7, 68, 'Header Content', 8),
(163, 8, 68, 'Header Content', 8),
(163, 9, 68, 'Header Content', 8),
(163, 10, 68, 'Header Content', 8),
(163, 11, 68, 'Header Content', 8),
(163, 12, 68, 'Header Content', 8),
(165, 3, 68, 'Header Content', 8),
(165, 4, 68, 'Header Content', 8),
(165, 5, 68, 'Header Content', 8),
(165, 6, 68, 'Header Content', 8),
(165, 7, 68, 'Header Content', 8),
(165, 8, 68, 'Header Content', 8),
(165, 9, 68, 'Header Content', 8),
(165, 10, 68, 'Header Content', 8),
(165, 11, 68, 'Header Content', 8),
(165, 12, 68, 'Header Content', 8),
(165, 13, 68, 'Header Content', 8),
(165, 14, 68, 'Header Content', 8),
(165, 15, 68, 'Header Content', 8),
(165, 16, 68, 'Header Content', 8),
(165, 17, 68, 'Header Content', 8),
(165, 18, 68, 'Header Content', 8),
(165, 19, 68, 'Header Content', 8),
(165, 20, 68, 'Header Content', 8),
(165, 21, 68, 'Header Content', 8),
(165, 22, 68, 'Header Content', 8),
(165, 23, 68, 'Header Content', 8),
(165, 24, 68, 'Header Content', 8),
(165, 25, 68, 'Header Content', 8),
(165, 26, 68, 'Header Content', 8),
(165, 27, 68, 'Header Content', 8),
(165, 28, 68, 'Header Content', 8),
(165, 29, 68, 'Header Content', 8),
(165, 30, 68, 'Header Content', 8),
(165, 31, 68, 'Header Content', 8),
(165, 32, 68, 'Header Content', 8),
(165, 33, 68, 'Header Content', 8),
(165, 34, 68, 'Header Content', 8),
(165, 35, 68, 'Header Content', 8),
(165, 36, 68, 'Header Content', 8),
(165, 37, 68, 'Header Content', 8),
(165, 38, 68, 'Header Content', 8),
(165, 39, 68, 'Header Content', 8),
(165, 40, 68, 'Header Content', 8),
(165, 41, 68, 'Header Content', 8),
(165, 42, 68, 'Header Content', 8),
(165, 43, 68, 'Header Content', 8),
(165, 44, 68, 'Header Content', 8),
(165, 45, 68, 'Header Content', 8),
(165, 46, 68, 'Header Content', 8),
(165, 47, 68, 'Header Content', 8),
(165, 48, 68, 'Header Content', 8),
(165, 49, 68, 'Header Content', 8),
(165, 50, 68, 'Header Content', 8),
(165, 51, 68, 'Header Content', 8),
(165, 52, 68, 'Header Content', 8),
(165, 53, 68, 'Header Content', 8),
(165, 54, 68, 'Header Content', 8),
(148, 2, 75, 'Main', 9),
(160, 2, 75, 'Main', 9),
(148, 3, 77, 'Main', 10),
(160, 3, 77, 'Main', 10),
(160, 4, 77, 'Main', 10),
(160, 5, 77, 'Main', 10),
(160, 6, 77, 'Main', 10),
(1, 4, 81, 'Header Content', 11),
(1, 5, 81, 'Header Content', 11),
(1, 6, 81, 'Header Content', 11),
(1, 7, 81, 'Header Content', 11),
(161, 7, 90, 'Header Content', 12),
(161, 8, 90, 'Header Content', 12),
(161, 9, 90, 'Header Content', 12),
(161, 10, 90, 'Header Content', 12),
(162, 7, 90, 'Header Content', 12),
(162, 8, 90, 'Header Content', 12),
(162, 9, 90, 'Header Content', 12),
(162, 10, 90, 'Header Content', 12),
(162, 11, 90, 'Header Content', 12),
(162, 12, 90, 'Header Content', 12),
(162, 13, 90, 'Header Content', 12),
(162, 14, 90, 'Header Content', 12),
(162, 15, 90, 'Header Content', 12),
(1, 6, 93, 'Header Content', 13),
(1, 7, 93, 'Header Content', 13),
(1, 6, 95, 'Header Content', 14),
(1, 7, 95, 'Header Content', 14),
(163, 12, 105, 'Header Content', 15),
(159, 11, 108, 'Header Content', 17),
(159, 12, 108, 'Header Content', 17),
(159, 13, 108, 'Header Content', 17),
(159, 14, 108, 'Header Content', 17),
(159, 15, 108, 'Header Content', 17),
(159, 16, 108, 'Header Content', 17),
(159, 17, 108, 'Header Content', 17),
(159, 18, 108, 'Header Content', 17),
(159, 19, 108, 'Header Content', 17),
(159, 20, 108, 'Header Content', 17),
(159, 21, 108, 'Header Content', 17),
(165, 11, 108, 'Header Content', 17),
(165, 12, 108, 'Header Content', 17),
(165, 13, 108, 'Header Content', 17),
(165, 14, 108, 'Header Content', 17),
(165, 15, 108, 'Header Content', 17),
(165, 16, 108, 'Header Content', 17),
(165, 17, 108, 'Header Content', 17),
(165, 18, 108, 'Header Content', 17),
(165, 19, 108, 'Header Content', 17),
(165, 20, 108, 'Header Content', 17),
(165, 21, 108, 'Header Content', 17),
(165, 22, 108, 'Header Content', 17),
(165, 23, 108, 'Header Content', 17),
(165, 24, 108, 'Header Content', 17),
(165, 25, 108, 'Header Content', 17),
(165, 26, 108, 'Header Content', 17),
(165, 27, 108, 'Header Content', 17),
(165, 28, 108, 'Header Content', 17),
(165, 29, 108, 'Header Content', 17),
(165, 30, 108, 'Header Content', 17),
(165, 31, 108, 'Header Content', 17),
(165, 32, 108, 'Header Content', 17),
(165, 33, 108, 'Header Content', 17),
(165, 34, 108, 'Header Content', 17),
(165, 35, 108, 'Header Content', 17),
(165, 36, 108, 'Header Content', 17),
(165, 37, 108, 'Header Content', 17),
(165, 38, 108, 'Header Content', 17),
(165, 39, 108, 'Header Content', 17),
(165, 40, 108, 'Header Content', 17),
(165, 41, 108, 'Header Content', 17),
(165, 42, 108, 'Header Content', 17),
(165, 43, 108, 'Header Content', 17),
(165, 44, 108, 'Header Content', 17),
(165, 45, 108, 'Header Content', 17),
(165, 46, 108, 'Header Content', 17),
(165, 47, 108, 'Header Content', 17),
(165, 48, 108, 'Header Content', 17),
(165, 49, 108, 'Header Content', 17),
(165, 50, 108, 'Header Content', 17),
(165, 51, 108, 'Header Content', 17),
(165, 52, 108, 'Header Content', 17),
(165, 53, 108, 'Header Content', 17),
(159, 11, 109, 'Main', 18),
(159, 12, 109, 'Main', 18),
(159, 13, 109, 'Main', 18),
(159, 14, 109, 'Main', 18),
(159, 15, 109, 'Main', 18),
(159, 16, 109, 'Main', 18),
(159, 17, 109, 'Main', 18),
(159, 18, 109, 'Main', 18),
(159, 19, 109, 'Main', 18),
(159, 20, 109, 'Main', 18),
(159, 21, 109, 'Main', 18),
(165, 11, 109, 'Main', 18),
(165, 12, 109, 'Main', 18),
(165, 13, 109, 'Main', 18),
(165, 14, 109, 'Main', 18),
(165, 15, 109, 'Main', 18),
(165, 16, 109, 'Main', 18),
(165, 17, 109, 'Main', 18),
(165, 18, 109, 'Main', 18),
(165, 19, 109, 'Main', 18),
(165, 20, 109, 'Main', 18),
(165, 21, 109, 'Main', 18),
(165, 22, 109, 'Main', 18),
(165, 23, 109, 'Main', 18),
(165, 24, 109, 'Main', 18),
(165, 25, 109, 'Main', 18),
(165, 26, 109, 'Main', 18),
(165, 27, 109, 'Main', 18),
(165, 28, 109, 'Main', 18),
(165, 29, 109, 'Main', 18),
(165, 30, 109, 'Main', 18),
(165, 31, 109, 'Main', 18),
(165, 32, 109, 'Main', 18),
(165, 33, 109, 'Main', 18),
(165, 34, 109, 'Main', 18),
(165, 35, 109, 'Main', 18),
(165, 36, 109, 'Main', 18),
(165, 37, 109, 'Main', 18),
(165, 38, 109, 'Main', 18),
(165, 39, 109, 'Main', 18),
(165, 40, 109, 'Main', 18),
(165, 41, 109, 'Header Content', 18),
(165, 42, 109, 'Header Content', 18),
(165, 43, 109, 'Header Content', 18),
(165, 44, 109, 'Header Content', 18),
(165, 45, 109, 'Header Content', 18),
(165, 46, 109, 'Header Content', 18),
(165, 47, 109, 'Header Content', 18),
(165, 48, 109, 'Header Content', 18),
(165, 49, 109, 'Header Content', 18),
(165, 50, 109, 'Header Content', 18),
(165, 51, 109, 'Header Content', 18),
(159, 14, 113, 'Main - 1', 19),
(159, 15, 113, 'Main - 1', 19),
(159, 16, 113, 'Main - 1', 19),
(159, 17, 113, 'Main - 1', 19),
(159, 18, 113, 'Main - 1', 19),
(159, 19, 113, 'Main - 1', 19),
(159, 20, 113, 'Main - 1', 19),
(159, 21, 113, 'Main - 1', 19),
(165, 14, 113, 'Main - 1', 19),
(165, 15, 113, 'Main - 1', 19),
(165, 16, 113, 'Main - 1', 19),
(165, 17, 113, 'Main - 1', 19),
(165, 18, 113, 'Main - 1', 19),
(165, 19, 113, 'Main - 1', 19),
(165, 20, 113, 'Main - 1', 19),
(165, 21, 113, 'Main - 1', 19),
(165, 22, 113, 'Main - 1', 19),
(165, 23, 113, 'Main - 1', 19),
(165, 24, 113, 'Main - 1', 19),
(165, 25, 113, 'Main - 1', 19),
(165, 26, 113, 'Main - 1', 19),
(165, 27, 113, 'Main - 1', 19),
(165, 28, 113, 'Main - 1', 19),
(165, 29, 113, 'Main - 1', 19),
(165, 30, 113, 'Main - 1', 19),
(165, 31, 113, 'Main - 1', 19),
(165, 32, 113, 'Main - 1', 19),
(165, 33, 113, 'Main - 1', 19),
(165, 34, 113, 'Main - 1', 19),
(165, 35, 113, 'Main - 1', 19),
(165, 36, 113, 'Main - 1', 19),
(165, 37, 113, 'Main - 1', 19),
(165, 38, 113, 'Main - 1', 19),
(165, 39, 113, 'Main - 1', 19),
(165, 40, 113, 'Main - 1', 19),
(165, 41, 113, 'Main - 1', 19),
(165, 42, 113, 'Main - 1', 19),
(165, 43, 113, 'Main - 1', 19),
(165, 44, 113, 'Main - 1', 19),
(165, 45, 113, 'Main - 1', 19),
(165, 46, 113, 'Main - 1', 19),
(165, 47, 113, 'Main - 1', 19),
(165, 48, 113, 'Main - 1', 19),
(165, 49, 113, 'Main - 1', 19),
(165, 50, 113, 'Main - 1', 19),
(165, 51, 113, 'Main - 1', 19),
(165, 52, 113, 'Main - 1', 19),
(165, 53, 113, 'Main - 1', 19),
(159, 16, 117, 'Main - 1', 20),
(159, 17, 117, 'Main - 1', 20),
(159, 18, 117, 'Main - 1', 20),
(159, 19, 117, 'Main - 1', 20),
(159, 20, 117, 'Main - 1', 20),
(159, 21, 117, 'Main - 1', 20),
(165, 16, 117, 'Main - 1', 20),
(165, 17, 117, 'Main - 1', 20),
(165, 18, 117, 'Main - 1', 20),
(165, 19, 117, 'Main - 1', 20),
(165, 20, 117, 'Main - 1', 20),
(165, 21, 117, 'Main - 1', 20),
(165, 22, 117, 'Main - 1', 20),
(165, 23, 117, 'Main - 1', 20),
(165, 24, 117, 'Main - 1', 20),
(165, 25, 117, 'Main - 1', 20),
(165, 33, 136, 'Header Image', 21),
(165, 34, 137, 'Header Image', 21),
(165, 35, 137, 'Header Image', 21),
(165, 36, 137, 'Header Image', 21),
(165, 37, 137, 'Header Image', 21),
(165, 38, 142, 'Header Image', 22),
(165, 39, 142, 'Main', 22),
(165, 40, 142, 'Header Image', 22),
(165, 41, 142, 'Header Image', 22),
(165, 42, 142, 'Header Image', 22),
(165, 43, 142, 'Header Image', 22),
(165, 44, 152, 'Header Image', 22),
(165, 45, 153, 'Header Image', 22),
(165, 46, 154, 'Header Image', 22),
(165, 47, 154, 'Header Image', 22),
(165, 48, 154, 'Header Image', 22),
(165, 49, 154, 'Header Image', 22),
(165, 50, 154, 'Header Image', 22),
(165, 51, 154, 'Header Image', 22),
(165, 52, 154, 'Header Image', 22),
(165, 53, 154, 'Header Image', 22),
(165, 54, 154, 'Header Image', 22),
(165, 53, 180, 'Main - 1', 25),
(165, 54, 180, 'Main - 1', 25),
(166, 4, 181, 'Main', 26),
(168, 5, 181, 'Main', 26),
(168, 6, 181, 'Main', 26),
(168, 7, 181, 'Main', 26),
(168, 8, 181, 'Main', 26),
(168, 9, 181, 'Main', 26),
(168, 10, 181, 'Main', 26),
(168, 11, 181, 'Main', 26),
(168, 12, 181, 'Main', 26),
(168, 13, 181, 'Main', 26),
(168, 14, 181, 'Main', 26),
(169, 8, 181, 'Main', 26),
(169, 9, 181, 'Main', 26),
(169, 10, 181, 'Main', 26),
(169, 11, 181, 'Main', 26),
(169, 12, 181, 'Main', 26),
(169, 13, 181, 'Main', 26),
(169, 14, 181, 'Main', 26),
(169, 15, 181, 'Main', 26),
(169, 16, 181, 'Main', 26),
(169, 17, 181, 'Main', 26),
(169, 18, 181, 'Main', 26),
(169, 19, 181, 'Main', 26),
(169, 20, 181, 'Main', 26),
(169, 21, 181, 'Main', 26),
(168, 9, 187, 'Header Image', 27),
(168, 10, 189, 'Header Image', 27),
(168, 11, 189, 'Header Image', 27),
(168, 12, 191, 'Header Image', 27),
(168, 13, 193, 'Header Image', 27),
(168, 14, 193, 'Header Image', 27),
(169, 9, 187, 'Header Image', 27),
(169, 10, 189, 'Header Image', 27),
(169, 11, 189, 'Header Image', 27),
(169, 12, 191, 'Header Image', 27),
(169, 13, 193, 'Header Image', 27),
(169, 14, 193, 'Header Image', 27),
(169, 15, 195, 'Header Image', 27),
(169, 16, 197, 'Header Image', 27),
(169, 17, 197, 'Header Image', 27),
(169, 18, 199, 'Header Image', 27),
(169, 19, 201, 'Header Image', 27),
(169, 20, 201, 'Header Image', 28),
(169, 21, 202, 'Header Image', 28),
(165, 54, 203, 'Header Content', 29),
(165, 54, 204, 'Main', 30),
(165, 54, 205, 'Main', 31),
(165, 54, 207, 'Main', 32),
(165, 54, 225, 'Main - 1', 33),
(144, 4, 226, 'Main', 34),
(162, 15, 230, 'Sidebar', 35),
(171, 2, 259, 'Sidebar', 36),
(171, 3, 259, 'Sidebar', 36),
(171, 4, 259, 'Sidebar', 36),
(171, 5, 259, 'Sidebar', 36),
(173, 2, 259, 'Sidebar', 36),
(173, 3, 259, 'Sidebar', 36),
(173, 4, 259, 'Sidebar', 36),
(173, 5, 259, 'Sidebar', 36),
(173, 6, 259, 'Sidebar', 36),
(173, 7, 259, 'Sidebar', 36),
(173, 8, 259, 'Sidebar', 36),
(174, 2, 259, 'Sidebar', 36),
(174, 3, 259, 'Sidebar', 36),
(174, 4, 259, 'Sidebar', 36),
(174, 5, 259, 'Sidebar', 36),
(174, 6, 259, 'Sidebar', 36),
(174, 7, 259, 'Sidebar', 36),
(174, 8, 259, 'Sidebar', 36),
(171, 3, 261, 'Page Footer', 37),
(171, 4, 261, 'Page Footer', 37),
(171, 5, 261, 'Page Footer', 37),
(173, 3, 261, 'Page Footer', 37),
(173, 4, 261, 'Page Footer', 37),
(173, 5, 261, 'Page Footer', 37),
(173, 6, 261, 'Page Footer', 37),
(173, 7, 261, 'Page Footer', 37),
(173, 8, 261, 'Page Footer', 37),
(174, 3, 261, 'Page Footer', 37),
(174, 4, 261, 'Page Footer', 37),
(174, 5, 261, 'Page Footer', 37),
(174, 6, 261, 'Page Footer', 37),
(174, 7, 261, 'Page Footer', 37),
(174, 8, 261, 'Page Footer', 37),
(173, 7, 277, 'Page Footer', 38),
(173, 8, 277, 'Page Footer', 38),
(174, 8, 282, 'Sidebar', 39);

-- --------------------------------------------------------

--
-- Structure de la table `CollectionVersionFeatureAssignments`
--

DROP TABLE IF EXISTS `CollectionVersionFeatureAssignments`;
CREATE TABLE `CollectionVersionFeatureAssignments` (
  `cID` int(10) unsigned NOT NULL DEFAULT '0',
  `cvID` int(10) unsigned NOT NULL DEFAULT '1',
  `faID` int(10) unsigned NOT NULL DEFAULT '0'
) ENGINE=InnoDB DEFAULT CHARSET=utf8 COLLATE=utf8_unicode_ci;

--
-- Contenu de la table `CollectionVersionFeatureAssignments`
--

INSERT INTO `CollectionVersionFeatureAssignments` (`cID`, `cvID`, `faID`) VALUES
(152, 2, 1),
(159, 3, 2),
(159, 4, 2),
(159, 5, 2),
(159, 6, 2),
(159, 7, 2),
(159, 8, 2),
(159, 9, 2),
(159, 10, 2),
(159, 11, 2),
(159, 12, 2),
(159, 13, 2),
(159, 14, 2),
(159, 15, 2),
(159, 16, 2),
(159, 17, 2),
(159, 18, 2),
(159, 19, 2),
(159, 20, 2),
(159, 21, 2),
(161, 7, 3),
(161, 8, 3),
(161, 9, 3),
(161, 10, 3),
(162, 13, 4),
(162, 14, 4),
(162, 15, 4),
(165, 25, 5),
(165, 26, 5),
(165, 27, 5),
(165, 28, 5),
(165, 29, 5),
(165, 30, 5),
(165, 31, 5),
(165, 32, 5),
(165, 33, 5),
(165, 34, 5),
(165, 35, 5),
(165, 36, 5),
(165, 37, 5),
(165, 38, 5),
(165, 39, 5),
(165, 40, 5),
(165, 41, 5),
(165, 42, 5),
(165, 43, 5),
(165, 44, 6),
(165, 45, 6),
(165, 46, 6),
(165, 47, 6),
(165, 48, 6),
(165, 49, 6),
(165, 50, 6),
(165, 51, 6),
(165, 52, 6),
(165, 53, 6),
(165, 54, 6),
(165, 54, 7),
(165, 54, 8),
(165, 54, 9),
(165, 54, 10),
(173, 7, 12),
(173, 8, 12),
(173, 7, 13),
(173, 8, 13),
(174, 7, 14),
(174, 8, 15);

-- --------------------------------------------------------

--
-- Structure de la table `CollectionVersionRelatedEdits`
--

DROP TABLE IF EXISTS `CollectionVersionRelatedEdits`;
CREATE TABLE `CollectionVersionRelatedEdits` (
  `cID` int(10) unsigned NOT NULL DEFAULT '0',
  `cvID` int(10) unsigned NOT NULL DEFAULT '0',
  `cRelationID` int(10) unsigned NOT NULL DEFAULT '0',
  `cvRelationID` int(10) unsigned NOT NULL DEFAULT '0'
) ENGINE=InnoDB DEFAULT CHARSET=utf8 COLLATE=utf8_unicode_ci;

-- --------------------------------------------------------

--
-- Structure de la table `CollectionVersions`
--

DROP TABLE IF EXISTS `CollectionVersions`;
CREATE TABLE `CollectionVersions` (
  `cID` int(10) unsigned NOT NULL DEFAULT '0',
  `cvID` int(10) unsigned NOT NULL DEFAULT '1',
  `cvName` text COLLATE utf8_unicode_ci,
  `cvHandle` varchar(255) COLLATE utf8_unicode_ci DEFAULT NULL,
  `cvDescription` text COLLATE utf8_unicode_ci,
  `cvDatePublic` datetime DEFAULT NULL,
  `cvDateCreated` datetime NOT NULL DEFAULT '0000-00-00 00:00:00',
  `cvComments` varchar(255) COLLATE utf8_unicode_ci DEFAULT NULL,
  `cvIsApproved` tinyint(1) NOT NULL DEFAULT '0',
  `cvIsNew` tinyint(1) NOT NULL DEFAULT '0',
  `cvAuthorUID` int(10) unsigned DEFAULT NULL,
  `cvApproverUID` int(10) unsigned DEFAULT NULL,
  `pThemeID` int(10) unsigned NOT NULL DEFAULT '0',
  `pTemplateID` int(10) unsigned NOT NULL DEFAULT '0',
  `cvActivateDatetime` datetime DEFAULT NULL
) ENGINE=InnoDB DEFAULT CHARSET=utf8 COLLATE=utf8_unicode_ci;

--
-- Contenu de la table `CollectionVersions`
--

INSERT INTO `CollectionVersions` (`cID`, `cvID`, `cvName`, `cvHandle`, `cvDescription`, `cvDatePublic`, `cvDateCreated`, `cvComments`, `cvIsApproved`, `cvIsNew`, `cvAuthorUID`, `cvApproverUID`, `pThemeID`, `pTemplateID`, `cvActivateDatetime`) VALUES
(1, 1, 'Home', 'home', '', '2015-01-18 20:10:11', '2015-01-18 20:10:11', 'Initial Version', 0, 0, 1, NULL, 2, 5, NULL),
(1, 2, 'Home', 'home', '', '2015-01-18 20:10:11', '2015-01-18 20:19:15', 'Version 2', 0, 0, 1, 1, 2, 5, NULL),
(1, 3, 'Home', 'home', '', '2015-01-18 20:10:11', '2015-01-19 09:29:15', 'Version 3', 0, 0, 1, 1, 2, 5, NULL),
(1, 4, 'Home', 'home', '', '2015-01-18 20:10:11', '2015-01-25 19:30:53', 'Version 4', 0, 0, 1, 1, 2, 5, NULL),
(1, 5, 'Home', 'home', '', '2015-01-18 20:10:11', '2015-01-25 19:38:46', 'Version 5', 0, 0, 1, 1, 2, 5, NULL),
(1, 6, 'Home', 'home', '', '2015-01-18 20:10:11', '2015-01-25 19:50:40', 'Version 6', 0, 0, 1, 1, 2, 5, NULL),
(1, 7, 'Home', 'home', '', '2015-01-18 20:10:11', '2015-01-25 20:04:15', 'Version 7', 1, 0, 1, 1, 2, 5, NULL),
(2, 1, 'Dashboard', 'dashboard', '', '2015-01-18 20:12:42', '2015-01-18 20:12:42', 'Initial Version', 1, 0, 1, NULL, 2, 0, NULL),
(3, 1, 'Sitemap', 'sitemap', 'Whole world at a glance.', '2015-01-18 20:12:42', '2015-01-18 20:12:42', 'Initial Version', 1, 0, 1, NULL, 2, 0, NULL),
(4, 1, 'Full Sitemap', 'full', '', '2015-01-18 20:12:42', '2015-01-18 20:12:42', 'Initial Version', 1, 0, 1, NULL, 2, 0, NULL),
(5, 1, 'Flat View', 'explore', '', '2015-01-18 20:12:42', '2015-01-18 20:12:42', 'Initial Version', 1, 0, 1, NULL, 2, 0, NULL),
(6, 1, 'Page Search', 'search', '', '2015-01-18 20:12:42', '2015-01-18 20:12:42', 'Initial Version', 1, 0, 1, NULL, 2, 0, NULL),
(7, 1, 'Files', 'files', 'All documents and images.', '2015-01-18 20:12:42', '2015-01-18 20:12:42', 'Initial Version', 1, 0, 1, NULL, 2, 0, NULL),
(8, 1, 'File Manager', 'search', '', '2015-01-18 20:12:42', '2015-01-18 20:12:42', 'Initial Version', 1, 0, 1, NULL, 2, 0, NULL),
(9, 1, 'Attributes', 'attributes', '', '2015-01-18 20:12:43', '2015-01-18 20:12:43', 'Initial Version', 1, 0, 1, NULL, 2, 0, NULL),
(10, 1, 'File Sets', 'sets', '', '2015-01-18 20:12:43', '2015-01-18 20:12:43', 'Initial Version', 1, 0, 1, NULL, 2, 0, NULL),
(11, 1, 'Add File Set', 'add_set', '', '2015-01-18 20:12:43', '2015-01-18 20:12:43', 'Initial Version', 1, 0, 1, NULL, 2, 0, NULL),
(12, 1, 'Members', 'users', 'Add and manage the user accounts and groups on your website.', '2015-01-18 20:12:43', '2015-01-18 20:12:43', 'Initial Version', 1, 0, 1, NULL, 2, 0, NULL),
(13, 1, 'Search Users', 'search', '', '2015-01-18 20:12:43', '2015-01-18 20:12:43', 'Initial Version', 1, 0, 1, NULL, 2, 0, NULL),
(14, 1, 'User Groups', 'groups', '', '2015-01-18 20:12:43', '2015-01-18 20:12:43', 'Initial Version', 1, 0, 1, NULL, 2, 0, NULL),
(15, 1, 'Attributes', 'attributes', '', '2015-01-18 20:12:43', '2015-01-18 20:12:43', 'Initial Version', 1, 0, 1, NULL, 2, 0, NULL),
(16, 1, 'Add User', 'add', '', '2015-01-18 20:12:43', '2015-01-18 20:12:43', 'Initial Version', 1, 0, 1, NULL, 2, 0, NULL),
(17, 1, 'Add Group', 'add_group', '', '2015-01-18 20:12:43', '2015-01-18 20:12:43', 'Initial Version', 1, 0, 1, NULL, 2, 0, NULL),
(18, 1, 'Move Multiple Groups', 'bulkupdate', '', '2015-01-18 20:12:43', '2015-01-18 20:12:43', 'Initial Version', 1, 0, 1, NULL, 2, 0, NULL),
(19, 1, 'Group Sets', 'group_sets', '', '2015-01-18 20:12:43', '2015-01-18 20:12:43', 'Initial Version', 1, 0, 1, NULL, 2, 0, NULL),
(20, 1, 'Community Points', 'points', NULL, '2015-01-18 20:12:43', '2015-01-18 20:12:43', 'Initial Version', 1, 0, 1, NULL, 2, 0, NULL),
(21, 1, 'Assign Points', 'assign', NULL, '2015-01-18 20:12:43', '2015-01-18 20:12:43', 'Initial Version', 1, 0, 1, NULL, 2, 0, NULL),
(22, 1, 'Actions', 'actions', NULL, '2015-01-18 20:12:43', '2015-01-18 20:12:43', 'Initial Version', 1, 0, 1, NULL, 2, 0, NULL),
(23, 1, 'Reports', 'reports', 'Get data from forms and logs.', '2015-01-18 20:12:43', '2015-01-18 20:12:43', 'Initial Version', 1, 0, 1, NULL, 2, 0, NULL),
(24, 1, 'Form Results', 'forms', 'Get submission data.', '2015-01-18 20:12:43', '2015-01-18 20:12:43', 'Initial Version', 1, 0, 1, NULL, 2, 0, NULL),
(25, 1, 'Surveys', 'surveys', '', '2015-01-18 20:12:43', '2015-01-18 20:12:43', 'Initial Version', 1, 0, 1, NULL, 2, 0, NULL),
(26, 1, 'Logs', 'logs', '', '2015-01-18 20:12:43', '2015-01-18 20:12:43', 'Initial Version', 1, 0, 1, NULL, 2, 0, NULL),
(27, 1, 'Pages & Themes', 'pages', 'Reskin your site.', '2015-01-18 20:12:43', '2015-01-18 20:12:43', 'Initial Version', 1, 0, 1, NULL, 2, 0, NULL),
(28, 1, 'Themes', 'themes', 'Reskin your site.', '2015-01-18 20:12:43', '2015-01-18 20:12:43', 'Initial Version', 1, 0, 1, NULL, 2, 0, NULL),
(29, 1, 'Inspect', 'inspect', '', '2015-01-18 20:12:43', '2015-01-18 20:12:43', 'Initial Version', 1, 0, 1, NULL, 2, 0, NULL),
(30, 1, 'Page Types', 'types', '', '2015-01-18 20:12:43', '2015-01-18 20:12:43', 'Initial Version', 1, 0, 1, NULL, 2, 0, NULL),
(31, 1, 'Organize Page Type Order', 'organize', '', '2015-01-18 20:12:43', '2015-01-18 20:12:43', 'Initial Version', 1, 0, 1, NULL, 2, 0, NULL),
(32, 1, 'Add Page Type', 'add', '', '2015-01-18 20:12:43', '2015-01-18 20:12:43', 'Initial Version', 1, 0, 1, NULL, 2, 0, NULL),
(33, 1, 'Compose Form', 'form', '', '2015-01-18 20:12:43', '2015-01-18 20:12:43', 'Initial Version', 1, 0, 1, NULL, 2, 0, NULL),
(34, 1, 'Defaults and Output', 'output', '', '2015-01-18 20:12:43', '2015-01-18 20:12:43', 'Initial Version', 1, 0, 1, NULL, 2, 0, NULL),
(35, 1, 'Page Type Attributes', 'attributes', '', '2015-01-18 20:12:43', '2015-01-18 20:12:43', 'Initial Version', 1, 0, 1, NULL, 2, 0, NULL),
(36, 1, 'Page Type Permissions', 'permissions', '', '2015-01-18 20:12:43', '2015-01-18 20:12:43', 'Initial Version', 1, 0, 1, NULL, 2, 0, NULL),
(37, 1, 'Page Templates', 'templates', 'Form factors for pages in your site.', '2015-01-18 20:12:43', '2015-01-18 20:12:43', 'Initial Version', 1, 0, 1, NULL, 2, 0, NULL),
(38, 1, 'Add Page Template', 'add', 'Add page templates to your site.', '2015-01-18 20:12:43', '2015-01-18 20:12:43', 'Initial Version', 1, 0, 1, NULL, 2, 0, NULL),
(39, 1, 'Attributes', 'attributes', '', '2015-01-18 20:12:43', '2015-01-18 20:12:43', 'Initial Version', 1, 0, 1, NULL, 2, 0, NULL),
(40, 1, 'Single Pages', 'single', '', '2015-01-18 20:12:43', '2015-01-18 20:12:43', 'Initial Version', 1, 0, 1, NULL, 2, 0, NULL),
(41, 1, 'RSS Feeds', 'feeds', '', '2015-01-18 20:12:43', '2015-01-18 20:12:43', 'Initial Version', 1, 0, 1, NULL, 2, 0, NULL),
(42, 1, 'Conversations', 'conversations', '', '2015-01-18 20:12:43', '2015-01-18 20:12:43', 'Initial Version', 1, 0, 1, NULL, 2, 0, NULL),
(43, 1, 'Messages', 'messages', '', '2015-01-18 20:12:44', '2015-01-18 20:12:44', 'Initial Version', 1, 0, 1, NULL, 2, 0, NULL),
(44, 1, 'Workflow', 'workflow', '', '2015-01-18 20:12:44', '2015-01-18 20:12:44', 'Initial Version', 1, 0, 1, NULL, 2, 0, NULL),
(45, 1, 'Workflow List', 'workflows', '', '2015-01-18 20:12:44', '2015-01-18 20:12:44', 'Initial Version', 1, 0, 1, NULL, 2, 0, NULL),
(46, 1, 'Waiting for Me', 'me', '', '2015-01-18 20:12:44', '2015-01-18 20:12:44', 'Initial Version', 1, 0, 1, NULL, 2, 0, NULL),
(47, 1, 'Stacks & Blocks', 'blocks', 'Manage sitewide content and administer block types.', '2015-01-18 20:12:44', '2015-01-18 20:12:44', 'Initial Version', 1, 0, 1, NULL, 2, 0, NULL),
(48, 1, 'Stacks', 'stacks', 'Share content across your site.', '2015-01-18 20:12:44', '2015-01-18 20:12:44', 'Initial Version', 1, 0, 1, NULL, 2, 0, NULL),
(49, 1, 'Block & Stack Permissions', 'permissions', 'Control who can add blocks and stacks on your site.', '2015-01-18 20:12:44', '2015-01-18 20:12:44', 'Initial Version', 1, 0, 1, NULL, 2, 0, NULL),
(50, 1, 'Stack List', 'list', '', '2015-01-18 20:12:44', '2015-01-18 20:12:44', 'Initial Version', 1, 0, 1, NULL, 2, 0, NULL),
(51, 1, 'Block Types', 'types', 'Manage the installed block types in your site.', '2015-01-18 20:12:44', '2015-01-18 20:12:44', 'Initial Version', 1, 0, 1, NULL, 2, 0, NULL),
(52, 1, 'Extend concrete5', 'extend', '', '2015-01-18 20:12:44', '2015-01-18 20:12:44', 'Initial Version', 1, 0, 1, NULL, 2, 0, NULL),
(53, 1, 'Dashboard', 'news', '', '2015-01-18 20:12:44', '2015-01-18 20:12:44', 'Initial Version', 1, 0, 1, NULL, 2, 0, NULL),
(54, 1, 'Add Functionality', 'install', 'Install add-ons & themes.', '2015-01-18 20:12:44', '2015-01-18 20:12:44', 'Initial Version', 1, 0, 1, NULL, 2, 0, NULL),
(55, 1, 'Update Add-Ons', 'update', 'Update your installed packages.', '2015-01-18 20:12:44', '2015-01-18 20:12:44', 'Initial Version', 1, 0, 1, NULL, 2, 0, NULL),
(56, 1, 'Connect to the Community', 'connect', 'Connect to the concrete5 community.', '2015-01-18 20:12:44', '2015-01-18 20:12:44', 'Initial Version', 1, 0, 1, NULL, 2, 0, NULL),
(57, 1, 'Get More Themes', 'themes', 'Download themes from concrete5.org.', '2015-01-18 20:12:44', '2015-01-18 20:12:44', 'Initial Version', 1, 0, 1, NULL, 2, 0, NULL),
(58, 1, 'Get More Add-Ons', 'addons', 'Download add-ons from concrete5.org.', '2015-01-18 20:12:44', '2015-01-18 20:12:44', 'Initial Version', 1, 0, 1, NULL, 2, 0, NULL),
(59, 1, 'System & Settings', 'system', 'Secure and setup your site.', '2015-01-18 20:12:44', '2015-01-18 20:12:44', 'Initial Version', 1, 0, 1, NULL, 2, 0, NULL),
(60, 1, 'Basics', 'basics', 'Basic information about your website.', '2015-01-18 20:12:44', '2015-01-18 20:12:44', 'Initial Version', 1, 0, 1, NULL, 2, 0, NULL),
(61, 1, 'Site Name', 'name', '', '2015-01-18 20:12:44', '2015-01-18 20:12:44', 'Initial Version', 1, 0, 1, NULL, 2, 0, NULL),
(62, 1, 'Accessibility', 'accessibility', '', '2015-01-18 20:12:44', '2015-01-18 20:12:44', 'Initial Version', 1, 0, 1, NULL, 2, 0, NULL),
(63, 1, 'Social Links', 'social', '', '2015-01-18 20:12:44', '2015-01-18 20:12:44', 'Initial Version', 1, 0, 1, NULL, 2, 0, NULL),
(64, 1, 'Bookmark Icons', 'icons', 'Bookmark icon and mobile home screen icon setup.', '2015-01-18 20:12:44', '2015-01-18 20:12:44', 'Initial Version', 1, 0, 1, NULL, 2, 0, NULL),
(65, 1, 'Rich Text Editor', 'editor', '', '2015-01-18 20:12:44', '2015-01-18 20:12:44', 'Initial Version', 1, 0, 1, NULL, 2, 0, NULL),
(66, 1, 'Languages', 'multilingual', '', '2015-01-18 20:12:44', '2015-01-18 20:12:44', 'Initial Version', 1, 0, 1, NULL, 2, 0, NULL),
(67, 1, 'Time Zone', 'timezone', '', '2015-01-18 20:12:44', '2015-01-18 20:12:44', 'Initial Version', 1, 0, 1, NULL, 2, 0, NULL),
(68, 1, 'Multilingual', 'multilingual', 'Run your site in multiple languages.', '2015-01-18 20:12:44', '2015-01-18 20:12:44', 'Initial Version', 1, 0, 1, NULL, 2, 0, NULL),
(69, 1, 'Multilingual Setup', 'setup', '', '2015-01-18 20:12:44', '2015-01-18 20:12:44', 'Initial Version', 1, 0, 1, NULL, 2, 0, NULL),
(70, 1, 'Page Report', 'page_report', '', '2015-01-18 20:12:44', '2015-01-18 20:12:44', 'Initial Version', 1, 0, 1, NULL, 2, 0, NULL),
(71, 1, 'Translate Site Interface', 'translate_interface', '', '2015-01-18 20:12:44', '2015-01-18 20:12:44', 'Initial Version', 1, 0, 1, NULL, 2, 0, NULL),
(72, 1, 'SEO & Statistics', 'seo', 'Enable pretty URLs and tracking codes.', '2015-01-18 20:12:44', '2015-01-18 20:12:44', 'Initial Version', 1, 0, 1, NULL, 2, 0, NULL),
(73, 1, 'URLs and Redirection', 'urls', '', '2015-01-18 20:12:44', '2015-01-18 20:12:44', 'Initial Version', 1, 0, 1, NULL, 2, 0, NULL),
(74, 1, 'Bulk SEO Updater', 'bulk', '', '2015-01-18 20:12:44', '2015-01-18 20:12:44', 'Initial Version', 1, 0, 1, NULL, 2, 0, NULL),
(75, 1, 'Tracking Codes', 'codes', '', '2015-01-18 20:12:44', '2015-01-18 20:12:44', 'Initial Version', 1, 0, 1, NULL, 2, 0, NULL),
(76, 1, 'Excluded URL Word List', 'excluded', '', '2015-01-18 20:12:44', '2015-01-18 20:12:44', 'Initial Version', 1, 0, 1, NULL, 2, 0, NULL),
(77, 1, 'Search Index', 'searchindex', '', '2015-01-18 20:12:44', '2015-01-18 20:12:44', 'Initial Version', 1, 0, 1, NULL, 2, 0, NULL),
(78, 1, 'Files', 'files', '', '2015-01-18 20:12:44', '2015-01-18 20:12:44', 'Initial Version', 1, 0, 1, NULL, 2, 0, NULL),
(79, 1, 'File Manager Permissions', 'permissions', '', '2015-01-18 20:12:44', '2015-01-18 20:12:44', 'Initial Version', 1, 0, 1, NULL, 2, 0, NULL),
(80, 1, 'Allowed File Types', 'filetypes', '', '2015-01-18 20:12:45', '2015-01-18 20:12:45', 'Initial Version', 1, 0, 1, NULL, 2, 0, NULL),
(81, 1, 'Thumbnails', 'thumbnails', '', '2015-01-18 20:12:45', '2015-01-18 20:12:45', 'Initial Version', 1, 0, 1, NULL, 2, 0, NULL),
(82, 1, 'File Storage Locations', 'storage', '', '2015-01-18 20:12:45', '2015-01-18 20:12:45', 'Initial Version', 1, 0, 1, NULL, 2, 0, NULL),
(83, 1, 'Optimization', 'optimization', 'Keep your site running well.', '2015-01-18 20:12:45', '2015-01-18 20:12:45', 'Initial Version', 1, 0, 1, NULL, 2, 0, NULL),
(84, 1, 'Cache & Speed Settings', 'cache', '', '2015-01-18 20:12:45', '2015-01-18 20:12:45', 'Initial Version', 1, 0, 1, NULL, 2, 0, NULL),
(85, 1, 'Clear Cache', 'clearcache', '', '2015-01-18 20:12:45', '2015-01-18 20:12:45', 'Initial Version', 1, 0, 1, NULL, 2, 0, NULL),
(86, 1, 'Automated Jobs', 'jobs', '', '2015-01-18 20:12:45', '2015-01-18 20:12:45', 'Initial Version', 1, 0, 1, NULL, 2, 0, NULL),
(87, 1, 'Database Query Log', 'query_log', '', '2015-01-18 20:12:45', '2015-01-18 20:12:45', 'Initial Version', 1, 0, 1, NULL, 2, 0, NULL),
(88, 1, 'Permissions & Access', 'permissions', 'Control who sees and edits your site.', '2015-01-18 20:12:45', '2015-01-18 20:12:45', 'Initial Version', 1, 0, 1, NULL, 2, 0, NULL),
(89, 1, 'Site Access', 'site', '', '2015-01-18 20:12:45', '2015-01-18 20:12:45', 'Initial Version', 1, 0, 1, NULL, 2, 0, NULL),
(90, 1, 'Task Permissions', 'tasks', '', '2015-01-18 20:12:45', '2015-01-18 20:12:45', 'Initial Version', 1, 0, 1, NULL, 2, 0, NULL),
(91, 1, 'User Permissions', 'users', '', '2015-01-18 20:12:45', '2015-01-18 20:12:45', 'Initial Version', 1, 0, 1, NULL, 2, 0, NULL),
(92, 1, 'Advanced Permissions', 'advanced', '', '2015-01-18 20:12:45', '2015-01-18 20:12:45', 'Initial Version', 1, 0, 1, NULL, 2, 0, NULL),
(93, 1, 'IP Blacklist', 'blacklist', '', '2015-01-18 20:12:45', '2015-01-18 20:12:45', 'Initial Version', 1, 0, 1, NULL, 2, 0, NULL),
(94, 1, 'Captcha Setup', 'captcha', '', '2015-01-18 20:12:45', '2015-01-18 20:12:45', 'Initial Version', 1, 0, 1, NULL, 2, 0, NULL),
(95, 1, 'Spam Control', 'antispam', '', '2015-01-18 20:12:45', '2015-01-18 20:12:45', 'Initial Version', 1, 0, 1, NULL, 2, 0, NULL),
(96, 1, 'Maintenance Mode', 'maintenance', '', '2015-01-18 20:12:45', '2015-01-18 20:12:45', 'Initial Version', 1, 0, 1, NULL, 2, 0, NULL),
(97, 1, 'Login & Registration', 'registration', 'Change login behaviors and setup public profiles.', '2015-01-18 20:12:45', '2015-01-18 20:12:45', 'Initial Version', 1, 0, 1, NULL, 2, 0, NULL),
(98, 1, 'Login Destination', 'postlogin', '', '2015-01-18 20:12:45', '2015-01-18 20:12:45', 'Initial Version', 1, 0, 1, NULL, 2, 0, NULL),
(99, 1, 'Public Profiles', 'profiles', '', '2015-01-18 20:12:45', '2015-01-18 20:12:45', 'Initial Version', 1, 0, 1, NULL, 2, 0, NULL),
(100, 1, 'Public Registration', 'open', '', '2015-01-18 20:12:45', '2015-01-18 20:12:45', 'Initial Version', 1, 0, 1, NULL, 2, 0, NULL),
(101, 1, 'Authentication Types', 'authentication', '', '2015-01-18 20:12:45', '2015-01-18 20:12:45', 'Initial Version', 1, 0, 1, NULL, 2, 0, NULL),
(102, 1, 'Email', 'mail', 'Control how your site send and processes mail.', '2015-01-18 20:12:45', '2015-01-18 20:12:45', 'Initial Version', 1, 0, 1, NULL, 2, 0, NULL),
(103, 1, 'SMTP Method', 'method', '', '2015-01-18 20:12:45', '2015-01-18 20:12:45', 'Initial Version', 1, 0, 1, NULL, 2, 0, NULL),
(104, 1, 'Test Mail Settings', 'test', '', '2015-01-18 20:12:45', '2015-01-18 20:12:45', 'Initial Version', 1, 0, 1, NULL, 2, 0, NULL),
(105, 1, 'Email Importers', 'importers', '', '2015-01-18 20:12:45', '2015-01-18 20:12:45', 'Initial Version', 1, 0, 1, NULL, 2, 0, NULL),
(106, 1, 'Conversations', 'conversations', 'Manage your conversations settings', '2015-01-18 20:12:45', '2015-01-18 20:12:45', 'Initial Version', 1, 0, 1, NULL, 2, 0, NULL),
(107, 1, 'Settings', 'settings', '', '2015-01-18 20:12:45', '2015-01-18 20:12:45', 'Initial Version', 1, 0, 1, NULL, 2, 0, NULL),
(108, 1, 'Community Points', 'points', '', '2015-01-18 20:12:45', '2015-01-18 20:12:45', 'Initial Version', 1, 0, 1, NULL, 2, 0, NULL),
(109, 1, 'Banned Words', 'bannedwords', '', '2015-01-18 20:12:45', '2015-01-18 20:12:45', 'Initial Version', 1, 0, 1, NULL, 2, 0, NULL),
(110, 1, 'Conversation Permissions', 'permissions', '', '2015-01-18 20:12:45', '2015-01-18 20:12:45', 'Initial Version', 1, 0, 1, NULL, 2, 0, NULL),
(111, 1, 'Attributes', 'attributes', 'Setup attributes for pages, users, files and more.', '2015-01-18 20:12:45', '2015-01-18 20:12:45', 'Initial Version', 1, 0, 1, NULL, 2, 0, NULL),
(112, 1, 'Sets', 'sets', 'Group attributes into sets for easier organization', '2015-01-18 20:12:45', '2015-01-18 20:12:45', 'Initial Version', 1, 0, 1, NULL, 2, 0, NULL),
(113, 1, 'Types', 'types', 'Choose which attribute types are available for different items.', '2015-01-18 20:12:45', '2015-01-18 20:12:45', 'Initial Version', 1, 0, 1, NULL, 2, 0, NULL),
(114, 1, 'Topics', 'topics', '', '2015-01-18 20:12:45', '2015-01-18 20:12:45', 'Initial Version', 1, 0, 1, NULL, 2, 0, NULL),
(115, 1, 'Add Topic Tree', 'add', '', '2015-01-18 20:12:45', '2015-01-18 20:12:45', 'Initial Version', 1, 0, 1, NULL, 2, 0, NULL),
(116, 1, 'Environment', 'environment', 'Advanced settings for web developers.', '2015-01-18 20:12:45', '2015-01-18 20:12:45', 'Initial Version', 1, 0, 1, NULL, 2, 0, NULL),
(117, 1, 'Environment Information', 'info', '', '2015-01-18 20:12:45', '2015-01-18 20:12:45', 'Initial Version', 1, 0, 1, NULL, 2, 0, NULL),
(118, 1, 'Debug Settings', 'debug', '', '2015-01-18 20:12:46', '2015-01-18 20:12:46', 'Initial Version', 1, 0, 1, NULL, 2, 0, NULL),
(119, 1, 'Logging Settings', 'logging', '', '2015-01-18 20:12:46', '2015-01-18 20:12:46', 'Initial Version', 1, 0, 1, NULL, 2, 0, NULL),
(120, 1, 'Proxy Server', 'proxy', '', '2015-01-18 20:12:46', '2015-01-18 20:12:46', 'Initial Version', 1, 0, 1, NULL, 2, 0, NULL),
(121, 1, 'Backup & Restore', 'backup', 'Backup or restore your website.', '2015-01-18 20:12:46', '2015-01-18 20:12:46', 'Initial Version', 1, 0, 1, NULL, 2, 0, NULL),
(122, 1, 'Backup Database', 'backup', '', '2015-01-18 20:12:46', '2015-01-18 20:12:46', 'Initial Version', 1, 0, 1, NULL, 2, 0, NULL),
(123, 1, 'Update concrete5', 'update', '', '2015-01-18 20:12:46', '2015-01-18 20:12:46', 'Initial Version', 1, 0, 1, NULL, 2, 0, NULL),
(124, 1, 'Welcome to concrete5', 'welcome', 'Learn about how to use concrete5, how to develop for concrete5, and get general help.', '2015-01-18 20:12:46', '2015-01-18 20:12:46', 'Initial Version', 1, 0, 1, NULL, 2, 4, NULL),
(125, 1, 'Customize Dashboard Home', 'home', '', '2015-01-18 20:12:46', '2015-01-18 20:12:46', 'Initial Version', 1, 0, 1, NULL, 2, 2, NULL),
(126, 1, 'Drafts', '!drafts', '', '2015-01-18 20:12:50', '2015-01-18 20:12:50', 'Initial Version', 1, 0, 1, NULL, 2, 0, NULL),
(127, 1, 'Trash', '!trash', '', '2015-01-18 20:12:50', '2015-01-18 20:12:50', 'Initial Version', 1, 0, 1, NULL, 2, 0, NULL),
(128, 1, 'Stacks', '!stacks', '', '2015-01-18 20:12:50', '2015-01-18 20:12:50', 'Initial Version', 1, 0, 1, NULL, 2, 0, NULL),
(129, 1, 'Login', 'login', '', '2015-01-18 20:12:50', '2015-01-18 20:12:50', 'Initial Version', 1, 0, 1, NULL, 2, 0, NULL),
(130, 1, 'Register', 'register', '', '2015-01-18 20:12:50', '2015-01-18 20:12:50', 'Initial Version', 1, 0, 1, NULL, 2, 0, NULL),
(131, 1, 'My Account', 'account', '', '2015-01-18 20:12:50', '2015-01-18 20:12:50', 'Initial Version', 1, 0, 1, NULL, 2, 0, NULL),
(132, 1, 'Edit Profile', 'edit_profile', 'Edit your user profile and change password.', '2015-01-18 20:12:50', '2015-01-18 20:12:50', 'Initial Version', 1, 0, 1, NULL, 2, 0, NULL),
(133, 1, 'Profile Picture', 'avatar', 'Specify a new image attached to posts or edits.', '2015-01-18 20:12:50', '2015-01-18 20:12:50', 'Initial Version', 1, 0, 1, NULL, 2, 0, NULL),
(134, 1, 'Messages', 'messages', 'Inbox for site-specific messages.', '2015-01-18 20:12:50', '2015-01-18 20:12:50', 'Initial Version', 1, 0, 1, NULL, 2, 0, NULL),
(135, 1, 'Inbox', 'inbox', '', '2015-01-18 20:12:50', '2015-01-18 20:12:50', 'Initial Version', 1, 0, 1, NULL, 2, 0, NULL),
(136, 1, 'Members', 'members', '', '2015-01-18 20:12:50', '2015-01-18 20:12:50', 'Initial Version', 1, 0, 1, NULL, 2, 0, NULL),
(137, 1, 'View Profile', 'profile', '', '2015-01-18 20:12:50', '2015-01-18 20:12:50', 'Initial Version', 1, 0, 1, NULL, 2, 0, NULL),
(138, 1, 'Directory', 'directory', '', '2015-01-18 20:12:50', '2015-01-18 20:12:50', 'Initial Version', 1, 0, 1, NULL, 2, 0, NULL),
(139, 1, 'Page Not Found', 'page_not_found', '', '2015-01-18 20:12:50', '2015-01-18 20:12:50', 'Initial Version', 1, 0, 1, NULL, 2, 0, NULL),
(140, 1, 'Page Forbidden', 'page_forbidden', '', '2015-01-18 20:12:50', '2015-01-18 20:12:50', 'Initial Version', 1, 0, 1, NULL, 2, 0, NULL),
(141, 1, 'Download File', 'download_file', '', '2015-01-18 20:12:50', '2015-01-18 20:12:50', 'Initial Version', 1, 0, 1, NULL, 2, 0, NULL),
(142, 1, '', NULL, NULL, '2015-01-18 20:12:51', '2015-01-18 20:12:51', 'Initial Version', 1, 0, NULL, NULL, 0, 5, NULL),
(143, 1, 'Header Site Title', 'header-site-title', NULL, '2015-01-18 20:13:52', '2015-01-18 20:13:52', 'Initial Version', 1, 0, 1, NULL, 2, 0, NULL),
(144, 1, 'Header Navigation', 'header-navigation', NULL, '2015-01-18 20:13:52', '2015-01-18 20:13:52', 'Initial Version', 0, 0, 1, NULL, 2, 0, NULL),
(144, 2, 'Header Navigation', 'header-navigation', NULL, '2015-01-18 20:13:52', '2015-01-18 20:19:30', 'New Version 2', 0, 0, 1, 1, 2, 0, NULL),
(144, 3, 'Header Navigation', 'header-navigation', NULL, '2015-01-18 20:13:52', '2015-04-27 08:17:28', 'New Version 3', 0, 0, 1, 1, 2, 0, NULL),
(144, 4, 'Header Navigation', 'header-navigation', NULL, '2015-01-18 20:13:52', '2015-04-27 08:17:43', 'New Version 4', 1, 0, 1, 1, 2, 0, NULL),
(145, 1, 'Footer Legal', 'footer-legal', NULL, '2015-01-18 20:13:52', '2015-01-18 20:13:52', 'Initial Version', 1, 0, 1, NULL, 2, 0, NULL),
(146, 1, 'Footer Navigation', 'footer-navigation', NULL, '2015-01-18 20:13:52', '2015-01-18 20:13:52', 'Initial Version', 1, 0, 1, NULL, 2, 0, NULL),
(147, 1, 'Footer Contact', 'footer-contact', NULL, '2015-01-18 20:13:52', '2015-01-18 20:13:52', 'Initial Version', 1, 0, 1, NULL, 2, 0, NULL),
(148, 1, 'Addons', 'addons', '', '2015-01-18 20:17:16', '2015-01-18 20:17:16', 'Initial Version', 0, 0, 1, 1, 2, 5, NULL),
(148, 2, 'Addons', 'addons', '', '2015-01-18 20:17:16', '2015-01-19 10:25:47', 'Version 2', 0, 0, 1, 1, 2, 5, NULL),
(148, 3, 'Addons', 'addons', '', '2015-01-18 20:17:16', '2015-01-19 10:26:58', 'Version 3', 1, 0, 1, 1, 2, 5, NULL),
(149, 1, 'Responsive Navigation', 'responsive-navigation', NULL, '2015-01-18 20:18:07', '2015-01-18 20:18:07', 'Initial Version', 0, 0, 1, NULL, 2, 0, NULL),
(149, 2, 'Responsive Navigation', 'responsive-navigation', NULL, '2015-01-18 20:18:07', '2015-01-18 20:20:43', 'New Version 2', 0, 0, 1, 1, 2, 0, NULL),
(149, 3, 'Responsive Navigation', 'responsive-navigation', NULL, '2015-01-18 20:18:07', '2015-01-18 20:21:03', 'New Version 3', 1, 0, 1, 1, 2, 0, NULL),
(150, 1, 'Header Info', 'header-info', NULL, '2015-01-18 20:18:07', '2015-01-18 20:18:07', 'Initial Version', 0, 0, 1, NULL, 2, 0, NULL),
(150, 2, 'Header Info', 'header-info', NULL, '2015-01-18 20:18:07', '2015-01-18 20:19:15', 'New Version 2', 0, 0, 1, 1, 2, 0, NULL),
(150, 3, 'Header Info', 'header-info', NULL, '2015-01-18 20:18:07', '2015-01-18 20:19:30', 'New Version 3', 1, 0, 1, 1, 2, 0, NULL),
(151, 1, 'Header Social', 'header-social', NULL, '2015-01-18 20:18:07', '2015-01-18 20:18:07', 'Initial Version', 1, 0, 1, NULL, 2, 0, NULL),
(152, 1, 'Site Name', 'site-name', NULL, '2015-01-18 20:18:07', '2015-01-18 20:18:07', 'Initial Version', 0, 0, 1, NULL, 2, 0, NULL),
(152, 2, 'Site Name', 'site-name', NULL, '2015-01-18 20:18:07', '2015-01-18 20:23:40', 'New Version 2', 1, 0, 1, 1, 2, 0, NULL),
(153, 1, 'Footer 1', 'footer-1', NULL, '2015-01-18 20:18:07', '2015-01-18 20:18:07', 'Initial Version', 1, 0, 1, NULL, 2, 0, NULL),
(154, 1, 'Footer 2', 'footer-2', NULL, '2015-01-18 20:18:07', '2015-01-18 20:18:07', 'Initial Version', 1, 0, 1, NULL, 2, 0, NULL),
(155, 1, 'Footer 3', 'footer-3', NULL, '2015-01-18 20:18:07', '2015-01-18 20:18:07', 'Initial Version', 1, 0, 1, NULL, 2, 0, NULL),
(156, 1, 'Footer 4', 'footer-4', NULL, '2015-01-18 20:18:07', '2015-01-18 20:18:07', 'Initial Version', 1, 0, 1, NULL, 2, 0, NULL),
(157, 1, 'Footer 5', 'footer-5', NULL, '2015-01-18 20:18:07', '2015-01-18 20:18:07', 'Initial Version', 1, 0, 1, NULL, 2, 0, NULL),
(158, 1, 'Footer 6', 'footer-6', NULL, '2015-01-18 20:18:07', '2015-01-18 20:18:07', 'Initial Version', 1, 0, 1, NULL, 2, 0, NULL),
(159, 1, 'Easy Gallery', 'easy-gallery', 'Easy Image made gallery easy for your client.', '2015-01-18 20:28:20', '2015-01-18 20:28:20', 'Initial Version', 0, 0, 1, 1, 2, 5, NULL),
(159, 2, 'Easy Gallery', 'easy-gallery', 'Easy Image made gallery easy for your client.', '2015-01-18 20:28:20', '2015-01-18 20:55:05', 'Version 2', 0, 0, 1, 1, 2, 5, NULL),
(159, 3, 'Easy Gallery', 'easy-gallery', 'Easy Image made gallery easy for your client.', '2015-01-18 20:28:20', '2015-01-19 09:34:57', 'Version 3', 0, 0, 1, 1, 2, 5, NULL),
(159, 4, 'Easy Gallery', 'easy-gallery', 'Easy Image made gallery easy for your client.', '2015-01-18 20:28:20', '2015-01-19 09:57:17', 'Version 4', 0, 0, 1, 1, 2, 5, NULL),
(159, 5, 'Easy Gallery', 'easy-gallery', 'Easy Image made gallery easy for your client.', '2015-01-18 20:28:20', '2015-01-19 10:00:28', 'Version 5', 0, 0, 1, 1, 2, 5, NULL),
(159, 6, 'Easy Gallery', 'easy-gallery', 'Easy Image made gallery easy for your client.', '2015-01-18 20:28:00', '2015-01-19 10:27:39', 'New Version 6', 0, 0, 1, 1, 2, 5, NULL),
(159, 7, 'Easy Gallery', 'easy-gallery', 'Easy Image made gallery easy for your client.', '2015-01-18 20:28:00', '2015-02-04 19:48:04', 'Version 7', 0, 0, 1, 1, 2, 5, NULL),
(159, 8, 'Easy Gallery', 'easy-gallery', 'Easy Image made gallery easy for your client.', '2015-01-18 20:28:00', '2015-02-04 20:14:08', 'Version 8', 0, 0, 1, 1, 2, 5, NULL),
(159, 9, 'Easy Gallery', 'easy-gallery', 'Easy Image made gallery easy for your client.', '2015-01-18 20:28:00', '2015-02-04 20:29:10', 'Version 9', 0, 0, 1, 1, 2, 5, NULL),
(159, 10, 'Easy Gallery', 'easy-gallery', 'Easy Image made gallery easy for your client.', '2015-01-18 20:28:00', '2015-02-04 20:49:17', 'Version 10', 0, 0, 1, 1, 2, 5, NULL),
(159, 11, 'Easy Gallery', 'easy-gallery', 'Easy Image made gallery easy for your client.', '2015-01-18 20:28:00', '2015-04-08 19:41:27', 'Version 11', 0, 0, 1, 1, 2, 5, NULL),
(159, 12, 'Easy Gallery', 'easy-gallery', 'Easy Image made gallery easy for your client.', '2015-01-18 20:28:00', '2015-04-08 21:02:11', 'Version 12', 0, 0, 1, 1, 2, 5, NULL),
(159, 13, 'Easy Gallery', 'easy-gallery', 'Easy Image made gallery easy for your client.', '2015-01-18 20:28:00', '2015-04-08 21:09:22', 'Version 13', 0, 0, 1, 1, 2, 5, NULL),
(159, 14, 'Easy Gallery', 'easy-gallery', 'Easy Image made gallery easy for your client.', '2015-01-18 20:28:00', '2015-04-09 08:59:11', 'Version 14', 0, 0, 1, 1, 2, 5, NULL),
(159, 15, 'Easy Gallery', 'easy-gallery', 'Easy Image made gallery easy for your client.', '2015-01-18 20:28:00', '2015-04-09 09:20:35', 'Version 15', 0, 0, 1, 1, 2, 5, NULL),
(159, 16, 'Easy Gallery', 'easy-gallery', 'Easy Image made gallery easy for your client.', '2015-01-18 20:28:00', '2015-04-09 09:24:28', 'Version 16', 0, 0, 1, 1, 2, 5, NULL),
(159, 17, 'Easy Gallery', 'easy-gallery', 'Easy Image made gallery easy for your client.', '2015-01-18 20:28:00', '2015-04-09 09:32:19', 'Version 17', 0, 0, 1, 1, 2, 5, NULL),
(159, 18, 'Easy Gallery', 'easy-gallery', 'Easy Image made gallery easy for your client.', '2015-01-18 20:28:00', '2015-04-09 09:36:01', 'Version 18', 0, 0, 1, 1, 2, 5, NULL),
(159, 19, 'Easy Gallery', 'easy-gallery', 'Easy Image made gallery easy for your client.', '2015-01-18 20:28:00', '2015-04-09 09:38:37', 'Version 19', 0, 0, 1, 1, 2, 5, NULL),
(159, 20, 'Easy Gallery', 'easy-gallery', 'Easy Image made gallery easy for your client.', '2015-01-18 20:28:00', '2015-04-09 09:40:33', 'Version 20', 0, 0, 1, 1, 2, 5, NULL),
(159, 21, 'Easy Gallery', 'easy-gallery', 'Easy Image made gallery easy for your client.', '2015-01-18 20:28:00', '2015-04-16 08:21:52', 'Version 21', 1, 0, 1, 1, 2, 5, NULL),
(160, 1, 'Addons', 'addons', '', '2015-01-18 20:17:16', '2015-01-25 19:40:50', 'Initial Version', 0, 0, 1, NULL, 2, 5, NULL),
(160, 2, 'Addons', 'addons', '', '2015-01-18 20:17:16', '2015-01-25 19:40:51', 'Version 2', 0, 0, 1, NULL, 2, 5, NULL),
(160, 3, 'Addons 2', 'addons-2', '', '2015-01-18 20:17:16', '2015-01-25 19:40:52', 'Version 3', 0, 0, 1, NULL, 2, 5, NULL),
(160, 4, 'Themes', 'theme', '', '2015-01-18 20:17:16', '2015-01-25 19:41:08', 'New Version 4', 0, 0, 1, 1, 2, 5, NULL),
(160, 5, 'Themes', 'theme', '', '2015-01-18 20:17:16', '2015-04-27 08:17:28', 'Version 5', 0, 0, 1, 1, 2, 5, NULL),
(160, 6, 'Themes', 'theme', '', '2015-01-18 20:17:16', '2015-04-27 08:18:17', 'Version 6', 1, 0, 1, 1, 2, 5, NULL),
(161, 1, 'Easy Gallery', 'easy-gallery', 'Easy Image made gallery easy for your client.', '2015-01-18 20:28:20', '2015-01-25 19:40:51', 'Initial Version', 0, 0, 1, NULL, 2, 5, NULL),
(161, 2, 'Easy Gallery', 'easy-gallery', 'Easy Image made gallery easy for your client.', '2015-01-18 20:28:20', '2015-01-25 19:40:52', 'Version 2', 0, 0, 1, NULL, 2, 5, NULL),
(161, 3, 'Easy Gallery', 'easy-gallery', 'Easy Image made gallery easy for your client.', '2015-01-18 20:28:20', '2015-01-25 19:40:53', 'Version 3', 0, 0, 1, NULL, 2, 5, NULL),
(161, 4, 'Easy Gallery', 'easy-gallery', 'Easy Image made gallery easy for your client.', '2015-01-18 20:28:20', '2015-01-25 19:40:54', 'Version 4', 0, 0, 1, NULL, 2, 5, NULL),
(161, 5, 'Easy Gallery', 'easy-gallery', 'Easy Image made gallery easy for your client.', '2015-01-18 20:28:20', '2015-01-25 19:40:55', 'Version 5', 0, 0, 1, NULL, 2, 5, NULL),
(161, 6, 'Easy Gallery', 'easy-gallery', 'Easy Image made gallery easy for your client.', '2015-01-18 20:28:00', '2015-01-25 19:40:56', 'New Version 6', 0, 0, 1, NULL, 2, 5, NULL),
(161, 7, 'Easy Gallery', 'easy-gallery', 'Easy Image made gallery easy for your client.', '2015-01-18 20:28:00', '2015-01-25 19:43:26', 'Version 7', 0, 0, 1, 1, 2, 5, NULL),
(161, 8, 'Easy Gallery', 'easy-gallery', 'Easy Image made gallery easy for your client.', '2015-01-18 20:28:00', '2015-01-25 19:48:41', 'Version 8', 0, 0, 1, 1, 2, 5, NULL),
(161, 9, 'Vedana', 'vedana', 'Easy Image made gallery easy for your client.', '2015-01-18 20:28:00', '2015-01-25 19:53:14', 'New Version 9', 0, 0, 1, 1, 2, 5, NULL),
(161, 10, 'Vedana', 'vedana', 'A perfectly crafted template that use all the power of concret5.7', '2015-01-18 20:28:00', '2015-01-25 20:02:07', 'New Version 10', 1, 0, 1, 1, 2, 5, NULL),
(162, 1, 'Easy Gallery', 'easy-gallery', 'Easy Image made gallery easy for your client.', '2015-01-18 20:28:20', '2015-01-25 19:53:55', 'Initial Version', 0, 0, 1, NULL, 2, 5, NULL),
(162, 2, 'Easy Gallery', 'easy-gallery', 'Easy Image made gallery easy for your client.', '2015-01-18 20:28:20', '2015-01-25 19:53:56', 'Version 2', 0, 0, 1, NULL, 2, 5, NULL),
(162, 3, 'Easy Gallery', 'easy-gallery', 'Easy Image made gallery easy for your client.', '2015-01-18 20:28:20', '2015-01-25 19:53:57', 'Version 3', 0, 0, 1, NULL, 2, 5, NULL),
(162, 4, 'Easy Gallery', 'easy-gallery', 'Easy Image made gallery easy for your client.', '2015-01-18 20:28:20', '2015-01-25 19:53:58', 'Version 4', 0, 0, 1, NULL, 2, 5, NULL),
(162, 5, 'Easy Gallery', 'easy-gallery', 'Easy Image made gallery easy for your client.', '2015-01-18 20:28:20', '2015-01-25 19:53:59', 'Version 5', 0, 0, 1, NULL, 2, 5, NULL),
(162, 6, 'Easy Gallery', 'easy-gallery', 'Easy Image made gallery easy for your client.', '2015-01-18 20:28:00', '2015-01-25 19:54:00', 'New Version 6', 0, 0, 1, NULL, 2, 5, NULL),
(162, 7, 'Easy Gallery', 'easy-gallery', 'Easy Image made gallery easy for your client.', '2015-01-18 20:28:00', '2015-01-25 19:54:01', 'Version 7', 0, 0, 1, NULL, 2, 5, NULL),
(162, 8, 'Easy Gallery', 'easy-gallery', 'Easy Image made gallery easy for your client.', '2015-01-18 20:28:00', '2015-01-25 19:54:02', 'Version 8', 0, 0, 1, NULL, 2, 5, NULL),
(162, 9, 'Vedana 2', 'vedana-2', 'Easy Image made gallery easy for your client.', '2015-01-18 20:28:00', '2015-01-25 19:54:03', 'New Version 9', 0, 0, 1, NULL, 2, 5, NULL),
(162, 10, 'Anitya', 'anitya', 'Easy Image made gallery easy for your client.', '2015-01-18 20:28:00', '2015-01-25 19:55:18', 'New Version 10', 0, 0, 1, 1, 2, 5, NULL),
(162, 11, 'Anitya', 'anitya', 'Easy Image made gallery easy for your client.', '2015-01-18 20:28:00', '2015-01-25 20:01:03', 'New Version 11', 0, 0, 1, 1, 2, 5, NULL),
(162, 12, 'Anitya', 'anitya', 'Anitya responsive suit, perfectly crafted design for any kind of website.', '2015-01-18 20:28:00', '2015-01-25 20:02:59', 'New Version 12', 0, 0, 1, 1, 2, 5, NULL),
(162, 13, 'Anitya', 'anitya', 'Anitya responsive suit, perfectly crafted design for any kind of website.', '2015-01-18 20:28:00', '2015-01-25 20:08:58', 'Version 13', 0, 0, 1, 1, 2, 5, NULL),
(162, 14, 'Anitya', 'anitya', 'Anitya responsive suit, perfectly crafted design for any kind of website.', '2015-01-18 20:28:00', '2015-01-25 20:15:42', 'New Version 14', 0, 0, 1, 1, 2, 5, NULL),
(162, 15, 'Anitya', 'anitya', 'Anitya responsive suit, perfectly crafted design for any kind of website.', '2015-01-18 20:28:00', '2015-04-27 08:23:13', 'Version 15', 1, 0, 1, 1, 2, 6, NULL),
(163, 1, 'Easy Gallery', 'easy-gallery', 'Easy Image made gallery easy for your client.', '2015-01-18 20:28:20', '2015-02-05 14:17:05', 'Initial Version', 0, 0, 1, NULL, 2, 5, NULL),
(163, 2, 'Easy Gallery', 'easy-gallery', 'Easy Image made gallery easy for your client.', '2015-01-18 20:28:20', '2015-02-05 14:17:06', 'Version 2', 0, 0, 1, NULL, 2, 5, NULL),
(163, 3, 'Easy Gallery', 'easy-gallery', 'Easy Image made gallery easy for your client.', '2015-01-18 20:28:20', '2015-02-05 14:17:07', 'Version 3', 0, 0, 1, NULL, 2, 5, NULL),
(163, 4, 'Easy Gallery', 'easy-gallery', 'Easy Image made gallery easy for your client.', '2015-01-18 20:28:20', '2015-02-05 14:17:08', 'Version 4', 0, 0, 1, NULL, 2, 5, NULL),
(163, 5, 'Easy Gallery', 'easy-gallery', 'Easy Image made gallery easy for your client.', '2015-01-18 20:28:20', '2015-02-05 14:17:09', 'Version 5', 0, 0, 1, NULL, 2, 5, NULL),
(163, 6, 'Easy Gallery', 'easy-gallery', 'Easy Image made gallery easy for your client.', '2015-01-18 20:28:00', '2015-02-05 14:17:10', 'New Version 6', 0, 0, 1, NULL, 2, 5, NULL),
(163, 7, 'Easy Gallery', 'easy-gallery', 'Easy Image made gallery easy for your client.', '2015-01-18 20:28:00', '2015-02-05 14:17:11', 'Version 7', 0, 0, 1, NULL, 2, 5, NULL),
(163, 8, 'Easy Gallery', 'easy-gallery', 'Easy Image made gallery easy for your client.', '2015-01-18 20:28:00', '2015-02-05 14:17:12', 'Version 8', 0, 0, 1, NULL, 2, 5, NULL),
(163, 9, 'Easy Gallery', 'easy-gallery', 'Easy Image made gallery easy for your client.', '2015-01-18 20:28:00', '2015-02-05 14:17:13', 'Version 9', 0, 0, 1, NULL, 2, 5, NULL),
(163, 10, 'Easy Gallery 2', 'easy-gallery-2', 'Easy Image made gallery easy for your client.', '2015-01-18 20:28:00', '2015-02-05 14:17:14', 'Version 10', 0, 0, 1, NULL, 2, 5, NULL),
(163, 11, 'Easy Gallery 2', 'easy-gallery-2', 'Easy Image made gallery easy for your client.', '2015-01-18 20:28:00', '2015-02-05 14:17:20', 'New Version 11', 1, 0, 1, 1, 2, 5, NULL),
(163, 12, 'Easy Gallery 2', 'easy-gallery-2', 'Easy Image made gallery easy for your client.', '2015-01-18 20:28:00', '2015-02-05 14:18:23', 'New Version 12', 0, 1, 1, NULL, 2, 5, NULL),
(164, 1, 'Documentation', 'documentation', 'Easy Gallery documentation', '2015-04-16 08:21:00', '2015-04-16 08:21:00', 'Initial Version', 1, 0, 1, 1, 2, 5, NULL),
(164, 2, 'Documentation', 'documentation', 'Easy Gallery documentation', '2015-04-16 08:21:00', '2015-04-16 08:23:40', 'New Version 2', 0, 1, 1, NULL, 2, 5, NULL),
(165, 1, 'Easy Gallery', 'easy-gallery', 'Easy Image made gallery easy for your client.', '2015-01-18 20:28:20', '2015-04-17 19:13:53', 'Initial Version', 0, 0, 1, NULL, 2, 5, NULL),
(165, 2, 'Easy Gallery', 'easy-gallery', 'Easy Image made gallery easy for your client.', '2015-01-18 20:28:20', '2015-04-17 19:13:54', 'Version 2', 0, 0, 1, NULL, 2, 5, NULL),
(165, 3, 'Easy Gallery', 'easy-gallery', 'Easy Image made gallery easy for your client.', '2015-01-18 20:28:20', '2015-04-17 19:13:55', 'Version 3', 0, 0, 1, NULL, 2, 5, NULL),
(165, 4, 'Easy Gallery', 'easy-gallery', 'Easy Image made gallery easy for your client.', '2015-01-18 20:28:20', '2015-04-17 19:13:56', 'Version 4', 0, 0, 1, NULL, 2, 5, NULL),
(165, 5, 'Easy Gallery', 'easy-gallery', 'Easy Image made gallery easy for your client.', '2015-01-18 20:28:20', '2015-04-17 19:13:57', 'Version 5', 0, 0, 1, NULL, 2, 5, NULL),
(165, 6, 'Easy Gallery', 'easy-gallery', 'Easy Image made gallery easy for your client.', '2015-01-18 20:28:00', '2015-04-17 19:13:58', 'New Version 6', 0, 0, 1, NULL, 2, 5, NULL),
(165, 7, 'Easy Gallery', 'easy-gallery', 'Easy Image made gallery easy for your client.', '2015-01-18 20:28:00', '2015-04-17 19:13:59', 'Version 7', 0, 0, 1, NULL, 2, 5, NULL),
(165, 8, 'Easy Gallery', 'easy-gallery', 'Easy Image made gallery easy for your client.', '2015-01-18 20:28:00', '2015-04-17 19:14:00', 'Version 8', 0, 0, 1, NULL, 2, 5, NULL),
(165, 9, 'Easy Gallery', 'easy-gallery', 'Easy Image made gallery easy for your client.', '2015-01-18 20:28:00', '2015-04-17 19:14:01', 'Version 9', 0, 0, 1, NULL, 2, 5, NULL),
(165, 10, 'Easy Gallery', 'easy-gallery', 'Easy Image made gallery easy for your client.', '2015-01-18 20:28:00', '2015-04-17 19:14:02', 'Version 10', 0, 0, 1, NULL, 2, 5, NULL),
(165, 11, 'Easy Gallery', 'easy-gallery', 'Easy Image made gallery easy for your client.', '2015-01-18 20:28:00', '2015-04-17 19:14:03', 'Version 11', 0, 0, 1, NULL, 2, 5, NULL),
(165, 12, 'Easy Gallery', 'easy-gallery', 'Easy Image made gallery easy for your client.', '2015-01-18 20:28:00', '2015-04-17 19:14:04', 'Version 12', 0, 0, 1, NULL, 2, 5, NULL),
(165, 13, 'Easy Gallery', 'easy-gallery', 'Easy Image made gallery easy for your client.', '2015-01-18 20:28:00', '2015-04-17 19:14:05', 'Version 13', 0, 0, 1, NULL, 2, 5, NULL),
(165, 14, 'Easy Gallery', 'easy-gallery', 'Easy Image made gallery easy for your client.', '2015-01-18 20:28:00', '2015-04-17 19:14:06', 'Version 14', 0, 0, 1, NULL, 2, 5, NULL),
(165, 15, 'Easy Gallery', 'easy-gallery', 'Easy Image made gallery easy for your client.', '2015-01-18 20:28:00', '2015-04-17 19:14:07', 'Version 15', 0, 0, 1, NULL, 2, 5, NULL),
(165, 16, 'Easy Gallery', 'easy-gallery', 'Easy Image made gallery easy for your client.', '2015-01-18 20:28:00', '2015-04-17 19:14:08', 'Version 16', 0, 0, 1, NULL, 2, 5, NULL),
(165, 17, 'Easy Gallery', 'easy-gallery', 'Easy Image made gallery easy for your client.', '2015-01-18 20:28:00', '2015-04-17 19:14:09', 'Version 17', 0, 0, 1, NULL, 2, 5, NULL),
(165, 18, 'Easy Gallery', 'easy-gallery', 'Easy Image made gallery easy for your client.', '2015-01-18 20:28:00', '2015-04-17 19:14:10', 'Version 18', 0, 0, 1, NULL, 2, 5, NULL),
(165, 19, 'Easy Gallery', 'easy-gallery', 'Easy Image made gallery easy for your client.', '2015-01-18 20:28:00', '2015-04-17 19:14:11', 'Version 19', 0, 0, 1, NULL, 2, 5, NULL),
(165, 20, 'Easy Gallery', 'easy-gallery', 'Easy Image made gallery easy for your client.', '2015-01-18 20:28:00', '2015-04-17 19:14:12', 'Version 20', 0, 0, 1, NULL, 2, 5, NULL),
(165, 21, 'Easy Gallery 2', 'easy-gallery-2', 'Easy Image made gallery easy for your client.', '2015-01-18 20:28:00', '2015-04-17 19:14:13', 'Version 21', 0, 0, 1, NULL, 2, 5, NULL),
(165, 22, 'Easy Gallery 2', 'easy-gallery-2', 'Easy Image made gallery easy for your client.', '2015-01-18 20:28:00', '2015-04-17 19:14:18', 'New Version 22', 0, 0, 1, 1, 2, 5, NULL),
(165, 23, 'Easy Slider', 'easy-slider', 'Easy Image made gallery easy for your client.', '2015-01-18 20:28:00', '2015-04-17 19:27:10', 'New Version 23', 0, 0, 1, 1, 2, 5, NULL),
(165, 24, 'Easy Slider', 'easy-slider', 'Easy Image made gallery easy for your client.', '2015-01-18 20:28:00', '2015-04-17 19:44:14', 'New Version 24', 0, 0, 1, 1, 2, 5, NULL),
(165, 25, 'Easy Slider', 'easy-slider', 'Easy Image made gallery easy for your client.', '2015-01-18 20:28:00', '2015-04-17 19:45:03', 'Version 25', 0, 0, 1, 1, 2, 5, NULL),
(165, 26, 'Easy Slider', 'easy-slider', 'Easy Image made gallery easy for your client.', '2015-01-18 20:28:00', '2015-04-21 03:51:05', 'Version 26', 0, 0, 1, 1, 2, 5, NULL),
(165, 27, 'Easy Slider', 'easy-slider', 'Easy Image made gallery easy for your client.', '2015-01-18 20:28:00', '2015-04-21 04:08:58', 'Version 27', 0, 0, 1, 1, 2, 5, NULL),
(165, 28, 'Easy Slider', 'easy-slider', 'Easy Image made gallery easy for your client.', '2015-01-18 20:28:00', '2015-04-21 04:09:51', 'Version 28', 0, 0, 1, 1, 2, 5, NULL),
(165, 29, 'Easy Slider', 'easy-slider', 'Easy Image made gallery easy for your client.', '2015-01-18 20:28:00', '2015-04-21 05:26:29', 'Version 29', 0, 0, 1, 1, 2, 5, NULL),
(165, 30, 'Easy Slider', 'easy-slider', 'Easy Image made gallery easy for your client.', '2015-01-18 20:28:00', '2015-04-21 05:31:43', 'Version 30', 0, 0, 1, 1, 2, 5, NULL),
(165, 31, 'Easy Slider', 'easy-slider', 'Easy Image made gallery easy for your client.', '2015-01-18 20:28:00', '2015-04-21 07:42:31', 'Version 31', 0, 0, 1, 1, 2, 5, NULL),
(165, 32, 'Easy Slider', 'easy-slider', 'Easy Image made gallery easy for your client.', '2015-01-18 20:28:00', '2015-04-21 07:44:36', 'Version 32', 0, 0, 1, 1, 2, 5, NULL),
(165, 33, 'Easy Slider', 'easy-slider', 'Easy Image made gallery easy for your client.', '2015-01-18 20:28:00', '2015-04-21 07:48:59', 'Version 33', 0, 0, 1, 1, 2, 5, NULL),
(165, 34, 'Easy Slider', 'easy-slider', 'Easy Image made gallery easy for your client.', '2015-01-18 20:28:00', '2015-04-21 07:54:17', 'Version 34', 0, 0, 1, 1, 2, 5, NULL),
(165, 35, 'Easy Slider', 'easy-slider', 'Easy Image made gallery easy for your client.', '2015-01-18 20:28:00', '2015-04-21 07:59:20', 'Version 35', 0, 0, 1, 1, 2, 5, NULL),
(165, 36, 'Easy Slider', 'easy-slider', 'Easy Image made gallery easy for your client.', '2015-01-18 20:28:00', '2015-04-21 08:02:16', 'Version 36', 0, 0, 1, 1, 2, 5, NULL),
(165, 37, 'Easy Slider', 'easy-slider', 'Easy Image made gallery easy for your client.', '2015-01-18 20:28:00', '2015-04-21 08:03:36', 'Version 37', 0, 0, 1, 1, 2, 5, NULL),
(165, 38, 'Easy Slider', 'easy-slider', 'Easy Image made gallery easy for your client.', '2015-01-18 20:28:00', '2015-04-21 08:11:59', 'Version 38', 0, 0, 1, 1, 2, 5, NULL),
(165, 39, 'Easy Slider', 'easy-slider', 'Easy Image made gallery easy for your client.', '2015-01-18 20:28:00', '2015-04-21 08:25:52', 'Version 39', 0, 0, 1, 1, 2, 5, NULL),
(165, 40, 'Easy Slider', 'easy-slider', 'Easy Image made gallery easy for your client.', '2015-01-18 20:28:00', '2015-04-21 08:27:07', 'Version 40', 0, 0, 1, 1, 2, 5, NULL),
(165, 41, 'Easy Slider', 'easy-slider', 'Easy Image made gallery easy for your client.', '2015-01-18 20:28:00', '2015-04-21 08:29:06', 'Version 41', 0, 0, 1, 1, 2, 5, NULL),
(165, 42, 'Easy Slider', 'easy-slider', 'Easy Image made gallery easy for your client.', '2015-01-18 20:28:00', '2015-04-21 08:31:51', 'Version 42', 0, 0, 1, 1, 2, 5, NULL),
(165, 43, 'Easy Slider', 'easy-slider', 'Easy Image made gallery easy for your client.', '2015-01-18 20:28:00', '2015-04-21 08:45:14', 'Version 43', 0, 0, 1, 1, 2, 5, NULL),
(165, 44, 'Easy Slider', 'easy-slider', 'Easy Image made gallery easy for your client.', '2015-01-18 20:28:00', '2015-04-21 08:51:31', 'Version 44', 0, 0, 1, 1, 2, 5, NULL),
(165, 45, 'Easy Slider', 'easy-slider', 'Easy Image made gallery easy for your client.', '2015-01-18 20:28:00', '2015-04-21 09:49:23', 'Version 45', 0, 0, 1, 1, 2, 5, NULL),
(165, 46, 'Easy Slider', 'easy-slider', 'Easy Image made gallery easy for your client.', '2015-01-18 20:28:00', '2015-04-21 09:57:08', 'Version 46', 0, 0, 1, 1, 2, 5, NULL),
(165, 47, 'Easy Slider', 'easy-slider', 'Easy Image made gallery easy for your client.', '2015-01-18 20:28:00', '2015-04-21 12:44:11', 'New Version 47', 0, 0, 1, 1, 2, 5, NULL),
(165, 48, 'Easy Slider', 'easy-slider', 'Easy Image made gallery easy for your client.', '2015-01-18 20:28:00', '2015-04-21 18:41:26', 'Version 48', 0, 0, 1, 1, 2, 5, NULL),
(165, 49, 'Easy Slider', 'easy-slider', 'Easy Image made gallery easy for your client.', '2015-01-18 20:28:00', '2015-04-21 18:42:27', 'Version 49', 0, 0, 1, 1, 2, 5, NULL),
(165, 50, 'Easy Slider', 'easy-slider', 'Easy Image made gallery easy for your client.', '2015-01-18 20:28:00', '2015-04-21 18:43:09', 'Version 50', 0, 0, 1, 1, 2, 5, NULL),
(165, 51, 'Easy Slider', 'easy-slider', 'Easy Image made gallery easy for your client.', '2015-01-18 20:28:00', '2015-04-21 19:08:35', 'Version 51', 0, 0, 1, 1, 2, 5, NULL),
(165, 52, 'Easy Slider', 'easy-slider', 'Easy Image made gallery easy for your client.', '2015-01-18 20:28:00', '2015-04-23 05:04:00', 'Version 52', 0, 0, 1, 1, 2, 5, NULL),
(165, 53, 'Easy Slider', 'easy-slider', 'Easy Image made gallery easy for your client.', '2015-01-18 20:28:00', '2015-04-23 06:39:11', 'Version 53', 0, 0, 1, 1, 2, 5, NULL),
(165, 54, 'Easy Slider', 'easy-slider', 'Easy Image made gallery easy for your client.', '2015-01-18 20:28:00', '2015-04-24 08:36:57', 'Version 54', 1, 0, 1, 1, 2, 5, NULL),
(166, 1, 'Full Width', 'full-width', 'A gallery in a full width container, with responsive container Disabled', '2015-04-23 06:21:38', '2015-04-23 06:21:38', 'Version 1', 0, 0, 1, 1, 2, 5, NULL),
(166, 2, 'Full Width', 'full-width', 'A gallery in a full width container, with responsive container Disabled', '2015-04-23 06:21:38', '2015-04-23 06:33:37', 'Version 2', 0, 0, 1, 1, 2, 5, NULL),
(166, 3, 'Full Width', 'full-width', 'A gallery in a full width container, with responsive container Disabled', '2015-04-23 06:21:38', '2015-04-23 06:37:57', 'Version 3', 0, 0, 1, 1, 2, 5, NULL),
(166, 4, 'Full Width', 'full-width', 'A gallery in a full width container, with responsive container Disabled', '2015-04-23 06:21:38', '2015-04-23 06:41:11', 'Version 4', 1, 0, 1, 1, 2, 5, NULL),
(167, 1, 'Full Width', 'full-width', 'A gallery in a full width container, with responsive container Disabled', '2015-04-23 06:21:38', '2015-04-23 06:34:06', 'Version 1', 0, 0, 1, NULL, 2, 5, NULL),
(167, 2, 'Full Width 2', 'full-width-2', 'A gallery in a full width container, with responsive container Disabled', '2015-04-23 06:21:38', '2015-04-23 06:34:07', 'Version 2', 0, 0, 1, NULL, 2, 5, NULL),
(167, 3, 'Full Width Responsive + background', 'full-width-responsive-background', 'A gallery in a full width container, with responsive container Disabled', '2015-04-23 06:21:38', '2015-04-23 06:35:49', 'New Version 3', 0, 0, 1, 1, 2, 5, NULL),
(167, 4, 'Full Width Responsive + background', 'full-width-responsive-background', 'A gallery in a full width container, with responsive container Enabled and a background color', '2015-04-23 06:21:00', '2015-04-23 06:36:11', 'New Version 4', 1, 0, 1, 1, 2, 5, NULL),
(168, 5, 'Full Width Responsive + Color background', 'Full-Width-Responsive-Color-background', 'A gallery in a full width container, with responsive container Disabled', '2015-04-23 06:21:38', '2015-04-23 06:45:22', 'New Version 5', 0, 0, 1, 1, 2, 5, NULL),
(168, 6, 'Full Width Responsive + Color background', 'full-width-responsive-color-background', 'A gallery in a full width container, with responsive container Disabled', '2015-04-23 06:21:38', '2015-04-23 06:45:41', 'New Version 6', 0, 0, 1, 1, 2, 5, NULL),
(168, 7, 'Full Width Responsive + Color background', 'full-width-responsive-color-background', 'A gallery in a full width container, with responsive container Disabled', '2015-04-23 06:21:38', '2015-04-23 06:46:34', 'Version 7', 0, 0, 1, 1, 2, 5, NULL),
(168, 8, 'Full Width Responsive + Color background', 'full-width-responsive-color-background', 'A gallery in a full width container, with responsive container Disabled', '2015-04-23 06:21:38', '2015-04-23 07:10:27', 'Version 8', 0, 0, 1, 1, 2, 5, NULL),
(168, 9, 'Full Width Responsive + Color background', 'full-width-responsive-color-background', 'A gallery in a full width container, with responsive container Disabled', '2015-04-23 06:21:38', '2015-04-23 07:10:57', 'Version 9', 0, 0, 1, 1, 2, 5, NULL),
(168, 10, 'Full Width Responsive + Color background', 'full-width-responsive-color-background', 'A gallery in a full width container, with responsive container Disabled', '2015-04-23 06:21:38', '2015-04-23 07:13:03', 'Version 10', 0, 0, 1, 1, 2, 5, NULL),
(168, 11, 'Full Width Responsive + Color background', 'full-width-responsive-color-background', 'A gallery in a full width container, with responsive container Disabled', '2015-04-23 06:21:38', '2015-04-23 07:13:47', 'Version 11', 0, 0, 1, 1, 2, 5, NULL),
(168, 12, 'Full Width Responsive + Color background', 'full-width-responsive-color-background', 'A gallery in a full width container, with responsive container Disabled', '2015-04-23 06:21:38', '2015-04-23 07:16:38', 'Version 12', 0, 0, 1, 1, 2, 5, NULL),
(168, 13, 'Full Width Responsive + Color background', 'full-width-responsive-color-background', 'A gallery in a full width container, with responsive container Disabled', '2015-04-23 06:21:38', '2015-04-23 07:19:24', 'Version 13', 0, 0, 1, 1, 2, 5, NULL),
(168, 14, 'Full Width Responsive + Color background', 'full-width-responsive-color-background', 'A gallery in a full width container, with responsive container and color transitions Enabled.', '2015-04-23 06:21:38', '2015-04-23 07:21:25', 'New Version 14', 1, 0, 1, 1, 2, 5, NULL),
(169, 8, 'Full Width Responsive + Color background', 'full-width-responsive-color-background', 'A gallery in a full width container, with responsive container Disabled', '2015-04-23 06:21:38', '2015-04-23 07:20:35', 'Version 8', 0, 0, 1, NULL, 2, 5, NULL),
(169, 9, 'Full Width Responsive + Color background', 'full-width-responsive-color-background', 'A gallery in a full width container, with responsive container Disabled', '2015-04-23 06:21:38', '2015-04-23 07:20:36', 'Version 9', 0, 0, 1, NULL, 2, 5, NULL);
INSERT INTO `CollectionVersions` (`cID`, `cvID`, `cvName`, `cvHandle`, `cvDescription`, `cvDatePublic`, `cvDateCreated`, `cvComments`, `cvIsApproved`, `cvIsNew`, `cvAuthorUID`, `cvApproverUID`, `pThemeID`, `pTemplateID`, `cvActivateDatetime`) VALUES
(169, 10, 'Full Width Responsive + Color background', 'full-width-responsive-color-background', 'A gallery in a full width container, with responsive container Disabled', '2015-04-23 06:21:38', '2015-04-23 07:20:37', 'Version 10', 0, 0, 1, NULL, 2, 5, NULL),
(169, 11, 'Full Width Responsive + Color background', 'full-width-responsive-color-background', 'A gallery in a full width container, with responsive container Disabled', '2015-04-23 06:21:38', '2015-04-23 07:20:38', 'Version 11', 0, 0, 1, NULL, 2, 5, NULL),
(169, 12, 'Full Width Responsive + Color background', 'full-width-responsive-color-background', 'A gallery in a full width container, with responsive container Disabled', '2015-04-23 06:21:38', '2015-04-23 07:20:39', 'Version 12', 0, 0, 1, NULL, 2, 5, NULL),
(169, 13, 'Full Width Responsive + Color background 2', 'full-width-responsive-color-background-2', 'A gallery in a full width container, with responsive container Disabled', '2015-04-23 06:21:38', '2015-04-23 07:20:40', 'Version 13', 0, 0, 1, NULL, 2, 5, NULL),
(169, 14, 'Full Width Responsive Outside visible', 'full-width-responsive-outside-visible', 'A gallery in a full width container, with responsive container Disabled', '2015-04-23 06:21:38', '2015-04-23 07:20:58', 'New Version 14', 0, 0, 1, 1, 2, 5, NULL),
(169, 15, 'Full Width Responsive Outside visible', 'full-width-responsive-outside-visible', 'A gallery in a full width container, with responsive container Disabled', '2015-04-23 06:21:38', '2015-04-23 07:24:28', 'Version 15', 0, 0, 1, 1, 2, 5, NULL),
(169, 16, 'Full Width Responsive Outside visible', 'full-width-responsive-outside-visible', 'A gallery in a full width container, with responsive container Disabled', '2015-04-23 06:21:38', '2015-04-23 07:28:42', 'Version 16', 0, 0, 1, 1, 2, 5, NULL),
(169, 17, 'Lazy Loading', 'full-width-responsive-outside-visible', 'Only visibles images are loaded', '2015-04-23 06:21:38', '2015-04-23 07:34:27', 'New Version 17', 0, 0, 1, 1, 2, 5, NULL),
(169, 18, 'Lazy Loading', 'full-width-responsive-outside-visible', 'Only visibles images are loaded', '2015-04-23 06:21:38', '2015-04-23 19:40:15', 'Version 18', 0, 0, 1, 1, 2, 5, NULL),
(169, 19, 'Lazy Loading', 'full-width-responsive-outside-visible', 'Only visibles images are loaded', '2015-04-23 06:21:38', '2015-04-23 19:48:13', 'Version 19', 0, 0, 1, 1, 2, 5, NULL),
(169, 20, 'Lazy Loading', 'full-width-responsive-outside-visible', 'Only visibles images are loaded', '2015-04-23 06:21:38', '2015-04-23 19:49:17', 'Version 20', 0, 0, 1, 1, 2, 5, NULL),
(169, 21, 'Lazy Loading', 'full-width-responsive-outside-visible', 'Only visibles images are loaded', '2015-04-23 06:21:38', '2015-04-23 19:55:55', 'Version 21', 1, 0, 1, 1, 2, 5, NULL),
(170, 1, '', NULL, NULL, '2015-04-27 08:23:21', '2015-04-27 08:23:21', 'Initial Version', 1, 0, NULL, NULL, 0, 6, NULL),
(171, 1, 'Custom Templates & Classes', 'custom-templates-classes', '', '2015-04-27 08:27:04', '2015-04-27 08:27:04', 'Initial Version', 0, 0, 1, 1, 2, 6, NULL),
(171, 2, 'Custom Templates & Classes', 'custom-templates-classes', '', '2015-04-27 08:27:04', '2015-04-27 08:29:39', 'Version 2', 0, 0, 1, 1, 2, 6, NULL),
(171, 3, 'Custom Templates & Classes', 'custom-templates-classes', '', '2015-04-27 08:27:04', '2015-04-27 08:33:49', 'Version 3', 0, 0, 1, 1, 2, 6, NULL),
(171, 4, 'Custom Templates & Classes', 'custom-templates-classes', '', '2015-04-27 08:27:04', '2015-04-27 10:42:05', 'Version 4', 0, 0, 1, 1, 2, 6, NULL),
(171, 5, 'Custom Templates & Classes', 'custom-templates-classes', '', '2015-04-27 08:27:04', '2015-04-27 10:44:00', 'Version 5', 1, 0, 1, 1, 2, 6, NULL),
(172, 1, 'Documentation', 'documentation', '', '2015-04-27 08:28:22', '2015-04-27 08:28:22', 'Initial Version', 1, 0, 1, 1, 2, 5, NULL),
(173, 1, 'Custom Templates & Classes', 'custom-templates-classes', '', '2015-04-27 08:27:04', '2015-04-27 10:44:34', 'Initial Version', 0, 0, 1, NULL, 2, 6, NULL),
(173, 2, 'Custom Templates & Classes', 'custom-templates-classes', '', '2015-04-27 08:27:04', '2015-04-27 10:44:35', 'Version 2', 0, 0, 1, NULL, 2, 6, NULL),
(173, 3, 'Custom Templates & Classes', 'custom-templates-classes', '', '2015-04-27 08:27:04', '2015-04-27 10:44:36', 'Version 3', 0, 0, 1, NULL, 2, 6, NULL),
(173, 4, 'Custom Templates & Classes', 'custom-templates-classes', '', '2015-04-27 08:27:04', '2015-04-27 10:44:37', 'Version 4', 0, 0, 1, NULL, 2, 6, NULL),
(173, 5, 'Custom Templates & Classes 2', 'custom-templates-classes-2', '', '2015-04-27 08:27:04', '2015-04-27 10:44:38', 'Version 5', 0, 0, 1, NULL, 2, 6, NULL),
(173, 6, 'Page Framework', 'page-framework', '', '2015-04-27 08:27:04', '2015-04-27 10:45:16', 'New Version 6', 0, 0, 1, 1, 2, 6, NULL),
(173, 7, 'Page Framework', 'page-framework', '', '2015-04-27 08:27:00', '2015-04-27 10:46:02', 'Version 7', 0, 0, 1, 1, 2, 6, NULL),
(173, 8, 'Page Framework', 'page-framework', '', '2015-04-27 08:27:00', '2015-04-27 10:55:21', 'Version 8', 1, 0, 1, 1, 2, 6, NULL),
(174, 1, 'Custom Templates & Classes', 'custom-templates-classes', '', '2015-04-27 08:27:04', '2015-04-27 10:54:25', 'Initial Version', 0, 0, 1, NULL, 2, 6, NULL),
(174, 2, 'Custom Templates & Classes', 'custom-templates-classes', '', '2015-04-27 08:27:04', '2015-04-27 10:54:26', 'Version 2', 0, 0, 1, NULL, 2, 6, NULL),
(174, 3, 'Custom Templates & Classes', 'custom-templates-classes', '', '2015-04-27 08:27:04', '2015-04-27 10:54:27', 'Version 3', 0, 0, 1, NULL, 2, 6, NULL),
(174, 4, 'Custom Templates & Classes', 'custom-templates-classes', '', '2015-04-27 08:27:04', '2015-04-27 10:54:28', 'Version 4', 0, 0, 1, NULL, 2, 6, NULL),
(174, 5, 'Custom Templates & Classes 2', 'custom-templates-classes-2', '', '2015-04-27 08:27:04', '2015-04-27 10:54:29', 'Version 5', 0, 0, 1, NULL, 2, 6, NULL),
(174, 6, 'Header Image & Video', 'header-image-video', '', '2015-04-27 08:27:04', '2015-04-27 10:54:48', 'New Version 6', 0, 0, 1, 1, 2, 6, NULL),
(174, 7, 'Header Image & Video', 'header-image-video', '', '2015-04-27 08:27:04', '2015-04-27 11:08:26', 'Version 7', 0, 0, 1, 1, 2, 6, NULL),
(174, 8, 'Header Image & Video', 'header-image-video', '', '2015-04-27 08:27:04', '2015-04-27 11:09:41', 'Version 8', 1, 0, 1, 1, 2, 6, NULL),
(175, 1, 'Database Entities', 'entities', NULL, '2015-09-17 01:00:55', '2015-09-17 01:00:55', 'Initial Version', 1, 0, 1, NULL, 2, 0, NULL),
(176, 1, 'Copy Languages', 'copy', NULL, '2015-09-17 01:02:46', '2015-09-17 01:02:46', 'Initial Version', 1, 0, 1, NULL, 2, 0, NULL);

-- --------------------------------------------------------

--
-- Structure de la table `CollectionVersionThemeCustomStyles`
--

DROP TABLE IF EXISTS `CollectionVersionThemeCustomStyles`;
CREATE TABLE `CollectionVersionThemeCustomStyles` (
  `cID` int(10) unsigned NOT NULL DEFAULT '0',
  `cvID` int(10) unsigned NOT NULL DEFAULT '1',
  `pThemeID` int(10) unsigned NOT NULL DEFAULT '0',
  `scvlID` int(10) unsigned DEFAULT '0',
  `preset` varchar(255) COLLATE utf8_unicode_ci DEFAULT NULL,
  `sccRecordID` int(10) unsigned DEFAULT '0'
) ENGINE=InnoDB DEFAULT CHARSET=utf8 COLLATE=utf8_unicode_ci;

-- --------------------------------------------------------

--
-- Structure de la table `Config`
--

DROP TABLE IF EXISTS `Config`;
CREATE TABLE `Config` (
  `configNamespace` varchar(255) COLLATE utf8_unicode_ci NOT NULL DEFAULT '',
  `configGroup` varchar(255) COLLATE utf8_unicode_ci NOT NULL,
  `configItem` varchar(255) COLLATE utf8_unicode_ci NOT NULL,
  `configValue` longtext COLLATE utf8_unicode_ci
) ENGINE=InnoDB DEFAULT CHARSET=utf8 COLLATE=utf8_unicode_ci;

--
-- Contenu de la table `Config`
--

INSERT INTO `Config` (`configNamespace`, `configGroup`, `configItem`, `configValue`) VALUES
('', 'concrete', 'marketplace.token', 'folmCkD3P2O8t8M9FlnwrDg5aLtn627usUP9lb3rQWMQpczfnrvy1vcxmMwnw7ZF'),
('', 'concrete', 'marketplace.url_token', 'o8k5fm0cfhla3j9jcuvjuri0'),
('', 'concrete', 'security.token.encryption', 'EuySjLz55oDcJ697YZ5kSNrHDofJ51kcABWzgtv09G8yVHoUoMiw05ehx3wFVTmt'),
('', 'concrete', 'security.token.jobs', 'GlWEI1RT2Jy38SQCCHhbILRuIzXzDtKRGAK4aFcUrPohxqhR3jYMYMHGVLD0GjlF'),
('', 'concrete', 'security.token.validation', 'jE64qoQWVusakpbnweEqtVQvsqxKSCpx1kroPbeW3wWhYer8B9vnj6F5J7WwSDXi');

-- --------------------------------------------------------

--
-- Structure de la table `ConfigStore`
--

DROP TABLE IF EXISTS `ConfigStore`;
CREATE TABLE `ConfigStore` (
  `cfKey` varchar(64) COLLATE utf8_unicode_ci NOT NULL,
  `timestamp` timestamp NOT NULL DEFAULT CURRENT_TIMESTAMP,
  `cfValue` longtext COLLATE utf8_unicode_ci,
  `uID` int(10) unsigned NOT NULL DEFAULT '0',
  `pkgID` int(10) unsigned NOT NULL DEFAULT '0'
) ENGINE=InnoDB DEFAULT CHARSET=utf8 COLLATE=utf8_unicode_ci;

--
-- Contenu de la table `ConfigStore`
--

INSERT INTO `ConfigStore` (`cfKey`, `timestamp`, `cfValue`, `uID`, `pkgID`) VALUES
('DISABLED_HELP_NOTIFICATIONS', '2015-01-19 09:42:52', 'all', 1, 0),
('MAIN_HELP_LAST_VIEWED', '2015-09-16 23:06:32', '1442444792', 1, 0),
('NEWSFLOW_LAST_VIEWED', '2015-01-18 20:12:52', '1442444303', 1, 0);

-- --------------------------------------------------------

--
-- Structure de la table `ConversationDiscussions`
--

DROP TABLE IF EXISTS `ConversationDiscussions`;
CREATE TABLE `ConversationDiscussions` (
  `cnvDiscussionID` int(10) unsigned NOT NULL,
  `cnvDiscussionDateCreated` datetime NOT NULL,
  `cID` int(10) unsigned DEFAULT NULL
) ENGINE=InnoDB DEFAULT CHARSET=utf8 COLLATE=utf8_unicode_ci;

-- --------------------------------------------------------

--
-- Structure de la table `ConversationEditors`
--

DROP TABLE IF EXISTS `ConversationEditors`;
CREATE TABLE `ConversationEditors` (
  `cnvEditorID` int(10) unsigned NOT NULL,
  `cnvEditorHandle` varchar(64) COLLATE utf8_unicode_ci DEFAULT NULL,
  `cnvEditorName` varchar(255) COLLATE utf8_unicode_ci DEFAULT NULL,
  `cnvEditorIsActive` tinyint(1) NOT NULL DEFAULT '0',
  `pkgID` int(10) unsigned NOT NULL DEFAULT '0'
) ENGINE=InnoDB AUTO_INCREMENT=4 DEFAULT CHARSET=utf8 COLLATE=utf8_unicode_ci;

--
-- Contenu de la table `ConversationEditors`
--

INSERT INTO `ConversationEditors` (`cnvEditorID`, `cnvEditorHandle`, `cnvEditorName`, `cnvEditorIsActive`, `pkgID`) VALUES
(1, 'plain_text', 'Plain Text', 0, 0),
(2, 'markdown', 'Markdown', 0, 0),
(3, 'redactor', 'Redactor', 1, 0);

-- --------------------------------------------------------

--
-- Structure de la table `ConversationFeatureDetailAssignments`
--

DROP TABLE IF EXISTS `ConversationFeatureDetailAssignments`;
CREATE TABLE `ConversationFeatureDetailAssignments` (
  `faID` int(10) unsigned NOT NULL DEFAULT '0',
  `cnvID` int(10) unsigned NOT NULL DEFAULT '0'
) ENGINE=InnoDB DEFAULT CHARSET=utf8 COLLATE=utf8_unicode_ci;

-- --------------------------------------------------------

--
-- Structure de la table `ConversationFlaggedMessages`
--

DROP TABLE IF EXISTS `ConversationFlaggedMessages`;
CREATE TABLE `ConversationFlaggedMessages` (
  `cnvMessageID` int(10) unsigned NOT NULL,
  `cnvMessageFlagTypeID` int(11) DEFAULT NULL
) ENGINE=InnoDB DEFAULT CHARSET=utf8 COLLATE=utf8_unicode_ci;

-- --------------------------------------------------------

--
-- Structure de la table `ConversationFlaggedMessageTypes`
--

DROP TABLE IF EXISTS `ConversationFlaggedMessageTypes`;
CREATE TABLE `ConversationFlaggedMessageTypes` (
  `cnvMessageFlagTypeID` int(10) unsigned NOT NULL,
  `cnvMessageFlagTypeHandle` varchar(64) COLLATE utf8_unicode_ci DEFAULT NULL
) ENGINE=InnoDB AUTO_INCREMENT=2 DEFAULT CHARSET=utf8 COLLATE=utf8_unicode_ci;

--
-- Contenu de la table `ConversationFlaggedMessageTypes`
--

INSERT INTO `ConversationFlaggedMessageTypes` (`cnvMessageFlagTypeID`, `cnvMessageFlagTypeHandle`) VALUES
(1, 'spam');

-- --------------------------------------------------------

--
-- Structure de la table `ConversationMessageAttachments`
--

DROP TABLE IF EXISTS `ConversationMessageAttachments`;
CREATE TABLE `ConversationMessageAttachments` (
  `cnvMessageAttachmentID` int(10) unsigned NOT NULL,
  `cnvMessageID` int(11) DEFAULT NULL,
  `fID` int(11) DEFAULT NULL
) ENGINE=InnoDB DEFAULT CHARSET=utf8 COLLATE=utf8_unicode_ci;

-- --------------------------------------------------------

--
-- Structure de la table `ConversationMessageRatings`
--

DROP TABLE IF EXISTS `ConversationMessageRatings`;
CREATE TABLE `ConversationMessageRatings` (
  `cnvMessageRatingID` int(10) unsigned NOT NULL,
  `cnvMessageID` int(10) unsigned DEFAULT NULL,
  `cnvRatingTypeID` int(10) unsigned NOT NULL DEFAULT '0',
  `cnvMessageRatingIP` tinyblob,
  `timestamp` datetime DEFAULT NULL,
  `uID` int(10) unsigned NOT NULL DEFAULT '0'
) ENGINE=InnoDB DEFAULT CHARSET=utf8 COLLATE=utf8_unicode_ci;

-- --------------------------------------------------------

--
-- Structure de la table `ConversationMessages`
--

DROP TABLE IF EXISTS `ConversationMessages`;
CREATE TABLE `ConversationMessages` (
  `cnvMessageID` int(10) unsigned NOT NULL,
  `cnvID` int(10) unsigned NOT NULL DEFAULT '0',
  `uID` int(10) unsigned NOT NULL DEFAULT '0',
  `cnvEditorID` int(10) unsigned NOT NULL DEFAULT '0',
  `cnvMessageSubmitIP` tinyblob,
  `cnvMessageSubmitUserAgent` longtext COLLATE utf8_unicode_ci,
  `cnvMessageLevel` int(10) unsigned NOT NULL DEFAULT '0',
  `cnvMessageParentID` int(10) unsigned NOT NULL DEFAULT '0',
  `cnvMessageDateCreated` datetime DEFAULT NULL,
  `cnvMessageSubject` text COLLATE utf8_unicode_ci,
  `cnvMessageBody` text COLLATE utf8_unicode_ci,
  `cnvIsMessageDeleted` tinyint(1) NOT NULL DEFAULT '0',
  `cnvIsMessageApproved` tinyint(1) NOT NULL DEFAULT '0',
  `cnvMessageTotalRatingScore` bigint(20) DEFAULT '0',
  `cnvMessageAuthorName` varchar(255) COLLATE utf8_unicode_ci DEFAULT NULL,
  `cnvMessageAuthorEmail` varchar(255) COLLATE utf8_unicode_ci DEFAULT NULL,
  `cnvMessageAuthorWebsite` varchar(255) COLLATE utf8_unicode_ci DEFAULT NULL
) ENGINE=InnoDB DEFAULT CHARSET=utf8 COLLATE=utf8_unicode_ci;

-- --------------------------------------------------------

--
-- Structure de la table `ConversationPermissionAddMessageAccessList`
--

DROP TABLE IF EXISTS `ConversationPermissionAddMessageAccessList`;
CREATE TABLE `ConversationPermissionAddMessageAccessList` (
  `paID` int(10) unsigned NOT NULL DEFAULT '0',
  `peID` int(10) unsigned NOT NULL DEFAULT '0',
  `permission` varchar(1) COLLATE utf8_unicode_ci NOT NULL DEFAULT 'A'
) ENGINE=InnoDB DEFAULT CHARSET=utf8 COLLATE=utf8_unicode_ci;

-- --------------------------------------------------------

--
-- Structure de la table `ConversationPermissionAssignments`
--

DROP TABLE IF EXISTS `ConversationPermissionAssignments`;
CREATE TABLE `ConversationPermissionAssignments` (
  `cnvID` int(10) unsigned NOT NULL DEFAULT '0',
  `pkID` int(10) unsigned NOT NULL DEFAULT '0',
  `paID` int(10) unsigned NOT NULL DEFAULT '0'
) ENGINE=InnoDB DEFAULT CHARSET=utf8 COLLATE=utf8_unicode_ci;

--
-- Contenu de la table `ConversationPermissionAssignments`
--

INSERT INTO `ConversationPermissionAssignments` (`cnvID`, `pkID`, `paID`) VALUES
(0, 66, 65),
(0, 67, 66),
(0, 70, 67),
(0, 69, 68),
(0, 71, 69),
(0, 68, 70),
(0, 72, 71),
(0, 73, 72);

-- --------------------------------------------------------

--
-- Structure de la table `ConversationRatingTypes`
--

DROP TABLE IF EXISTS `ConversationRatingTypes`;
CREATE TABLE `ConversationRatingTypes` (
  `cnvRatingTypeID` int(10) unsigned NOT NULL,
  `cnvRatingTypeHandle` varchar(255) COLLATE utf8_unicode_ci DEFAULT NULL,
  `cnvRatingTypeName` varchar(10) COLLATE utf8_unicode_ci DEFAULT NULL,
  `cnvRatingTypeCommunityPoints` int(11) DEFAULT NULL,
  `pkgID` int(10) unsigned NOT NULL DEFAULT '0'
) ENGINE=InnoDB AUTO_INCREMENT=3 DEFAULT CHARSET=utf8 COLLATE=utf8_unicode_ci;

--
-- Contenu de la table `ConversationRatingTypes`
--

INSERT INTO `ConversationRatingTypes` (`cnvRatingTypeID`, `cnvRatingTypeHandle`, `cnvRatingTypeName`, `cnvRatingTypeCommunityPoints`, `pkgID`) VALUES
(1, 'up_vote', 'Up Vote', 1, 0),
(2, 'down_vote', 'Down Vote', 0, 0);

-- --------------------------------------------------------

--
-- Structure de la table `Conversations`
--

DROP TABLE IF EXISTS `Conversations`;
CREATE TABLE `Conversations` (
  `cnvID` int(10) unsigned NOT NULL,
  `cID` int(10) unsigned DEFAULT '0',
  `cnvDateCreated` datetime NOT NULL,
  `cnvDateLastMessage` datetime DEFAULT NULL,
  `cnvParentMessageID` int(10) unsigned DEFAULT '0',
  `cnvAttachmentsEnabled` tinyint(1) NOT NULL DEFAULT '1',
  `cnvMessagesTotal` int(10) unsigned DEFAULT '0',
  `cnvOverrideGlobalPermissions` tinyint(1) DEFAULT '0',
  `cnvAttachmentOverridesEnabled` tinyint(1) NOT NULL DEFAULT '0',
  `cnvMaxFilesGuest` int(11) DEFAULT '0',
  `cnvMaxFilesRegistered` int(11) DEFAULT '0',
  `cnvMaxFileSizeGuest` int(11) DEFAULT '0',
  `cnvMaxFileSizeRegistered` int(11) DEFAULT '0',
  `cnvFileExtensions` text COLLATE utf8_unicode_ci,
  `cnvNotificationOverridesEnabled` tinyint(1) NOT NULL DEFAULT '0',
  `cnvEnableSubscription` tinyint(1) DEFAULT '0'
) ENGINE=InnoDB DEFAULT CHARSET=utf8 COLLATE=utf8_unicode_ci;

-- --------------------------------------------------------

--
-- Structure de la table `ConversationSubscriptions`
--

DROP TABLE IF EXISTS `ConversationSubscriptions`;
CREATE TABLE `ConversationSubscriptions` (
  `cnvID` int(10) unsigned NOT NULL DEFAULT '0',
  `uID` int(10) unsigned NOT NULL DEFAULT '0',
  `type` varchar(1) COLLATE utf8_unicode_ci DEFAULT 'S'
) ENGINE=InnoDB DEFAULT CHARSET=utf8 COLLATE=utf8_unicode_ci;

--
-- Contenu de la table `ConversationSubscriptions`
--

INSERT INTO `ConversationSubscriptions` (`cnvID`, `uID`, `type`) VALUES
(0, 1, 'S');

-- --------------------------------------------------------

--
-- Structure de la table `DownloadStatistics`
--

DROP TABLE IF EXISTS `DownloadStatistics`;
CREATE TABLE `DownloadStatistics` (
  `dsID` int(10) unsigned NOT NULL,
  `fID` int(10) unsigned NOT NULL,
  `fvID` int(10) unsigned NOT NULL,
  `uID` int(10) unsigned NOT NULL,
  `rcID` int(10) unsigned NOT NULL,
  `timestamp` timestamp NOT NULL DEFAULT CURRENT_TIMESTAMP
) ENGINE=InnoDB DEFAULT CHARSET=utf8 COLLATE=utf8_unicode_ci;

-- --------------------------------------------------------

--
-- Structure de la table `FeatureAssignments`
--

DROP TABLE IF EXISTS `FeatureAssignments`;
CREATE TABLE `FeatureAssignments` (
  `faID` int(10) unsigned NOT NULL,
  `feID` int(10) unsigned DEFAULT NULL,
  `fcID` int(10) unsigned DEFAULT NULL,
  `fdObject` longtext COLLATE utf8_unicode_ci
) ENGINE=InnoDB AUTO_INCREMENT=16 DEFAULT CHARSET=utf8 COLLATE=utf8_unicode_ci;

--
-- Contenu de la table `FeatureAssignments`
--

INSERT INTO `FeatureAssignments` (`faID`, `feID`, `fcID`, `fdObject`) VALUES
(1, 5, 1, 'O:40:"Concrete\\Core\\Feature\\Detail\\ImageDetail":5:{s:6:"\0*\0src";s:42:"/application/files/9514/2161/2609/logo.svg";s:8:"\0*\0width";b:0;s:9:"\0*\0height";b:0;s:7:"\0*\0item";N;s:5:"error";s:0:"";}'),
(2, 5, 1, 'O:40:"Concrete\\Core\\Feature\\Detail\\ImageDetail":5:{s:6:"\0*\0src";s:46:"/application/files/3614/2166/0176/icon-big.png";s:8:"\0*\0width";d:600;s:9:"\0*\0height";d:600;s:7:"\0*\0item";N;s:5:"error";s:0:"";}'),
(3, 5, 1, 'O:40:"Concrete\\Core\\Feature\\Detail\\ImageDetail":5:{s:6:"\0*\0src";s:46:"/application/files/3614/2166/0176/icon-big.png";s:8:"\0*\0width";d:600;s:9:"\0*\0height";d:600;s:7:"\0*\0item";N;s:5:"error";s:0:"";}'),
(4, 5, 1, 'O:40:"Concrete\\Core\\Feature\\Detail\\ImageDetail":5:{s:6:"\0*\0src";s:46:"/application/files/5014/2221/5026/icon-big.png";s:8:"\0*\0width";d:600;s:9:"\0*\0height";d:600;s:7:"\0*\0item";N;s:5:"error";s:0:"";}'),
(5, 5, 1, 'O:40:"Concrete\\Core\\Feature\\Detail\\ImageDetail":5:{s:6:"\0*\0src";s:46:"/application/files/3614/2166/0176/icon-big.png";s:8:"\0*\0width";d:600;s:9:"\0*\0height";d:600;s:7:"\0*\0item";N;s:5:"error";s:0:"";}'),
(6, 5, 1, 'O:40:"Concrete\\Core\\Feature\\Detail\\ImageDetail":5:{s:6:"\0*\0src";s:53:"/application/files/6414/2929/9849/icon-slider-big.png";s:8:"\0*\0width";d:600;s:9:"\0*\0height";d:600;s:7:"\0*\0item";N;s:5:"error";s:0:"";}'),
(7, 5, 1, 'O:40:"Concrete\\Core\\Feature\\Detail\\ImageDetail":5:{s:6:"\0*\0src";s:74:"/application/files/5014/2960/5683/Capture_decran_2015-04-21_a_10.40.19.png";s:8:"\0*\0width";d:1157;s:9:"\0*\0height";d:604;s:7:"\0*\0item";N;s:5:"error";s:0:"";}'),
(8, 5, 1, 'O:40:"Concrete\\Core\\Feature\\Detail\\ImageDetail":5:{s:6:"\0*\0src";s:74:"/application/files/1214/2960/5681/Capture_decran_2015-04-21_a_10.40.27.png";s:8:"\0*\0width";d:1162;s:9:"\0*\0height";d:472;s:7:"\0*\0item";N;s:5:"error";s:0:"";}'),
(9, 5, 1, 'O:40:"Concrete\\Core\\Feature\\Detail\\ImageDetail":5:{s:6:"\0*\0src";s:74:"/application/files/4714/2987/2492/Capture_decran_2015-04-24_a_12.47.22.png";s:8:"\0*\0width";d:651;s:9:"\0*\0height";d:459;s:7:"\0*\0item";N;s:5:"error";s:0:"";}'),
(10, 5, 1, 'O:40:"Concrete\\Core\\Feature\\Detail\\ImageDetail":5:{s:6:"\0*\0src";s:51:"/application/files/6614/2987/7398/editing-slide.png";s:8:"\0*\0width";d:848;s:9:"\0*\0height";d:652;s:7:"\0*\0item";N;s:5:"error";s:0:"";}'),
(12, 5, 1, 'O:40:"Concrete\\Core\\Feature\\Detail\\ImageDetail":5:{s:6:"\0*\0src";s:52:"/application/files/7614/3013/1835/page-structure.png";s:8:"\0*\0width";d:672;s:9:"\0*\0height";d:638;s:7:"\0*\0item";N;s:5:"error";s:0:"";}'),
(13, 5, 1, 'O:40:"Concrete\\Core\\Feature\\Detail\\ImageDetail":5:{s:6:"\0*\0src";s:57:"/application/files/5114/3013/1772/page-structure-edit.png";s:8:"\0*\0width";d:672;s:9:"\0*\0height";d:195;s:7:"\0*\0item";N;s:5:"error";s:0:"";}'),
(14, 5, 1, 'O:40:"Concrete\\Core\\Feature\\Detail\\ImageDetail":5:{s:6:"\0*\0src";s:74:"/application/files/1914/3013/2892/Capture_decran_2015-04-27_a_13.07.00.png";s:8:"\0*\0width";d:1307;s:9:"\0*\0height";d:1267;s:7:"\0*\0item";N;s:5:"error";s:0:"";}'),
(15, 5, 1, 'O:40:"Concrete\\Core\\Feature\\Detail\\ImageDetail":5:{s:6:"\0*\0src";s:74:"/application/files/1914/3013/2892/Capture_decran_2015-04-27_a_13.07.00.png";s:8:"\0*\0width";d:1307;s:9:"\0*\0height";d:1267;s:7:"\0*\0item";N;s:5:"error";s:0:"";}');

-- --------------------------------------------------------

--
-- Structure de la table `FeatureCategories`
--

DROP TABLE IF EXISTS `FeatureCategories`;
CREATE TABLE `FeatureCategories` (
  `fcID` int(10) unsigned NOT NULL,
  `fcHandle` varchar(255) COLLATE utf8_unicode_ci NOT NULL,
  `pkgID` int(10) unsigned DEFAULT NULL
) ENGINE=InnoDB AUTO_INCREMENT=3 DEFAULT CHARSET=utf8 COLLATE=utf8_unicode_ci;

--
-- Contenu de la table `FeatureCategories`
--

INSERT INTO `FeatureCategories` (`fcID`, `fcHandle`, `pkgID`) VALUES
(1, 'collection_version', 0),
(2, 'gathering_item', 0);

-- --------------------------------------------------------

--
-- Structure de la table `Features`
--

DROP TABLE IF EXISTS `Features`;
CREATE TABLE `Features` (
  `feID` int(10) unsigned NOT NULL,
  `feHandle` varchar(255) COLLATE utf8_unicode_ci NOT NULL,
  `feScore` int(11) NOT NULL DEFAULT '1',
  `feHasCustomClass` tinyint(1) NOT NULL DEFAULT '0',
  `pkgID` int(10) unsigned DEFAULT NULL
) ENGINE=InnoDB AUTO_INCREMENT=9 DEFAULT CHARSET=utf8 COLLATE=utf8_unicode_ci;

--
-- Contenu de la table `Features`
--

INSERT INTO `Features` (`feID`, `feHandle`, `feScore`, `feHasCustomClass`, `pkgID`) VALUES
(1, 'title', 1, 0, 0),
(2, 'link', 1, 0, 0),
(3, 'author', 1, 0, 0),
(4, 'date_time', 1, 0, 0),
(5, 'image', 500, 1, 0),
(6, 'conversation', 10, 1, 0),
(7, 'description', 1, 0, 0),
(8, 'featured', 1000, 0, 0);

-- --------------------------------------------------------

--
-- Structure de la table `FileAttributeValues`
--

DROP TABLE IF EXISTS `FileAttributeValues`;
CREATE TABLE `FileAttributeValues` (
  `fID` int(10) unsigned NOT NULL DEFAULT '0',
  `fvID` int(10) unsigned NOT NULL DEFAULT '0',
  `akID` int(10) unsigned NOT NULL DEFAULT '0',
  `avID` int(10) unsigned DEFAULT '0'
) ENGINE=InnoDB DEFAULT CHARSET=utf8 COLLATE=utf8_unicode_ci;

--
-- Contenu de la table `FileAttributeValues`
--

INSERT INTO `FileAttributeValues` (`fID`, `fvID`, `akID`, `avID`) VALUES
(2, 1, 14, 112),
(2, 2, 14, 112),
(2, 3, 14, 112),
(2, 4, 14, 112),
(2, 5, 14, 112),
(2, 6, 14, 112),
(2, 7, 14, 112),
(2, 8, 14, 112),
(2, 9, 14, 112),
(2, 10, 14, 112),
(2, 11, 14, 112),
(2, 12, 14, 112),
(2, 13, 14, 112),
(2, 14, 14, 112),
(2, 15, 14, 112),
(2, 16, 14, 112),
(2, 17, 14, 112),
(2, 18, 14, 112),
(2, 19, 14, 112),
(2, 20, 14, 112),
(2, 21, 14, 112),
(2, 22, 14, 112),
(2, 23, 14, 112),
(2, 24, 14, 112),
(2, 25, 14, 112),
(2, 26, 14, 112),
(2, 27, 14, 112),
(2, 28, 14, 112),
(2, 29, 14, 112),
(2, 30, 14, 112),
(2, 31, 14, 112),
(2, 32, 14, 112),
(2, 33, 14, 112),
(2, 1, 15, 113),
(2, 2, 15, 113),
(2, 3, 15, 113),
(2, 4, 15, 113),
(2, 5, 15, 113),
(2, 6, 15, 113),
(2, 7, 15, 113),
(2, 8, 15, 113),
(2, 9, 15, 113),
(2, 10, 15, 113),
(2, 11, 15, 113),
(2, 12, 15, 113),
(2, 13, 15, 113),
(2, 14, 15, 113),
(2, 15, 15, 113),
(2, 16, 15, 113),
(2, 17, 15, 113),
(2, 18, 15, 113),
(2, 19, 15, 113),
(2, 20, 15, 113),
(2, 21, 15, 113),
(2, 22, 15, 113),
(2, 23, 15, 113),
(2, 24, 15, 113),
(2, 25, 15, 113),
(2, 26, 15, 113),
(2, 27, 15, 113),
(2, 28, 15, 113),
(2, 29, 15, 113),
(2, 30, 15, 113),
(2, 31, 15, 113),
(2, 32, 15, 113),
(2, 33, 15, 113),
(3, 1, 14, 114),
(3, 2, 14, 114),
(3, 3, 14, 114),
(3, 4, 14, 114),
(3, 5, 14, 114),
(3, 6, 14, 114),
(3, 7, 14, 114),
(3, 8, 14, 114),
(3, 9, 14, 114),
(3, 10, 14, 114),
(3, 11, 14, 114),
(3, 12, 14, 114),
(3, 13, 14, 114),
(3, 14, 14, 114),
(3, 15, 14, 114),
(3, 16, 14, 114),
(3, 17, 14, 114),
(3, 18, 14, 114),
(3, 19, 14, 114),
(3, 20, 14, 114),
(3, 21, 14, 114),
(3, 22, 14, 114),
(3, 23, 14, 114),
(3, 24, 14, 114),
(3, 25, 14, 114),
(3, 26, 14, 114),
(3, 27, 14, 114),
(3, 28, 14, 114),
(3, 29, 14, 114),
(3, 30, 14, 114),
(3, 31, 14, 114),
(3, 32, 14, 114),
(3, 33, 14, 114),
(3, 34, 14, 114),
(3, 35, 14, 114),
(3, 36, 14, 114),
(3, 37, 14, 114),
(3, 38, 14, 114),
(3, 39, 14, 114),
(3, 40, 14, 114),
(3, 41, 14, 114),
(3, 42, 14, 114),
(3, 43, 14, 114),
(3, 44, 14, 114),
(3, 1, 15, 115),
(3, 2, 15, 115),
(3, 3, 15, 115),
(3, 4, 15, 115),
(3, 5, 15, 115),
(3, 6, 15, 115),
(3, 7, 15, 115),
(3, 8, 15, 115),
(3, 9, 15, 115),
(3, 10, 15, 115),
(3, 11, 15, 115),
(3, 12, 15, 115),
(3, 13, 15, 115),
(3, 14, 15, 115),
(3, 15, 15, 115),
(3, 16, 15, 115),
(3, 17, 15, 115),
(3, 18, 15, 115),
(3, 19, 15, 115),
(3, 20, 15, 115),
(3, 21, 15, 115),
(3, 22, 15, 115),
(3, 23, 15, 115),
(3, 24, 15, 115),
(3, 25, 15, 115),
(3, 26, 15, 115),
(3, 27, 15, 115),
(3, 28, 15, 115),
(3, 29, 15, 115),
(3, 30, 15, 115),
(3, 31, 15, 115),
(3, 32, 15, 115),
(3, 33, 15, 115),
(3, 34, 15, 115),
(3, 35, 15, 115),
(3, 36, 15, 115),
(3, 37, 15, 115),
(3, 38, 15, 115),
(3, 39, 15, 115),
(3, 40, 15, 115),
(3, 41, 15, 115),
(3, 42, 15, 115),
(3, 43, 15, 115),
(3, 44, 15, 115),
(4, 1, 14, 116),
(4, 2, 14, 116),
(4, 3, 14, 116),
(4, 4, 14, 116),
(4, 5, 14, 116),
(4, 6, 14, 116),
(4, 7, 14, 116),
(4, 8, 14, 116),
(4, 9, 14, 116),
(4, 10, 14, 116),
(4, 11, 14, 116),
(4, 12, 14, 116),
(4, 13, 14, 116),
(4, 14, 14, 116),
(4, 15, 14, 116),
(4, 16, 14, 116),
(4, 17, 14, 116),
(4, 18, 14, 116),
(4, 19, 14, 116),
(4, 1, 15, 117),
(4, 2, 15, 117),
(4, 3, 15, 117),
(4, 4, 15, 117),
(4, 5, 15, 117),
(4, 6, 15, 117),
(4, 7, 15, 117),
(4, 8, 15, 117),
(4, 9, 15, 117),
(4, 10, 15, 117),
(4, 11, 15, 117),
(4, 12, 15, 117),
(4, 13, 15, 117),
(4, 14, 15, 117),
(4, 15, 15, 117),
(4, 16, 15, 117),
(4, 17, 15, 117),
(4, 18, 15, 117),
(4, 19, 15, 117),
(5, 1, 14, 118),
(5, 2, 14, 118),
(5, 3, 14, 118),
(5, 4, 14, 118),
(5, 5, 14, 118),
(5, 6, 14, 118),
(5, 7, 14, 118),
(5, 8, 14, 118),
(5, 9, 14, 118),
(5, 10, 14, 118),
(5, 11, 14, 118),
(5, 12, 14, 118),
(5, 13, 14, 118),
(5, 14, 14, 118),
(5, 15, 14, 118),
(5, 16, 14, 118),
(5, 17, 14, 118),
(5, 18, 14, 118),
(5, 19, 14, 118),
(5, 20, 14, 118),
(5, 21, 14, 118),
(5, 22, 14, 118),
(5, 23, 14, 118),
(5, 24, 14, 118),
(5, 25, 14, 118),
(5, 26, 14, 118),
(5, 27, 14, 118),
(5, 28, 14, 118),
(5, 29, 14, 118),
(5, 30, 14, 118),
(5, 31, 14, 118),
(5, 32, 14, 118),
(5, 33, 14, 118),
(5, 1, 15, 119),
(5, 2, 15, 119),
(5, 3, 15, 119),
(5, 4, 15, 119),
(5, 5, 15, 119),
(5, 6, 15, 119),
(5, 7, 15, 119),
(5, 8, 15, 119),
(5, 9, 15, 119),
(5, 10, 15, 119),
(5, 11, 15, 119),
(5, 12, 15, 119),
(5, 13, 15, 119),
(5, 14, 15, 119),
(5, 15, 15, 119),
(5, 16, 15, 119),
(5, 17, 15, 119),
(5, 18, 15, 119),
(5, 19, 15, 119),
(5, 20, 15, 119),
(5, 21, 15, 119),
(5, 22, 15, 119),
(5, 23, 15, 119),
(5, 24, 15, 119),
(5, 25, 15, 119),
(5, 26, 15, 119),
(5, 27, 15, 119),
(5, 28, 15, 119),
(5, 29, 15, 119),
(5, 30, 15, 119),
(5, 31, 15, 119),
(5, 32, 15, 119),
(5, 33, 15, 119),
(6, 1, 14, 120),
(6, 2, 14, 120),
(6, 3, 14, 120),
(6, 4, 14, 120),
(6, 5, 14, 120),
(6, 6, 14, 120),
(6, 7, 14, 120),
(6, 8, 14, 120),
(6, 9, 14, 120),
(6, 10, 14, 120),
(6, 11, 14, 120),
(6, 12, 14, 120),
(6, 13, 14, 120),
(6, 14, 14, 120),
(6, 15, 14, 120),
(6, 16, 14, 120),
(6, 17, 14, 120),
(6, 18, 14, 120),
(6, 19, 14, 120),
(6, 20, 14, 120),
(6, 21, 14, 120),
(6, 22, 14, 120),
(6, 23, 14, 120),
(6, 24, 14, 120),
(6, 25, 14, 120),
(6, 26, 14, 120),
(6, 27, 14, 120),
(6, 28, 14, 120),
(6, 29, 14, 120),
(6, 30, 14, 120),
(6, 31, 14, 120),
(6, 32, 14, 120),
(6, 33, 14, 120),
(6, 1, 15, 121),
(6, 2, 15, 121),
(6, 3, 15, 121),
(6, 4, 15, 121),
(6, 5, 15, 121),
(6, 6, 15, 121),
(6, 7, 15, 121),
(6, 8, 15, 121),
(6, 9, 15, 121),
(6, 10, 15, 121),
(6, 11, 15, 121),
(6, 12, 15, 121),
(6, 13, 15, 121),
(6, 14, 15, 121),
(6, 15, 15, 121),
(6, 16, 15, 121),
(6, 17, 15, 121),
(6, 18, 15, 121),
(6, 19, 15, 121),
(6, 20, 15, 121),
(6, 21, 15, 121),
(6, 22, 15, 121),
(6, 23, 15, 121),
(6, 24, 15, 121),
(6, 25, 15, 121),
(6, 26, 15, 121),
(6, 27, 15, 121),
(6, 28, 15, 121),
(6, 29, 15, 121),
(6, 30, 15, 121),
(6, 31, 15, 121),
(6, 32, 15, 121),
(6, 33, 15, 121),
(7, 1, 14, 122),
(7, 2, 14, 122),
(7, 3, 14, 122),
(7, 4, 14, 122),
(7, 5, 14, 122),
(7, 6, 14, 122),
(7, 7, 14, 122),
(7, 8, 14, 122),
(7, 9, 14, 122),
(7, 10, 14, 122),
(7, 11, 14, 122),
(7, 12, 14, 122),
(7, 13, 14, 122),
(7, 14, 14, 122),
(7, 15, 14, 122),
(7, 16, 14, 122),
(7, 17, 14, 122),
(7, 18, 14, 122),
(7, 19, 14, 122),
(7, 20, 14, 122),
(7, 21, 14, 122),
(7, 22, 14, 122),
(7, 23, 14, 122),
(7, 24, 14, 122),
(7, 25, 14, 122),
(7, 26, 14, 122),
(7, 27, 14, 122),
(7, 28, 14, 122),
(7, 29, 14, 122),
(7, 30, 14, 122),
(7, 31, 14, 122),
(7, 32, 14, 122),
(7, 33, 14, 122),
(7, 34, 14, 122),
(7, 35, 14, 122),
(7, 36, 14, 122),
(7, 37, 14, 122),
(7, 38, 14, 122),
(7, 39, 14, 122),
(7, 40, 14, 122),
(7, 41, 14, 122),
(7, 42, 14, 122),
(7, 43, 14, 122),
(7, 44, 14, 122),
(7, 1, 15, 123),
(7, 2, 15, 123),
(7, 3, 15, 123),
(7, 4, 15, 123),
(7, 5, 15, 123),
(7, 6, 15, 123),
(7, 7, 15, 123),
(7, 8, 15, 123),
(7, 9, 15, 123),
(7, 10, 15, 123),
(7, 11, 15, 123),
(7, 12, 15, 123),
(7, 13, 15, 123),
(7, 14, 15, 123),
(7, 15, 15, 123),
(7, 16, 15, 123),
(7, 17, 15, 123),
(7, 18, 15, 123),
(7, 19, 15, 123),
(7, 20, 15, 123),
(7, 21, 15, 123),
(7, 22, 15, 123),
(7, 23, 15, 123),
(7, 24, 15, 123),
(7, 25, 15, 123),
(7, 26, 15, 123),
(7, 27, 15, 123),
(7, 28, 15, 123),
(7, 29, 15, 123),
(7, 30, 15, 123),
(7, 31, 15, 123),
(7, 32, 15, 123),
(7, 33, 15, 123),
(7, 34, 15, 123),
(7, 35, 15, 123),
(7, 36, 15, 123),
(7, 37, 15, 123),
(7, 38, 15, 123),
(7, 39, 15, 123),
(7, 40, 15, 123),
(7, 41, 15, 123),
(7, 42, 15, 123),
(7, 43, 15, 123),
(7, 44, 15, 123),
(8, 1, 14, 124),
(8, 2, 14, 124),
(8, 3, 14, 124),
(8, 4, 14, 124),
(8, 5, 14, 124),
(8, 6, 14, 124),
(8, 7, 14, 124),
(8, 8, 14, 124),
(8, 9, 14, 124),
(8, 10, 14, 124),
(8, 11, 14, 124),
(8, 12, 14, 124),
(8, 13, 14, 124),
(8, 14, 14, 124),
(8, 15, 14, 124),
(8, 16, 14, 124),
(8, 17, 14, 124),
(8, 18, 14, 124),
(8, 19, 14, 124),
(8, 20, 14, 124),
(8, 21, 14, 124),
(8, 22, 14, 124),
(8, 23, 14, 124),
(8, 24, 14, 124),
(8, 25, 14, 124),
(8, 26, 14, 124),
(8, 27, 14, 124),
(8, 28, 14, 124),
(8, 29, 14, 124),
(8, 30, 14, 124),
(8, 31, 14, 124),
(8, 32, 14, 124),
(8, 1, 15, 125),
(8, 2, 15, 125),
(8, 3, 15, 125),
(8, 4, 15, 125),
(8, 5, 15, 125),
(8, 6, 15, 125),
(8, 7, 15, 125),
(8, 8, 15, 125),
(8, 9, 15, 125),
(8, 10, 15, 125),
(8, 11, 15, 125),
(8, 12, 15, 125),
(8, 13, 15, 125),
(8, 14, 15, 125),
(8, 15, 15, 125),
(8, 16, 15, 125),
(8, 17, 15, 125),
(8, 18, 15, 125),
(8, 19, 15, 125),
(8, 20, 15, 125),
(8, 21, 15, 125),
(8, 22, 15, 125),
(8, 23, 15, 125),
(8, 24, 15, 125),
(8, 25, 15, 125),
(8, 26, 15, 125),
(8, 27, 15, 125),
(8, 28, 15, 125),
(8, 29, 15, 125),
(8, 30, 15, 125),
(8, 31, 15, 125),
(8, 32, 15, 125),
(9, 1, 14, 126),
(9, 2, 14, 126),
(9, 3, 14, 126),
(9, 4, 14, 126),
(9, 5, 14, 126),
(9, 6, 14, 126),
(9, 7, 14, 126),
(9, 8, 14, 126),
(9, 9, 14, 126),
(9, 10, 14, 126),
(9, 11, 14, 126),
(9, 12, 14, 126),
(9, 13, 14, 126),
(9, 14, 14, 126),
(9, 15, 14, 126),
(9, 16, 14, 126),
(9, 17, 14, 126),
(9, 18, 14, 126),
(9, 19, 14, 126),
(9, 20, 14, 126),
(9, 21, 14, 126),
(9, 22, 14, 126),
(9, 23, 14, 126),
(9, 24, 14, 126),
(9, 25, 14, 126),
(9, 26, 14, 126),
(9, 27, 14, 126),
(9, 28, 14, 126),
(9, 29, 14, 126),
(9, 30, 14, 126),
(9, 31, 14, 126),
(9, 32, 14, 126),
(9, 33, 14, 126),
(9, 34, 14, 126),
(9, 1, 15, 127),
(9, 2, 15, 127),
(9, 3, 15, 127),
(9, 4, 15, 127),
(9, 5, 15, 127),
(9, 6, 15, 127),
(9, 7, 15, 127),
(9, 8, 15, 127),
(9, 9, 15, 127),
(9, 10, 15, 127),
(9, 11, 15, 127),
(9, 12, 15, 127),
(9, 13, 15, 127),
(9, 14, 15, 127),
(9, 15, 15, 127),
(9, 16, 15, 127),
(9, 17, 15, 127),
(9, 18, 15, 127),
(9, 19, 15, 127),
(9, 20, 15, 127),
(9, 21, 15, 127),
(9, 22, 15, 127),
(9, 23, 15, 127),
(9, 24, 15, 127),
(9, 25, 15, 127),
(9, 26, 15, 127),
(9, 27, 15, 127),
(9, 28, 15, 127),
(9, 29, 15, 127),
(9, 30, 15, 127),
(9, 31, 15, 127),
(9, 32, 15, 127),
(9, 33, 15, 127),
(9, 34, 15, 127),
(10, 1, 14, 128),
(10, 2, 14, 128),
(10, 3, 14, 128),
(10, 4, 14, 128),
(10, 5, 14, 128),
(10, 6, 14, 128),
(10, 7, 14, 128),
(10, 8, 14, 128),
(10, 9, 14, 128),
(10, 10, 14, 128),
(10, 11, 14, 128),
(10, 12, 14, 128),
(10, 13, 14, 128),
(10, 14, 14, 128),
(10, 15, 14, 128),
(10, 16, 14, 128),
(10, 17, 14, 128),
(10, 18, 14, 128),
(10, 19, 14, 128),
(10, 20, 14, 128),
(10, 21, 14, 128),
(10, 22, 14, 128),
(10, 23, 14, 128),
(10, 24, 14, 128),
(10, 25, 14, 128),
(10, 26, 14, 128),
(10, 27, 14, 128),
(10, 28, 14, 128),
(10, 29, 14, 128),
(10, 30, 14, 128),
(10, 31, 14, 128),
(10, 32, 14, 128),
(10, 33, 14, 128),
(10, 34, 14, 128),
(10, 35, 14, 128),
(10, 36, 14, 128),
(10, 37, 14, 128),
(10, 38, 14, 128),
(10, 39, 14, 128),
(10, 40, 14, 128),
(10, 41, 14, 128),
(10, 42, 14, 128),
(10, 43, 14, 128),
(10, 44, 14, 128),
(10, 1, 15, 129),
(10, 2, 15, 129),
(10, 3, 15, 129),
(10, 4, 15, 129),
(10, 5, 15, 129),
(10, 6, 15, 129),
(10, 7, 15, 129),
(10, 8, 15, 129),
(10, 9, 15, 129),
(10, 10, 15, 129),
(10, 11, 15, 129),
(10, 12, 15, 129),
(10, 13, 15, 129),
(10, 14, 15, 129),
(10, 15, 15, 129),
(10, 16, 15, 129),
(10, 17, 15, 129),
(10, 18, 15, 129),
(10, 19, 15, 129),
(10, 20, 15, 129),
(10, 21, 15, 129),
(10, 22, 15, 129),
(10, 23, 15, 129),
(10, 24, 15, 129),
(10, 25, 15, 129),
(10, 26, 15, 129),
(10, 27, 15, 129),
(10, 28, 15, 129),
(10, 29, 15, 129),
(10, 30, 15, 129),
(10, 31, 15, 129),
(10, 32, 15, 129),
(10, 33, 15, 129),
(10, 34, 15, 129),
(10, 35, 15, 129),
(10, 36, 15, 129),
(10, 37, 15, 129),
(10, 38, 15, 129),
(10, 39, 15, 129),
(10, 40, 15, 129),
(10, 41, 15, 129),
(10, 42, 15, 129),
(10, 43, 15, 129),
(10, 44, 15, 129),
(11, 1, 14, 130),
(11, 2, 14, 130),
(11, 3, 14, 130),
(11, 4, 14, 130),
(11, 5, 14, 130),
(11, 6, 14, 130),
(11, 7, 14, 130),
(11, 8, 14, 130),
(11, 9, 14, 130),
(11, 10, 14, 130),
(11, 11, 14, 130),
(11, 12, 14, 130),
(11, 13, 14, 130),
(11, 14, 14, 130),
(11, 15, 14, 130),
(11, 16, 14, 130),
(11, 17, 14, 130),
(11, 18, 14, 130),
(11, 19, 14, 130),
(11, 20, 14, 130),
(11, 21, 14, 130),
(11, 22, 14, 130),
(11, 23, 14, 130),
(11, 24, 14, 130),
(11, 25, 14, 130),
(11, 26, 14, 130),
(11, 27, 14, 130),
(11, 28, 14, 130),
(11, 29, 14, 130),
(11, 30, 14, 130),
(11, 31, 14, 130),
(11, 32, 14, 130),
(11, 33, 14, 130),
(11, 34, 14, 130),
(11, 35, 14, 130),
(11, 36, 14, 130),
(11, 37, 14, 130),
(11, 38, 14, 130),
(11, 39, 14, 130),
(11, 40, 14, 130),
(11, 41, 14, 130),
(11, 42, 14, 130),
(11, 43, 14, 130),
(11, 44, 14, 130),
(11, 45, 14, 130),
(11, 1, 15, 131),
(11, 2, 15, 131),
(11, 3, 15, 131),
(11, 4, 15, 131),
(11, 5, 15, 131),
(11, 6, 15, 131),
(11, 7, 15, 131),
(11, 8, 15, 131),
(11, 9, 15, 131),
(11, 10, 15, 131),
(11, 11, 15, 131),
(11, 12, 15, 131),
(11, 13, 15, 131),
(11, 14, 15, 131),
(11, 15, 15, 131),
(11, 16, 15, 131),
(11, 17, 15, 131),
(11, 18, 15, 131),
(11, 19, 15, 131),
(11, 20, 15, 131),
(11, 21, 15, 131),
(11, 22, 15, 131),
(11, 23, 15, 131),
(11, 24, 15, 131),
(11, 25, 15, 131),
(11, 26, 15, 131),
(11, 27, 15, 131),
(11, 28, 15, 131),
(11, 29, 15, 131),
(11, 30, 15, 131),
(11, 31, 15, 131),
(11, 32, 15, 131),
(11, 33, 15, 131),
(11, 34, 15, 131),
(11, 35, 15, 131),
(11, 36, 15, 131),
(11, 37, 15, 131),
(11, 38, 15, 131),
(11, 39, 15, 131),
(11, 40, 15, 131),
(11, 41, 15, 131),
(11, 42, 15, 131),
(11, 43, 15, 131),
(11, 44, 15, 131),
(11, 45, 15, 131),
(12, 1, 14, 132),
(12, 2, 14, 132),
(12, 3, 14, 132),
(12, 4, 14, 132),
(12, 5, 14, 132),
(12, 6, 14, 132),
(12, 7, 14, 132),
(12, 8, 14, 132),
(12, 9, 14, 132),
(12, 10, 14, 132),
(12, 11, 14, 132),
(12, 12, 14, 132),
(12, 13, 14, 132),
(12, 14, 14, 132),
(12, 15, 14, 132),
(12, 16, 14, 132),
(12, 17, 14, 132),
(12, 18, 14, 132),
(12, 19, 14, 132),
(12, 20, 14, 132),
(12, 21, 14, 132),
(12, 22, 14, 132),
(12, 23, 14, 132),
(12, 24, 14, 132),
(12, 25, 14, 132),
(12, 26, 14, 132),
(12, 27, 14, 132),
(12, 28, 14, 132),
(12, 29, 14, 132),
(12, 30, 14, 132),
(12, 31, 14, 132),
(12, 32, 14, 132),
(12, 33, 14, 132),
(12, 34, 14, 132),
(12, 35, 14, 132),
(12, 36, 14, 132),
(12, 37, 14, 132),
(12, 38, 14, 132),
(12, 39, 14, 132),
(12, 40, 14, 132),
(12, 41, 14, 132),
(12, 42, 14, 132),
(12, 43, 14, 132),
(12, 44, 14, 132),
(12, 1, 15, 133),
(12, 2, 15, 133),
(12, 3, 15, 133),
(12, 4, 15, 133),
(12, 5, 15, 133),
(12, 6, 15, 133),
(12, 7, 15, 133),
(12, 8, 15, 133),
(12, 9, 15, 133),
(12, 10, 15, 133),
(12, 11, 15, 133),
(12, 12, 15, 133),
(12, 13, 15, 133),
(12, 14, 15, 133),
(12, 15, 15, 133),
(12, 16, 15, 133),
(12, 17, 15, 133),
(12, 18, 15, 133),
(12, 19, 15, 133),
(12, 20, 15, 133),
(12, 21, 15, 133),
(12, 22, 15, 133),
(12, 23, 15, 133),
(12, 24, 15, 133),
(12, 25, 15, 133),
(12, 26, 15, 133),
(12, 27, 15, 133),
(12, 28, 15, 133),
(12, 29, 15, 133),
(12, 30, 15, 133),
(12, 31, 15, 133),
(12, 32, 15, 133),
(12, 33, 15, 133),
(12, 34, 15, 133),
(12, 35, 15, 133),
(12, 36, 15, 133),
(12, 37, 15, 133),
(12, 38, 15, 133),
(12, 39, 15, 133),
(12, 40, 15, 133),
(12, 41, 15, 133),
(12, 42, 15, 133),
(12, 43, 15, 133),
(12, 44, 15, 133),
(13, 1, 14, 134),
(13, 2, 14, 134),
(13, 3, 14, 134),
(13, 4, 14, 134),
(13, 5, 14, 134),
(13, 6, 14, 134),
(13, 7, 14, 134),
(13, 8, 14, 134),
(13, 9, 14, 134),
(13, 10, 14, 134),
(13, 11, 14, 134),
(13, 12, 14, 134),
(13, 13, 14, 134),
(13, 14, 14, 134),
(13, 15, 14, 134),
(13, 16, 14, 134),
(13, 17, 14, 134),
(13, 18, 14, 134),
(13, 19, 14, 134),
(13, 20, 14, 134),
(13, 21, 14, 134),
(13, 22, 14, 134),
(13, 23, 14, 134),
(13, 24, 14, 134),
(13, 25, 14, 134),
(13, 26, 14, 134),
(13, 27, 14, 134),
(13, 28, 14, 134),
(13, 29, 14, 134),
(13, 30, 14, 134),
(13, 31, 14, 134),
(13, 32, 14, 134),
(13, 33, 14, 134),
(13, 34, 14, 134),
(13, 35, 14, 134),
(13, 36, 14, 134),
(13, 37, 14, 134),
(13, 38, 14, 134),
(13, 39, 14, 134),
(13, 40, 14, 134),
(13, 41, 14, 134),
(13, 42, 14, 134),
(13, 43, 14, 134),
(13, 44, 14, 134),
(13, 45, 14, 134),
(13, 46, 14, 134),
(13, 1, 15, 135),
(13, 2, 15, 135),
(13, 3, 15, 135),
(13, 4, 15, 135),
(13, 5, 15, 135),
(13, 6, 15, 135),
(13, 7, 15, 135),
(13, 8, 15, 135),
(13, 9, 15, 135),
(13, 10, 15, 135),
(13, 11, 15, 135),
(13, 12, 15, 135),
(13, 13, 15, 135),
(13, 14, 15, 135),
(13, 15, 15, 135),
(13, 16, 15, 135),
(13, 17, 15, 135),
(13, 18, 15, 135),
(13, 19, 15, 135),
(13, 20, 15, 135),
(13, 21, 15, 135),
(13, 22, 15, 135),
(13, 23, 15, 135),
(13, 24, 15, 135),
(13, 25, 15, 135),
(13, 26, 15, 135),
(13, 27, 15, 135),
(13, 28, 15, 135),
(13, 29, 15, 135),
(13, 30, 15, 135),
(13, 31, 15, 135),
(13, 32, 15, 135),
(13, 33, 15, 135),
(13, 34, 15, 135),
(13, 35, 15, 135),
(13, 36, 15, 135),
(13, 37, 15, 135),
(13, 38, 15, 135),
(13, 39, 15, 135),
(13, 40, 15, 135),
(13, 41, 15, 135),
(13, 42, 15, 135),
(13, 43, 15, 135),
(13, 44, 15, 135),
(13, 45, 15, 135),
(13, 46, 15, 135),
(14, 1, 14, 136),
(14, 2, 14, 136),
(14, 3, 14, 136),
(14, 4, 14, 136),
(14, 5, 14, 136),
(14, 6, 14, 136),
(14, 7, 14, 136),
(14, 8, 14, 136),
(14, 9, 14, 136),
(14, 10, 14, 136),
(14, 11, 14, 136),
(14, 12, 14, 136),
(14, 13, 14, 136),
(14, 14, 14, 136),
(14, 15, 14, 136),
(14, 16, 14, 136),
(14, 17, 14, 136),
(14, 18, 14, 136),
(14, 19, 14, 136),
(14, 20, 14, 136),
(14, 21, 14, 136),
(14, 22, 14, 136),
(14, 23, 14, 136),
(14, 24, 14, 136),
(14, 25, 14, 136),
(14, 26, 14, 136),
(14, 27, 14, 136),
(14, 28, 14, 136),
(14, 29, 14, 136),
(14, 30, 14, 136),
(14, 31, 14, 136),
(14, 32, 14, 136),
(14, 33, 14, 136),
(14, 34, 14, 136),
(14, 35, 14, 136),
(14, 36, 14, 136),
(14, 37, 14, 136),
(14, 1, 15, 137),
(14, 2, 15, 137),
(14, 3, 15, 137),
(14, 4, 15, 137),
(14, 5, 15, 137),
(14, 6, 15, 137),
(14, 7, 15, 137),
(14, 8, 15, 137),
(14, 9, 15, 137),
(14, 10, 15, 137),
(14, 11, 15, 137),
(14, 12, 15, 137),
(14, 13, 15, 137),
(14, 14, 15, 137),
(14, 15, 15, 137),
(14, 16, 15, 137),
(14, 17, 15, 137),
(14, 18, 15, 137),
(14, 19, 15, 137),
(14, 20, 15, 137),
(14, 21, 15, 137),
(14, 22, 15, 137),
(14, 23, 15, 137),
(14, 24, 15, 137),
(14, 25, 15, 137),
(14, 26, 15, 137),
(14, 27, 15, 137),
(14, 28, 15, 137),
(14, 29, 15, 137),
(14, 30, 15, 137),
(14, 31, 15, 137),
(14, 32, 15, 137),
(14, 33, 15, 137),
(14, 34, 15, 137),
(14, 35, 15, 137),
(14, 36, 15, 137),
(14, 37, 15, 137),
(15, 1, 14, 138),
(15, 2, 14, 138),
(15, 3, 14, 138),
(15, 4, 14, 138),
(15, 5, 14, 138),
(15, 6, 14, 138),
(15, 7, 14, 138),
(15, 8, 14, 138),
(15, 9, 14, 138),
(15, 10, 14, 138),
(15, 11, 14, 138),
(15, 12, 14, 138),
(15, 13, 14, 138),
(15, 14, 14, 138),
(15, 15, 14, 138),
(15, 16, 14, 138),
(15, 17, 14, 138),
(15, 18, 14, 138),
(15, 19, 14, 138),
(15, 20, 14, 138),
(15, 21, 14, 138),
(15, 22, 14, 138),
(15, 23, 14, 138),
(15, 24, 14, 138),
(15, 25, 14, 138),
(15, 26, 14, 138),
(15, 27, 14, 138),
(15, 28, 14, 138),
(15, 29, 14, 138),
(15, 30, 14, 138),
(15, 31, 14, 138),
(15, 32, 14, 138),
(15, 33, 14, 138),
(15, 34, 14, 138),
(15, 1, 15, 139),
(15, 2, 15, 139),
(15, 3, 15, 139),
(15, 4, 15, 139),
(15, 5, 15, 139),
(15, 6, 15, 139),
(15, 7, 15, 139),
(15, 8, 15, 139),
(15, 9, 15, 139),
(15, 10, 15, 139),
(15, 11, 15, 139),
(15, 12, 15, 139),
(15, 13, 15, 139),
(15, 14, 15, 139),
(15, 15, 15, 139),
(15, 16, 15, 139),
(15, 17, 15, 139),
(15, 18, 15, 139),
(15, 19, 15, 139),
(15, 20, 15, 139),
(15, 21, 15, 139),
(15, 22, 15, 139),
(15, 23, 15, 139),
(15, 24, 15, 139),
(15, 25, 15, 139),
(15, 26, 15, 139),
(15, 27, 15, 139),
(15, 28, 15, 139),
(15, 29, 15, 139),
(15, 30, 15, 139),
(15, 31, 15, 139),
(15, 32, 15, 139),
(15, 33, 15, 139),
(15, 34, 15, 139),
(16, 1, 14, 140),
(16, 1, 15, 141),
(17, 1, 14, 148),
(17, 1, 15, 149),
(18, 1, 14, 161),
(18, 1, 15, 162),
(19, 1, 14, 193),
(19, 1, 15, 194),
(20, 1, 14, 195),
(20, 1, 15, 196),
(13, 19, 23, 203),
(13, 20, 23, 203),
(13, 21, 23, 203),
(13, 22, 23, 203),
(13, 23, 23, 203),
(13, 24, 23, 203),
(13, 25, 23, 203),
(13, 26, 23, 203),
(13, 27, 23, 203),
(13, 28, 23, 203),
(13, 29, 23, 203),
(13, 30, 23, 203),
(13, 31, 23, 203),
(13, 32, 23, 203),
(13, 33, 23, 203),
(13, 34, 23, 203),
(13, 35, 23, 203),
(13, 36, 23, 203),
(13, 37, 23, 203),
(13, 38, 23, 203),
(13, 39, 23, 203),
(13, 40, 23, 203),
(13, 41, 23, 203),
(13, 42, 23, 203),
(13, 43, 23, 203),
(13, 44, 23, 203),
(13, 45, 23, 203),
(13, 46, 23, 203),
(14, 20, 25, 204),
(14, 21, 25, 204),
(14, 22, 25, 204),
(14, 23, 25, 204),
(14, 24, 25, 204),
(14, 25, 25, 204),
(14, 26, 25, 204),
(14, 27, 25, 204),
(14, 28, 25, 204),
(14, 29, 25, 204),
(14, 30, 25, 204),
(14, 31, 25, 204),
(14, 32, 25, 204),
(14, 33, 25, 204),
(14, 34, 25, 204),
(14, 35, 25, 204),
(14, 36, 25, 204),
(14, 37, 25, 204),
(9, 19, 25, 205),
(9, 20, 25, 205),
(9, 21, 25, 205),
(9, 22, 25, 205),
(9, 23, 25, 205),
(9, 24, 25, 205),
(9, 25, 25, 205),
(9, 26, 25, 205),
(9, 27, 25, 205),
(9, 28, 25, 205),
(9, 29, 25, 205),
(9, 30, 25, 205),
(9, 31, 25, 205),
(9, 32, 25, 205),
(9, 33, 25, 205),
(9, 34, 25, 205),
(13, 19, 25, 206),
(13, 20, 25, 206),
(13, 21, 25, 206),
(13, 22, 25, 206),
(13, 23, 25, 206),
(13, 24, 25, 206),
(13, 25, 25, 206),
(13, 26, 25, 206),
(13, 27, 25, 206),
(13, 28, 25, 206),
(13, 29, 25, 206),
(13, 30, 25, 206),
(13, 31, 25, 206),
(13, 32, 25, 206),
(13, 33, 25, 206),
(13, 34, 25, 206),
(13, 35, 25, 206),
(13, 36, 25, 206),
(13, 37, 25, 206),
(13, 38, 25, 206),
(13, 39, 25, 206),
(13, 40, 25, 206),
(13, 41, 25, 206),
(13, 42, 25, 206),
(13, 43, 25, 206),
(13, 44, 25, 206),
(13, 45, 25, 206),
(13, 46, 25, 206),
(12, 18, 25, 207),
(12, 19, 25, 207),
(12, 20, 25, 207),
(12, 21, 25, 207),
(12, 22, 25, 207),
(12, 23, 25, 207),
(12, 24, 25, 207),
(12, 25, 25, 207),
(12, 26, 25, 207),
(12, 27, 25, 207),
(12, 28, 25, 207),
(12, 29, 25, 207),
(12, 30, 25, 207),
(12, 31, 25, 207),
(12, 32, 25, 207),
(12, 33, 25, 207),
(12, 34, 25, 207),
(12, 35, 25, 207),
(12, 36, 25, 207),
(12, 37, 25, 207),
(12, 38, 25, 207),
(12, 39, 25, 207),
(12, 40, 25, 207),
(12, 41, 25, 207),
(12, 42, 25, 207),
(12, 43, 25, 207),
(12, 44, 25, 207),
(10, 18, 25, 208),
(10, 19, 25, 208),
(10, 20, 25, 208),
(10, 21, 25, 208),
(10, 22, 25, 208),
(10, 23, 25, 208),
(10, 24, 25, 208),
(10, 25, 25, 208),
(10, 26, 25, 208),
(10, 27, 25, 208),
(10, 28, 25, 208),
(10, 29, 25, 208),
(10, 30, 25, 208),
(10, 31, 25, 208),
(10, 32, 25, 208),
(10, 33, 25, 208),
(10, 34, 25, 208),
(10, 35, 25, 208),
(10, 36, 25, 208),
(10, 37, 25, 208),
(10, 38, 25, 208),
(10, 39, 25, 208),
(10, 40, 25, 208),
(10, 41, 25, 208),
(10, 42, 25, 208),
(10, 43, 25, 208),
(10, 44, 25, 208),
(7, 17, 25, 209),
(7, 18, 25, 209),
(7, 19, 25, 209),
(7, 20, 25, 209),
(7, 21, 25, 209),
(7, 22, 25, 209),
(7, 23, 25, 209),
(7, 24, 25, 209),
(7, 25, 25, 209),
(7, 26, 25, 209),
(7, 27, 25, 209),
(7, 28, 25, 209),
(7, 29, 25, 209),
(7, 30, 25, 209),
(7, 31, 25, 209),
(7, 32, 25, 209),
(7, 33, 25, 209),
(7, 34, 25, 209),
(7, 35, 25, 209),
(7, 36, 25, 209),
(7, 37, 25, 209),
(7, 38, 25, 209),
(7, 39, 25, 209),
(7, 40, 25, 209),
(7, 41, 25, 209),
(7, 42, 25, 209),
(7, 43, 25, 209),
(7, 44, 25, 209),
(3, 16, 25, 210),
(3, 17, 25, 210),
(3, 18, 25, 210),
(3, 19, 25, 210),
(3, 20, 25, 210),
(3, 21, 25, 210),
(3, 22, 25, 210),
(3, 23, 25, 210),
(3, 24, 25, 210),
(3, 25, 25, 210),
(3, 26, 25, 210),
(3, 27, 25, 210),
(3, 28, 25, 210),
(3, 29, 25, 210),
(3, 30, 25, 210),
(3, 31, 25, 210),
(3, 32, 25, 210),
(3, 33, 25, 210),
(3, 34, 25, 210),
(3, 35, 25, 210),
(3, 36, 25, 210),
(3, 37, 25, 210),
(3, 38, 25, 210),
(3, 39, 25, 210),
(3, 40, 25, 210),
(3, 41, 25, 210),
(3, 42, 25, 210),
(3, 43, 25, 210),
(3, 44, 25, 210),
(15, 5, 25, 211),
(15, 6, 25, 211),
(15, 7, 25, 211),
(15, 8, 25, 211),
(15, 9, 25, 211),
(15, 10, 25, 211),
(15, 11, 25, 211),
(15, 12, 25, 211),
(15, 13, 25, 211),
(15, 14, 25, 211),
(15, 15, 25, 211),
(15, 16, 25, 211),
(15, 17, 25, 211),
(15, 18, 25, 211),
(15, 19, 25, 211),
(15, 20, 25, 211),
(15, 21, 25, 211),
(15, 22, 25, 211),
(15, 23, 25, 211),
(15, 24, 25, 211),
(15, 25, 25, 211),
(15, 26, 25, 211),
(15, 27, 25, 211),
(15, 28, 25, 211),
(15, 29, 25, 211),
(15, 30, 25, 211),
(15, 31, 25, 211),
(15, 32, 25, 211),
(15, 33, 25, 211),
(15, 34, 25, 211),
(2, 17, 25, 212),
(2, 18, 25, 212),
(2, 19, 25, 212),
(2, 20, 25, 212),
(2, 21, 25, 212),
(2, 22, 25, 212),
(2, 23, 25, 212),
(2, 24, 25, 212),
(2, 25, 25, 212),
(2, 26, 25, 212),
(2, 27, 25, 212),
(2, 28, 25, 212),
(2, 29, 25, 212),
(2, 30, 25, 212),
(2, 31, 25, 212),
(2, 32, 25, 212),
(2, 33, 25, 212),
(21, 1, 14, 221),
(21, 1, 15, 222),
(22, 1, 14, 231),
(22, 2, 14, 231),
(22, 3, 14, 231),
(22, 4, 14, 231),
(22, 5, 14, 231),
(22, 6, 14, 231),
(22, 7, 14, 231),
(22, 8, 14, 231),
(22, 9, 14, 231),
(22, 10, 14, 231),
(22, 11, 14, 231),
(22, 12, 14, 231),
(22, 13, 14, 231),
(22, 14, 14, 231),
(22, 15, 14, 231),
(22, 16, 14, 231),
(22, 17, 14, 231),
(22, 18, 14, 231),
(22, 1, 15, 232),
(22, 2, 15, 232),
(22, 3, 15, 232),
(22, 4, 15, 232),
(22, 5, 15, 232),
(22, 6, 15, 232),
(22, 7, 15, 232),
(22, 8, 15, 232),
(22, 9, 15, 232),
(22, 10, 15, 232),
(22, 11, 15, 232),
(22, 12, 15, 232),
(22, 13, 15, 232),
(22, 14, 15, 232),
(22, 15, 15, 232),
(22, 16, 15, 232),
(22, 17, 15, 232),
(22, 18, 15, 232),
(23, 1, 14, 233),
(23, 2, 14, 233),
(23, 3, 14, 233),
(23, 4, 14, 233),
(23, 5, 14, 233),
(23, 6, 14, 233),
(23, 7, 14, 233),
(23, 8, 14, 233),
(23, 9, 14, 233),
(23, 10, 14, 233),
(23, 11, 14, 233),
(23, 12, 14, 233),
(23, 13, 14, 233),
(23, 14, 14, 233),
(23, 15, 14, 233),
(23, 16, 14, 233),
(23, 17, 14, 233),
(23, 18, 14, 233),
(23, 19, 14, 233),
(23, 20, 14, 233),
(23, 1, 15, 234),
(23, 2, 15, 234),
(23, 3, 15, 234),
(23, 4, 15, 234),
(23, 5, 15, 234),
(23, 6, 15, 234),
(23, 7, 15, 234),
(23, 8, 15, 234),
(23, 9, 15, 234),
(23, 10, 15, 234),
(23, 11, 15, 234),
(23, 12, 15, 234),
(23, 13, 15, 234),
(23, 14, 15, 234),
(23, 15, 15, 234),
(23, 16, 15, 234),
(23, 17, 15, 234),
(23, 18, 15, 234),
(23, 19, 15, 234),
(23, 20, 15, 234),
(24, 1, 14, 235),
(24, 2, 14, 235),
(24, 3, 14, 235),
(24, 4, 14, 235),
(24, 5, 14, 235),
(24, 6, 14, 235),
(24, 7, 14, 235),
(24, 8, 14, 235),
(24, 9, 14, 235),
(24, 10, 14, 235),
(24, 11, 14, 235),
(24, 12, 14, 235),
(24, 13, 14, 235),
(24, 14, 14, 235),
(24, 15, 14, 235),
(24, 16, 14, 235),
(24, 17, 14, 235),
(24, 18, 14, 235),
(24, 19, 14, 235),
(24, 20, 14, 235),
(24, 21, 14, 235),
(24, 22, 14, 235),
(24, 23, 14, 235),
(24, 24, 14, 235),
(24, 25, 14, 235),
(24, 26, 14, 235),
(24, 27, 14, 235),
(24, 28, 14, 235),
(24, 29, 14, 235),
(24, 1, 15, 236),
(24, 2, 15, 236),
(24, 3, 15, 236),
(24, 4, 15, 236),
(24, 5, 15, 236),
(24, 6, 15, 236),
(24, 7, 15, 236),
(24, 8, 15, 236),
(24, 9, 15, 236),
(24, 10, 15, 236),
(24, 11, 15, 236),
(24, 12, 15, 236),
(24, 13, 15, 236),
(24, 14, 15, 236),
(24, 15, 15, 236),
(24, 16, 15, 236),
(24, 17, 15, 236),
(24, 18, 15, 236),
(24, 19, 15, 236),
(24, 20, 15, 236),
(24, 21, 15, 236),
(24, 22, 15, 236),
(24, 23, 15, 236),
(24, 24, 15, 236),
(24, 25, 15, 236),
(24, 26, 15, 236),
(24, 27, 15, 236),
(24, 28, 15, 236),
(24, 29, 15, 236),
(25, 1, 14, 237),
(25, 1, 15, 238),
(26, 1, 14, 239),
(26, 2, 14, 239),
(26, 3, 14, 239),
(26, 4, 14, 239),
(26, 5, 14, 239),
(26, 6, 14, 239),
(26, 7, 14, 239),
(26, 8, 14, 239),
(26, 9, 14, 239),
(26, 1, 15, 240),
(26, 2, 15, 240),
(26, 3, 15, 240),
(26, 4, 15, 240),
(26, 5, 15, 240),
(26, 6, 15, 240),
(26, 7, 15, 240),
(26, 8, 15, 240),
(26, 9, 15, 240),
(27, 1, 14, 241),
(27, 1, 15, 242),
(28, 1, 14, 243),
(28, 2, 14, 243),
(28, 3, 14, 243),
(28, 4, 14, 243),
(28, 5, 14, 243),
(28, 6, 14, 243),
(28, 7, 14, 243),
(28, 8, 14, 243),
(28, 9, 14, 243),
(28, 1, 15, 244),
(28, 2, 15, 244),
(28, 3, 15, 244),
(28, 4, 15, 244),
(28, 5, 15, 244),
(28, 6, 15, 244),
(28, 7, 15, 244),
(28, 8, 15, 244),
(28, 9, 15, 244),
(29, 1, 14, 245),
(29, 2, 14, 245),
(29, 3, 14, 245),
(29, 4, 14, 245),
(29, 5, 14, 245),
(29, 6, 14, 245),
(29, 7, 14, 245),
(29, 8, 14, 245),
(29, 9, 14, 245),
(29, 10, 14, 245),
(29, 11, 14, 245),
(29, 12, 14, 245),
(29, 13, 14, 245),
(29, 14, 14, 245),
(29, 15, 14, 245),
(29, 16, 14, 245),
(29, 17, 14, 245),
(29, 18, 14, 245),
(29, 19, 14, 245),
(29, 20, 14, 245),
(29, 21, 14, 245),
(29, 22, 14, 245),
(29, 23, 14, 245),
(29, 24, 14, 245),
(29, 25, 14, 245),
(29, 26, 14, 245),
(29, 27, 14, 245),
(29, 28, 14, 245),
(29, 29, 14, 245),
(29, 30, 14, 245),
(29, 31, 14, 245),
(29, 1, 15, 246),
(29, 2, 15, 246),
(29, 3, 15, 246),
(29, 4, 15, 246),
(29, 5, 15, 246),
(29, 6, 15, 246),
(29, 7, 15, 246),
(29, 8, 15, 246),
(29, 9, 15, 246),
(29, 10, 15, 246),
(29, 11, 15, 246),
(29, 12, 15, 246),
(29, 13, 15, 246),
(29, 14, 15, 246),
(29, 15, 15, 246),
(29, 16, 15, 246),
(29, 17, 15, 246),
(29, 18, 15, 246),
(29, 19, 15, 246),
(29, 20, 15, 246),
(29, 21, 15, 246),
(29, 22, 15, 246),
(29, 23, 15, 246),
(29, 24, 15, 246),
(29, 25, 15, 246),
(29, 26, 15, 246),
(29, 27, 15, 246),
(29, 28, 15, 246),
(29, 29, 15, 246),
(29, 30, 15, 246),
(29, 31, 15, 246),
(30, 1, 14, 247),
(30, 2, 14, 247),
(30, 3, 14, 247),
(30, 4, 14, 247),
(30, 5, 14, 247),
(30, 6, 14, 247),
(30, 7, 14, 247),
(30, 8, 14, 247),
(30, 9, 14, 247),
(30, 1, 15, 248),
(30, 2, 15, 248),
(30, 3, 15, 248),
(30, 4, 15, 248),
(30, 5, 15, 248),
(30, 6, 15, 248),
(30, 7, 15, 248),
(30, 8, 15, 248),
(30, 9, 15, 248),
(22, 1, 26, 249),
(22, 2, 26, 249),
(22, 3, 26, 249),
(22, 4, 26, 249),
(22, 5, 26, 249),
(22, 6, 26, 249),
(22, 7, 26, 249),
(22, 8, 26, 249),
(22, 9, 26, 249),
(22, 10, 26, 249),
(22, 11, 26, 249),
(22, 12, 26, 249),
(22, 13, 26, 249),
(22, 14, 26, 249),
(22, 15, 26, 249),
(22, 16, 26, 249),
(22, 17, 26, 249),
(22, 18, 26, 249),
(22, 1, 27, 250),
(22, 2, 27, 250),
(22, 3, 27, 250),
(22, 4, 27, 250),
(22, 5, 27, 250),
(22, 6, 27, 250),
(22, 7, 27, 250),
(22, 8, 27, 250),
(22, 9, 27, 250),
(22, 10, 27, 250),
(22, 11, 27, 250),
(22, 12, 27, 250),
(22, 13, 27, 250),
(22, 14, 27, 250),
(22, 15, 27, 250),
(22, 16, 27, 250),
(22, 17, 27, 250),
(22, 18, 27, 250),
(22, 1, 29, 251),
(22, 2, 29, 251),
(22, 3, 29, 251),
(22, 4, 29, 251),
(22, 5, 29, 251),
(22, 6, 29, 251),
(22, 7, 29, 251),
(22, 8, 29, 251),
(22, 9, 29, 251),
(22, 10, 29, 251),
(22, 11, 29, 251),
(22, 12, 29, 251),
(22, 13, 29, 251),
(22, 14, 29, 251),
(22, 15, 29, 251),
(22, 16, 29, 251),
(22, 17, 29, 251),
(22, 18, 29, 251),
(23, 1, 29, 252),
(23, 2, 29, 252),
(23, 3, 29, 252),
(23, 4, 29, 252),
(23, 5, 29, 252),
(23, 6, 29, 252),
(23, 7, 29, 252),
(23, 8, 29, 252),
(23, 9, 29, 252),
(23, 10, 29, 252),
(23, 11, 29, 252),
(23, 12, 29, 252),
(23, 13, 29, 252),
(23, 14, 29, 252),
(23, 15, 29, 252),
(23, 16, 29, 252),
(23, 17, 29, 252),
(23, 18, 29, 252),
(23, 19, 29, 252),
(23, 20, 29, 252),
(29, 3, 26, 253),
(29, 4, 26, 253),
(29, 5, 26, 253),
(29, 6, 26, 253),
(29, 7, 26, 253),
(29, 8, 26, 253),
(29, 9, 26, 253),
(29, 10, 26, 253),
(29, 11, 26, 253),
(29, 12, 26, 253),
(29, 13, 26, 253),
(29, 14, 26, 253),
(29, 15, 26, 253),
(29, 16, 26, 253),
(29, 17, 26, 253),
(29, 18, 26, 253),
(29, 19, 26, 253),
(29, 20, 26, 253),
(29, 21, 26, 253),
(29, 22, 26, 253),
(29, 23, 26, 253),
(29, 24, 26, 253),
(29, 25, 26, 253),
(29, 26, 26, 253),
(29, 27, 26, 253),
(29, 28, 26, 253),
(29, 29, 26, 253),
(29, 30, 26, 253),
(29, 31, 26, 253),
(29, 4, 27, 254),
(29, 5, 27, 254),
(29, 6, 27, 254),
(29, 7, 27, 254),
(29, 8, 27, 254),
(29, 9, 27, 254),
(29, 10, 27, 254),
(29, 11, 27, 254),
(29, 12, 27, 254),
(29, 13, 27, 254),
(29, 14, 27, 254),
(29, 15, 27, 254),
(29, 16, 27, 254),
(29, 17, 27, 254),
(29, 18, 27, 254),
(29, 19, 27, 254),
(29, 20, 27, 254),
(29, 21, 27, 254),
(29, 22, 27, 254),
(29, 23, 27, 254),
(29, 24, 27, 254),
(29, 25, 27, 254),
(29, 26, 27, 254),
(29, 27, 27, 254),
(29, 28, 27, 254),
(29, 29, 27, 254),
(29, 30, 27, 254),
(29, 31, 27, 254),
(31, 1, 14, 255),
(31, 1, 15, 256),
(32, 1, 14, 257),
(32, 1, 15, 258),
(33, 1, 14, 259),
(33, 1, 15, 260),
(34, 1, 14, 261),
(34, 1, 15, 262),
(35, 1, 14, 263),
(35, 1, 15, 264),
(36, 1, 14, 265),
(36, 1, 15, 266),
(36, 1, 29, 267),
(36, 2, 29, 267),
(36, 3, 29, 267),
(36, 4, 29, 267),
(36, 5, 29, 267),
(36, 6, 29, 267),
(36, 7, 29, 267),
(36, 8, 29, 267),
(36, 9, 29, 267),
(36, 10, 29, 267),
(36, 11, 29, 267),
(36, 12, 29, 267),
(36, 13, 29, 267),
(36, 14, 29, 267),
(36, 15, 29, 267),
(36, 2, 14, 268),
(36, 3, 14, 268),
(36, 4, 14, 268),
(36, 5, 14, 268),
(36, 6, 14, 268),
(36, 7, 14, 268),
(36, 8, 14, 268),
(36, 9, 14, 268),
(36, 10, 14, 268),
(36, 11, 14, 268),
(36, 12, 14, 268),
(36, 13, 14, 268),
(36, 14, 14, 268),
(36, 15, 14, 268),
(36, 2, 15, 269),
(36, 3, 15, 269),
(36, 4, 15, 269),
(36, 5, 15, 269),
(36, 6, 15, 269),
(36, 7, 15, 269),
(36, 8, 15, 269),
(36, 9, 15, 269),
(36, 10, 15, 269),
(36, 11, 15, 269),
(36, 12, 15, 269),
(36, 13, 15, 269),
(36, 14, 15, 269),
(36, 15, 15, 269),
(37, 1, 14, 270),
(37, 2, 14, 270),
(37, 3, 14, 270),
(37, 4, 14, 270),
(37, 5, 14, 270),
(37, 6, 14, 270),
(37, 7, 14, 270),
(37, 8, 14, 270),
(37, 9, 14, 270),
(37, 10, 14, 270),
(37, 11, 14, 270),
(37, 12, 14, 270),
(37, 1, 15, 271),
(37, 2, 15, 271),
(37, 3, 15, 271),
(37, 4, 15, 271),
(37, 5, 15, 271),
(37, 6, 15, 271),
(37, 7, 15, 271),
(37, 8, 15, 271),
(37, 9, 15, 271),
(37, 10, 15, 271),
(37, 11, 15, 271),
(37, 12, 15, 271),
(36, 4, 26, 272),
(36, 5, 26, 273),
(36, 6, 26, 273),
(36, 6, 27, 274),
(36, 7, 27, 274),
(36, 8, 27, 274),
(36, 9, 27, 274),
(36, 10, 27, 274),
(36, 11, 27, 274),
(36, 12, 27, 274),
(36, 13, 27, 274),
(36, 14, 27, 274),
(36, 15, 27, 274),
(36, 7, 26, 275),
(36, 8, 26, 275),
(36, 9, 26, 275),
(36, 10, 26, 275),
(36, 11, 26, 275),
(36, 12, 26, 275),
(36, 13, 26, 275),
(36, 14, 26, 275),
(36, 15, 26, 275),
(37, 1, 29, 276),
(37, 2, 29, 276),
(37, 3, 29, 276),
(37, 4, 29, 276),
(37, 5, 29, 276),
(37, 6, 29, 276),
(37, 7, 29, 276),
(37, 8, 29, 276),
(37, 9, 29, 276),
(37, 10, 29, 276),
(37, 11, 29, 276),
(37, 12, 29, 276),
(37, 3, 26, 277),
(37, 4, 26, 277),
(37, 5, 26, 277),
(37, 6, 26, 277),
(37, 7, 26, 277),
(37, 8, 26, 277),
(37, 9, 26, 277),
(37, 10, 26, 277),
(37, 11, 26, 277),
(37, 12, 26, 277),
(37, 4, 27, 278),
(37, 5, 27, 278),
(37, 6, 27, 279),
(37, 7, 27, 279),
(37, 8, 27, 279),
(37, 9, 27, 279),
(37, 10, 27, 279),
(37, 11, 27, 279),
(37, 12, 27, 279),
(34, 2, 14, 288),
(34, 2, 15, 289),
(15, 24, 26, 298),
(15, 25, 26, 298),
(15, 26, 26, 298),
(15, 27, 26, 298),
(15, 28, 26, 298),
(15, 29, 26, 298),
(15, 30, 26, 298),
(15, 31, 26, 298),
(15, 32, 26, 298),
(15, 33, 26, 298),
(15, 34, 26, 298),
(15, 25, 27, 299),
(15, 26, 27, 299),
(15, 27, 27, 299),
(15, 28, 27, 299),
(15, 29, 27, 299),
(15, 30, 27, 299),
(15, 31, 27, 299),
(15, 32, 27, 299),
(15, 33, 27, 299),
(15, 34, 27, 299),
(15, 28, 29, 300),
(15, 29, 29, 300),
(15, 30, 29, 300),
(15, 31, 29, 300),
(15, 32, 29, 300),
(15, 33, 29, 300),
(15, 34, 29, 300),
(3, 38, 29, 301),
(3, 39, 29, 301),
(3, 40, 29, 301),
(3, 41, 29, 301),
(3, 42, 29, 301),
(3, 43, 29, 301),
(3, 44, 29, 301),
(31, 2, 14, 327),
(31, 2, 15, 328),
(38, 1, 14, 329),
(38, 1, 15, 330),
(39, 1, 14, 342),
(39, 1, 15, 343),
(40, 1, 14, 344),
(40, 1, 15, 345),
(41, 1, 14, 351),
(41, 1, 15, 352),
(42, 1, 14, 353),
(42, 1, 15, 354),
(42, 2, 14, 355),
(42, 2, 15, 356);

-- --------------------------------------------------------

--
-- Structure de la table `FileImageThumbnailTypes`
--

DROP TABLE IF EXISTS `FileImageThumbnailTypes`;
CREATE TABLE `FileImageThumbnailTypes` (
  `ftTypeID` int(10) unsigned NOT NULL,
  `ftTypeHandle` varchar(255) COLLATE utf8_unicode_ci NOT NULL DEFAULT '',
  `ftTypeName` varchar(255) COLLATE utf8_unicode_ci NOT NULL DEFAULT '',
  `ftTypeWidth` int(11) NOT NULL DEFAULT '0',
  `ftTypeHeight` int(11) DEFAULT NULL,
  `ftTypeIsRequired` tinyint(1) NOT NULL DEFAULT '0'
) ENGINE=InnoDB AUTO_INCREMENT=7 DEFAULT CHARSET=utf8 COLLATE=utf8_unicode_ci;

--
-- Contenu de la table `FileImageThumbnailTypes`
--

INSERT INTO `FileImageThumbnailTypes` (`ftTypeID`, `ftTypeHandle`, `ftTypeName`, `ftTypeWidth`, `ftTypeHeight`, `ftTypeIsRequired`) VALUES
(1, 'file_manager_listing', 'File Manager Thumbnails', 60, 60, 1),
(2, 'file_manager_detail', 'File Manager Detail Thumbnails', 400, NULL, 1),
(3, 'tiny', 'Tiny Image', 390, NULL, 0),
(4, 'small', 'Small Image', 740, NULL, 0),
(5, 'medium', 'Medium Image', 940, NULL, 0),
(6, 'large', 'Large Image', 1140, NULL, 0);

-- --------------------------------------------------------

--
-- Structure de la table `FilePermissionAssignments`
--

DROP TABLE IF EXISTS `FilePermissionAssignments`;
CREATE TABLE `FilePermissionAssignments` (
  `fID` int(10) unsigned NOT NULL DEFAULT '0',
  `pkID` int(10) unsigned NOT NULL DEFAULT '0',
  `paID` int(10) unsigned NOT NULL DEFAULT '0'
) ENGINE=InnoDB DEFAULT CHARSET=utf8 COLLATE=utf8_unicode_ci;

-- --------------------------------------------------------

--
-- Structure de la table `FilePermissionFileTypes`
--

DROP TABLE IF EXISTS `FilePermissionFileTypes`;
CREATE TABLE `FilePermissionFileTypes` (
  `extension` varchar(32) COLLATE utf8_unicode_ci NOT NULL,
  `fsID` int(10) unsigned NOT NULL DEFAULT '0',
  `gID` int(10) unsigned NOT NULL DEFAULT '0',
  `uID` int(10) unsigned NOT NULL DEFAULT '0'
) ENGINE=InnoDB DEFAULT CHARSET=utf8 COLLATE=utf8_unicode_ci;

-- --------------------------------------------------------

--
-- Structure de la table `Files`
--

DROP TABLE IF EXISTS `Files`;
CREATE TABLE `Files` (
  `fID` int(10) unsigned NOT NULL,
  `fDateAdded` datetime DEFAULT NULL,
  `uID` int(10) unsigned NOT NULL DEFAULT '0',
  `fslID` int(10) unsigned NOT NULL DEFAULT '0',
  `ocID` int(10) unsigned NOT NULL DEFAULT '0',
  `fOverrideSetPermissions` tinyint(1) NOT NULL DEFAULT '0',
  `fPassword` varchar(255) COLLATE utf8_unicode_ci DEFAULT NULL
) ENGINE=InnoDB AUTO_INCREMENT=43 DEFAULT CHARSET=utf8 COLLATE=utf8_unicode_ci;

--
-- Contenu de la table `Files`
--

INSERT INTO `Files` (`fID`, `fDateAdded`, `uID`, `fslID`, `ocID`, `fOverrideSetPermissions`, `fPassword`) VALUES
(1, '2015-01-18 20:23:29', 1, 1, 0, 0, NULL),
(2, '2015-01-18 20:44:36', 1, 1, 0, 0, NULL),
(3, '2015-01-18 20:44:37', 1, 1, 0, 0, NULL),
(4, '2015-01-18 20:44:37', 1, 1, 0, 0, NULL),
(5, '2015-01-18 20:44:38', 1, 1, 0, 0, NULL),
(6, '2015-01-18 20:44:38', 1, 1, 0, 0, NULL),
(7, '2015-01-18 20:44:39', 1, 1, 0, 0, NULL),
(8, '2015-01-18 20:44:40', 1, 1, 0, 0, NULL),
(9, '2015-01-18 20:44:40', 1, 1, 0, 0, NULL),
(10, '2015-01-18 20:44:41', 1, 1, 0, 0, NULL),
(11, '2015-01-18 20:44:43', 1, 1, 0, 0, NULL),
(12, '2015-01-18 20:44:46', 1, 1, 0, 0, NULL),
(13, '2015-01-18 20:44:48', 1, 1, 0, 0, NULL),
(14, '2015-01-18 20:44:50', 1, 1, 0, 0, NULL),
(15, '2015-01-18 20:44:52', 1, 1, 0, 0, NULL),
(16, '2015-01-19 09:36:16', 1, 1, 0, 0, NULL),
(17, '2015-01-25 19:43:46', 1, 1, 0, 0, NULL),
(18, '2015-01-25 20:00:59', 1, 1, 0, 0, NULL),
(19, '2015-04-08 19:43:40', 1, 1, 0, 0, NULL),
(20, '2015-04-08 19:48:47', 1, 1, 0, 0, NULL),
(21, '2015-04-17 19:44:09', 1, 1, 0, 0, NULL),
(22, '2015-04-21 03:52:23', 1, 1, 0, 0, NULL),
(23, '2015-04-21 03:52:25', 1, 1, 0, 0, NULL),
(24, '2015-04-21 03:52:28', 1, 1, 0, 0, NULL),
(25, '2015-04-21 03:52:30', 1, 1, 0, 0, NULL),
(26, '2015-04-21 03:52:31', 1, 1, 0, 0, NULL),
(27, '2015-04-21 03:52:33', 1, 1, 0, 0, NULL),
(28, '2015-04-21 03:52:35', 1, 1, 0, 0, NULL),
(29, '2015-04-21 03:52:36', 1, 1, 0, 0, NULL),
(30, '2015-04-21 03:52:38', 1, 1, 0, 0, NULL),
(31, '2015-04-21 08:41:20', 1, 1, 0, 0, NULL),
(32, '2015-04-21 08:41:21', 1, 1, 0, 0, NULL),
(33, '2015-04-21 08:41:23', 1, 1, 0, 0, NULL),
(34, '2015-04-21 08:41:27', 1, 1, 0, 0, NULL),
(35, '2015-04-21 09:23:11', 1, 1, 0, 0, NULL),
(36, '2015-04-21 09:28:14', 1, 1, 0, 0, NULL),
(37, '2015-04-21 09:40:24', 1, 1, 0, 0, NULL),
(38, '2015-04-24 12:09:58', 1, 1, 0, 0, NULL),
(39, '2015-04-27 10:49:32', 1, 1, 0, 0, NULL),
(40, '2015-04-27 10:50:35', 1, 1, 0, 0, NULL),
(41, '2015-04-27 11:08:12', 1, 1, 0, 0, NULL),
(42, '2015-04-28 07:08:28', 1, 1, 0, 0, NULL);

-- --------------------------------------------------------

--
-- Structure de la table `FileSearchIndexAttributes`
--

DROP TABLE IF EXISTS `FileSearchIndexAttributes`;
CREATE TABLE `FileSearchIndexAttributes` (
  `fID` int(10) unsigned NOT NULL DEFAULT '0',
  `ak_width` decimal(14,4) DEFAULT '0.0000',
  `ak_height` decimal(14,4) DEFAULT '0.0000',
  `ak_duration` decimal(14,4) DEFAULT '0.0000',
  `ak_gallery_columns` varchar(255) COLLATE utf8_unicode_ci DEFAULT NULL,
  `ak_image_tags` varchar(255) COLLATE utf8_unicode_ci DEFAULT NULL,
  `ak_image_link` longtext COLLATE utf8_unicode_ci,
  `ak_image_link_text` longtext COLLATE utf8_unicode_ci,
  `ak_image_thumbnail_width` longtext COLLATE utf8_unicode_ci,
  `ak_image_bg_color` longtext COLLATE utf8_unicode_ci,
  `ak_image_tag` varchar(255) COLLATE utf8_unicode_ci DEFAULT NULL
) ENGINE=InnoDB DEFAULT CHARSET=utf8 COLLATE=utf8_unicode_ci;

--
-- Contenu de la table `FileSearchIndexAttributes`
--

INSERT INTO `FileSearchIndexAttributes` (`fID`, `ak_width`, `ak_height`, `ak_duration`, `ak_gallery_columns`, `ak_image_tags`, `ak_image_link`, `ak_image_link_text`, `ak_image_thumbnail_width`, `ak_image_bg_color`, `ak_image_tag`) VALUES
(1, '0.0000', '0.0000', '0.0000', NULL, NULL, NULL, NULL, NULL, NULL, NULL),
(2, '435.0000', '550.0000', '0.0000', NULL, '\nLandscape\n', NULL, NULL, NULL, NULL, NULL),
(3, '824.0000', '550.0000', '0.0000', NULL, '\nLandscape\n', NULL, NULL, NULL, '#241615', NULL),
(4, '425.0000', '550.0000', '0.0000', NULL, NULL, NULL, NULL, NULL, NULL, NULL),
(5, '429.0000', '550.0000', '0.0000', NULL, NULL, NULL, NULL, NULL, NULL, NULL),
(6, '412.0000', '550.0000', '0.0000', NULL, NULL, NULL, NULL, NULL, NULL, NULL),
(7, '824.0000', '550.0000', '0.0000', NULL, '\nLandscape\nForest\n', NULL, NULL, NULL, NULL, NULL),
(8, '412.0000', '550.0000', '0.0000', NULL, NULL, NULL, NULL, NULL, NULL, NULL),
(9, '366.0000', '550.0000', '0.0000', NULL, '\nPortrait\n', NULL, NULL, NULL, NULL, NULL),
(10, '821.0000', '550.0000', '0.0000', NULL, '\nLandscape\n', NULL, NULL, NULL, NULL, NULL),
(11, '1280.0000', '853.0000', '0.0000', NULL, NULL, NULL, NULL, NULL, NULL, NULL),
(12, '824.0000', '550.0000', '0.0000', NULL, '\nLandscape\nForest\n', NULL, NULL, NULL, NULL, NULL),
(13, '1280.0000', '853.0000', '0.0000', '\n2\n', '\nLandscape\n', NULL, NULL, NULL, NULL, NULL),
(14, '1280.0000', '960.0000', '0.0000', NULL, '\nLandscape\nForest\n', NULL, NULL, NULL, NULL, NULL),
(15, '1280.0000', '853.0000', '0.0000', NULL, '\nLandscape\nForest\n', 'http://new.myconcretelab.com/', 'View', NULL, '#434860', NULL),
(16, '600.0000', '600.0000', '0.0000', NULL, NULL, NULL, NULL, NULL, NULL, NULL),
(17, '600.0000', '600.0000', '0.0000', NULL, NULL, NULL, NULL, NULL, NULL, NULL),
(18, '600.0000', '600.0000', '0.0000', NULL, NULL, NULL, NULL, NULL, NULL, NULL),
(19, '1800.0000', '1200.0000', '0.0000', NULL, NULL, NULL, NULL, NULL, NULL, NULL),
(20, '1900.0000', '1239.0000', '0.0000', NULL, NULL, NULL, NULL, NULL, NULL, NULL),
(21, '600.0000', '600.0000', '0.0000', NULL, NULL, NULL, NULL, NULL, NULL, NULL),
(22, '960.0000', '400.0000', '0.0000', NULL, NULL, '#', 'With links', NULL, '#ba2343', NULL),
(23, '960.0000', '400.0000', '0.0000', NULL, NULL, NULL, NULL, NULL, '#f1db20', NULL),
(24, '2000.0000', '400.0000', '0.0000', NULL, NULL, NULL, NULL, NULL, NULL, NULL),
(25, '1800.0000', '360.0000', '0.0000', NULL, NULL, NULL, NULL, NULL, NULL, NULL),
(26, '1800.0000', '360.0000', '0.0000', NULL, NULL, NULL, NULL, NULL, NULL, NULL),
(27, '2000.0000', '400.0000', '0.0000', NULL, NULL, NULL, NULL, NULL, NULL, NULL),
(28, '1800.0000', '360.0000', '0.0000', NULL, NULL, NULL, NULL, NULL, NULL, NULL),
(29, '2000.0000', '400.0000', '0.0000', NULL, NULL, '#', 'Download Easy Slider', NULL, NULL, NULL),
(30, '2000.0000', '400.0000', '0.0000', NULL, NULL, NULL, NULL, NULL, NULL, NULL),
(31, '651.0000', '459.0000', '0.0000', NULL, NULL, NULL, NULL, NULL, NULL, NULL),
(32, '1162.0000', '472.0000', '0.0000', NULL, NULL, NULL, NULL, NULL, NULL, NULL),
(33, '1157.0000', '604.0000', '0.0000', NULL, NULL, NULL, NULL, NULL, NULL, NULL),
(34, '1163.0000', '714.0000', '0.0000', NULL, NULL, NULL, NULL, NULL, NULL, NULL),
(35, '800.0000', '800.0000', '0.0000', NULL, NULL, NULL, NULL, NULL, NULL, NULL),
(36, '2000.0000', '400.0000', '0.0000', NULL, NULL, 'http://owlgraphic.com/owlcarousel/index.html', 'jQuery Plugin', NULL, '#7cc437', NULL),
(37, '2000.0000', '400.0000', '0.0000', NULL, NULL, '#', 'Download Easy slider', NULL, '#ff8a3c', NULL),
(38, '848.0000', '652.0000', '0.0000', NULL, NULL, NULL, NULL, NULL, NULL, NULL),
(39, '672.0000', '195.0000', '0.0000', NULL, NULL, NULL, NULL, NULL, NULL, NULL),
(40, '672.0000', '638.0000', '0.0000', NULL, NULL, NULL, NULL, NULL, NULL, NULL),
(41, '1307.0000', '1267.0000', '0.0000', NULL, NULL, NULL, NULL, NULL, NULL, NULL),
(42, '296.0000', '173.0000', '0.0000', NULL, NULL, NULL, NULL, NULL, NULL, NULL);

-- --------------------------------------------------------

--
-- Structure de la table `FileSetFiles`
--

DROP TABLE IF EXISTS `FileSetFiles`;
CREATE TABLE `FileSetFiles` (
  `fsfID` int(10) unsigned NOT NULL,
  `fID` int(10) unsigned NOT NULL,
  `fsID` int(10) unsigned NOT NULL,
  `timestamp` timestamp NOT NULL DEFAULT CURRENT_TIMESTAMP,
  `fsDisplayOrder` int(10) unsigned NOT NULL
) ENGINE=InnoDB AUTO_INCREMENT=15 DEFAULT CHARSET=utf8 COLLATE=utf8_unicode_ci;

--
-- Contenu de la table `FileSetFiles`
--

INSERT INTO `FileSetFiles` (`fsfID`, `fID`, `fsID`, `timestamp`, `fsDisplayOrder`) VALUES
(1, 15, 1, '2015-01-19 09:43:21', 0),
(2, 14, 1, '2015-01-19 09:43:21', 1),
(3, 13, 1, '2015-01-19 09:43:21', 2),
(4, 12, 1, '2015-01-19 09:43:21', 3),
(5, 11, 1, '2015-01-19 09:43:21', 4),
(6, 10, 1, '2015-01-19 09:43:21', 5),
(7, 9, 1, '2015-01-19 09:43:21', 6),
(8, 8, 1, '2015-01-19 09:43:21', 7),
(9, 7, 1, '2015-01-19 09:43:21', 8),
(10, 6, 1, '2015-01-19 09:43:21', 9),
(11, 5, 1, '2015-01-19 09:43:21', 10),
(12, 4, 1, '2015-01-19 09:43:21', 11),
(13, 3, 1, '2015-01-19 09:43:21', 12),
(14, 2, 1, '2015-01-19 09:43:21', 13);

-- --------------------------------------------------------

--
-- Structure de la table `FileSetPermissionAssignments`
--

DROP TABLE IF EXISTS `FileSetPermissionAssignments`;
CREATE TABLE `FileSetPermissionAssignments` (
  `fsID` int(10) unsigned NOT NULL DEFAULT '0',
  `pkID` int(10) unsigned NOT NULL DEFAULT '0',
  `paID` int(10) unsigned NOT NULL DEFAULT '0'
) ENGINE=InnoDB DEFAULT CHARSET=utf8 COLLATE=utf8_unicode_ci;

--
-- Contenu de la table `FileSetPermissionAssignments`
--

INSERT INTO `FileSetPermissionAssignments` (`fsID`, `pkID`, `paID`) VALUES
(0, 39, 31),
(0, 40, 32),
(0, 41, 33),
(0, 42, 34),
(0, 43, 35),
(0, 44, 36),
(0, 46, 37),
(0, 45, 38),
(0, 47, 39);

-- --------------------------------------------------------

--
-- Structure de la table `FileSetPermissionFileTypeAccessList`
--

DROP TABLE IF EXISTS `FileSetPermissionFileTypeAccessList`;
CREATE TABLE `FileSetPermissionFileTypeAccessList` (
  `paID` int(10) unsigned NOT NULL DEFAULT '0',
  `peID` int(10) unsigned NOT NULL DEFAULT '0',
  `permission` varchar(1) COLLATE utf8_unicode_ci NOT NULL DEFAULT '1'
) ENGINE=InnoDB DEFAULT CHARSET=utf8 COLLATE=utf8_unicode_ci;

-- --------------------------------------------------------

--
-- Structure de la table `FileSetPermissionFileTypeAccessListCustom`
--

DROP TABLE IF EXISTS `FileSetPermissionFileTypeAccessListCustom`;
CREATE TABLE `FileSetPermissionFileTypeAccessListCustom` (
  `extension` varchar(64) COLLATE utf8_unicode_ci NOT NULL,
  `paID` int(10) unsigned NOT NULL DEFAULT '0',
  `peID` int(10) unsigned NOT NULL DEFAULT '0'
) ENGINE=InnoDB DEFAULT CHARSET=utf8 COLLATE=utf8_unicode_ci;

-- --------------------------------------------------------

--
-- Structure de la table `FileSets`
--

DROP TABLE IF EXISTS `FileSets`;
CREATE TABLE `FileSets` (
  `fsID` int(10) unsigned NOT NULL,
  `fsName` varchar(64) COLLATE utf8_unicode_ci NOT NULL,
  `uID` int(10) unsigned NOT NULL DEFAULT '0',
  `fsType` smallint(6) NOT NULL,
  `fsOverrideGlobalPermissions` smallint(6) DEFAULT NULL
) ENGINE=InnoDB AUTO_INCREMENT=2 DEFAULT CHARSET=utf8 COLLATE=utf8_unicode_ci;

--
-- Contenu de la table `FileSets`
--

INSERT INTO `FileSets` (`fsID`, `fsName`, `uID`, `fsType`, `fsOverrideGlobalPermissions`) VALUES
(1, 'Easy-image-gallery', 1, 1, 0);

-- --------------------------------------------------------

--
-- Structure de la table `FileSetSavedSearches`
--

DROP TABLE IF EXISTS `FileSetSavedSearches`;
CREATE TABLE `FileSetSavedSearches` (
  `fsID` int(10) unsigned NOT NULL DEFAULT '0',
  `fsSearchRequest` text COLLATE utf8_unicode_ci,
  `fsResultColumns` text COLLATE utf8_unicode_ci
) ENGINE=InnoDB DEFAULT CHARSET=utf8 COLLATE=utf8_unicode_ci;

-- --------------------------------------------------------

--
-- Structure de la table `FileStorageLocations`
--

DROP TABLE IF EXISTS `FileStorageLocations`;
CREATE TABLE `FileStorageLocations` (
  `fslID` int(10) unsigned NOT NULL,
  `fslName` varchar(255) COLLATE utf8_unicode_ci NOT NULL,
  `fslConfiguration` longtext COLLATE utf8_unicode_ci NOT NULL,
  `fslIsDefault` tinyint(1) NOT NULL DEFAULT '0'
) ENGINE=InnoDB AUTO_INCREMENT=2 DEFAULT CHARSET=utf8 COLLATE=utf8_unicode_ci;

--
-- Contenu de la table `FileStorageLocations`
--

INSERT INTO `FileStorageLocations` (`fslID`, `fslName`, `fslConfiguration`, `fslIsDefault`) VALUES
(1, 'Default', 'O:69:"Concrete\\Core\\File\\StorageLocation\\Configuration\\DefaultConfiguration":1:{s:10:"\0*\0default";b:1;}', 1);

-- --------------------------------------------------------

--
-- Structure de la table `FileStorageLocationTypes`
--

DROP TABLE IF EXISTS `FileStorageLocationTypes`;
CREATE TABLE `FileStorageLocationTypes` (
  `fslTypeID` int(10) unsigned NOT NULL,
  `fslTypeHandle` varchar(255) COLLATE utf8_unicode_ci NOT NULL,
  `fslTypeName` varchar(255) COLLATE utf8_unicode_ci NOT NULL,
  `pkgID` int(10) unsigned NOT NULL DEFAULT '0'
) ENGINE=InnoDB AUTO_INCREMENT=3 DEFAULT CHARSET=utf8 COLLATE=utf8_unicode_ci;

--
-- Contenu de la table `FileStorageLocationTypes`
--

INSERT INTO `FileStorageLocationTypes` (`fslTypeID`, `fslTypeHandle`, `fslTypeName`, `pkgID`) VALUES
(1, 'default', 'Default', 0),
(2, 'local', 'Local', 0);

-- --------------------------------------------------------

--
-- Structure de la table `FileVersionLog`
--

DROP TABLE IF EXISTS `FileVersionLog`;
CREATE TABLE `FileVersionLog` (
  `fvlID` int(10) unsigned NOT NULL,
  `fID` int(10) unsigned NOT NULL DEFAULT '0',
  `fvID` int(10) unsigned NOT NULL DEFAULT '0',
  `fvUpdateTypeID` smallint(5) unsigned NOT NULL DEFAULT '0',
  `fvUpdateTypeAttributeID` int(10) unsigned NOT NULL DEFAULT '0'
) ENGINE=InnoDB AUTO_INCREMENT=240 DEFAULT CHARSET=utf8 COLLATE=utf8_unicode_ci;

--
-- Contenu de la table `FileVersionLog`
--

INSERT INTO `FileVersionLog` (`fvlID`, `fID`, `fvID`, `fvUpdateTypeID`, `fvUpdateTypeAttributeID`) VALUES
(1, 2, 1, 5, 14),
(2, 2, 1, 5, 15),
(3, 3, 1, 5, 14),
(4, 3, 1, 5, 15),
(5, 4, 1, 5, 14),
(6, 4, 1, 5, 15),
(7, 5, 1, 5, 14),
(8, 5, 1, 5, 15),
(9, 6, 1, 5, 14),
(10, 6, 1, 5, 15),
(11, 7, 1, 5, 14),
(12, 7, 1, 5, 15),
(13, 8, 1, 5, 14),
(14, 8, 1, 5, 15),
(15, 9, 1, 5, 14),
(16, 9, 1, 5, 15),
(17, 10, 1, 5, 14),
(18, 10, 1, 5, 15),
(19, 11, 1, 5, 14),
(20, 11, 1, 5, 15),
(21, 12, 1, 5, 14),
(22, 12, 1, 5, 15),
(23, 13, 1, 5, 14),
(24, 13, 1, 5, 15),
(25, 14, 1, 5, 14),
(26, 14, 1, 5, 15),
(27, 15, 1, 5, 14),
(28, 15, 1, 5, 15),
(29, 2, 1, 2, 0),
(30, 3, 1, 2, 0),
(31, 4, 2, 2, 0),
(32, 5, 2, 2, 0),
(33, 6, 2, 2, 0),
(34, 7, 2, 2, 0),
(35, 8, 2, 2, 0),
(36, 9, 2, 2, 0),
(37, 10, 2, 2, 0),
(38, 11, 2, 2, 0),
(39, 11, 3, 2, 0),
(40, 12, 2, 2, 0),
(41, 13, 2, 2, 0),
(42, 15, 2, 2, 0),
(43, 16, 1, 5, 14),
(44, 16, 1, 5, 15),
(45, 14, 4, 2, 0),
(46, 17, 1, 5, 14),
(47, 17, 1, 5, 15),
(48, 18, 1, 5, 14),
(49, 18, 1, 5, 15),
(50, 14, 8, 3, 0),
(51, 14, 18, 5, 22),
(52, 5, 16, 5, 24),
(53, 4, 4, 5, 24),
(54, 5, 16, 5, 24),
(55, 4, 4, 5, 24),
(56, 5, 16, 5, 24),
(57, 4, 4, 5, 24),
(58, 5, 16, 5, 24),
(59, 4, 4, 5, 24),
(60, 5, 16, 5, 24),
(61, 4, 4, 5, 24),
(62, 5, 16, 5, 24),
(63, 4, 4, 5, 24),
(64, 19, 1, 5, 14),
(65, 19, 1, 5, 15),
(66, 20, 1, 5, 14),
(67, 20, 1, 5, 15),
(68, 13, 18, 5, 22),
(69, 12, 18, 5, 22),
(70, 11, 19, 5, 22),
(71, 10, 18, 5, 22),
(72, 15, 5, 5, 22),
(73, 9, 18, 5, 22),
(74, 13, 19, 5, 23),
(75, 14, 20, 5, 25),
(76, 9, 19, 5, 25),
(77, 13, 19, 5, 25),
(78, 12, 18, 5, 25),
(79, 10, 18, 5, 25),
(80, 7, 17, 5, 25),
(81, 3, 16, 5, 25),
(82, 13, 19, 5, 25),
(83, 12, 18, 5, 25),
(84, 10, 18, 5, 25),
(85, 7, 17, 5, 25),
(86, 3, 16, 5, 25),
(87, 13, 19, 5, 25),
(88, 12, 18, 5, 25),
(89, 10, 18, 5, 25),
(90, 7, 17, 5, 25),
(91, 3, 16, 5, 25),
(92, 13, 19, 5, 25),
(93, 12, 18, 5, 25),
(94, 10, 18, 5, 25),
(95, 7, 17, 5, 25),
(96, 3, 16, 5, 25),
(97, 13, 19, 5, 25),
(98, 12, 18, 5, 25),
(99, 10, 18, 5, 25),
(100, 7, 17, 5, 25),
(101, 3, 16, 5, 25),
(102, 13, 19, 5, 25),
(103, 12, 18, 5, 25),
(104, 10, 18, 5, 25),
(105, 7, 17, 5, 25),
(106, 3, 16, 5, 25),
(107, 15, 5, 5, 25),
(108, 14, 20, 5, 25),
(109, 12, 18, 5, 25),
(110, 7, 17, 5, 25),
(111, 15, 5, 5, 25),
(112, 14, 20, 5, 25),
(113, 12, 18, 5, 25),
(114, 7, 17, 5, 25),
(115, 15, 5, 5, 25),
(116, 14, 20, 5, 25),
(117, 12, 18, 5, 25),
(118, 7, 17, 5, 25),
(119, 15, 5, 5, 25),
(120, 14, 20, 5, 25),
(121, 12, 18, 5, 25),
(122, 7, 17, 5, 25),
(123, 15, 5, 5, 25),
(124, 14, 20, 5, 25),
(125, 12, 18, 5, 25),
(126, 7, 17, 5, 25),
(127, 15, 5, 5, 25),
(128, 14, 20, 5, 25),
(129, 12, 18, 5, 25),
(130, 7, 17, 5, 25),
(131, 2, 17, 5, 25),
(132, 13, 21, 3, 0),
(133, 2, 25, 3, 0),
(134, 3, 24, 3, 0),
(135, 4, 12, 3, 0),
(136, 5, 25, 3, 0),
(137, 6, 25, 3, 0),
(138, 7, 25, 3, 0),
(139, 21, 1, 5, 14),
(140, 21, 1, 5, 15),
(141, 22, 1, 5, 14),
(142, 22, 1, 5, 15),
(143, 23, 1, 5, 14),
(144, 23, 1, 5, 15),
(145, 24, 1, 5, 14),
(146, 24, 1, 5, 15),
(147, 25, 1, 5, 14),
(148, 25, 1, 5, 15),
(149, 26, 1, 5, 14),
(150, 26, 1, 5, 15),
(151, 27, 1, 5, 14),
(152, 27, 1, 5, 15),
(153, 28, 1, 5, 14),
(154, 28, 1, 5, 15),
(155, 29, 1, 5, 14),
(156, 29, 1, 5, 15),
(157, 30, 1, 5, 14),
(158, 30, 1, 5, 15),
(159, 22, 1, 2, 0),
(160, 22, 1, 2, 0),
(161, 22, 1, 3, 0),
(162, 22, 1, 5, 26),
(163, 22, 1, 5, 27),
(164, 23, 1, 2, 0),
(165, 23, 1, 3, 0),
(166, 22, 1, 5, 29),
(167, 23, 1, 5, 29),
(168, 24, 1, 2, 0),
(169, 24, 1, 3, 0),
(170, 29, 1, 2, 0),
(171, 29, 2, 3, 0),
(172, 29, 3, 5, 26),
(173, 29, 4, 5, 27),
(174, 31, 1, 5, 14),
(175, 31, 1, 5, 15),
(176, 32, 1, 5, 14),
(177, 32, 1, 5, 15),
(178, 33, 1, 5, 14),
(179, 33, 1, 5, 15),
(180, 34, 1, 5, 14),
(181, 34, 1, 5, 15),
(182, 34, 1, 2, 0),
(183, 34, 1, 3, 0),
(184, 33, 1, 2, 0),
(185, 31, 1, 2, 0),
(186, 32, 1, 2, 0),
(187, 35, 1, 5, 14),
(188, 35, 1, 5, 15),
(189, 36, 1, 5, 14),
(190, 36, 1, 5, 15),
(191, 36, 1, 5, 29),
(192, 36, 1, 2, 0),
(193, 36, 1, 3, 0),
(194, 36, 2, 1, 0),
(195, 36, 2, 5, 14),
(196, 36, 2, 5, 15),
(197, 37, 1, 5, 14),
(198, 37, 1, 5, 15),
(199, 37, 1, 2, 0),
(200, 37, 1, 3, 0),
(201, 36, 4, 5, 26),
(202, 36, 5, 5, 26),
(203, 36, 6, 5, 27),
(204, 36, 7, 5, 26),
(205, 37, 1, 5, 29),
(206, 37, 3, 5, 26),
(207, 37, 4, 5, 27),
(208, 24, 22, 3, 0),
(209, 37, 6, 5, 27),
(210, 15, 21, 3, 0),
(211, 34, 2, 1, 0),
(212, 34, 2, 5, 14),
(213, 34, 2, 5, 15),
(214, 15, 24, 5, 26),
(215, 15, 25, 5, 27),
(216, 15, 28, 5, 29),
(217, 3, 38, 5, 29),
(218, 30, 4, 2, 0),
(219, 30, 5, 3, 0),
(220, 28, 4, 2, 0),
(221, 28, 5, 3, 0),
(222, 26, 4, 2, 0),
(223, 26, 5, 3, 0),
(224, 31, 2, 1, 0),
(225, 31, 2, 5, 14),
(226, 31, 2, 5, 15),
(227, 38, 1, 5, 14),
(228, 38, 1, 5, 15),
(229, 39, 1, 5, 14),
(230, 39, 1, 5, 15),
(231, 40, 1, 5, 14),
(232, 40, 1, 5, 15),
(233, 41, 1, 5, 14),
(234, 41, 1, 5, 15),
(235, 42, 1, 5, 14),
(236, 42, 1, 5, 15),
(237, 42, 2, 1, 0),
(238, 42, 2, 5, 14),
(239, 42, 2, 5, 15);

-- --------------------------------------------------------

--
-- Structure de la table `FileVersions`
--

DROP TABLE IF EXISTS `FileVersions`;
CREATE TABLE `FileVersions` (
  `fID` int(10) unsigned NOT NULL DEFAULT '0',
  `fvID` int(10) unsigned NOT NULL DEFAULT '0',
  `fvFilename` varchar(255) COLLATE utf8_unicode_ci NOT NULL,
  `fvPrefix` varchar(12) COLLATE utf8_unicode_ci DEFAULT NULL,
  `fvGenericType` smallint(5) unsigned NOT NULL DEFAULT '0',
  `fvSize` int(10) unsigned NOT NULL DEFAULT '0',
  `fvTitle` varchar(255) COLLATE utf8_unicode_ci DEFAULT NULL,
  `fvDescription` text COLLATE utf8_unicode_ci,
  `fvTags` varchar(255) COLLATE utf8_unicode_ci DEFAULT NULL,
  `fvIsApproved` int(10) unsigned NOT NULL DEFAULT '1',
  `fvDateAdded` datetime DEFAULT NULL,
  `fvApproverUID` int(10) unsigned NOT NULL DEFAULT '0',
  `fvAuthorUID` int(10) unsigned NOT NULL DEFAULT '0',
  `fvActivateDatetime` datetime DEFAULT NULL,
  `fvHasListingThumbnail` tinyint(1) NOT NULL DEFAULT '0',
  `fvHasDetailThumbnail` tinyint(1) NOT NULL DEFAULT '0',
  `fvExtension` varchar(32) COLLATE utf8_unicode_ci DEFAULT NULL,
  `fvType` int(10) unsigned NOT NULL DEFAULT '0'
) ENGINE=InnoDB DEFAULT CHARSET=utf8 COLLATE=utf8_unicode_ci;

--
-- Contenu de la table `FileVersions`
--

INSERT INTO `FileVersions` (`fID`, `fvID`, `fvFilename`, `fvPrefix`, `fvGenericType`, `fvSize`, `fvTitle`, `fvDescription`, `fvTags`, `fvIsApproved`, `fvDateAdded`, `fvApproverUID`, `fvAuthorUID`, `fvActivateDatetime`, `fvHasListingThumbnail`, `fvHasDetailThumbnail`, `fvExtension`, `fvType`) VALUES
(1, 1, 'logo.svg', '951421612609', 0, 8069, 'logo.svg', NULL, '', 1, '2015-01-18 20:23:29', 1, 1, '2015-01-18 20:23:29', 0, 0, 'svg', 1),
(2, 1, 'bath-hot-hot-spring-3756-435x550.jpeg', '931421613876', 0, 33378, 'Bath hot hot spring', NULL, '', 0, '2015-01-18 20:44:36', 1, 1, '2015-01-18 20:44:36', 1, 1, 'jpeg', 1),
(2, 2, 'bath-hot-hot-spring-3756-435x550.jpeg', '931421613876', 0, 33378, 'Bath hot hot spring', NULL, '', 0, '2015-01-18 20:44:36', 1, 1, '2015-01-18 20:44:36', 1, 1, 'jpeg', 1),
(2, 3, 'bath-hot-hot-spring-3756-435x550.jpeg', '931421613876', 0, 33378, 'Bath hot hot spring', NULL, '', 0, '2015-01-18 20:44:36', 1, 1, '2015-01-18 20:44:36', 1, 1, 'jpeg', 1),
(2, 4, 'bath-hot-hot-spring-3756-435x550.jpeg', '931421613876', 0, 33378, 'Bath hot hot spring', NULL, '', 0, '2015-01-18 20:44:36', 1, 1, '2015-01-18 20:44:36', 1, 1, 'jpeg', 1),
(2, 5, 'bath-hot-hot-spring-3756-435x550.jpeg', '931421613876', 0, 33378, 'Bath hot hot spring', NULL, '', 0, '2015-01-18 20:44:36', 1, 1, '2015-01-18 20:44:36', 1, 1, 'jpeg', 1),
(2, 6, 'bath-hot-hot-spring-3756-435x550.jpeg', '931421613876', 0, 33378, 'Bath hot hot spring', NULL, '', 0, '2015-01-18 20:44:36', 1, 1, '2015-01-18 20:44:36', 1, 1, 'jpeg', 1),
(2, 7, 'bath-hot-hot-spring-3756-435x550.jpeg', '931421613876', 0, 33378, 'Bath hot hot spring', NULL, '', 0, '2015-01-18 20:44:36', 1, 1, '2015-01-18 20:44:36', 1, 1, 'jpeg', 1),
(2, 8, 'bath-hot-hot-spring-3756-435x550.jpeg', '931421613876', 0, 33378, 'Bath hot hot spring', NULL, '', 0, '2015-01-18 20:44:36', 1, 1, '2015-01-18 20:44:36', 1, 1, 'jpeg', 1),
(2, 9, 'bath-hot-hot-spring-3756-435x550.jpeg', '931421613876', 0, 33378, 'Bath hot hot spring', NULL, '', 0, '2015-01-18 20:44:36', 1, 1, '2015-01-18 20:44:36', 1, 1, 'jpeg', 1),
(2, 10, 'bath-hot-hot-spring-3756-435x550.jpeg', '931421613876', 0, 33378, 'Bath hot hot spring', NULL, '', 0, '2015-01-18 20:44:36', 1, 1, '2015-01-18 20:44:36', 1, 1, 'jpeg', 1),
(2, 11, 'bath-hot-hot-spring-3756-435x550.jpeg', '931421613876', 0, 33378, 'Bath hot hot spring', NULL, '', 0, '2015-01-18 20:44:36', 1, 1, '2015-01-18 20:44:36', 1, 1, 'jpeg', 1),
(2, 12, 'bath-hot-hot-spring-3756-435x550.jpeg', '931421613876', 0, 33378, 'Bath hot hot spring', NULL, '', 0, '2015-01-18 20:44:36', 1, 1, '2015-01-18 20:44:36', 1, 1, 'jpeg', 1),
(2, 13, 'bath-hot-hot-spring-3756-435x550.jpeg', '931421613876', 0, 33378, 'Bath hot hot spring', NULL, '', 0, '2015-01-18 20:44:36', 1, 1, '2015-01-18 20:44:36', 1, 1, 'jpeg', 1),
(2, 14, 'bath-hot-hot-spring-3756-435x550.jpeg', '931421613876', 0, 33378, 'Bath hot hot spring', NULL, '', 0, '2015-01-18 20:44:36', 1, 1, '2015-01-18 20:44:36', 1, 1, 'jpeg', 1),
(2, 15, 'bath-hot-hot-spring-3756-435x550.jpeg', '931421613876', 0, 33378, 'Bath hot hot spring', NULL, '', 0, '2015-01-18 20:44:36', 1, 1, '2015-01-18 20:44:36', 1, 1, 'jpeg', 1),
(2, 16, 'bath-hot-hot-spring-3756-435x550.jpeg', '931421613876', 0, 33378, 'Bath hot hot spring', NULL, '', 0, '2015-01-18 20:44:36', 1, 1, '2015-01-18 20:44:36', 1, 1, 'jpeg', 1),
(2, 17, 'bath-hot-hot-spring-3756-435x550.jpeg', '931421613876', 0, 33378, 'Bath hot hot spring', NULL, '', 0, '2015-01-18 20:44:36', 1, 1, '2015-01-18 20:44:36', 1, 1, 'jpeg', 1),
(2, 18, 'bath-hot-hot-spring-3756-435x550.jpeg', '931421613876', 0, 33378, 'Bath hot hot spring', NULL, '', 0, '2015-01-18 20:44:36', 1, 1, '2015-01-18 20:44:36', 1, 1, 'jpeg', 1),
(2, 19, 'bath-hot-hot-spring-3756-435x550.jpeg', '931421613876', 0, 33378, 'Bath hot hot spring', NULL, '', 0, '2015-01-18 20:44:36', 1, 1, '2015-01-18 20:44:36', 1, 1, 'jpeg', 1),
(2, 20, 'bath-hot-hot-spring-3756-435x550.jpeg', '931421613876', 0, 33378, 'Bath hot hot spring', NULL, '', 0, '2015-01-18 20:44:36', 1, 1, '2015-01-18 20:44:36', 1, 1, 'jpeg', 1),
(2, 21, 'bath-hot-hot-spring-3756-435x550.jpeg', '931421613876', 0, 33378, 'Bath hot hot spring', NULL, '', 0, '2015-01-18 20:44:36', 1, 1, '2015-01-18 20:44:36', 1, 1, 'jpeg', 1),
(2, 22, 'bath-hot-hot-spring-3756-435x550.jpeg', '931421613876', 0, 33378, 'Bath hot hot spring', NULL, '', 0, '2015-01-18 20:44:36', 1, 1, '2015-01-18 20:44:36', 1, 1, 'jpeg', 1),
(2, 23, 'bath-hot-hot-spring-3756-435x550.jpeg', '931421613876', 0, 33378, 'Bath hot hot spring', NULL, '', 0, '2015-01-18 20:44:36', 1, 1, '2015-01-18 20:44:36', 1, 1, 'jpeg', 1),
(2, 24, 'bath-hot-hot-spring-3756-435x550.jpeg', '931421613876', 0, 33378, 'Bath hot hot spring', NULL, '', 0, '2015-01-18 20:44:36', 1, 1, '2015-01-18 20:44:36', 1, 1, 'jpeg', 1),
(2, 25, 'bath-hot-hot-spring-3756-435x550.jpeg', '931421613876', 0, 33378, 'Bath hot hot spring', 'Lorem ipsum dolor sit amet, consectetuer adipiscing elit.', '', 0, '2015-01-18 20:44:36', 1, 1, '2015-01-18 20:44:36', 1, 1, 'jpeg', 1),
(2, 26, 'bath-hot-hot-spring-3756-435x550.jpeg', '931421613876', 0, 33378, 'Bath hot hot spring', 'Lorem ipsum dolor sit amet, consectetuer adipiscing elit.', '', 0, '2015-01-18 20:44:36', 1, 1, '2015-01-18 20:44:36', 1, 1, 'jpeg', 1),
(2, 27, 'bath-hot-hot-spring-3756-435x550.jpeg', '931421613876', 0, 33378, 'Bath hot hot spring', 'Lorem ipsum dolor sit amet, consectetuer adipiscing elit.', '', 0, '2015-01-18 20:44:36', 1, 1, '2015-01-18 20:44:36', 1, 1, 'jpeg', 1),
(2, 28, 'bath-hot-hot-spring-3756-435x550.jpeg', '931421613876', 0, 33378, 'Bath hot hot spring', 'Lorem ipsum dolor sit amet, consectetuer adipiscing elit.', '', 0, '2015-01-18 20:44:36', 1, 1, '2015-01-18 20:44:36', 1, 1, 'jpeg', 1),
(2, 29, 'bath-hot-hot-spring-3756-435x550.jpeg', '931421613876', 0, 33378, 'Bath hot hot spring', 'Lorem ipsum dolor sit amet, consectetuer adipiscing elit.', '', 0, '2015-01-18 20:44:36', 1, 1, '2015-01-18 20:44:36', 1, 1, 'jpeg', 1),
(2, 30, 'bath-hot-hot-spring-3756-435x550.jpeg', '931421613876', 0, 33378, 'Bath hot hot spring', 'Lorem ipsum dolor sit amet, consectetuer adipiscing elit.', '', 0, '2015-01-18 20:44:36', 1, 1, '2015-01-18 20:44:36', 1, 1, 'jpeg', 1),
(2, 31, 'bath-hot-hot-spring-3756-435x550.jpeg', '931421613876', 0, 33378, 'Bath hot hot spring', 'Lorem ipsum dolor sit amet, consectetuer adipiscing elit.', '', 0, '2015-01-18 20:44:36', 1, 1, '2015-01-18 20:44:36', 1, 1, 'jpeg', 1),
(2, 32, 'bath-hot-hot-spring-3756-435x550.jpeg', '931421613876', 0, 33378, 'Bath hot hot spring', 'Lorem ipsum dolor sit amet, consectetuer adipiscing elit.', '', 0, '2015-01-18 20:44:36', 1, 1, '2015-01-18 20:44:36', 1, 1, 'jpeg', 1),
(2, 33, 'bath-hot-hot-spring-3756-435x550.jpeg', '931421613876', 0, 33378, 'Bath hot hot spring', 'Lorem ipsum dolor sit amet, consectetuer adipiscing elit.', '', 1, '2015-01-18 20:44:36', 1, 1, '2015-01-18 20:44:36', 1, 1, 'jpeg', 1),
(3, 1, 'adventure-bus-car-3976-824x550.jpeg', '401421613877', 0, 71030, 'Adventure bus car', NULL, '', 0, '2015-01-18 20:44:37', 1, 1, '2015-01-18 20:44:37', 1, 1, 'jpeg', 1),
(3, 2, 'adventure-bus-car-3976-824x550.jpeg', '401421613877', 0, 71030, 'Adventure bus car', NULL, '', 0, '2015-01-18 20:44:37', 1, 1, '2015-01-18 20:44:37', 1, 1, 'jpeg', 1),
(3, 3, 'adventure-bus-car-3976-824x550.jpeg', '401421613877', 0, 71030, 'Adventure bus car', NULL, '', 0, '2015-01-18 20:44:37', 1, 1, '2015-01-18 20:44:37', 1, 1, 'jpeg', 1),
(3, 4, 'adventure-bus-car-3976-824x550.jpeg', '401421613877', 0, 71030, 'Adventure bus car', NULL, '', 0, '2015-01-18 20:44:37', 1, 1, '2015-01-18 20:44:37', 1, 1, 'jpeg', 1),
(3, 5, 'adventure-bus-car-3976-824x550.jpeg', '401421613877', 0, 71030, 'Adventure bus car', NULL, '', 0, '2015-01-18 20:44:37', 1, 1, '2015-01-18 20:44:37', 1, 1, 'jpeg', 1),
(3, 6, 'adventure-bus-car-3976-824x550.jpeg', '401421613877', 0, 71030, 'Adventure bus car', NULL, '', 0, '2015-01-18 20:44:37', 1, 1, '2015-01-18 20:44:37', 1, 1, 'jpeg', 1),
(3, 7, 'adventure-bus-car-3976-824x550.jpeg', '401421613877', 0, 71030, 'Adventure bus car', NULL, '', 0, '2015-01-18 20:44:37', 1, 1, '2015-01-18 20:44:37', 1, 1, 'jpeg', 1),
(3, 8, 'adventure-bus-car-3976-824x550.jpeg', '401421613877', 0, 71030, 'Adventure bus car', NULL, '', 0, '2015-01-18 20:44:37', 1, 1, '2015-01-18 20:44:37', 1, 1, 'jpeg', 1),
(3, 9, 'adventure-bus-car-3976-824x550.jpeg', '401421613877', 0, 71030, 'Adventure bus car', NULL, '', 0, '2015-01-18 20:44:37', 1, 1, '2015-01-18 20:44:37', 1, 1, 'jpeg', 1),
(3, 10, 'adventure-bus-car-3976-824x550.jpeg', '401421613877', 0, 71030, 'Adventure bus car', NULL, '', 0, '2015-01-18 20:44:37', 1, 1, '2015-01-18 20:44:37', 1, 1, 'jpeg', 1),
(3, 11, 'adventure-bus-car-3976-824x550.jpeg', '401421613877', 0, 71030, 'Adventure bus car', NULL, '', 0, '2015-01-18 20:44:37', 1, 1, '2015-01-18 20:44:37', 1, 1, 'jpeg', 1),
(3, 12, 'adventure-bus-car-3976-824x550.jpeg', '401421613877', 0, 71030, 'Adventure bus car', NULL, '', 0, '2015-01-18 20:44:37', 1, 1, '2015-01-18 20:44:37', 1, 1, 'jpeg', 1),
(3, 13, 'adventure-bus-car-3976-824x550.jpeg', '401421613877', 0, 71030, 'Adventure bus car', NULL, '', 0, '2015-01-18 20:44:37', 1, 1, '2015-01-18 20:44:37', 1, 1, 'jpeg', 1),
(3, 14, 'adventure-bus-car-3976-824x550.jpeg', '401421613877', 0, 71030, 'Adventure bus car', NULL, '', 0, '2015-01-18 20:44:37', 1, 1, '2015-01-18 20:44:37', 1, 1, 'jpeg', 1),
(3, 15, 'adventure-bus-car-3976-824x550.jpeg', '401421613877', 0, 71030, 'Adventure bus car', NULL, '', 0, '2015-01-18 20:44:37', 1, 1, '2015-01-18 20:44:37', 1, 1, 'jpeg', 1),
(3, 16, 'adventure-bus-car-3976-824x550.jpeg', '401421613877', 0, 71030, 'Adventure bus car', NULL, '', 0, '2015-01-18 20:44:37', 1, 1, '2015-01-18 20:44:37', 1, 1, 'jpeg', 1),
(3, 17, 'adventure-bus-car-3976-824x550.jpeg', '401421613877', 0, 71030, 'Adventure bus car', NULL, '', 0, '2015-01-18 20:44:37', 1, 1, '2015-01-18 20:44:37', 1, 1, 'jpeg', 1),
(3, 18, 'adventure-bus-car-3976-824x550.jpeg', '401421613877', 0, 71030, 'Adventure bus car', NULL, '', 0, '2015-01-18 20:44:37', 1, 1, '2015-01-18 20:44:37', 1, 1, 'jpeg', 1),
(3, 19, 'adventure-bus-car-3976-824x550.jpeg', '401421613877', 0, 71030, 'Adventure bus car', NULL, '', 0, '2015-01-18 20:44:37', 1, 1, '2015-01-18 20:44:37', 1, 1, 'jpeg', 1),
(3, 20, 'adventure-bus-car-3976-824x550.jpeg', '401421613877', 0, 71030, 'Adventure bus car', NULL, '', 0, '2015-01-18 20:44:37', 1, 1, '2015-01-18 20:44:37', 1, 1, 'jpeg', 1),
(3, 21, 'adventure-bus-car-3976-824x550.jpeg', '401421613877', 0, 71030, 'Adventure bus car', NULL, '', 0, '2015-01-18 20:44:37', 1, 1, '2015-01-18 20:44:37', 1, 1, 'jpeg', 1),
(3, 22, 'adventure-bus-car-3976-824x550.jpeg', '401421613877', 0, 71030, 'Adventure bus car', NULL, '', 0, '2015-01-18 20:44:37', 1, 1, '2015-01-18 20:44:37', 1, 1, 'jpeg', 1),
(3, 23, 'adventure-bus-car-3976-824x550.jpeg', '401421613877', 0, 71030, 'Adventure bus car', NULL, '', 0, '2015-01-18 20:44:37', 1, 1, '2015-01-18 20:44:37', 1, 1, 'jpeg', 1),
(3, 24, 'adventure-bus-car-3976-824x550.jpeg', '401421613877', 0, 71030, 'Adventure bus car', 'Lorem ipsum dolor sit amet, consectetuer adipiscing elit.', '', 0, '2015-01-18 20:44:37', 1, 1, '2015-01-18 20:44:37', 1, 1, 'jpeg', 1),
(3, 25, 'adventure-bus-car-3976-824x550.jpeg', '401421613877', 0, 71030, 'Adventure bus car', 'Lorem ipsum dolor sit amet, consectetuer adipiscing elit.', '', 0, '2015-01-18 20:44:37', 1, 1, '2015-01-18 20:44:37', 1, 1, 'jpeg', 1),
(3, 26, 'adventure-bus-car-3976-824x550.jpeg', '401421613877', 0, 71030, 'Adventure bus car', 'Lorem ipsum dolor sit amet, consectetuer adipiscing elit.', '', 0, '2015-01-18 20:44:37', 1, 1, '2015-01-18 20:44:37', 1, 1, 'jpeg', 1),
(3, 27, 'adventure-bus-car-3976-824x550.jpeg', '401421613877', 0, 71030, 'Adventure bus car', 'Lorem ipsum dolor sit amet, consectetuer adipiscing elit.', '', 0, '2015-01-18 20:44:37', 1, 1, '2015-01-18 20:44:37', 1, 1, 'jpeg', 1),
(3, 28, 'adventure-bus-car-3976-824x550.jpeg', '401421613877', 0, 71030, 'Adventure bus car', 'Lorem ipsum dolor sit amet, consectetuer adipiscing elit.', '', 0, '2015-01-18 20:44:37', 1, 1, '2015-01-18 20:44:37', 1, 1, 'jpeg', 1),
(3, 29, 'adventure-bus-car-3976-824x550.jpeg', '401421613877', 0, 71030, 'Adventure bus car', 'Lorem ipsum dolor sit amet, consectetuer adipiscing elit.', '', 0, '2015-01-18 20:44:37', 1, 1, '2015-01-18 20:44:37', 1, 1, 'jpeg', 1),
(3, 30, 'adventure-bus-car-3976-824x550.jpeg', '401421613877', 0, 71030, 'Adventure bus car', 'Lorem ipsum dolor sit amet, consectetuer adipiscing elit.', '', 0, '2015-01-18 20:44:37', 1, 1, '2015-01-18 20:44:37', 1, 1, 'jpeg', 1),
(3, 31, 'adventure-bus-car-3976-824x550.jpeg', '401421613877', 0, 71030, 'Adventure bus car', 'Lorem ipsum dolor sit amet, consectetuer adipiscing elit.', '', 0, '2015-01-18 20:44:37', 1, 1, '2015-01-18 20:44:37', 1, 1, 'jpeg', 1),
(3, 32, 'adventure-bus-car-3976-824x550.jpeg', '401421613877', 0, 71030, 'Adventure bus car', 'Lorem ipsum dolor sit amet, consectetuer adipiscing elit.', '', 0, '2015-01-18 20:44:37', 1, 1, '2015-01-18 20:44:37', 1, 1, 'jpeg', 1),
(3, 33, 'adventure-bus-car-3976-824x550.jpeg', '401421613877', 0, 71030, 'Adventure bus car', 'Lorem ipsum dolor sit amet, consectetuer adipiscing elit.', '', 0, '2015-01-18 20:44:37', 1, 1, '2015-01-18 20:44:37', 1, 1, 'jpeg', 1),
(3, 34, 'adventure-bus-car-3976-824x550.jpeg', '401421613877', 0, 71030, 'Adventure bus car', 'Lorem ipsum dolor sit amet, consectetuer adipiscing elit.', '', 0, '2015-01-18 20:44:37', 1, 1, '2015-01-18 20:44:37', 1, 1, 'jpeg', 1),
(3, 35, 'adventure-bus-car-3976-824x550.jpeg', '401421613877', 0, 71030, 'Adventure bus car', 'Lorem ipsum dolor sit amet, consectetuer adipiscing elit.', '', 0, '2015-01-18 20:44:37', 1, 1, '2015-01-18 20:44:37', 1, 1, 'jpeg', 1),
(3, 36, 'adventure-bus-car-3976-824x550.jpeg', '401421613877', 0, 71030, 'Adventure bus car', 'Lorem ipsum dolor sit amet, consectetuer adipiscing elit.', '', 0, '2015-01-18 20:44:37', 1, 1, '2015-01-18 20:44:37', 1, 1, 'jpeg', 1),
(3, 37, 'adventure-bus-car-3976-824x550.jpeg', '401421613877', 0, 71030, 'Adventure bus car', 'Lorem ipsum dolor sit amet, consectetuer adipiscing elit.', '', 0, '2015-01-18 20:44:37', 1, 1, '2015-01-18 20:44:37', 1, 1, 'jpeg', 1),
(3, 38, 'adventure-bus-car-3976-824x550.jpeg', '401421613877', 0, 71030, 'Adventure bus car', 'Lorem ipsum dolor sit amet, consectetuer adipiscing elit.', '', 0, '2015-01-18 20:44:37', 1, 1, '2015-01-18 20:44:37', 1, 1, 'jpeg', 1),
(3, 39, 'adventure-bus-car-3976-824x550.jpeg', '401421613877', 0, 71030, 'Adventure bus car', 'Lorem ipsum dolor sit amet, consectetuer adipiscing elit.', '', 0, '2015-01-18 20:44:37', 1, 1, '2015-01-18 20:44:37', 1, 1, 'jpeg', 1),
(3, 40, 'adventure-bus-car-3976-824x550.jpeg', '401421613877', 0, 71030, 'Adventure bus car', 'Lorem ipsum dolor sit amet, consectetuer adipiscing elit.', '', 0, '2015-01-18 20:44:37', 1, 1, '2015-01-18 20:44:37', 1, 1, 'jpeg', 1),
(3, 41, 'adventure-bus-car-3976-824x550.jpeg', '401421613877', 0, 71030, 'Adventure bus car', 'Lorem ipsum dolor sit amet, consectetuer adipiscing elit.', '', 0, '2015-01-18 20:44:37', 1, 1, '2015-01-18 20:44:37', 1, 1, 'jpeg', 1),
(3, 42, 'adventure-bus-car-3976-824x550.jpeg', '401421613877', 0, 71030, 'Adventure bus car', 'Lorem ipsum dolor sit amet, consectetuer adipiscing elit.', '', 0, '2015-01-18 20:44:37', 1, 1, '2015-01-18 20:44:37', 1, 1, 'jpeg', 1),
(3, 43, 'adventure-bus-car-3976-824x550.jpeg', '401421613877', 0, 71030, 'Adventure bus car', 'Lorem ipsum dolor sit amet, consectetuer adipiscing elit.', '', 0, '2015-01-18 20:44:37', 1, 1, '2015-01-18 20:44:37', 1, 1, 'jpeg', 1),
(3, 44, 'adventure-bus-car-3976-824x550.jpeg', '401421613877', 0, 71030, 'Adventure bus car', 'Lorem ipsum dolor sit amet, consectetuer adipiscing elit.', '', 1, '2015-01-18 20:44:37', 1, 1, '2015-01-18 20:44:37', 1, 1, 'jpeg', 1),
(4, 1, 'animal-bull-cow-3762-425x550.jpg', '611421613877', 0, 46404, 'animal-bull-cow-3762-425x550.jpg', NULL, '', 0, '2015-01-18 20:44:37', 1, 1, '2015-01-18 20:44:37', 1, 1, 'jpg', 1),
(4, 2, 'animal-bull-cow-3762-425x550.jpg', '611421613877', 0, 46404, 'Animal bull cow', NULL, '', 0, '2015-01-18 20:44:37', 1, 1, '2015-01-18 20:44:37', 1, 1, 'jpg', 1),
(4, 3, 'animal-bull-cow-3762-425x550.jpg', '611421613877', 0, 46404, 'Animal bull cow', NULL, '', 0, '2015-01-18 20:44:37', 1, 1, '2015-01-18 20:44:37', 1, 1, 'jpg', 1),
(4, 4, 'animal-bull-cow-3762-425x550.jpg', '611421613877', 0, 46404, 'Animal bull cow', NULL, '', 0, '2015-01-18 20:44:37', 1, 1, '2015-01-18 20:44:37', 1, 1, 'jpg', 1),
(4, 5, 'animal-bull-cow-3762-425x550.jpg', '611421613877', 0, 46404, 'Animal bull cow', NULL, '', 0, '2015-01-18 20:44:37', 1, 1, '2015-01-18 20:44:37', 1, 1, 'jpg', 1),
(4, 6, 'animal-bull-cow-3762-425x550.jpg', '611421613877', 0, 46404, 'Animal bull cow', NULL, '', 0, '2015-01-18 20:44:37', 1, 1, '2015-01-18 20:44:37', 1, 1, 'jpg', 1),
(4, 7, 'animal-bull-cow-3762-425x550.jpg', '611421613877', 0, 46404, 'Animal bull cow', NULL, '', 0, '2015-01-18 20:44:37', 1, 1, '2015-01-18 20:44:37', 1, 1, 'jpg', 1),
(4, 8, 'animal-bull-cow-3762-425x550.jpg', '611421613877', 0, 46404, 'Animal bull cow', NULL, '', 0, '2015-01-18 20:44:37', 1, 1, '2015-01-18 20:44:37', 1, 1, 'jpg', 1),
(4, 9, 'animal-bull-cow-3762-425x550.jpg', '611421613877', 0, 46404, 'Animal bull cow', NULL, '', 0, '2015-01-18 20:44:37', 1, 1, '2015-01-18 20:44:37', 1, 1, 'jpg', 1),
(4, 10, 'animal-bull-cow-3762-425x550.jpg', '611421613877', 0, 46404, 'Animal bull cow', NULL, '', 0, '2015-01-18 20:44:37', 1, 1, '2015-01-18 20:44:37', 1, 1, 'jpg', 1),
(4, 11, 'animal-bull-cow-3762-425x550.jpg', '611421613877', 0, 46404, 'Animal bull cow', NULL, '', 0, '2015-01-18 20:44:37', 1, 1, '2015-01-18 20:44:37', 1, 1, 'jpg', 1),
(4, 12, 'animal-bull-cow-3762-425x550.jpg', '611421613877', 0, 46404, 'Animal bull cow', 'Lorem ipsum dolor sit amet, consectetuer adipiscing elit.', '', 0, '2015-01-18 20:44:37', 1, 1, '2015-01-18 20:44:37', 1, 1, 'jpg', 1),
(4, 13, 'animal-bull-cow-3762-425x550.jpg', '611421613877', 0, 46404, 'Animal bull cow', 'Lorem ipsum dolor sit amet, consectetuer adipiscing elit.', '', 0, '2015-01-18 20:44:37', 1, 1, '2015-01-18 20:44:37', 1, 1, 'jpg', 1),
(4, 14, 'animal-bull-cow-3762-425x550.jpg', '611421613877', 0, 46404, 'Animal bull cow', 'Lorem ipsum dolor sit amet, consectetuer adipiscing elit.', '', 0, '2015-01-18 20:44:37', 1, 1, '2015-01-18 20:44:37', 1, 1, 'jpg', 1),
(4, 15, 'animal-bull-cow-3762-425x550.jpg', '611421613877', 0, 46404, 'Animal bull cow', 'Lorem ipsum dolor sit amet, consectetuer adipiscing elit.', '', 0, '2015-01-18 20:44:37', 1, 1, '2015-01-18 20:44:37', 1, 1, 'jpg', 1),
(4, 16, 'animal-bull-cow-3762-425x550.jpg', '611421613877', 0, 46404, 'Animal bull cow', 'Lorem ipsum dolor sit amet, consectetuer adipiscing elit.', '', 0, '2015-01-18 20:44:37', 1, 1, '2015-01-18 20:44:37', 1, 1, 'jpg', 1),
(4, 17, 'animal-bull-cow-3762-425x550.jpg', '611421613877', 0, 46404, 'Animal bull cow', 'Lorem ipsum dolor sit amet, consectetuer adipiscing elit.', '', 0, '2015-01-18 20:44:37', 1, 1, '2015-01-18 20:44:37', 1, 1, 'jpg', 1),
(4, 18, 'animal-bull-cow-3762-425x550.jpg', '611421613877', 0, 46404, 'Animal bull cow', 'Lorem ipsum dolor sit amet, consectetuer adipiscing elit.', '', 0, '2015-01-18 20:44:37', 1, 1, '2015-01-18 20:44:37', 1, 1, 'jpg', 1),
(4, 19, 'animal-bull-cow-3762-425x550.jpg', '611421613877', 0, 46404, 'Animal bull cow', 'Lorem ipsum dolor sit amet, consectetuer adipiscing elit.', '', 1, '2015-01-18 20:44:37', 1, 1, '2015-01-18 20:44:37', 1, 1, 'jpg', 1),
(5, 1, 'animal-deer-3817-429x550.jpg', '421421613878', 0, 43711, 'animal-deer-3817-429x550.jpg', NULL, '', 0, '2015-01-18 20:44:38', 1, 1, '2015-01-18 20:44:38', 1, 1, 'jpg', 1),
(5, 2, 'animal-deer-3817-429x550.jpg', '421421613878', 0, 43711, 'Animal deer', NULL, '', 0, '2015-01-18 20:44:38', 1, 1, '2015-01-18 20:44:38', 1, 1, 'jpg', 1),
(5, 3, 'animal-deer-3817-429x550.jpg', '421421613878', 0, 43711, 'Animal deer', NULL, '', 0, '2015-01-18 20:44:38', 1, 1, '2015-01-18 20:44:38', 1, 1, 'jpg', 1),
(5, 4, 'animal-deer-3817-429x550.jpg', '421421613878', 0, 43711, 'Animal deer', NULL, '', 0, '2015-01-18 20:44:38', 1, 1, '2015-01-18 20:44:38', 1, 1, 'jpg', 1),
(5, 5, 'animal-deer-3817-429x550.jpg', '421421613878', 0, 43711, 'Animal deer', NULL, '', 0, '2015-01-18 20:44:38', 1, 1, '2015-01-18 20:44:38', 1, 1, 'jpg', 1),
(5, 6, 'animal-deer-3817-429x550.jpg', '421421613878', 0, 43711, 'Animal deer', NULL, '', 0, '2015-01-18 20:44:38', 1, 1, '2015-01-18 20:44:38', 1, 1, 'jpg', 1),
(5, 7, 'animal-deer-3817-429x550.jpg', '421421613878', 0, 43711, 'Animal deer', NULL, '', 0, '2015-01-18 20:44:38', 1, 1, '2015-01-18 20:44:38', 1, 1, 'jpg', 1),
(5, 8, 'animal-deer-3817-429x550.jpg', '421421613878', 0, 43711, 'Animal deer', NULL, '', 0, '2015-01-18 20:44:38', 1, 1, '2015-01-18 20:44:38', 1, 1, 'jpg', 1),
(5, 9, 'animal-deer-3817-429x550.jpg', '421421613878', 0, 43711, 'Animal deer', NULL, '', 0, '2015-01-18 20:44:38', 1, 1, '2015-01-18 20:44:38', 1, 1, 'jpg', 1),
(5, 10, 'animal-deer-3817-429x550.jpg', '421421613878', 0, 43711, 'Animal deer', NULL, '', 0, '2015-01-18 20:44:38', 1, 1, '2015-01-18 20:44:38', 1, 1, 'jpg', 1),
(5, 11, 'animal-deer-3817-429x550.jpg', '421421613878', 0, 43711, 'Animal deer', NULL, '', 0, '2015-01-18 20:44:38', 1, 1, '2015-01-18 20:44:38', 1, 1, 'jpg', 1),
(5, 12, 'animal-deer-3817-429x550.jpg', '421421613878', 0, 43711, 'Animal deer', NULL, '', 0, '2015-01-18 20:44:38', 1, 1, '2015-01-18 20:44:38', 1, 1, 'jpg', 1),
(5, 13, 'animal-deer-3817-429x550.jpg', '421421613878', 0, 43711, 'Animal deer', NULL, '', 0, '2015-01-18 20:44:38', 1, 1, '2015-01-18 20:44:38', 1, 1, 'jpg', 1),
(5, 14, 'animal-deer-3817-429x550.jpg', '421421613878', 0, 43711, 'Animal deer', NULL, '', 0, '2015-01-18 20:44:38', 1, 1, '2015-01-18 20:44:38', 1, 1, 'jpg', 1),
(5, 15, 'animal-deer-3817-429x550.jpg', '421421613878', 0, 43711, 'Animal deer', NULL, '', 0, '2015-01-18 20:44:38', 1, 1, '2015-01-18 20:44:38', 1, 1, 'jpg', 1),
(5, 16, 'animal-deer-3817-429x550.jpg', '421421613878', 0, 43711, 'Animal deer', NULL, '', 0, '2015-01-18 20:44:38', 1, 1, '2015-01-18 20:44:38', 1, 1, 'jpg', 1),
(5, 17, 'animal-deer-3817-429x550.jpg', '421421613878', 0, 43711, 'Animal deer', NULL, '', 0, '2015-01-18 20:44:38', 1, 1, '2015-01-18 20:44:38', 1, 1, 'jpg', 1),
(5, 18, 'animal-deer-3817-429x550.jpg', '421421613878', 0, 43711, 'Animal deer', NULL, '', 0, '2015-01-18 20:44:38', 1, 1, '2015-01-18 20:44:38', 1, 1, 'jpg', 1),
(5, 19, 'animal-deer-3817-429x550.jpg', '421421613878', 0, 43711, 'Animal deer', NULL, '', 0, '2015-01-18 20:44:38', 1, 1, '2015-01-18 20:44:38', 1, 1, 'jpg', 1),
(5, 20, 'animal-deer-3817-429x550.jpg', '421421613878', 0, 43711, 'Animal deer', NULL, '', 0, '2015-01-18 20:44:38', 1, 1, '2015-01-18 20:44:38', 1, 1, 'jpg', 1),
(5, 21, 'animal-deer-3817-429x550.jpg', '421421613878', 0, 43711, 'Animal deer', NULL, '', 0, '2015-01-18 20:44:38', 1, 1, '2015-01-18 20:44:38', 1, 1, 'jpg', 1),
(5, 22, 'animal-deer-3817-429x550.jpg', '421421613878', 0, 43711, 'Animal deer', NULL, '', 0, '2015-01-18 20:44:38', 1, 1, '2015-01-18 20:44:38', 1, 1, 'jpg', 1),
(5, 23, 'animal-deer-3817-429x550.jpg', '421421613878', 0, 43711, 'Animal deer', NULL, '', 0, '2015-01-18 20:44:38', 1, 1, '2015-01-18 20:44:38', 1, 1, 'jpg', 1),
(5, 24, 'animal-deer-3817-429x550.jpg', '421421613878', 0, 43711, 'Animal deer', NULL, '', 0, '2015-01-18 20:44:38', 1, 1, '2015-01-18 20:44:38', 1, 1, 'jpg', 1),
(5, 25, 'animal-deer-3817-429x550.jpg', '421421613878', 0, 43711, 'Animal deer', 'Lorem ipsum dolor sit amet, consectetuer adipiscing elit.', '', 0, '2015-01-18 20:44:38', 1, 1, '2015-01-18 20:44:38', 1, 1, 'jpg', 1),
(5, 26, 'animal-deer-3817-429x550.jpg', '421421613878', 0, 43711, 'Animal deer', 'Lorem ipsum dolor sit amet, consectetuer adipiscing elit.', '', 0, '2015-01-18 20:44:38', 1, 1, '2015-01-18 20:44:38', 1, 1, 'jpg', 1),
(5, 27, 'animal-deer-3817-429x550.jpg', '421421613878', 0, 43711, 'Animal deer', 'Lorem ipsum dolor sit amet, consectetuer adipiscing elit.', '', 0, '2015-01-18 20:44:38', 1, 1, '2015-01-18 20:44:38', 1, 1, 'jpg', 1),
(5, 28, 'animal-deer-3817-429x550.jpg', '421421613878', 0, 43711, 'Animal deer', 'Lorem ipsum dolor sit amet, consectetuer adipiscing elit.', '', 0, '2015-01-18 20:44:38', 1, 1, '2015-01-18 20:44:38', 1, 1, 'jpg', 1),
(5, 29, 'animal-deer-3817-429x550.jpg', '421421613878', 0, 43711, 'Animal deer', 'Lorem ipsum dolor sit amet, consectetuer adipiscing elit.', '', 0, '2015-01-18 20:44:38', 1, 1, '2015-01-18 20:44:38', 1, 1, 'jpg', 1),
(5, 30, 'animal-deer-3817-429x550.jpg', '421421613878', 0, 43711, 'Animal deer', 'Lorem ipsum dolor sit amet, consectetuer adipiscing elit.', '', 0, '2015-01-18 20:44:38', 1, 1, '2015-01-18 20:44:38', 1, 1, 'jpg', 1),
(5, 31, 'animal-deer-3817-429x550.jpg', '421421613878', 0, 43711, 'Animal deer', 'Lorem ipsum dolor sit amet, consectetuer adipiscing elit.', '', 0, '2015-01-18 20:44:38', 1, 1, '2015-01-18 20:44:38', 1, 1, 'jpg', 1),
(5, 32, 'animal-deer-3817-429x550.jpg', '421421613878', 0, 43711, 'Animal deer', 'Lorem ipsum dolor sit amet, consectetuer adipiscing elit.', '', 0, '2015-01-18 20:44:38', 1, 1, '2015-01-18 20:44:38', 1, 1, 'jpg', 1),
(5, 33, 'animal-deer-3817-429x550.jpg', '421421613878', 0, 43711, 'Animal deer', 'Lorem ipsum dolor sit amet, consectetuer adipiscing elit.', '', 1, '2015-01-18 20:44:38', 1, 1, '2015-01-18 20:44:38', 1, 1, 'jpg', 1),
(6, 1, 'alley-cars-city-3842-412x550.jpeg', '281421613878', 0, 80190, 'alley-cars-city-3842-412x550.jpeg', NULL, '', 0, '2015-01-18 20:44:38', 1, 1, '2015-01-18 20:44:38', 1, 1, 'jpeg', 1),
(6, 2, 'alley-cars-city-3842-412x550.jpeg', '281421613878', 0, 80190, 'Alley cars city', NULL, '', 0, '2015-01-18 20:44:38', 1, 1, '2015-01-18 20:44:38', 1, 1, 'jpeg', 1),
(6, 3, 'alley-cars-city-3842-412x550.jpeg', '281421613878', 0, 80190, 'Alley cars city', NULL, '', 0, '2015-01-18 20:44:38', 1, 1, '2015-01-18 20:44:38', 1, 1, 'jpeg', 1),
(6, 4, 'alley-cars-city-3842-412x550.jpeg', '281421613878', 0, 80190, 'Alley cars city', NULL, '', 0, '2015-01-18 20:44:38', 1, 1, '2015-01-18 20:44:38', 1, 1, 'jpeg', 1),
(6, 5, 'alley-cars-city-3842-412x550.jpeg', '281421613878', 0, 80190, 'Alley cars city', NULL, '', 0, '2015-01-18 20:44:38', 1, 1, '2015-01-18 20:44:38', 1, 1, 'jpeg', 1),
(6, 6, 'alley-cars-city-3842-412x550.jpeg', '281421613878', 0, 80190, 'Alley cars city', NULL, '', 0, '2015-01-18 20:44:38', 1, 1, '2015-01-18 20:44:38', 1, 1, 'jpeg', 1),
(6, 7, 'alley-cars-city-3842-412x550.jpeg', '281421613878', 0, 80190, 'Alley cars city', NULL, '', 0, '2015-01-18 20:44:38', 1, 1, '2015-01-18 20:44:38', 1, 1, 'jpeg', 1),
(6, 8, 'alley-cars-city-3842-412x550.jpeg', '281421613878', 0, 80190, 'Alley cars city', NULL, '', 0, '2015-01-18 20:44:38', 1, 1, '2015-01-18 20:44:38', 1, 1, 'jpeg', 1),
(6, 9, 'alley-cars-city-3842-412x550.jpeg', '281421613878', 0, 80190, 'Alley cars city', NULL, '', 0, '2015-01-18 20:44:38', 1, 1, '2015-01-18 20:44:38', 1, 1, 'jpeg', 1),
(6, 10, 'alley-cars-city-3842-412x550.jpeg', '281421613878', 0, 80190, 'Alley cars city', NULL, '', 0, '2015-01-18 20:44:38', 1, 1, '2015-01-18 20:44:38', 1, 1, 'jpeg', 1),
(6, 11, 'alley-cars-city-3842-412x550.jpeg', '281421613878', 0, 80190, 'Alley cars city', NULL, '', 0, '2015-01-18 20:44:38', 1, 1, '2015-01-18 20:44:38', 1, 1, 'jpeg', 1),
(6, 12, 'alley-cars-city-3842-412x550.jpeg', '281421613878', 0, 80190, 'Alley cars city', NULL, '', 0, '2015-01-18 20:44:38', 1, 1, '2015-01-18 20:44:38', 1, 1, 'jpeg', 1),
(6, 13, 'alley-cars-city-3842-412x550.jpeg', '281421613878', 0, 80190, 'Alley cars city', NULL, '', 0, '2015-01-18 20:44:38', 1, 1, '2015-01-18 20:44:38', 1, 1, 'jpeg', 1),
(6, 14, 'alley-cars-city-3842-412x550.jpeg', '281421613878', 0, 80190, 'Alley cars city', NULL, '', 0, '2015-01-18 20:44:38', 1, 1, '2015-01-18 20:44:38', 1, 1, 'jpeg', 1),
(6, 15, 'alley-cars-city-3842-412x550.jpeg', '281421613878', 0, 80190, 'Alley cars city', NULL, '', 0, '2015-01-18 20:44:38', 1, 1, '2015-01-18 20:44:38', 1, 1, 'jpeg', 1),
(6, 16, 'alley-cars-city-3842-412x550.jpeg', '281421613878', 0, 80190, 'Alley cars city', NULL, '', 0, '2015-01-18 20:44:38', 1, 1, '2015-01-18 20:44:38', 1, 1, 'jpeg', 1),
(6, 17, 'alley-cars-city-3842-412x550.jpeg', '281421613878', 0, 80190, 'Alley cars city', NULL, '', 0, '2015-01-18 20:44:38', 1, 1, '2015-01-18 20:44:38', 1, 1, 'jpeg', 1),
(6, 18, 'alley-cars-city-3842-412x550.jpeg', '281421613878', 0, 80190, 'Alley cars city', NULL, '', 0, '2015-01-18 20:44:38', 1, 1, '2015-01-18 20:44:38', 1, 1, 'jpeg', 1),
(6, 19, 'alley-cars-city-3842-412x550.jpeg', '281421613878', 0, 80190, 'Alley cars city', NULL, '', 0, '2015-01-18 20:44:38', 1, 1, '2015-01-18 20:44:38', 1, 1, 'jpeg', 1),
(6, 20, 'alley-cars-city-3842-412x550.jpeg', '281421613878', 0, 80190, 'Alley cars city', NULL, '', 0, '2015-01-18 20:44:38', 1, 1, '2015-01-18 20:44:38', 1, 1, 'jpeg', 1),
(6, 21, 'alley-cars-city-3842-412x550.jpeg', '281421613878', 0, 80190, 'Alley cars city', NULL, '', 0, '2015-01-18 20:44:38', 1, 1, '2015-01-18 20:44:38', 1, 1, 'jpeg', 1),
(6, 22, 'alley-cars-city-3842-412x550.jpeg', '281421613878', 0, 80190, 'Alley cars city', NULL, '', 0, '2015-01-18 20:44:38', 1, 1, '2015-01-18 20:44:38', 1, 1, 'jpeg', 1),
(6, 23, 'alley-cars-city-3842-412x550.jpeg', '281421613878', 0, 80190, 'Alley cars city', NULL, '', 0, '2015-01-18 20:44:38', 1, 1, '2015-01-18 20:44:38', 1, 1, 'jpeg', 1),
(6, 24, 'alley-cars-city-3842-412x550.jpeg', '281421613878', 0, 80190, 'Alley cars city', NULL, '', 0, '2015-01-18 20:44:38', 1, 1, '2015-01-18 20:44:38', 1, 1, 'jpeg', 1),
(6, 25, 'alley-cars-city-3842-412x550.jpeg', '281421613878', 0, 80190, 'Alley cars city', 'Lorem ipsum dolor sit amet, consectetuer adipiscing elit.', '', 0, '2015-01-18 20:44:38', 1, 1, '2015-01-18 20:44:38', 1, 1, 'jpeg', 1),
(6, 26, 'alley-cars-city-3842-412x550.jpeg', '281421613878', 0, 80190, 'Alley cars city', 'Lorem ipsum dolor sit amet, consectetuer adipiscing elit.', '', 0, '2015-01-18 20:44:38', 1, 1, '2015-01-18 20:44:38', 1, 1, 'jpeg', 1),
(6, 27, 'alley-cars-city-3842-412x550.jpeg', '281421613878', 0, 80190, 'Alley cars city', 'Lorem ipsum dolor sit amet, consectetuer adipiscing elit.', '', 0, '2015-01-18 20:44:38', 1, 1, '2015-01-18 20:44:38', 1, 1, 'jpeg', 1),
(6, 28, 'alley-cars-city-3842-412x550.jpeg', '281421613878', 0, 80190, 'Alley cars city', 'Lorem ipsum dolor sit amet, consectetuer adipiscing elit.', '', 0, '2015-01-18 20:44:38', 1, 1, '2015-01-18 20:44:38', 1, 1, 'jpeg', 1),
(6, 29, 'alley-cars-city-3842-412x550.jpeg', '281421613878', 0, 80190, 'Alley cars city', 'Lorem ipsum dolor sit amet, consectetuer adipiscing elit.', '', 0, '2015-01-18 20:44:38', 1, 1, '2015-01-18 20:44:38', 1, 1, 'jpeg', 1),
(6, 30, 'alley-cars-city-3842-412x550.jpeg', '281421613878', 0, 80190, 'Alley cars city', 'Lorem ipsum dolor sit amet, consectetuer adipiscing elit.', '', 0, '2015-01-18 20:44:38', 1, 1, '2015-01-18 20:44:38', 1, 1, 'jpeg', 1),
(6, 31, 'alley-cars-city-3842-412x550.jpeg', '281421613878', 0, 80190, 'Alley cars city', 'Lorem ipsum dolor sit amet, consectetuer adipiscing elit.', '', 0, '2015-01-18 20:44:38', 1, 1, '2015-01-18 20:44:38', 1, 1, 'jpeg', 1),
(6, 32, 'alley-cars-city-3842-412x550.jpeg', '281421613878', 0, 80190, 'Alley cars city', 'Lorem ipsum dolor sit amet, consectetuer adipiscing elit.', '', 0, '2015-01-18 20:44:38', 1, 1, '2015-01-18 20:44:38', 1, 1, 'jpeg', 1),
(6, 33, 'alley-cars-city-3842-412x550.jpeg', '281421613878', 0, 80190, 'Alley cars city', 'Lorem ipsum dolor sit amet, consectetuer adipiscing elit.', '', 1, '2015-01-18 20:44:38', 1, 1, '2015-01-18 20:44:38', 1, 1, 'jpeg', 1),
(7, 1, 'adventure-forest-nature-4029-824x550.jpeg', '901421613879', 0, 201860, 'adventure-forest-nature-4029-824x550.jpeg', NULL, '', 0, '2015-01-18 20:44:39', 1, 1, '2015-01-18 20:44:39', 1, 1, 'jpeg', 1),
(7, 2, 'adventure-forest-nature-4029-824x550.jpeg', '901421613879', 0, 201860, 'Adventure forest nature', NULL, '', 0, '2015-01-18 20:44:39', 1, 1, '2015-01-18 20:44:39', 1, 1, 'jpeg', 1),
(7, 3, 'adventure-forest-nature-4029-824x550.jpeg', '901421613879', 0, 201860, 'Adventure forest nature', NULL, '', 0, '2015-01-18 20:44:39', 1, 1, '2015-01-18 20:44:39', 1, 1, 'jpeg', 1),
(7, 4, 'adventure-forest-nature-4029-824x550.jpeg', '901421613879', 0, 201860, 'Adventure forest nature', NULL, '', 0, '2015-01-18 20:44:39', 1, 1, '2015-01-18 20:44:39', 1, 1, 'jpeg', 1),
(7, 5, 'adventure-forest-nature-4029-824x550.jpeg', '901421613879', 0, 201860, 'Adventure forest nature', NULL, '', 0, '2015-01-18 20:44:39', 1, 1, '2015-01-18 20:44:39', 1, 1, 'jpeg', 1),
(7, 6, 'adventure-forest-nature-4029-824x550.jpeg', '901421613879', 0, 201860, 'Adventure forest nature', NULL, '', 0, '2015-01-18 20:44:39', 1, 1, '2015-01-18 20:44:39', 1, 1, 'jpeg', 1),
(7, 7, 'adventure-forest-nature-4029-824x550.jpeg', '901421613879', 0, 201860, 'Adventure forest nature', NULL, '', 0, '2015-01-18 20:44:39', 1, 1, '2015-01-18 20:44:39', 1, 1, 'jpeg', 1),
(7, 8, 'adventure-forest-nature-4029-824x550.jpeg', '901421613879', 0, 201860, 'Adventure forest nature', NULL, '', 0, '2015-01-18 20:44:39', 1, 1, '2015-01-18 20:44:39', 1, 1, 'jpeg', 1),
(7, 9, 'adventure-forest-nature-4029-824x550.jpeg', '901421613879', 0, 201860, 'Adventure forest nature', NULL, '', 0, '2015-01-18 20:44:39', 1, 1, '2015-01-18 20:44:39', 1, 1, 'jpeg', 1),
(7, 10, 'adventure-forest-nature-4029-824x550.jpeg', '901421613879', 0, 201860, 'Adventure forest nature', NULL, '', 0, '2015-01-18 20:44:39', 1, 1, '2015-01-18 20:44:39', 1, 1, 'jpeg', 1),
(7, 11, 'adventure-forest-nature-4029-824x550.jpeg', '901421613879', 0, 201860, 'Adventure forest nature', NULL, '', 0, '2015-01-18 20:44:39', 1, 1, '2015-01-18 20:44:39', 1, 1, 'jpeg', 1),
(7, 12, 'adventure-forest-nature-4029-824x550.jpeg', '901421613879', 0, 201860, 'Adventure forest nature', NULL, '', 0, '2015-01-18 20:44:39', 1, 1, '2015-01-18 20:44:39', 1, 1, 'jpeg', 1),
(7, 13, 'adventure-forest-nature-4029-824x550.jpeg', '901421613879', 0, 201860, 'Adventure forest nature', NULL, '', 0, '2015-01-18 20:44:39', 1, 1, '2015-01-18 20:44:39', 1, 1, 'jpeg', 1),
(7, 14, 'adventure-forest-nature-4029-824x550.jpeg', '901421613879', 0, 201860, 'Adventure forest nature', NULL, '', 0, '2015-01-18 20:44:39', 1, 1, '2015-01-18 20:44:39', 1, 1, 'jpeg', 1),
(7, 15, 'adventure-forest-nature-4029-824x550.jpeg', '901421613879', 0, 201860, 'Adventure forest nature', NULL, '', 0, '2015-01-18 20:44:39', 1, 1, '2015-01-18 20:44:39', 1, 1, 'jpeg', 1),
(7, 16, 'adventure-forest-nature-4029-824x550.jpeg', '901421613879', 0, 201860, 'Adventure forest nature', NULL, '', 0, '2015-01-18 20:44:39', 1, 1, '2015-01-18 20:44:39', 1, 1, 'jpeg', 1),
(7, 17, 'adventure-forest-nature-4029-824x550.jpeg', '901421613879', 0, 201860, 'Adventure forest nature', NULL, '', 0, '2015-01-18 20:44:39', 1, 1, '2015-01-18 20:44:39', 1, 1, 'jpeg', 1),
(7, 18, 'adventure-forest-nature-4029-824x550.jpeg', '901421613879', 0, 201860, 'Adventure forest nature', NULL, '', 0, '2015-01-18 20:44:39', 1, 1, '2015-01-18 20:44:39', 1, 1, 'jpeg', 1),
(7, 19, 'adventure-forest-nature-4029-824x550.jpeg', '901421613879', 0, 201860, 'Adventure forest nature', NULL, '', 0, '2015-01-18 20:44:39', 1, 1, '2015-01-18 20:44:39', 1, 1, 'jpeg', 1),
(7, 20, 'adventure-forest-nature-4029-824x550.jpeg', '901421613879', 0, 201860, 'Adventure forest nature', NULL, '', 0, '2015-01-18 20:44:39', 1, 1, '2015-01-18 20:44:39', 1, 1, 'jpeg', 1),
(7, 21, 'adventure-forest-nature-4029-824x550.jpeg', '901421613879', 0, 201860, 'Adventure forest nature', NULL, '', 0, '2015-01-18 20:44:39', 1, 1, '2015-01-18 20:44:39', 1, 1, 'jpeg', 1),
(7, 22, 'adventure-forest-nature-4029-824x550.jpeg', '901421613879', 0, 201860, 'Adventure forest nature', NULL, '', 0, '2015-01-18 20:44:39', 1, 1, '2015-01-18 20:44:39', 1, 1, 'jpeg', 1),
(7, 23, 'adventure-forest-nature-4029-824x550.jpeg', '901421613879', 0, 201860, 'Adventure forest nature', NULL, '', 0, '2015-01-18 20:44:39', 1, 1, '2015-01-18 20:44:39', 1, 1, 'jpeg', 1),
(7, 24, 'adventure-forest-nature-4029-824x550.jpeg', '901421613879', 0, 201860, 'Adventure forest nature', NULL, '', 0, '2015-01-18 20:44:39', 1, 1, '2015-01-18 20:44:39', 1, 1, 'jpeg', 1),
(7, 25, 'adventure-forest-nature-4029-824x550.jpeg', '901421613879', 0, 201860, 'Adventure forest nature', 'Lorem ipsum dolor sit amet, consectetuer adipiscing elit.', '', 0, '2015-01-18 20:44:39', 1, 1, '2015-01-18 20:44:39', 1, 1, 'jpeg', 1),
(7, 26, 'adventure-forest-nature-4029-824x550.jpeg', '901421613879', 0, 201860, 'Adventure forest nature', 'Lorem ipsum dolor sit amet, consectetuer adipiscing elit.', '', 0, '2015-01-18 20:44:39', 1, 1, '2015-01-18 20:44:39', 1, 1, 'jpeg', 1),
(7, 27, 'adventure-forest-nature-4029-824x550.jpeg', '901421613879', 0, 201860, 'Adventure forest nature', 'Lorem ipsum dolor sit amet, consectetuer adipiscing elit.', '', 0, '2015-01-18 20:44:39', 1, 1, '2015-01-18 20:44:39', 1, 1, 'jpeg', 1),
(7, 28, 'adventure-forest-nature-4029-824x550.jpeg', '901421613879', 0, 201860, 'Adventure forest nature', 'Lorem ipsum dolor sit amet, consectetuer adipiscing elit.', '', 0, '2015-01-18 20:44:39', 1, 1, '2015-01-18 20:44:39', 1, 1, 'jpeg', 1),
(7, 29, 'adventure-forest-nature-4029-824x550.jpeg', '901421613879', 0, 201860, 'Adventure forest nature', 'Lorem ipsum dolor sit amet, consectetuer adipiscing elit.', '', 0, '2015-01-18 20:44:39', 1, 1, '2015-01-18 20:44:39', 1, 1, 'jpeg', 1),
(7, 30, 'adventure-forest-nature-4029-824x550.jpeg', '901421613879', 0, 201860, 'Adventure forest nature', 'Lorem ipsum dolor sit amet, consectetuer adipiscing elit.', '', 0, '2015-01-18 20:44:39', 1, 1, '2015-01-18 20:44:39', 1, 1, 'jpeg', 1),
(7, 31, 'adventure-forest-nature-4029-824x550.jpeg', '901421613879', 0, 201860, 'Adventure forest nature', 'Lorem ipsum dolor sit amet, consectetuer adipiscing elit.', '', 0, '2015-01-18 20:44:39', 1, 1, '2015-01-18 20:44:39', 1, 1, 'jpeg', 1),
(7, 32, 'adventure-forest-nature-4029-824x550.jpeg', '901421613879', 0, 201860, 'Adventure forest nature', 'Lorem ipsum dolor sit amet, consectetuer adipiscing elit.', '', 0, '2015-01-18 20:44:39', 1, 1, '2015-01-18 20:44:39', 1, 1, 'jpeg', 1),
(7, 33, 'adventure-forest-nature-4029-824x550.jpeg', '901421613879', 0, 201860, 'Adventure forest nature', 'Lorem ipsum dolor sit amet, consectetuer adipiscing elit.', '', 0, '2015-01-18 20:44:39', 1, 1, '2015-01-18 20:44:39', 1, 1, 'jpeg', 1),
(7, 34, 'adventure-forest-nature-4029-824x550.jpeg', '901421613879', 0, 201860, 'Adventure forest nature', 'Lorem ipsum dolor sit amet, consectetuer adipiscing elit.', '', 0, '2015-01-18 20:44:39', 1, 1, '2015-01-18 20:44:39', 1, 1, 'jpeg', 1),
(7, 35, 'adventure-forest-nature-4029-824x550.jpeg', '901421613879', 0, 201860, 'Adventure forest nature', 'Lorem ipsum dolor sit amet, consectetuer adipiscing elit.', '', 0, '2015-01-18 20:44:39', 1, 1, '2015-01-18 20:44:39', 1, 1, 'jpeg', 1),
(7, 36, 'adventure-forest-nature-4029-824x550.jpeg', '901421613879', 0, 201860, 'Adventure forest nature', 'Lorem ipsum dolor sit amet, consectetuer adipiscing elit.', '', 0, '2015-01-18 20:44:39', 1, 1, '2015-01-18 20:44:39', 1, 1, 'jpeg', 1),
(7, 37, 'adventure-forest-nature-4029-824x550.jpeg', '901421613879', 0, 201860, 'Adventure forest nature', 'Lorem ipsum dolor sit amet, consectetuer adipiscing elit.', '', 0, '2015-01-18 20:44:39', 1, 1, '2015-01-18 20:44:39', 1, 1, 'jpeg', 1),
(7, 38, 'adventure-forest-nature-4029-824x550.jpeg', '901421613879', 0, 201860, 'Adventure forest nature', 'Lorem ipsum dolor sit amet, consectetuer adipiscing elit.', '', 0, '2015-01-18 20:44:39', 1, 1, '2015-01-18 20:44:39', 1, 1, 'jpeg', 1),
(7, 39, 'adventure-forest-nature-4029-824x550.jpeg', '901421613879', 0, 201860, 'Adventure forest nature', 'Lorem ipsum dolor sit amet, consectetuer adipiscing elit.', '', 0, '2015-01-18 20:44:39', 1, 1, '2015-01-18 20:44:39', 1, 1, 'jpeg', 1),
(7, 40, 'adventure-forest-nature-4029-824x550.jpeg', '901421613879', 0, 201860, 'Adventure forest nature', 'Lorem ipsum dolor sit amet, consectetuer adipiscing elit.', '', 0, '2015-01-18 20:44:39', 1, 1, '2015-01-18 20:44:39', 1, 1, 'jpeg', 1),
(7, 41, 'adventure-forest-nature-4029-824x550.jpeg', '901421613879', 0, 201860, 'Adventure forest nature', 'Lorem ipsum dolor sit amet, consectetuer adipiscing elit.', '', 0, '2015-01-18 20:44:39', 1, 1, '2015-01-18 20:44:39', 1, 1, 'jpeg', 1),
(7, 42, 'adventure-forest-nature-4029-824x550.jpeg', '901421613879', 0, 201860, 'Adventure forest nature', 'Lorem ipsum dolor sit amet, consectetuer adipiscing elit.', '', 0, '2015-01-18 20:44:39', 1, 1, '2015-01-18 20:44:39', 1, 1, 'jpeg', 1),
(7, 43, 'adventure-forest-nature-4029-824x550.jpeg', '901421613879', 0, 201860, 'Adventure forest nature', 'Lorem ipsum dolor sit amet, consectetuer adipiscing elit.', '', 0, '2015-01-18 20:44:39', 1, 1, '2015-01-18 20:44:39', 1, 1, 'jpeg', 1),
(7, 44, 'adventure-forest-nature-4029-824x550.jpeg', '901421613879', 0, 201860, 'Adventure forest nature', 'Lorem ipsum dolor sit amet, consectetuer adipiscing elit.', '', 1, '2015-01-18 20:44:39', 1, 1, '2015-01-18 20:44:39', 1, 1, 'jpeg', 1),
(8, 1, 'car-house-parking-3758-412x550.jpeg', '241421613880', 0, 59766, 'car-house-parking-3758-412x550.jpeg', NULL, '', 0, '2015-01-18 20:44:40', 1, 1, '2015-01-18 20:44:40', 1, 1, 'jpeg', 1),
(8, 2, 'car-house-parking-3758-412x550.jpeg', '241421613880', 0, 59766, 'Car house parking', NULL, '', 0, '2015-01-18 20:44:40', 1, 1, '2015-01-18 20:44:40', 1, 1, 'jpeg', 1),
(8, 3, 'car-house-parking-3758-412x550.jpeg', '241421613880', 0, 59766, 'Car house parking', NULL, '', 0, '2015-01-18 20:44:40', 1, 1, '2015-01-18 20:44:40', 1, 1, 'jpeg', 1),
(8, 4, 'car-house-parking-3758-412x550.jpeg', '241421613880', 0, 59766, 'Car house parking', NULL, '', 0, '2015-01-18 20:44:40', 1, 1, '2015-01-18 20:44:40', 1, 1, 'jpeg', 1),
(8, 5, 'car-house-parking-3758-412x550.jpeg', '241421613880', 0, 59766, 'Car house parking', NULL, '', 0, '2015-01-18 20:44:40', 1, 1, '2015-01-18 20:44:40', 1, 1, 'jpeg', 1),
(8, 6, 'car-house-parking-3758-412x550.jpeg', '241421613880', 0, 59766, 'Car house parking', NULL, '', 0, '2015-01-18 20:44:40', 1, 1, '2015-01-18 20:44:40', 1, 1, 'jpeg', 1),
(8, 7, 'car-house-parking-3758-412x550.jpeg', '241421613880', 0, 59766, 'Car house parking', NULL, '', 0, '2015-01-18 20:44:40', 1, 1, '2015-01-18 20:44:40', 1, 1, 'jpeg', 1),
(8, 8, 'car-house-parking-3758-412x550.jpeg', '241421613880', 0, 59766, 'Car house parking', NULL, '', 0, '2015-01-18 20:44:40', 1, 1, '2015-01-18 20:44:40', 1, 1, 'jpeg', 1),
(8, 9, 'car-house-parking-3758-412x550.jpeg', '241421613880', 0, 59766, 'Car house parking', NULL, '', 0, '2015-01-18 20:44:40', 1, 1, '2015-01-18 20:44:40', 1, 1, 'jpeg', 1),
(8, 10, 'car-house-parking-3758-412x550.jpeg', '241421613880', 0, 59766, 'Car house parking', NULL, '', 0, '2015-01-18 20:44:40', 1, 1, '2015-01-18 20:44:40', 1, 1, 'jpeg', 1),
(8, 11, 'car-house-parking-3758-412x550.jpeg', '241421613880', 0, 59766, 'Car house parking', NULL, '', 0, '2015-01-18 20:44:40', 1, 1, '2015-01-18 20:44:40', 1, 1, 'jpeg', 1),
(8, 12, 'car-house-parking-3758-412x550.jpeg', '241421613880', 0, 59766, 'Car house parking', NULL, '', 0, '2015-01-18 20:44:40', 1, 1, '2015-01-18 20:44:40', 1, 1, 'jpeg', 1),
(8, 13, 'car-house-parking-3758-412x550.jpeg', '241421613880', 0, 59766, 'Car house parking', NULL, '', 0, '2015-01-18 20:44:40', 1, 1, '2015-01-18 20:44:40', 1, 1, 'jpeg', 1),
(8, 14, 'car-house-parking-3758-412x550.jpeg', '241421613880', 0, 59766, 'Car house parking', NULL, '', 0, '2015-01-18 20:44:40', 1, 1, '2015-01-18 20:44:40', 1, 1, 'jpeg', 1),
(8, 15, 'car-house-parking-3758-412x550.jpeg', '241421613880', 0, 59766, 'Car house parking', NULL, '', 0, '2015-01-18 20:44:40', 1, 1, '2015-01-18 20:44:40', 1, 1, 'jpeg', 1),
(8, 16, 'car-house-parking-3758-412x550.jpeg', '241421613880', 0, 59766, 'Car house parking', NULL, '', 0, '2015-01-18 20:44:40', 1, 1, '2015-01-18 20:44:40', 1, 1, 'jpeg', 1),
(8, 17, 'car-house-parking-3758-412x550.jpeg', '241421613880', 0, 59766, 'Car house parking', NULL, '', 0, '2015-01-18 20:44:40', 1, 1, '2015-01-18 20:44:40', 1, 1, 'jpeg', 1),
(8, 18, 'car-house-parking-3758-412x550.jpeg', '241421613880', 0, 59766, 'Car house parking', NULL, '', 0, '2015-01-18 20:44:40', 1, 1, '2015-01-18 20:44:40', 1, 1, 'jpeg', 1),
(8, 19, 'car-house-parking-3758-412x550.jpeg', '241421613880', 0, 59766, 'Car house parking', NULL, '', 0, '2015-01-18 20:44:40', 1, 1, '2015-01-18 20:44:40', 1, 1, 'jpeg', 1),
(8, 20, 'car-house-parking-3758-412x550.jpeg', '241421613880', 0, 59766, 'Car house parking', NULL, '', 0, '2015-01-18 20:44:40', 1, 1, '2015-01-18 20:44:40', 1, 1, 'jpeg', 1),
(8, 21, 'car-house-parking-3758-412x550.jpeg', '241421613880', 0, 59766, 'Car house parking', NULL, '', 0, '2015-01-18 20:44:40', 1, 1, '2015-01-18 20:44:40', 1, 1, 'jpeg', 1),
(8, 22, 'car-house-parking-3758-412x550.jpeg', '241421613880', 0, 59766, 'Car house parking', NULL, '', 0, '2015-01-18 20:44:40', 1, 1, '2015-01-18 20:44:40', 1, 1, 'jpeg', 1),
(8, 23, 'car-house-parking-3758-412x550.jpeg', '241421613880', 0, 59766, 'Car house parking', NULL, '', 0, '2015-01-18 20:44:40', 1, 1, '2015-01-18 20:44:40', 1, 1, 'jpeg', 1),
(8, 24, 'car-house-parking-3758-412x550.jpeg', '241421613880', 0, 59766, 'Car house parking', NULL, '', 0, '2015-01-18 20:44:40', 1, 1, '2015-01-18 20:44:40', 1, 1, 'jpeg', 1),
(8, 25, 'car-house-parking-3758-412x550.jpeg', '241421613880', 0, 59766, 'Car house parking', NULL, '', 0, '2015-01-18 20:44:40', 1, 1, '2015-01-18 20:44:40', 1, 1, 'jpeg', 1),
(8, 26, 'car-house-parking-3758-412x550.jpeg', '241421613880', 0, 59766, 'Car house parking', NULL, '', 0, '2015-01-18 20:44:40', 1, 1, '2015-01-18 20:44:40', 1, 1, 'jpeg', 1),
(8, 27, 'car-house-parking-3758-412x550.jpeg', '241421613880', 0, 59766, 'Car house parking', NULL, '', 0, '2015-01-18 20:44:40', 1, 1, '2015-01-18 20:44:40', 1, 1, 'jpeg', 1),
(8, 28, 'car-house-parking-3758-412x550.jpeg', '241421613880', 0, 59766, 'Car house parking', NULL, '', 0, '2015-01-18 20:44:40', 1, 1, '2015-01-18 20:44:40', 1, 1, 'jpeg', 1),
(8, 29, 'car-house-parking-3758-412x550.jpeg', '241421613880', 0, 59766, 'Car house parking', NULL, '', 0, '2015-01-18 20:44:40', 1, 1, '2015-01-18 20:44:40', 1, 1, 'jpeg', 1),
(8, 30, 'car-house-parking-3758-412x550.jpeg', '241421613880', 0, 59766, 'Car house parking', NULL, '', 0, '2015-01-18 20:44:40', 1, 1, '2015-01-18 20:44:40', 1, 1, 'jpeg', 1),
(8, 31, 'car-house-parking-3758-412x550.jpeg', '241421613880', 0, 59766, 'Car house parking', NULL, '', 0, '2015-01-18 20:44:40', 1, 1, '2015-01-18 20:44:40', 1, 1, 'jpeg', 1),
(8, 32, 'car-house-parking-3758-412x550.jpeg', '241421613880', 0, 59766, 'Car house parking', NULL, '', 1, '2015-01-18 20:44:40', 1, 1, '2015-01-18 20:44:40', 1, 1, 'jpeg', 1),
(9, 1, 'person-sitting-sunny-3955-366x550.jpeg', '251421613880', 0, 20359, 'person-sitting-sunny-3955-366x550.jpeg', NULL, '', 0, '2015-01-18 20:44:40', 1, 1, '2015-01-18 20:44:40', 1, 0, 'jpeg', 1),
(9, 2, 'person-sitting-sunny-3955-366x550.jpeg', '251421613880', 0, 20359, 'Person sitting sunny', NULL, '', 0, '2015-01-18 20:44:40', 1, 1, '2015-01-18 20:44:40', 1, 0, 'jpeg', 1),
(9, 3, 'person-sitting-sunny-3955-366x550.jpeg', '251421613880', 0, 20359, 'Person sitting sunny', NULL, '', 0, '2015-01-18 20:44:40', 1, 1, '2015-01-18 20:44:40', 1, 0, 'jpeg', 1),
(9, 4, 'person-sitting-sunny-3955-366x550.jpeg', '251421613880', 0, 20359, 'Person sitting sunny', NULL, '', 0, '2015-01-18 20:44:40', 1, 1, '2015-01-18 20:44:40', 1, 0, 'jpeg', 1),
(9, 5, 'person-sitting-sunny-3955-366x550.jpeg', '251421613880', 0, 20359, 'Person sitting sunny', NULL, '', 0, '2015-01-18 20:44:40', 1, 1, '2015-01-18 20:44:40', 1, 0, 'jpeg', 1),
(9, 6, 'person-sitting-sunny-3955-366x550.jpeg', '251421613880', 0, 20359, 'Person sitting sunny', NULL, '', 0, '2015-01-18 20:44:40', 1, 1, '2015-01-18 20:44:40', 1, 0, 'jpeg', 1),
(9, 7, 'person-sitting-sunny-3955-366x550.jpeg', '251421613880', 0, 20359, 'Person sitting sunny', NULL, '', 0, '2015-01-18 20:44:40', 1, 1, '2015-01-18 20:44:40', 1, 0, 'jpeg', 1),
(9, 8, 'person-sitting-sunny-3955-366x550.jpeg', '251421613880', 0, 20359, 'Person sitting sunny', NULL, '', 0, '2015-01-18 20:44:40', 1, 1, '2015-01-18 20:44:40', 1, 0, 'jpeg', 1),
(9, 9, 'person-sitting-sunny-3955-366x550.jpeg', '251421613880', 0, 20359, 'Person sitting sunny', NULL, '', 0, '2015-01-18 20:44:40', 1, 1, '2015-01-18 20:44:40', 1, 0, 'jpeg', 1),
(9, 10, 'person-sitting-sunny-3955-366x550.jpeg', '251421613880', 0, 20359, 'Person sitting sunny', NULL, '', 0, '2015-01-18 20:44:40', 1, 1, '2015-01-18 20:44:40', 1, 0, 'jpeg', 1),
(9, 11, 'person-sitting-sunny-3955-366x550.jpeg', '251421613880', 0, 20359, 'Person sitting sunny', NULL, '', 0, '2015-01-18 20:44:40', 1, 1, '2015-01-18 20:44:40', 1, 0, 'jpeg', 1),
(9, 12, 'person-sitting-sunny-3955-366x550.jpeg', '251421613880', 0, 20359, 'Person sitting sunny', NULL, '', 0, '2015-01-18 20:44:40', 1, 1, '2015-01-18 20:44:40', 1, 0, 'jpeg', 1),
(9, 13, 'person-sitting-sunny-3955-366x550.jpeg', '251421613880', 0, 20359, 'Person sitting sunny', NULL, '', 0, '2015-01-18 20:44:40', 1, 1, '2015-01-18 20:44:40', 1, 0, 'jpeg', 1),
(9, 14, 'person-sitting-sunny-3955-366x550.jpeg', '251421613880', 0, 20359, 'Person sitting sunny', NULL, '', 0, '2015-01-18 20:44:40', 1, 1, '2015-01-18 20:44:40', 1, 0, 'jpeg', 1),
(9, 15, 'person-sitting-sunny-3955-366x550.jpeg', '251421613880', 0, 20359, 'Person sitting sunny', NULL, '', 0, '2015-01-18 20:44:40', 1, 1, '2015-01-18 20:44:40', 1, 0, 'jpeg', 1),
(9, 16, 'person-sitting-sunny-3955-366x550.jpeg', '251421613880', 0, 20359, 'Person sitting sunny', NULL, '', 0, '2015-01-18 20:44:40', 1, 1, '2015-01-18 20:44:40', 1, 0, 'jpeg', 1),
(9, 17, 'person-sitting-sunny-3955-366x550.jpeg', '251421613880', 0, 20359, 'Person sitting sunny', NULL, '', 0, '2015-01-18 20:44:40', 1, 1, '2015-01-18 20:44:40', 1, 0, 'jpeg', 1),
(9, 18, 'person-sitting-sunny-3955-366x550.jpeg', '251421613880', 0, 20359, 'Person sitting sunny', NULL, '', 0, '2015-01-18 20:44:40', 1, 1, '2015-01-18 20:44:40', 1, 0, 'jpeg', 1),
(9, 19, 'person-sitting-sunny-3955-366x550.jpeg', '251421613880', 0, 20359, 'Person sitting sunny', NULL, '', 0, '2015-01-18 20:44:40', 1, 1, '2015-01-18 20:44:40', 1, 0, 'jpeg', 1),
(9, 20, 'person-sitting-sunny-3955-366x550.jpeg', '251421613880', 0, 20359, 'Person sitting sunny', NULL, '', 0, '2015-01-18 20:44:40', 1, 1, '2015-01-18 20:44:40', 1, 0, 'jpeg', 1);
INSERT INTO `FileVersions` (`fID`, `fvID`, `fvFilename`, `fvPrefix`, `fvGenericType`, `fvSize`, `fvTitle`, `fvDescription`, `fvTags`, `fvIsApproved`, `fvDateAdded`, `fvApproverUID`, `fvAuthorUID`, `fvActivateDatetime`, `fvHasListingThumbnail`, `fvHasDetailThumbnail`, `fvExtension`, `fvType`) VALUES
(9, 21, 'person-sitting-sunny-3955-366x550.jpeg', '251421613880', 0, 20359, 'Person sitting sunny', NULL, '', 0, '2015-01-18 20:44:40', 1, 1, '2015-01-18 20:44:40', 1, 0, 'jpeg', 1),
(9, 22, 'person-sitting-sunny-3955-366x550.jpeg', '251421613880', 0, 20359, 'Person sitting sunny', NULL, '', 0, '2015-01-18 20:44:40', 1, 1, '2015-01-18 20:44:40', 1, 0, 'jpeg', 1),
(9, 23, 'person-sitting-sunny-3955-366x550.jpeg', '251421613880', 0, 20359, 'Person sitting sunny', NULL, '', 0, '2015-01-18 20:44:40', 1, 1, '2015-01-18 20:44:40', 1, 0, 'jpeg', 1),
(9, 24, 'person-sitting-sunny-3955-366x550.jpeg', '251421613880', 0, 20359, 'Person sitting sunny', NULL, '', 0, '2015-01-18 20:44:40', 1, 1, '2015-01-18 20:44:40', 1, 0, 'jpeg', 1),
(9, 25, 'person-sitting-sunny-3955-366x550.jpeg', '251421613880', 0, 20359, 'Person sitting sunny', NULL, '', 0, '2015-01-18 20:44:40', 1, 1, '2015-01-18 20:44:40', 1, 0, 'jpeg', 1),
(9, 26, 'person-sitting-sunny-3955-366x550.jpeg', '251421613880', 0, 20359, 'Person sitting sunny', NULL, '', 0, '2015-01-18 20:44:40', 1, 1, '2015-01-18 20:44:40', 1, 0, 'jpeg', 1),
(9, 27, 'person-sitting-sunny-3955-366x550.jpeg', '251421613880', 0, 20359, 'Person sitting sunny', NULL, '', 0, '2015-01-18 20:44:40', 1, 1, '2015-01-18 20:44:40', 1, 0, 'jpeg', 1),
(9, 28, 'person-sitting-sunny-3955-366x550.jpeg', '251421613880', 0, 20359, 'Person sitting sunny', NULL, '', 0, '2015-01-18 20:44:40', 1, 1, '2015-01-18 20:44:40', 1, 0, 'jpeg', 1),
(9, 29, 'person-sitting-sunny-3955-366x550.jpeg', '251421613880', 0, 20359, 'Person sitting sunny', NULL, '', 0, '2015-01-18 20:44:40', 1, 1, '2015-01-18 20:44:40', 1, 0, 'jpeg', 1),
(9, 30, 'person-sitting-sunny-3955-366x550.jpeg', '251421613880', 0, 20359, 'Person sitting sunny', NULL, '', 0, '2015-01-18 20:44:40', 1, 1, '2015-01-18 20:44:40', 1, 0, 'jpeg', 1),
(9, 31, 'person-sitting-sunny-3955-366x550.jpeg', '251421613880', 0, 20359, 'Person sitting sunny', NULL, '', 0, '2015-01-18 20:44:40', 1, 1, '2015-01-18 20:44:40', 1, 0, 'jpeg', 1),
(9, 32, 'person-sitting-sunny-3955-366x550.jpeg', '251421613880', 0, 20359, 'Person sitting sunny', NULL, '', 0, '2015-01-18 20:44:40', 1, 1, '2015-01-18 20:44:40', 1, 0, 'jpeg', 1),
(9, 33, 'person-sitting-sunny-3955-366x550.jpeg', '251421613880', 0, 20359, 'Person sitting sunny', NULL, '', 0, '2015-01-18 20:44:40', 1, 1, '2015-01-18 20:44:40', 1, 0, 'jpeg', 1),
(9, 34, 'person-sitting-sunny-3955-366x550.jpeg', '251421613880', 0, 20359, 'Person sitting sunny', NULL, '', 1, '2015-01-18 20:44:40', 1, 1, '2015-01-18 20:44:40', 1, 0, 'jpeg', 1),
(10, 1, 'curve-hills-mountains-4033-821x550.jpeg', '811421613881', 0, 80605, 'curve-hills-mountains-4033-821x550.jpeg', NULL, '', 0, '2015-01-18 20:44:41', 1, 1, '2015-01-18 20:44:41', 1, 1, 'jpeg', 1),
(10, 2, 'curve-hills-mountains-4033-821x550.jpeg', '811421613881', 0, 80605, 'Curve hills mountains', NULL, '', 0, '2015-01-18 20:44:41', 1, 1, '2015-01-18 20:44:41', 1, 1, 'jpeg', 1),
(10, 3, 'curve-hills-mountains-4033-821x550.jpeg', '811421613881', 0, 80605, 'Curve hills mountains', NULL, '', 0, '2015-01-18 20:44:41', 1, 1, '2015-01-18 20:44:41', 1, 1, 'jpeg', 1),
(10, 4, 'curve-hills-mountains-4033-821x550.jpeg', '811421613881', 0, 80605, 'Curve hills mountains', NULL, '', 0, '2015-01-18 20:44:41', 1, 1, '2015-01-18 20:44:41', 1, 1, 'jpeg', 1),
(10, 5, 'curve-hills-mountains-4033-821x550.jpeg', '811421613881', 0, 80605, 'Curve hills mountains', NULL, '', 0, '2015-01-18 20:44:41', 1, 1, '2015-01-18 20:44:41', 1, 1, 'jpeg', 1),
(10, 6, 'curve-hills-mountains-4033-821x550.jpeg', '811421613881', 0, 80605, 'Curve hills mountains', NULL, '', 0, '2015-01-18 20:44:41', 1, 1, '2015-01-18 20:44:41', 1, 1, 'jpeg', 1),
(10, 7, 'curve-hills-mountains-4033-821x550.jpeg', '811421613881', 0, 80605, 'Curve hills mountains', NULL, '', 0, '2015-01-18 20:44:41', 1, 1, '2015-01-18 20:44:41', 1, 1, 'jpeg', 1),
(10, 8, 'curve-hills-mountains-4033-821x550.jpeg', '811421613881', 0, 80605, 'Curve hills mountains', NULL, '', 0, '2015-01-18 20:44:41', 1, 1, '2015-01-18 20:44:41', 1, 1, 'jpeg', 1),
(10, 9, 'curve-hills-mountains-4033-821x550.jpeg', '811421613881', 0, 80605, 'Curve hills mountains', NULL, '', 0, '2015-01-18 20:44:41', 1, 1, '2015-01-18 20:44:41', 1, 1, 'jpeg', 1),
(10, 10, 'curve-hills-mountains-4033-821x550.jpeg', '811421613881', 0, 80605, 'Curve hills mountains', NULL, '', 0, '2015-01-18 20:44:41', 1, 1, '2015-01-18 20:44:41', 1, 1, 'jpeg', 1),
(10, 11, 'curve-hills-mountains-4033-821x550.jpeg', '811421613881', 0, 80605, 'Curve hills mountains', NULL, '', 0, '2015-01-18 20:44:41', 1, 1, '2015-01-18 20:44:41', 1, 1, 'jpeg', 1),
(10, 12, 'curve-hills-mountains-4033-821x550.jpeg', '811421613881', 0, 80605, 'Curve hills mountains', NULL, '', 0, '2015-01-18 20:44:41', 1, 1, '2015-01-18 20:44:41', 1, 1, 'jpeg', 1),
(10, 13, 'curve-hills-mountains-4033-821x550.jpeg', '811421613881', 0, 80605, 'Curve hills mountains', NULL, '', 0, '2015-01-18 20:44:41', 1, 1, '2015-01-18 20:44:41', 1, 1, 'jpeg', 1),
(10, 14, 'curve-hills-mountains-4033-821x550.jpeg', '811421613881', 0, 80605, 'Curve hills mountains', NULL, '', 0, '2015-01-18 20:44:41', 1, 1, '2015-01-18 20:44:41', 1, 1, 'jpeg', 1),
(10, 15, 'curve-hills-mountains-4033-821x550.jpeg', '811421613881', 0, 80605, 'Curve hills mountains', NULL, '', 0, '2015-01-18 20:44:41', 1, 1, '2015-01-18 20:44:41', 1, 1, 'jpeg', 1),
(10, 16, 'curve-hills-mountains-4033-821x550.jpeg', '811421613881', 0, 80605, 'Curve hills mountains', NULL, '', 0, '2015-01-18 20:44:41', 1, 1, '2015-01-18 20:44:41', 1, 1, 'jpeg', 1),
(10, 17, 'curve-hills-mountains-4033-821x550.jpeg', '811421613881', 0, 80605, 'Curve hills mountains', NULL, '', 0, '2015-01-18 20:44:41', 1, 1, '2015-01-18 20:44:41', 1, 1, 'jpeg', 1),
(10, 18, 'curve-hills-mountains-4033-821x550.jpeg', '811421613881', 0, 80605, 'Curve hills mountains', NULL, '', 0, '2015-01-18 20:44:41', 1, 1, '2015-01-18 20:44:41', 1, 1, 'jpeg', 1),
(10, 19, 'curve-hills-mountains-4033-821x550.jpeg', '811421613881', 0, 80605, 'Curve hills mountains', NULL, '', 0, '2015-01-18 20:44:41', 1, 1, '2015-01-18 20:44:41', 1, 1, 'jpeg', 1),
(10, 20, 'curve-hills-mountains-4033-821x550.jpeg', '811421613881', 0, 80605, 'Curve hills mountains', NULL, '', 0, '2015-01-18 20:44:41', 1, 1, '2015-01-18 20:44:41', 1, 1, 'jpeg', 1),
(10, 21, 'curve-hills-mountains-4033-821x550.jpeg', '811421613881', 0, 80605, 'Curve hills mountains', NULL, '', 0, '2015-01-18 20:44:41', 1, 1, '2015-01-18 20:44:41', 1, 1, 'jpeg', 1),
(10, 22, 'curve-hills-mountains-4033-821x550.jpeg', '811421613881', 0, 80605, 'Curve hills mountains', NULL, '', 0, '2015-01-18 20:44:41', 1, 1, '2015-01-18 20:44:41', 1, 1, 'jpeg', 1),
(10, 23, 'curve-hills-mountains-4033-821x550.jpeg', '811421613881', 0, 80605, 'Curve hills mountains', NULL, '', 0, '2015-01-18 20:44:41', 1, 1, '2015-01-18 20:44:41', 1, 1, 'jpeg', 1),
(10, 24, 'curve-hills-mountains-4033-821x550.jpeg', '811421613881', 0, 80605, 'Curve hills mountains', NULL, '', 0, '2015-01-18 20:44:41', 1, 1, '2015-01-18 20:44:41', 1, 1, 'jpeg', 1),
(10, 25, 'curve-hills-mountains-4033-821x550.jpeg', '811421613881', 0, 80605, 'Curve hills mountains', NULL, '', 0, '2015-01-18 20:44:41', 1, 1, '2015-01-18 20:44:41', 1, 1, 'jpeg', 1),
(10, 26, 'curve-hills-mountains-4033-821x550.jpeg', '811421613881', 0, 80605, 'Curve hills mountains', NULL, '', 0, '2015-01-18 20:44:41', 1, 1, '2015-01-18 20:44:41', 1, 1, 'jpeg', 1),
(10, 27, 'curve-hills-mountains-4033-821x550.jpeg', '811421613881', 0, 80605, 'Curve hills mountains', NULL, '', 0, '2015-01-18 20:44:41', 1, 1, '2015-01-18 20:44:41', 1, 1, 'jpeg', 1),
(10, 28, 'curve-hills-mountains-4033-821x550.jpeg', '811421613881', 0, 80605, 'Curve hills mountains', NULL, '', 0, '2015-01-18 20:44:41', 1, 1, '2015-01-18 20:44:41', 1, 1, 'jpeg', 1),
(10, 29, 'curve-hills-mountains-4033-821x550.jpeg', '811421613881', 0, 80605, 'Curve hills mountains', NULL, '', 0, '2015-01-18 20:44:41', 1, 1, '2015-01-18 20:44:41', 1, 1, 'jpeg', 1),
(10, 30, 'curve-hills-mountains-4033-821x550.jpeg', '811421613881', 0, 80605, 'Curve hills mountains', NULL, '', 0, '2015-01-18 20:44:41', 1, 1, '2015-01-18 20:44:41', 1, 1, 'jpeg', 1),
(10, 31, 'curve-hills-mountains-4033-821x550.jpeg', '811421613881', 0, 80605, 'Curve hills mountains', NULL, '', 0, '2015-01-18 20:44:41', 1, 1, '2015-01-18 20:44:41', 1, 1, 'jpeg', 1),
(10, 32, 'curve-hills-mountains-4033-821x550.jpeg', '811421613881', 0, 80605, 'Curve hills mountains', NULL, '', 0, '2015-01-18 20:44:41', 1, 1, '2015-01-18 20:44:41', 1, 1, 'jpeg', 1),
(10, 33, 'curve-hills-mountains-4033-821x550.jpeg', '811421613881', 0, 80605, 'Curve hills mountains', NULL, '', 0, '2015-01-18 20:44:41', 1, 1, '2015-01-18 20:44:41', 1, 1, 'jpeg', 1),
(10, 34, 'curve-hills-mountains-4033-821x550.jpeg', '811421613881', 0, 80605, 'Curve hills mountains', NULL, '', 0, '2015-01-18 20:44:41', 1, 1, '2015-01-18 20:44:41', 1, 1, 'jpeg', 1),
(10, 35, 'curve-hills-mountains-4033-821x550.jpeg', '811421613881', 0, 80605, 'Curve hills mountains', NULL, '', 0, '2015-01-18 20:44:41', 1, 1, '2015-01-18 20:44:41', 1, 1, 'jpeg', 1),
(10, 36, 'curve-hills-mountains-4033-821x550.jpeg', '811421613881', 0, 80605, 'Curve hills mountains', NULL, '', 0, '2015-01-18 20:44:41', 1, 1, '2015-01-18 20:44:41', 1, 1, 'jpeg', 1),
(10, 37, 'curve-hills-mountains-4033-821x550.jpeg', '811421613881', 0, 80605, 'Curve hills mountains', NULL, '', 0, '2015-01-18 20:44:41', 1, 1, '2015-01-18 20:44:41', 1, 1, 'jpeg', 1),
(10, 38, 'curve-hills-mountains-4033-821x550.jpeg', '811421613881', 0, 80605, 'Curve hills mountains', NULL, '', 0, '2015-01-18 20:44:41', 1, 1, '2015-01-18 20:44:41', 1, 1, 'jpeg', 1),
(10, 39, 'curve-hills-mountains-4033-821x550.jpeg', '811421613881', 0, 80605, 'Curve hills mountains', NULL, '', 0, '2015-01-18 20:44:41', 1, 1, '2015-01-18 20:44:41', 1, 1, 'jpeg', 1),
(10, 40, 'curve-hills-mountains-4033-821x550.jpeg', '811421613881', 0, 80605, 'Curve hills mountains', NULL, '', 0, '2015-01-18 20:44:41', 1, 1, '2015-01-18 20:44:41', 1, 1, 'jpeg', 1),
(10, 41, 'curve-hills-mountains-4033-821x550.jpeg', '811421613881', 0, 80605, 'Curve hills mountains', NULL, '', 0, '2015-01-18 20:44:41', 1, 1, '2015-01-18 20:44:41', 1, 1, 'jpeg', 1),
(10, 42, 'curve-hills-mountains-4033-821x550.jpeg', '811421613881', 0, 80605, 'Curve hills mountains', NULL, '', 0, '2015-01-18 20:44:41', 1, 1, '2015-01-18 20:44:41', 1, 1, 'jpeg', 1),
(10, 43, 'curve-hills-mountains-4033-821x550.jpeg', '811421613881', 0, 80605, 'Curve hills mountains', NULL, '', 0, '2015-01-18 20:44:41', 1, 1, '2015-01-18 20:44:41', 1, 1, 'jpeg', 1),
(10, 44, 'curve-hills-mountains-4033-821x550.jpeg', '811421613881', 0, 80605, 'Curve hills mountains', NULL, '', 1, '2015-01-18 20:44:41', 1, 1, '2015-01-18 20:44:41', 1, 1, 'jpeg', 1),
(11, 1, 'tumblr_nhmgc0GhdA1u7ns0go1_1280.jpg', '301421613883', 0, 55302, 'tumblr_nhmgc0GhdA1u7ns0go1_1280.jpg', NULL, '', 0, '2015-01-18 20:44:43', 1, 1, '2015-01-18 20:44:43', 1, 1, 'jpg', 1),
(11, 2, 'tumblr_nhmgc0GhdA1u7ns0go1_1280.jpg', '301421613883', 0, 55302, '', NULL, '', 0, '2015-01-18 20:44:43', 1, 1, '2015-01-18 20:44:43', 1, 1, 'jpg', 1),
(11, 3, 'tumblr_nhmgc0GhdA1u7ns0go1_1280.jpg', '301421613883', 0, 55302, 'Mountains', NULL, '', 0, '2015-01-18 20:44:43', 1, 1, '2015-01-18 20:44:43', 1, 1, 'jpg', 1),
(11, 4, 'tumblr_nhmgc0GhdA1u7ns0go1_1280.jpg', '301421613883', 0, 55302, 'Mountains', NULL, '', 0, '2015-01-18 20:44:43', 1, 1, '2015-01-18 20:44:43', 1, 1, 'jpg', 1),
(11, 5, 'tumblr_nhmgc0GhdA1u7ns0go1_1280.jpg', '301421613883', 0, 55302, 'Mountains', NULL, '', 0, '2015-01-18 20:44:43', 1, 1, '2015-01-18 20:44:43', 1, 1, 'jpg', 1),
(11, 6, 'tumblr_nhmgc0GhdA1u7ns0go1_1280.jpg', '301421613883', 0, 55302, 'Mountains', NULL, '', 0, '2015-01-18 20:44:43', 1, 1, '2015-01-18 20:44:43', 1, 1, 'jpg', 1),
(11, 7, 'tumblr_nhmgc0GhdA1u7ns0go1_1280.jpg', '301421613883', 0, 55302, 'Mountains', NULL, '', 0, '2015-01-18 20:44:43', 1, 1, '2015-01-18 20:44:43', 1, 1, 'jpg', 1),
(11, 8, 'tumblr_nhmgc0GhdA1u7ns0go1_1280.jpg', '301421613883', 0, 55302, 'Mountains', NULL, '', 0, '2015-01-18 20:44:43', 1, 1, '2015-01-18 20:44:43', 1, 1, 'jpg', 1),
(11, 9, 'tumblr_nhmgc0GhdA1u7ns0go1_1280.jpg', '301421613883', 0, 55302, 'Mountains', NULL, '', 0, '2015-01-18 20:44:43', 1, 1, '2015-01-18 20:44:43', 1, 1, 'jpg', 1),
(11, 10, 'tumblr_nhmgc0GhdA1u7ns0go1_1280.jpg', '301421613883', 0, 55302, 'Mountains', NULL, '', 0, '2015-01-18 20:44:43', 1, 1, '2015-01-18 20:44:43', 1, 1, 'jpg', 1),
(11, 11, 'tumblr_nhmgc0GhdA1u7ns0go1_1280.jpg', '301421613883', 0, 55302, 'Mountains', NULL, '', 0, '2015-01-18 20:44:43', 1, 1, '2015-01-18 20:44:43', 1, 1, 'jpg', 1),
(11, 12, 'tumblr_nhmgc0GhdA1u7ns0go1_1280.jpg', '301421613883', 0, 55302, 'Mountains', NULL, '', 0, '2015-01-18 20:44:43', 1, 1, '2015-01-18 20:44:43', 1, 1, 'jpg', 1),
(11, 13, 'tumblr_nhmgc0GhdA1u7ns0go1_1280.jpg', '301421613883', 0, 55302, 'Mountains', NULL, '', 0, '2015-01-18 20:44:43', 1, 1, '2015-01-18 20:44:43', 1, 1, 'jpg', 1),
(11, 14, 'tumblr_nhmgc0GhdA1u7ns0go1_1280.jpg', '301421613883', 0, 55302, 'Mountains', NULL, '', 0, '2015-01-18 20:44:43', 1, 1, '2015-01-18 20:44:43', 1, 1, 'jpg', 1),
(11, 15, 'tumblr_nhmgc0GhdA1u7ns0go1_1280.jpg', '301421613883', 0, 55302, 'Mountains', NULL, '', 0, '2015-01-18 20:44:43', 1, 1, '2015-01-18 20:44:43', 1, 1, 'jpg', 1),
(11, 16, 'tumblr_nhmgc0GhdA1u7ns0go1_1280.jpg', '301421613883', 0, 55302, 'Mountains', NULL, '', 0, '2015-01-18 20:44:43', 1, 1, '2015-01-18 20:44:43', 1, 1, 'jpg', 1),
(11, 17, 'tumblr_nhmgc0GhdA1u7ns0go1_1280.jpg', '301421613883', 0, 55302, 'Mountains', NULL, '', 0, '2015-01-18 20:44:43', 1, 1, '2015-01-18 20:44:43', 1, 1, 'jpg', 1),
(11, 18, 'tumblr_nhmgc0GhdA1u7ns0go1_1280.jpg', '301421613883', 0, 55302, 'Mountains', NULL, '', 0, '2015-01-18 20:44:43', 1, 1, '2015-01-18 20:44:43', 1, 1, 'jpg', 1),
(11, 19, 'tumblr_nhmgc0GhdA1u7ns0go1_1280.jpg', '301421613883', 0, 55302, 'Mountains', NULL, '', 0, '2015-01-18 20:44:43', 1, 1, '2015-01-18 20:44:43', 1, 1, 'jpg', 1),
(11, 20, 'tumblr_nhmgc0GhdA1u7ns0go1_1280.jpg', '301421613883', 0, 55302, 'Mountains', NULL, '', 0, '2015-01-18 20:44:43', 1, 1, '2015-01-18 20:44:43', 1, 1, 'jpg', 1),
(11, 21, 'tumblr_nhmgc0GhdA1u7ns0go1_1280.jpg', '301421613883', 0, 55302, 'Mountains', NULL, '', 0, '2015-01-18 20:44:43', 1, 1, '2015-01-18 20:44:43', 1, 1, 'jpg', 1),
(11, 22, 'tumblr_nhmgc0GhdA1u7ns0go1_1280.jpg', '301421613883', 0, 55302, 'Mountains', NULL, '', 0, '2015-01-18 20:44:43', 1, 1, '2015-01-18 20:44:43', 1, 1, 'jpg', 1),
(11, 23, 'tumblr_nhmgc0GhdA1u7ns0go1_1280.jpg', '301421613883', 0, 55302, 'Mountains', NULL, '', 0, '2015-01-18 20:44:43', 1, 1, '2015-01-18 20:44:43', 1, 1, 'jpg', 1),
(11, 24, 'tumblr_nhmgc0GhdA1u7ns0go1_1280.jpg', '301421613883', 0, 55302, 'Mountains', NULL, '', 0, '2015-01-18 20:44:43', 1, 1, '2015-01-18 20:44:43', 1, 1, 'jpg', 1),
(11, 25, 'tumblr_nhmgc0GhdA1u7ns0go1_1280.jpg', '301421613883', 0, 55302, 'Mountains', NULL, '', 0, '2015-01-18 20:44:43', 1, 1, '2015-01-18 20:44:43', 1, 1, 'jpg', 1),
(11, 26, 'tumblr_nhmgc0GhdA1u7ns0go1_1280.jpg', '301421613883', 0, 55302, 'Mountains', NULL, '', 0, '2015-01-18 20:44:43', 1, 1, '2015-01-18 20:44:43', 1, 1, 'jpg', 1),
(11, 27, 'tumblr_nhmgc0GhdA1u7ns0go1_1280.jpg', '301421613883', 0, 55302, 'Mountains', NULL, '', 0, '2015-01-18 20:44:43', 1, 1, '2015-01-18 20:44:43', 1, 1, 'jpg', 1),
(11, 28, 'tumblr_nhmgc0GhdA1u7ns0go1_1280.jpg', '301421613883', 0, 55302, 'Mountains', NULL, '', 0, '2015-01-18 20:44:43', 1, 1, '2015-01-18 20:44:43', 1, 1, 'jpg', 1),
(11, 29, 'tumblr_nhmgc0GhdA1u7ns0go1_1280.jpg', '301421613883', 0, 55302, 'Mountains', NULL, '', 0, '2015-01-18 20:44:43', 1, 1, '2015-01-18 20:44:43', 1, 1, 'jpg', 1),
(11, 30, 'tumblr_nhmgc0GhdA1u7ns0go1_1280.jpg', '301421613883', 0, 55302, 'Mountains', NULL, '', 0, '2015-01-18 20:44:43', 1, 1, '2015-01-18 20:44:43', 1, 1, 'jpg', 1),
(11, 31, 'tumblr_nhmgc0GhdA1u7ns0go1_1280.jpg', '301421613883', 0, 55302, 'Mountains', NULL, '', 0, '2015-01-18 20:44:43', 1, 1, '2015-01-18 20:44:43', 1, 1, 'jpg', 1),
(11, 32, 'tumblr_nhmgc0GhdA1u7ns0go1_1280.jpg', '301421613883', 0, 55302, 'Mountains', NULL, '', 0, '2015-01-18 20:44:43', 1, 1, '2015-01-18 20:44:43', 1, 1, 'jpg', 1),
(11, 33, 'tumblr_nhmgc0GhdA1u7ns0go1_1280.jpg', '301421613883', 0, 55302, 'Mountains', NULL, '', 0, '2015-01-18 20:44:43', 1, 1, '2015-01-18 20:44:43', 1, 1, 'jpg', 1),
(11, 34, 'tumblr_nhmgc0GhdA1u7ns0go1_1280.jpg', '301421613883', 0, 55302, 'Mountains', NULL, '', 0, '2015-01-18 20:44:43', 1, 1, '2015-01-18 20:44:43', 1, 1, 'jpg', 1),
(11, 35, 'tumblr_nhmgc0GhdA1u7ns0go1_1280.jpg', '301421613883', 0, 55302, 'Mountains', NULL, '', 0, '2015-01-18 20:44:43', 1, 1, '2015-01-18 20:44:43', 1, 1, 'jpg', 1),
(11, 36, 'tumblr_nhmgc0GhdA1u7ns0go1_1280.jpg', '301421613883', 0, 55302, 'Mountains', NULL, '', 0, '2015-01-18 20:44:43', 1, 1, '2015-01-18 20:44:43', 1, 1, 'jpg', 1),
(11, 37, 'tumblr_nhmgc0GhdA1u7ns0go1_1280.jpg', '301421613883', 0, 55302, 'Mountains', NULL, '', 0, '2015-01-18 20:44:43', 1, 1, '2015-01-18 20:44:43', 1, 1, 'jpg', 1),
(11, 38, 'tumblr_nhmgc0GhdA1u7ns0go1_1280.jpg', '301421613883', 0, 55302, 'Mountains', NULL, '', 0, '2015-01-18 20:44:43', 1, 1, '2015-01-18 20:44:43', 1, 1, 'jpg', 1),
(11, 39, 'tumblr_nhmgc0GhdA1u7ns0go1_1280.jpg', '301421613883', 0, 55302, 'Mountains', NULL, '', 0, '2015-01-18 20:44:43', 1, 1, '2015-01-18 20:44:43', 1, 1, 'jpg', 1),
(11, 40, 'tumblr_nhmgc0GhdA1u7ns0go1_1280.jpg', '301421613883', 0, 55302, 'Mountains', NULL, '', 0, '2015-01-18 20:44:43', 1, 1, '2015-01-18 20:44:43', 1, 1, 'jpg', 1),
(11, 41, 'tumblr_nhmgc0GhdA1u7ns0go1_1280.jpg', '301421613883', 0, 55302, 'Mountains', NULL, '', 0, '2015-01-18 20:44:43', 1, 1, '2015-01-18 20:44:43', 1, 1, 'jpg', 1),
(11, 42, 'tumblr_nhmgc0GhdA1u7ns0go1_1280.jpg', '301421613883', 0, 55302, 'Mountains', NULL, '', 0, '2015-01-18 20:44:43', 1, 1, '2015-01-18 20:44:43', 1, 1, 'jpg', 1),
(11, 43, 'tumblr_nhmgc0GhdA1u7ns0go1_1280.jpg', '301421613883', 0, 55302, 'Mountains', NULL, '', 0, '2015-01-18 20:44:43', 1, 1, '2015-01-18 20:44:43', 1, 1, 'jpg', 1),
(11, 44, 'tumblr_nhmgc0GhdA1u7ns0go1_1280.jpg', '301421613883', 0, 55302, 'Mountains', NULL, '', 0, '2015-01-18 20:44:43', 1, 1, '2015-01-18 20:44:43', 1, 1, 'jpg', 1),
(11, 45, 'tumblr_nhmgc0GhdA1u7ns0go1_1280.jpg', '301421613883', 0, 55302, 'Mountains', NULL, '', 1, '2015-01-18 20:44:43', 1, 1, '2015-01-18 20:44:43', 1, 1, 'jpg', 1),
(12, 1, 'birches-clearing-forest-4028-824x550.jpeg', '901421613886', 0, 187803, 'birches-clearing-forest-4028-824x550.jpeg', NULL, '', 0, '2015-01-18 20:44:46', 1, 1, '2015-01-18 20:44:46', 1, 1, 'jpeg', 1),
(12, 2, 'birches-clearing-forest-4028-824x550.jpeg', '901421613886', 0, 187803, 'Birches clearing forest', NULL, '', 0, '2015-01-18 20:44:46', 1, 1, '2015-01-18 20:44:46', 1, 1, 'jpeg', 1),
(12, 3, 'birches-clearing-forest-4028-824x550.jpeg', '901421613886', 0, 187803, 'Birches clearing forest', NULL, '', 0, '2015-01-18 20:44:46', 1, 1, '2015-01-18 20:44:46', 1, 1, 'jpeg', 1),
(12, 4, 'birches-clearing-forest-4028-824x550.jpeg', '901421613886', 0, 187803, 'Birches clearing forest', NULL, '', 0, '2015-01-18 20:44:46', 1, 1, '2015-01-18 20:44:46', 1, 1, 'jpeg', 1),
(12, 5, 'birches-clearing-forest-4028-824x550.jpeg', '901421613886', 0, 187803, 'Birches clearing forest', NULL, '', 0, '2015-01-18 20:44:46', 1, 1, '2015-01-18 20:44:46', 1, 1, 'jpeg', 1),
(12, 6, 'birches-clearing-forest-4028-824x550.jpeg', '901421613886', 0, 187803, 'Birches clearing forest', NULL, '', 0, '2015-01-18 20:44:46', 1, 1, '2015-01-18 20:44:46', 1, 1, 'jpeg', 1),
(12, 7, 'birches-clearing-forest-4028-824x550.jpeg', '901421613886', 0, 187803, 'Birches clearing forest', NULL, '', 0, '2015-01-18 20:44:46', 1, 1, '2015-01-18 20:44:46', 1, 1, 'jpeg', 1),
(12, 8, 'birches-clearing-forest-4028-824x550.jpeg', '901421613886', 0, 187803, 'Birches clearing forest', NULL, '', 0, '2015-01-18 20:44:46', 1, 1, '2015-01-18 20:44:46', 1, 1, 'jpeg', 1),
(12, 9, 'birches-clearing-forest-4028-824x550.jpeg', '901421613886', 0, 187803, 'Birches clearing forest', NULL, '', 0, '2015-01-18 20:44:46', 1, 1, '2015-01-18 20:44:46', 1, 1, 'jpeg', 1),
(12, 10, 'birches-clearing-forest-4028-824x550.jpeg', '901421613886', 0, 187803, 'Birches clearing forest', NULL, '', 0, '2015-01-18 20:44:46', 1, 1, '2015-01-18 20:44:46', 1, 1, 'jpeg', 1),
(12, 11, 'birches-clearing-forest-4028-824x550.jpeg', '901421613886', 0, 187803, 'Birches clearing forest', NULL, '', 0, '2015-01-18 20:44:46', 1, 1, '2015-01-18 20:44:46', 1, 1, 'jpeg', 1),
(12, 12, 'birches-clearing-forest-4028-824x550.jpeg', '901421613886', 0, 187803, 'Birches clearing forest', NULL, '', 0, '2015-01-18 20:44:46', 1, 1, '2015-01-18 20:44:46', 1, 1, 'jpeg', 1),
(12, 13, 'birches-clearing-forest-4028-824x550.jpeg', '901421613886', 0, 187803, 'Birches clearing forest', NULL, '', 0, '2015-01-18 20:44:46', 1, 1, '2015-01-18 20:44:46', 1, 1, 'jpeg', 1),
(12, 14, 'birches-clearing-forest-4028-824x550.jpeg', '901421613886', 0, 187803, 'Birches clearing forest', NULL, '', 0, '2015-01-18 20:44:46', 1, 1, '2015-01-18 20:44:46', 1, 1, 'jpeg', 1),
(12, 15, 'birches-clearing-forest-4028-824x550.jpeg', '901421613886', 0, 187803, 'Birches clearing forest', NULL, '', 0, '2015-01-18 20:44:46', 1, 1, '2015-01-18 20:44:46', 1, 1, 'jpeg', 1),
(12, 16, 'birches-clearing-forest-4028-824x550.jpeg', '901421613886', 0, 187803, 'Birches clearing forest', NULL, '', 0, '2015-01-18 20:44:46', 1, 1, '2015-01-18 20:44:46', 1, 1, 'jpeg', 1),
(12, 17, 'birches-clearing-forest-4028-824x550.jpeg', '901421613886', 0, 187803, 'Birches clearing forest', NULL, '', 0, '2015-01-18 20:44:46', 1, 1, '2015-01-18 20:44:46', 1, 1, 'jpeg', 1),
(12, 18, 'birches-clearing-forest-4028-824x550.jpeg', '901421613886', 0, 187803, 'Birches clearing forest', NULL, '', 0, '2015-01-18 20:44:46', 1, 1, '2015-01-18 20:44:46', 1, 1, 'jpeg', 1),
(12, 19, 'birches-clearing-forest-4028-824x550.jpeg', '901421613886', 0, 187803, 'Birches clearing forest', NULL, '', 0, '2015-01-18 20:44:46', 1, 1, '2015-01-18 20:44:46', 1, 1, 'jpeg', 1),
(12, 20, 'birches-clearing-forest-4028-824x550.jpeg', '901421613886', 0, 187803, 'Birches clearing forest', NULL, '', 0, '2015-01-18 20:44:46', 1, 1, '2015-01-18 20:44:46', 1, 1, 'jpeg', 1),
(12, 21, 'birches-clearing-forest-4028-824x550.jpeg', '901421613886', 0, 187803, 'Birches clearing forest', NULL, '', 0, '2015-01-18 20:44:46', 1, 1, '2015-01-18 20:44:46', 1, 1, 'jpeg', 1),
(12, 22, 'birches-clearing-forest-4028-824x550.jpeg', '901421613886', 0, 187803, 'Birches clearing forest', NULL, '', 0, '2015-01-18 20:44:46', 1, 1, '2015-01-18 20:44:46', 1, 1, 'jpeg', 1),
(12, 23, 'birches-clearing-forest-4028-824x550.jpeg', '901421613886', 0, 187803, 'Birches clearing forest', NULL, '', 0, '2015-01-18 20:44:46', 1, 1, '2015-01-18 20:44:46', 1, 1, 'jpeg', 1),
(12, 24, 'birches-clearing-forest-4028-824x550.jpeg', '901421613886', 0, 187803, 'Birches clearing forest', NULL, '', 0, '2015-01-18 20:44:46', 1, 1, '2015-01-18 20:44:46', 1, 1, 'jpeg', 1),
(12, 25, 'birches-clearing-forest-4028-824x550.jpeg', '901421613886', 0, 187803, 'Birches clearing forest', NULL, '', 0, '2015-01-18 20:44:46', 1, 1, '2015-01-18 20:44:46', 1, 1, 'jpeg', 1),
(12, 26, 'birches-clearing-forest-4028-824x550.jpeg', '901421613886', 0, 187803, 'Birches clearing forest', NULL, '', 0, '2015-01-18 20:44:46', 1, 1, '2015-01-18 20:44:46', 1, 1, 'jpeg', 1),
(12, 27, 'birches-clearing-forest-4028-824x550.jpeg', '901421613886', 0, 187803, 'Birches clearing forest', NULL, '', 0, '2015-01-18 20:44:46', 1, 1, '2015-01-18 20:44:46', 1, 1, 'jpeg', 1),
(12, 28, 'birches-clearing-forest-4028-824x550.jpeg', '901421613886', 0, 187803, 'Birches clearing forest', NULL, '', 0, '2015-01-18 20:44:46', 1, 1, '2015-01-18 20:44:46', 1, 1, 'jpeg', 1),
(12, 29, 'birches-clearing-forest-4028-824x550.jpeg', '901421613886', 0, 187803, 'Birches clearing forest', NULL, '', 0, '2015-01-18 20:44:46', 1, 1, '2015-01-18 20:44:46', 1, 1, 'jpeg', 1),
(12, 30, 'birches-clearing-forest-4028-824x550.jpeg', '901421613886', 0, 187803, 'Birches clearing forest', NULL, '', 0, '2015-01-18 20:44:46', 1, 1, '2015-01-18 20:44:46', 1, 1, 'jpeg', 1),
(12, 31, 'birches-clearing-forest-4028-824x550.jpeg', '901421613886', 0, 187803, 'Birches clearing forest', NULL, '', 0, '2015-01-18 20:44:46', 1, 1, '2015-01-18 20:44:46', 1, 1, 'jpeg', 1),
(12, 32, 'birches-clearing-forest-4028-824x550.jpeg', '901421613886', 0, 187803, 'Birches clearing forest', NULL, '', 0, '2015-01-18 20:44:46', 1, 1, '2015-01-18 20:44:46', 1, 1, 'jpeg', 1),
(12, 33, 'birches-clearing-forest-4028-824x550.jpeg', '901421613886', 0, 187803, 'Birches clearing forest', NULL, '', 0, '2015-01-18 20:44:46', 1, 1, '2015-01-18 20:44:46', 1, 1, 'jpeg', 1),
(12, 34, 'birches-clearing-forest-4028-824x550.jpeg', '901421613886', 0, 187803, 'Birches clearing forest', NULL, '', 0, '2015-01-18 20:44:46', 1, 1, '2015-01-18 20:44:46', 1, 1, 'jpeg', 1),
(12, 35, 'birches-clearing-forest-4028-824x550.jpeg', '901421613886', 0, 187803, 'Birches clearing forest', NULL, '', 0, '2015-01-18 20:44:46', 1, 1, '2015-01-18 20:44:46', 1, 1, 'jpeg', 1),
(12, 36, 'birches-clearing-forest-4028-824x550.jpeg', '901421613886', 0, 187803, 'Birches clearing forest', NULL, '', 0, '2015-01-18 20:44:46', 1, 1, '2015-01-18 20:44:46', 1, 1, 'jpeg', 1),
(12, 37, 'birches-clearing-forest-4028-824x550.jpeg', '901421613886', 0, 187803, 'Birches clearing forest', NULL, '', 0, '2015-01-18 20:44:46', 1, 1, '2015-01-18 20:44:46', 1, 1, 'jpeg', 1),
(12, 38, 'birches-clearing-forest-4028-824x550.jpeg', '901421613886', 0, 187803, 'Birches clearing forest', NULL, '', 0, '2015-01-18 20:44:46', 1, 1, '2015-01-18 20:44:46', 1, 1, 'jpeg', 1),
(12, 39, 'birches-clearing-forest-4028-824x550.jpeg', '901421613886', 0, 187803, 'Birches clearing forest', NULL, '', 0, '2015-01-18 20:44:46', 1, 1, '2015-01-18 20:44:46', 1, 1, 'jpeg', 1),
(12, 40, 'birches-clearing-forest-4028-824x550.jpeg', '901421613886', 0, 187803, 'Birches clearing forest', NULL, '', 0, '2015-01-18 20:44:46', 1, 1, '2015-01-18 20:44:46', 1, 1, 'jpeg', 1),
(12, 41, 'birches-clearing-forest-4028-824x550.jpeg', '901421613886', 0, 187803, 'Birches clearing forest', NULL, '', 0, '2015-01-18 20:44:46', 1, 1, '2015-01-18 20:44:46', 1, 1, 'jpeg', 1),
(12, 42, 'birches-clearing-forest-4028-824x550.jpeg', '901421613886', 0, 187803, 'Birches clearing forest', NULL, '', 0, '2015-01-18 20:44:46', 1, 1, '2015-01-18 20:44:46', 1, 1, 'jpeg', 1),
(12, 43, 'birches-clearing-forest-4028-824x550.jpeg', '901421613886', 0, 187803, 'Birches clearing forest', NULL, '', 0, '2015-01-18 20:44:46', 1, 1, '2015-01-18 20:44:46', 1, 1, 'jpeg', 1),
(12, 44, 'birches-clearing-forest-4028-824x550.jpeg', '901421613886', 0, 187803, 'Birches clearing forest', NULL, '', 1, '2015-01-18 20:44:46', 1, 1, '2015-01-18 20:44:46', 1, 1, 'jpeg', 1),
(13, 1, 'tumblr_ni0xxf9IYM1u7ns0go1_1280.jpg', '691421613888', 0, 155740, 'tumblr_ni0xxf9IYM1u7ns0go1_1280.jpg', NULL, '', 0, '2015-01-18 20:44:48', 1, 1, '2015-01-18 20:44:48', 1, 1, 'jpg', 1),
(13, 2, 'tumblr_ni0xxf9IYM1u7ns0go1_1280.jpg', '691421613888', 0, 155740, 'Water', NULL, '', 0, '2015-01-18 20:44:48', 1, 1, '2015-01-18 20:44:48', 1, 1, 'jpg', 1),
(13, 3, 'tumblr_ni0xxf9IYM1u7ns0go1_1280.jpg', '691421613888', 0, 155740, 'Water', NULL, '', 0, '2015-01-18 20:44:48', 1, 1, '2015-01-18 20:44:48', 1, 1, 'jpg', 1),
(13, 4, 'tumblr_ni0xxf9IYM1u7ns0go1_1280.jpg', '691421613888', 0, 155740, 'Water', NULL, '', 0, '2015-01-18 20:44:48', 1, 1, '2015-01-18 20:44:48', 1, 1, 'jpg', 1),
(13, 5, 'tumblr_ni0xxf9IYM1u7ns0go1_1280.jpg', '691421613888', 0, 155740, 'Water', NULL, '', 0, '2015-01-18 20:44:48', 1, 1, '2015-01-18 20:44:48', 1, 1, 'jpg', 1),
(13, 6, 'tumblr_ni0xxf9IYM1u7ns0go1_1280.jpg', '691421613888', 0, 155740, 'Water', NULL, '', 0, '2015-01-18 20:44:48', 1, 1, '2015-01-18 20:44:48', 1, 1, 'jpg', 1),
(13, 7, 'tumblr_ni0xxf9IYM1u7ns0go1_1280.jpg', '691421613888', 0, 155740, 'Water', NULL, '', 0, '2015-01-18 20:44:48', 1, 1, '2015-01-18 20:44:48', 1, 1, 'jpg', 1),
(13, 8, 'tumblr_ni0xxf9IYM1u7ns0go1_1280.jpg', '691421613888', 0, 155740, 'Water', NULL, '', 0, '2015-01-18 20:44:48', 1, 1, '2015-01-18 20:44:48', 1, 1, 'jpg', 1),
(13, 9, 'tumblr_ni0xxf9IYM1u7ns0go1_1280.jpg', '691421613888', 0, 155740, 'Water', NULL, '', 0, '2015-01-18 20:44:48', 1, 1, '2015-01-18 20:44:48', 1, 1, 'jpg', 1),
(13, 10, 'tumblr_ni0xxf9IYM1u7ns0go1_1280.jpg', '691421613888', 0, 155740, 'Water', NULL, '', 0, '2015-01-18 20:44:48', 1, 1, '2015-01-18 20:44:48', 1, 1, 'jpg', 1),
(13, 11, 'tumblr_ni0xxf9IYM1u7ns0go1_1280.jpg', '691421613888', 0, 155740, 'Water', NULL, '', 0, '2015-01-18 20:44:48', 1, 1, '2015-01-18 20:44:48', 1, 1, 'jpg', 1),
(13, 12, 'tumblr_ni0xxf9IYM1u7ns0go1_1280.jpg', '691421613888', 0, 155740, 'Water', NULL, '', 0, '2015-01-18 20:44:48', 1, 1, '2015-01-18 20:44:48', 1, 1, 'jpg', 1),
(13, 13, 'tumblr_ni0xxf9IYM1u7ns0go1_1280.jpg', '691421613888', 0, 155740, 'Water', NULL, '', 0, '2015-01-18 20:44:48', 1, 1, '2015-01-18 20:44:48', 1, 1, 'jpg', 1),
(13, 14, 'tumblr_ni0xxf9IYM1u7ns0go1_1280.jpg', '691421613888', 0, 155740, 'Water', NULL, '', 0, '2015-01-18 20:44:48', 1, 1, '2015-01-18 20:44:48', 1, 1, 'jpg', 1),
(13, 15, 'tumblr_ni0xxf9IYM1u7ns0go1_1280.jpg', '691421613888', 0, 155740, 'Water', NULL, '', 0, '2015-01-18 20:44:48', 1, 1, '2015-01-18 20:44:48', 1, 1, 'jpg', 1),
(13, 16, 'tumblr_ni0xxf9IYM1u7ns0go1_1280.jpg', '691421613888', 0, 155740, 'Water', NULL, '', 0, '2015-01-18 20:44:48', 1, 1, '2015-01-18 20:44:48', 1, 1, 'jpg', 1),
(13, 17, 'tumblr_ni0xxf9IYM1u7ns0go1_1280.jpg', '691421613888', 0, 155740, 'Water', NULL, '', 0, '2015-01-18 20:44:48', 1, 1, '2015-01-18 20:44:48', 1, 1, 'jpg', 1),
(13, 18, 'tumblr_ni0xxf9IYM1u7ns0go1_1280.jpg', '691421613888', 0, 155740, 'Water', NULL, '', 0, '2015-01-18 20:44:48', 1, 1, '2015-01-18 20:44:48', 1, 1, 'jpg', 1),
(13, 19, 'tumblr_ni0xxf9IYM1u7ns0go1_1280.jpg', '691421613888', 0, 155740, 'Water', NULL, '', 0, '2015-01-18 20:44:48', 1, 1, '2015-01-18 20:44:48', 1, 1, 'jpg', 1),
(13, 20, 'tumblr_ni0xxf9IYM1u7ns0go1_1280.jpg', '691421613888', 0, 155740, 'Water', NULL, '', 0, '2015-01-18 20:44:48', 1, 1, '2015-01-18 20:44:48', 1, 1, 'jpg', 1),
(13, 21, 'tumblr_ni0xxf9IYM1u7ns0go1_1280.jpg', '691421613888', 0, 155740, 'Water', 'Lorem ipsum dolor sit amet, consectetuer adipiscing elit.', '', 0, '2015-01-18 20:44:48', 1, 1, '2015-01-18 20:44:48', 1, 1, 'jpg', 1),
(13, 22, 'tumblr_ni0xxf9IYM1u7ns0go1_1280.jpg', '691421613888', 0, 155740, 'Water', 'Lorem ipsum dolor sit amet, consectetuer adipiscing elit.', '', 0, '2015-01-18 20:44:48', 1, 1, '2015-01-18 20:44:48', 1, 1, 'jpg', 1),
(13, 23, 'tumblr_ni0xxf9IYM1u7ns0go1_1280.jpg', '691421613888', 0, 155740, 'Water', 'Lorem ipsum dolor sit amet, consectetuer adipiscing elit.', '', 0, '2015-01-18 20:44:48', 1, 1, '2015-01-18 20:44:48', 1, 1, 'jpg', 1),
(13, 24, 'tumblr_ni0xxf9IYM1u7ns0go1_1280.jpg', '691421613888', 0, 155740, 'Water', 'Lorem ipsum dolor sit amet, consectetuer adipiscing elit.', '', 0, '2015-01-18 20:44:48', 1, 1, '2015-01-18 20:44:48', 1, 1, 'jpg', 1),
(13, 25, 'tumblr_ni0xxf9IYM1u7ns0go1_1280.jpg', '691421613888', 0, 155740, 'Water', 'Lorem ipsum dolor sit amet, consectetuer adipiscing elit.', '', 0, '2015-01-18 20:44:48', 1, 1, '2015-01-18 20:44:48', 1, 1, 'jpg', 1),
(13, 26, 'tumblr_ni0xxf9IYM1u7ns0go1_1280.jpg', '691421613888', 0, 155740, 'Water', 'Lorem ipsum dolor sit amet, consectetuer adipiscing elit.', '', 0, '2015-01-18 20:44:48', 1, 1, '2015-01-18 20:44:48', 1, 1, 'jpg', 1),
(13, 27, 'tumblr_ni0xxf9IYM1u7ns0go1_1280.jpg', '691421613888', 0, 155740, 'Water', 'Lorem ipsum dolor sit amet, consectetuer adipiscing elit.', '', 0, '2015-01-18 20:44:48', 1, 1, '2015-01-18 20:44:48', 1, 1, 'jpg', 1),
(13, 28, 'tumblr_ni0xxf9IYM1u7ns0go1_1280.jpg', '691421613888', 0, 155740, 'Water', 'Lorem ipsum dolor sit amet, consectetuer adipiscing elit.', '', 0, '2015-01-18 20:44:48', 1, 1, '2015-01-18 20:44:48', 1, 1, 'jpg', 1),
(13, 29, 'tumblr_ni0xxf9IYM1u7ns0go1_1280.jpg', '691421613888', 0, 155740, 'Water', 'Lorem ipsum dolor sit amet, consectetuer adipiscing elit.', '', 0, '2015-01-18 20:44:48', 1, 1, '2015-01-18 20:44:48', 1, 1, 'jpg', 1),
(13, 30, 'tumblr_ni0xxf9IYM1u7ns0go1_1280.jpg', '691421613888', 0, 155740, 'Water', 'Lorem ipsum dolor sit amet, consectetuer adipiscing elit.', '', 0, '2015-01-18 20:44:48', 1, 1, '2015-01-18 20:44:48', 1, 1, 'jpg', 1),
(13, 31, 'tumblr_ni0xxf9IYM1u7ns0go1_1280.jpg', '691421613888', 0, 155740, 'Water', 'Lorem ipsum dolor sit amet, consectetuer adipiscing elit.', '', 0, '2015-01-18 20:44:48', 1, 1, '2015-01-18 20:44:48', 1, 1, 'jpg', 1),
(13, 32, 'tumblr_ni0xxf9IYM1u7ns0go1_1280.jpg', '691421613888', 0, 155740, 'Water', 'Lorem ipsum dolor sit amet, consectetuer adipiscing elit.', '', 0, '2015-01-18 20:44:48', 1, 1, '2015-01-18 20:44:48', 1, 1, 'jpg', 1),
(13, 33, 'tumblr_ni0xxf9IYM1u7ns0go1_1280.jpg', '691421613888', 0, 155740, 'Water', 'Lorem ipsum dolor sit amet, consectetuer adipiscing elit.', '', 0, '2015-01-18 20:44:48', 1, 1, '2015-01-18 20:44:48', 1, 1, 'jpg', 1),
(13, 34, 'tumblr_ni0xxf9IYM1u7ns0go1_1280.jpg', '691421613888', 0, 155740, 'Water', 'Lorem ipsum dolor sit amet, consectetuer adipiscing elit.', '', 0, '2015-01-18 20:44:48', 1, 1, '2015-01-18 20:44:48', 1, 1, 'jpg', 1),
(13, 35, 'tumblr_ni0xxf9IYM1u7ns0go1_1280.jpg', '691421613888', 0, 155740, 'Water', 'Lorem ipsum dolor sit amet, consectetuer adipiscing elit.', '', 0, '2015-01-18 20:44:48', 1, 1, '2015-01-18 20:44:48', 1, 1, 'jpg', 1),
(13, 36, 'tumblr_ni0xxf9IYM1u7ns0go1_1280.jpg', '691421613888', 0, 155740, 'Water', 'Lorem ipsum dolor sit amet, consectetuer adipiscing elit.', '', 0, '2015-01-18 20:44:48', 1, 1, '2015-01-18 20:44:48', 1, 1, 'jpg', 1),
(13, 37, 'tumblr_ni0xxf9IYM1u7ns0go1_1280.jpg', '691421613888', 0, 155740, 'Water', 'Lorem ipsum dolor sit amet, consectetuer adipiscing elit.', '', 0, '2015-01-18 20:44:48', 1, 1, '2015-01-18 20:44:48', 1, 1, 'jpg', 1),
(13, 38, 'tumblr_ni0xxf9IYM1u7ns0go1_1280.jpg', '691421613888', 0, 155740, 'Water', 'Lorem ipsum dolor sit amet, consectetuer adipiscing elit.', '', 0, '2015-01-18 20:44:48', 1, 1, '2015-01-18 20:44:48', 1, 1, 'jpg', 1),
(13, 39, 'tumblr_ni0xxf9IYM1u7ns0go1_1280.jpg', '691421613888', 0, 155740, 'Water', 'Lorem ipsum dolor sit amet, consectetuer adipiscing elit.', '', 0, '2015-01-18 20:44:48', 1, 1, '2015-01-18 20:44:48', 1, 1, 'jpg', 1),
(13, 40, 'tumblr_ni0xxf9IYM1u7ns0go1_1280.jpg', '691421613888', 0, 155740, 'Water', 'Lorem ipsum dolor sit amet, consectetuer adipiscing elit.', '', 0, '2015-01-18 20:44:48', 1, 1, '2015-01-18 20:44:48', 1, 1, 'jpg', 1),
(13, 41, 'tumblr_ni0xxf9IYM1u7ns0go1_1280.jpg', '691421613888', 0, 155740, 'Water', 'Lorem ipsum dolor sit amet, consectetuer adipiscing elit.', '', 0, '2015-01-18 20:44:48', 1, 1, '2015-01-18 20:44:48', 1, 1, 'jpg', 1),
(13, 42, 'tumblr_ni0xxf9IYM1u7ns0go1_1280.jpg', '691421613888', 0, 155740, 'Water', 'Lorem ipsum dolor sit amet, consectetuer adipiscing elit.', '', 0, '2015-01-18 20:44:48', 1, 1, '2015-01-18 20:44:48', 1, 1, 'jpg', 1),
(13, 43, 'tumblr_ni0xxf9IYM1u7ns0go1_1280.jpg', '691421613888', 0, 155740, 'Water', 'Lorem ipsum dolor sit amet, consectetuer adipiscing elit.', '', 0, '2015-01-18 20:44:48', 1, 1, '2015-01-18 20:44:48', 1, 1, 'jpg', 1),
(13, 44, 'tumblr_ni0xxf9IYM1u7ns0go1_1280.jpg', '691421613888', 0, 155740, 'Water', 'Lorem ipsum dolor sit amet, consectetuer adipiscing elit.', '', 0, '2015-01-18 20:44:48', 1, 1, '2015-01-18 20:44:48', 1, 1, 'jpg', 1),
(13, 45, 'tumblr_ni0xxf9IYM1u7ns0go1_1280.jpg', '691421613888', 0, 155740, 'Water', 'Lorem ipsum dolor sit amet, consectetuer adipiscing elit.', '', 0, '2015-01-18 20:44:48', 1, 1, '2015-01-18 20:44:48', 1, 1, 'jpg', 1),
(13, 46, 'tumblr_ni0xxf9IYM1u7ns0go1_1280.jpg', '691421613888', 0, 155740, 'Water', 'Lorem ipsum dolor sit amet, consectetuer adipiscing elit.', '', 1, '2015-01-18 20:44:48', 1, 1, '2015-01-18 20:44:48', 1, 1, 'jpg', 1),
(14, 1, 'tumblr_nhmgaeohq51u7ns0go1_1280.jpg', '941421613890', 0, 242011, 'tumblr_nhmgaeohq51u7ns0go1_1280.jpg', NULL, '', 0, '2015-01-18 20:44:50', 1, 1, '2015-01-18 20:44:50', 1, 1, 'jpg', 1),
(14, 2, 'tumblr_nhmgaeohq51u7ns0go1_1280.jpg', '941421613890', 0, 242011, 'tumblr_nhmgaeohq51u7ns0go1_1280.jpg', NULL, '', 0, '2015-01-18 20:44:50', 1, 1, '2015-01-18 20:44:50', 1, 1, 'jpg', 1),
(14, 3, 'tumblr_nhmgaeohq51u7ns0go1_1280.jpg', '941421613890', 0, 242011, 'tumblr_nhmgaeohq51u7ns0go1_1280.jpg', NULL, '', 0, '2015-01-18 20:44:50', 1, 1, '2015-01-18 20:44:50', 1, 1, 'jpg', 1),
(14, 4, 'tumblr_nhmgaeohq51u7ns0go1_1280.jpg', '941421613890', 0, 242011, 'Fog', NULL, '', 0, '2015-01-18 20:44:50', 1, 1, '2015-01-18 20:44:50', 1, 1, 'jpg', 1),
(14, 5, 'tumblr_nhmgaeohq51u7ns0go1_1280.jpg', '941421613890', 0, 242011, 'Fog', NULL, '', 0, '2015-01-18 20:44:50', 1, 1, '2015-01-18 20:44:50', 1, 1, 'jpg', 1),
(14, 6, 'tumblr_nhmgaeohq51u7ns0go1_1280.jpg', '941421613890', 0, 242011, 'Fog', NULL, '', 0, '2015-01-18 20:44:50', 1, 1, '2015-01-18 20:44:50', 1, 1, 'jpg', 1),
(14, 7, 'tumblr_nhmgaeohq51u7ns0go1_1280.jpg', '941421613890', 0, 242011, 'Fog', NULL, '', 0, '2015-01-18 20:44:50', 1, 1, '2015-01-18 20:44:50', 1, 1, 'jpg', 1),
(14, 8, 'tumblr_nhmgaeohq51u7ns0go1_1280.jpg', '941421613890', 0, 242011, 'Fog', 'Like often in winter', '', 0, '2015-01-18 20:44:50', 1, 1, '2015-01-18 20:44:50', 1, 1, 'jpg', 1),
(14, 9, 'tumblr_nhmgaeohq51u7ns0go1_1280.jpg', '941421613890', 0, 242011, 'Fog', 'Like often in winter', '', 0, '2015-01-18 20:44:50', 1, 1, '2015-01-18 20:44:50', 1, 1, 'jpg', 1),
(14, 10, 'tumblr_nhmgaeohq51u7ns0go1_1280.jpg', '941421613890', 0, 242011, 'Fog', 'Like often in winter', '', 0, '2015-01-18 20:44:50', 1, 1, '2015-01-18 20:44:50', 1, 1, 'jpg', 1),
(14, 11, 'tumblr_nhmgaeohq51u7ns0go1_1280.jpg', '941421613890', 0, 242011, 'Fog', 'Like often in winter', '', 0, '2015-01-18 20:44:50', 1, 1, '2015-01-18 20:44:50', 1, 1, 'jpg', 1),
(14, 12, 'tumblr_nhmgaeohq51u7ns0go1_1280.jpg', '941421613890', 0, 242011, 'Fog', 'Like often in winter', '', 0, '2015-01-18 20:44:50', 1, 1, '2015-01-18 20:44:50', 1, 1, 'jpg', 1),
(14, 13, 'tumblr_nhmgaeohq51u7ns0go1_1280.jpg', '941421613890', 0, 242011, 'Fog', 'Like often in winter', '', 0, '2015-01-18 20:44:50', 1, 1, '2015-01-18 20:44:50', 1, 1, 'jpg', 1),
(14, 14, 'tumblr_nhmgaeohq51u7ns0go1_1280.jpg', '941421613890', 0, 242011, 'Fog', 'Like often in winter', '', 0, '2015-01-18 20:44:50', 1, 1, '2015-01-18 20:44:50', 1, 1, 'jpg', 1),
(14, 15, 'tumblr_nhmgaeohq51u7ns0go1_1280.jpg', '941421613890', 0, 242011, 'Fog', 'Like often in winter', '', 0, '2015-01-18 20:44:50', 1, 1, '2015-01-18 20:44:50', 1, 1, 'jpg', 1),
(14, 16, 'tumblr_nhmgaeohq51u7ns0go1_1280.jpg', '941421613890', 0, 242011, 'Fog', 'Like often in winter', '', 0, '2015-01-18 20:44:50', 1, 1, '2015-01-18 20:44:50', 1, 1, 'jpg', 1),
(14, 17, 'tumblr_nhmgaeohq51u7ns0go1_1280.jpg', '941421613890', 0, 242011, 'Fog', 'Like often in winter', '', 0, '2015-01-18 20:44:50', 1, 1, '2015-01-18 20:44:50', 1, 1, 'jpg', 1),
(14, 18, 'tumblr_nhmgaeohq51u7ns0go1_1280.jpg', '941421613890', 0, 242011, 'Fog', 'Like often in winter', '', 0, '2015-01-18 20:44:50', 1, 1, '2015-01-18 20:44:50', 1, 1, 'jpg', 1),
(14, 19, 'tumblr_nhmgaeohq51u7ns0go1_1280.jpg', '941421613890', 0, 242011, 'Fog', 'Like often in winter', '', 0, '2015-01-18 20:44:50', 1, 1, '2015-01-18 20:44:50', 1, 1, 'jpg', 1),
(14, 20, 'tumblr_nhmgaeohq51u7ns0go1_1280.jpg', '941421613890', 0, 242011, 'Fog', 'Like often in winter', '', 0, '2015-01-18 20:44:50', 1, 1, '2015-01-18 20:44:50', 1, 1, 'jpg', 1),
(14, 21, 'tumblr_nhmgaeohq51u7ns0go1_1280.jpg', '941421613890', 0, 242011, 'Fog', 'Like often in winter', '', 0, '2015-01-18 20:44:50', 1, 1, '2015-01-18 20:44:50', 1, 1, 'jpg', 1),
(14, 22, 'tumblr_nhmgaeohq51u7ns0go1_1280.jpg', '941421613890', 0, 242011, 'Fog', 'Like often in winter', '', 0, '2015-01-18 20:44:50', 1, 1, '2015-01-18 20:44:50', 1, 1, 'jpg', 1),
(14, 23, 'tumblr_nhmgaeohq51u7ns0go1_1280.jpg', '941421613890', 0, 242011, 'Fog', 'Like often in winter', '', 0, '2015-01-18 20:44:50', 1, 1, '2015-01-18 20:44:50', 1, 1, 'jpg', 1),
(14, 24, 'tumblr_nhmgaeohq51u7ns0go1_1280.jpg', '941421613890', 0, 242011, 'Fog', 'Like often in winter', '', 0, '2015-01-18 20:44:50', 1, 1, '2015-01-18 20:44:50', 1, 1, 'jpg', 1),
(14, 25, 'tumblr_nhmgaeohq51u7ns0go1_1280.jpg', '941421613890', 0, 242011, 'Fog', 'Like often in winter', '', 0, '2015-01-18 20:44:50', 1, 1, '2015-01-18 20:44:50', 1, 1, 'jpg', 1),
(14, 26, 'tumblr_nhmgaeohq51u7ns0go1_1280.jpg', '941421613890', 0, 242011, 'Fog', 'Like often in winter', '', 0, '2015-01-18 20:44:50', 1, 1, '2015-01-18 20:44:50', 1, 1, 'jpg', 1),
(14, 27, 'tumblr_nhmgaeohq51u7ns0go1_1280.jpg', '941421613890', 0, 242011, 'Fog', 'Like often in winter', '', 0, '2015-01-18 20:44:50', 1, 1, '2015-01-18 20:44:50', 1, 1, 'jpg', 1),
(14, 28, 'tumblr_nhmgaeohq51u7ns0go1_1280.jpg', '941421613890', 0, 242011, 'Fog', 'Like often in winter', '', 0, '2015-01-18 20:44:50', 1, 1, '2015-01-18 20:44:50', 1, 1, 'jpg', 1),
(14, 29, 'tumblr_nhmgaeohq51u7ns0go1_1280.jpg', '941421613890', 0, 242011, 'Fog', 'Like often in winter', '', 0, '2015-01-18 20:44:50', 1, 1, '2015-01-18 20:44:50', 1, 1, 'jpg', 1),
(14, 30, 'tumblr_nhmgaeohq51u7ns0go1_1280.jpg', '941421613890', 0, 242011, 'Fog', 'Like often in winter', '', 0, '2015-01-18 20:44:50', 1, 1, '2015-01-18 20:44:50', 1, 1, 'jpg', 1),
(14, 31, 'tumblr_nhmgaeohq51u7ns0go1_1280.jpg', '941421613890', 0, 242011, 'Fog', 'Like often in winter', '', 0, '2015-01-18 20:44:50', 1, 1, '2015-01-18 20:44:50', 1, 1, 'jpg', 1),
(14, 32, 'tumblr_nhmgaeohq51u7ns0go1_1280.jpg', '941421613890', 0, 242011, 'Fog', 'Like often in winter', '', 0, '2015-01-18 20:44:50', 1, 1, '2015-01-18 20:44:50', 1, 1, 'jpg', 1),
(14, 33, 'tumblr_nhmgaeohq51u7ns0go1_1280.jpg', '941421613890', 0, 242011, 'Fog', 'Like often in winter', '', 0, '2015-01-18 20:44:50', 1, 1, '2015-01-18 20:44:50', 1, 1, 'jpg', 1),
(14, 34, 'tumblr_nhmgaeohq51u7ns0go1_1280.jpg', '941421613890', 0, 242011, 'Fog', 'Like often in winter', '', 0, '2015-01-18 20:44:50', 1, 1, '2015-01-18 20:44:50', 1, 1, 'jpg', 1),
(14, 35, 'tumblr_nhmgaeohq51u7ns0go1_1280.jpg', '941421613890', 0, 242011, 'Fog', 'Like often in winter', '', 0, '2015-01-18 20:44:50', 1, 1, '2015-01-18 20:44:50', 1, 1, 'jpg', 1),
(14, 36, 'tumblr_nhmgaeohq51u7ns0go1_1280.jpg', '941421613890', 0, 242011, 'Fog', 'Like often in winter', '', 0, '2015-01-18 20:44:50', 1, 1, '2015-01-18 20:44:50', 1, 1, 'jpg', 1),
(14, 37, 'tumblr_nhmgaeohq51u7ns0go1_1280.jpg', '941421613890', 0, 242011, 'Fog', 'Like often in winter', '', 1, '2015-01-18 20:44:50', 1, 1, '2015-01-18 20:44:50', 1, 1, 'jpg', 1),
(15, 1, 'tumblr_nhmgq7TKmA1u7ns0go1_1280.jpg', '981421613892', 0, 232077, 'tumblr_nhmgq7TKmA1u7ns0go1_1280.jpg', NULL, '', 0, '2015-01-18 20:44:52', 1, 1, '2015-01-18 20:44:52', 1, 1, 'jpg', 1),
(15, 2, 'tumblr_nhmgq7TKmA1u7ns0go1_1280.jpg', '981421613892', 0, 232077, 'Night', NULL, '', 0, '2015-01-18 20:44:52', 1, 1, '2015-01-18 20:44:52', 1, 1, 'jpg', 1),
(15, 3, 'tumblr_nhmgq7TKmA1u7ns0go1_1280.jpg', '981421613892', 0, 232077, 'Night', NULL, '', 0, '2015-01-18 20:44:52', 1, 1, '2015-01-18 20:44:52', 1, 1, 'jpg', 1),
(15, 4, 'tumblr_nhmgq7TKmA1u7ns0go1_1280.jpg', '981421613892', 0, 232077, 'Night', NULL, '', 0, '2015-01-18 20:44:52', 1, 1, '2015-01-18 20:44:52', 1, 1, 'jpg', 1),
(15, 5, 'tumblr_nhmgq7TKmA1u7ns0go1_1280.jpg', '981421613892', 0, 232077, 'Night', NULL, '', 0, '2015-01-18 20:44:52', 1, 1, '2015-01-18 20:44:52', 1, 1, 'jpg', 1),
(15, 6, 'tumblr_nhmgq7TKmA1u7ns0go1_1280.jpg', '981421613892', 0, 232077, 'Night', NULL, '', 0, '2015-01-18 20:44:52', 1, 1, '2015-01-18 20:44:52', 1, 1, 'jpg', 1),
(15, 7, 'tumblr_nhmgq7TKmA1u7ns0go1_1280.jpg', '981421613892', 0, 232077, 'Night', NULL, '', 0, '2015-01-18 20:44:52', 1, 1, '2015-01-18 20:44:52', 1, 1, 'jpg', 1),
(15, 8, 'tumblr_nhmgq7TKmA1u7ns0go1_1280.jpg', '981421613892', 0, 232077, 'Night', NULL, '', 0, '2015-01-18 20:44:52', 1, 1, '2015-01-18 20:44:52', 1, 1, 'jpg', 1),
(15, 9, 'tumblr_nhmgq7TKmA1u7ns0go1_1280.jpg', '981421613892', 0, 232077, 'Night', NULL, '', 0, '2015-01-18 20:44:52', 1, 1, '2015-01-18 20:44:52', 1, 1, 'jpg', 1),
(15, 10, 'tumblr_nhmgq7TKmA1u7ns0go1_1280.jpg', '981421613892', 0, 232077, 'Night', NULL, '', 0, '2015-01-18 20:44:52', 1, 1, '2015-01-18 20:44:52', 1, 1, 'jpg', 1),
(15, 11, 'tumblr_nhmgq7TKmA1u7ns0go1_1280.jpg', '981421613892', 0, 232077, 'Night', NULL, '', 0, '2015-01-18 20:44:52', 1, 1, '2015-01-18 20:44:52', 1, 1, 'jpg', 1),
(15, 12, 'tumblr_nhmgq7TKmA1u7ns0go1_1280.jpg', '981421613892', 0, 232077, 'Night', NULL, '', 0, '2015-01-18 20:44:52', 1, 1, '2015-01-18 20:44:52', 1, 1, 'jpg', 1),
(15, 13, 'tumblr_nhmgq7TKmA1u7ns0go1_1280.jpg', '981421613892', 0, 232077, 'Night', NULL, '', 0, '2015-01-18 20:44:52', 1, 1, '2015-01-18 20:44:52', 1, 1, 'jpg', 1),
(15, 14, 'tumblr_nhmgq7TKmA1u7ns0go1_1280.jpg', '981421613892', 0, 232077, 'Night', NULL, '', 0, '2015-01-18 20:44:52', 1, 1, '2015-01-18 20:44:52', 1, 1, 'jpg', 1),
(15, 15, 'tumblr_nhmgq7TKmA1u7ns0go1_1280.jpg', '981421613892', 0, 232077, 'Night', NULL, '', 0, '2015-01-18 20:44:52', 1, 1, '2015-01-18 20:44:52', 1, 1, 'jpg', 1),
(15, 16, 'tumblr_nhmgq7TKmA1u7ns0go1_1280.jpg', '981421613892', 0, 232077, 'Night', NULL, '', 0, '2015-01-18 20:44:52', 1, 1, '2015-01-18 20:44:52', 1, 1, 'jpg', 1),
(15, 17, 'tumblr_nhmgq7TKmA1u7ns0go1_1280.jpg', '981421613892', 0, 232077, 'Night', NULL, '', 0, '2015-01-18 20:44:52', 1, 1, '2015-01-18 20:44:52', 1, 1, 'jpg', 1),
(15, 18, 'tumblr_nhmgq7TKmA1u7ns0go1_1280.jpg', '981421613892', 0, 232077, 'Night', NULL, '', 0, '2015-01-18 20:44:52', 1, 1, '2015-01-18 20:44:52', 1, 1, 'jpg', 1),
(15, 19, 'tumblr_nhmgq7TKmA1u7ns0go1_1280.jpg', '981421613892', 0, 232077, 'Night', NULL, '', 0, '2015-01-18 20:44:52', 1, 1, '2015-01-18 20:44:52', 1, 1, 'jpg', 1),
(15, 20, 'tumblr_nhmgq7TKmA1u7ns0go1_1280.jpg', '981421613892', 0, 232077, 'Night', NULL, '', 0, '2015-01-18 20:44:52', 1, 1, '2015-01-18 20:44:52', 1, 1, 'jpg', 1),
(15, 21, 'tumblr_nhmgq7TKmA1u7ns0go1_1280.jpg', '981421613892', 0, 232077, 'Night', 'Lorem Ipsum Dollor', '', 0, '2015-01-18 20:44:52', 1, 1, '2015-01-18 20:44:52', 1, 1, 'jpg', 1),
(15, 22, 'tumblr_nhmgq7TKmA1u7ns0go1_1280.jpg', '981421613892', 0, 232077, 'Night', 'Lorem Ipsum Dollor', '', 0, '2015-01-18 20:44:52', 1, 1, '2015-01-18 20:44:52', 1, 1, 'jpg', 1),
(15, 23, 'tumblr_nhmgq7TKmA1u7ns0go1_1280.jpg', '981421613892', 0, 232077, 'Night', 'Lorem Ipsum Dollor', '', 0, '2015-01-18 20:44:52', 1, 1, '2015-01-18 20:44:52', 1, 1, 'jpg', 1),
(15, 24, 'tumblr_nhmgq7TKmA1u7ns0go1_1280.jpg', '981421613892', 0, 232077, 'Night', 'Lorem Ipsum Dollor', '', 0, '2015-01-18 20:44:52', 1, 1, '2015-01-18 20:44:52', 1, 1, 'jpg', 1),
(15, 25, 'tumblr_nhmgq7TKmA1u7ns0go1_1280.jpg', '981421613892', 0, 232077, 'Night', 'Lorem Ipsum Dollor', '', 0, '2015-01-18 20:44:52', 1, 1, '2015-01-18 20:44:52', 1, 1, 'jpg', 1),
(15, 26, 'tumblr_nhmgq7TKmA1u7ns0go1_1280.jpg', '981421613892', 0, 232077, 'Night', 'Lorem Ipsum Dollor', '', 0, '2015-01-18 20:44:52', 1, 1, '2015-01-18 20:44:52', 1, 1, 'jpg', 1),
(15, 27, 'tumblr_nhmgq7TKmA1u7ns0go1_1280.jpg', '981421613892', 0, 232077, 'Night', 'Lorem Ipsum Dollor', '', 0, '2015-01-18 20:44:52', 1, 1, '2015-01-18 20:44:52', 1, 1, 'jpg', 1),
(15, 28, 'tumblr_nhmgq7TKmA1u7ns0go1_1280.jpg', '981421613892', 0, 232077, 'Night', 'Lorem Ipsum Dollor', '', 0, '2015-01-18 20:44:52', 1, 1, '2015-01-18 20:44:52', 1, 1, 'jpg', 1),
(15, 29, 'tumblr_nhmgq7TKmA1u7ns0go1_1280.jpg', '981421613892', 0, 232077, 'Night', 'Lorem Ipsum Dollor', '', 0, '2015-01-18 20:44:52', 1, 1, '2015-01-18 20:44:52', 1, 1, 'jpg', 1),
(15, 30, 'tumblr_nhmgq7TKmA1u7ns0go1_1280.jpg', '981421613892', 0, 232077, 'Night', 'Lorem Ipsum Dollor', '', 0, '2015-01-18 20:44:52', 1, 1, '2015-01-18 20:44:52', 1, 1, 'jpg', 1),
(15, 31, 'tumblr_nhmgq7TKmA1u7ns0go1_1280.jpg', '981421613892', 0, 232077, 'Night', 'Lorem Ipsum Dollor', '', 0, '2015-01-18 20:44:52', 1, 1, '2015-01-18 20:44:52', 1, 1, 'jpg', 1),
(15, 32, 'tumblr_nhmgq7TKmA1u7ns0go1_1280.jpg', '981421613892', 0, 232077, 'Night', 'Lorem Ipsum Dollor', '', 0, '2015-01-18 20:44:52', 1, 1, '2015-01-18 20:44:52', 1, 1, 'jpg', 1),
(15, 33, 'tumblr_nhmgq7TKmA1u7ns0go1_1280.jpg', '981421613892', 0, 232077, 'Night', 'Lorem Ipsum Dollor', '', 0, '2015-01-18 20:44:52', 1, 1, '2015-01-18 20:44:52', 1, 1, 'jpg', 1),
(15, 34, 'tumblr_nhmgq7TKmA1u7ns0go1_1280.jpg', '981421613892', 0, 232077, 'Night', 'Lorem Ipsum Dollor', '', 1, '2015-01-18 20:44:52', 1, 1, '2015-01-18 20:44:52', 1, 1, 'jpg', 1),
(16, 1, 'icon-big.png', '361421660176', 0, 16457, 'icon-big.png', NULL, '', 1, '2015-01-19 09:36:16', 1, 1, '2015-01-19 09:36:16', 1, 1, 'png', 1),
(17, 1, 'icon-big.png', '501422215026', 0, 267721, 'icon-big.png', NULL, '', 1, '2015-01-25 19:43:46', 1, 1, '2015-01-25 19:43:46', 1, 1, 'png', 1),
(18, 1, 'icon-big.png', '191422216059', 0, 18236, 'icon-big.png', NULL, '', 1, '2015-01-25 20:00:59', 1, 1, '2015-01-25 20:00:59', 1, 1, 'png', 1),
(19, 1, 'garden.jpg', '291428522220', 0, 654296, 'garden.jpg', NULL, '', 1, '2015-04-08 19:43:40', 1, 1, '2015-04-08 19:43:40', 1, 1, 'jpg', 1),
(20, 1, 'bg-blur1.jpg', '221428522527', 0, 221394, 'bg-blur1.jpg', NULL, '', 1, '2015-04-08 19:48:47', 1, 1, '2015-04-08 19:48:47', 1, 1, 'jpg', 1),
(21, 1, 'icon-slider-big.png', '641429299849', 0, 19010, 'icon-slider-big.png', NULL, '', 1, '2015-04-17 19:44:09', 1, 1, '2015-04-17 19:44:09', 1, 1, 'png', 1),
(22, 1, 'pajarito-rouge.png', '131429588343', 0, 48595, 'Colorfull Sliders made easy', 'Full width or responsive sliders', '', 0, '2015-04-21 03:52:23', 1, 1, '2015-04-21 03:52:23', 1, 1, 'png', 1),
(22, 2, 'pajarito-rouge.png', '131429588343', 0, 48595, 'Colorfull Sliders made easy', 'Full width or responsive sliders', '', 0, '2015-04-21 03:52:23', 1, 1, '2015-04-21 03:52:23', 1, 1, 'png', 1),
(22, 3, 'pajarito-rouge.png', '131429588343', 0, 48595, 'Colorfull Sliders made easy', 'Full width or responsive sliders', '', 0, '2015-04-21 03:52:23', 1, 1, '2015-04-21 03:52:23', 1, 1, 'png', 1),
(22, 4, 'pajarito-rouge.png', '131429588343', 0, 48595, 'Colorfull Sliders made easy', 'Full width or responsive sliders', '', 0, '2015-04-21 03:52:23', 1, 1, '2015-04-21 03:52:23', 1, 1, 'png', 1);
INSERT INTO `FileVersions` (`fID`, `fvID`, `fvFilename`, `fvPrefix`, `fvGenericType`, `fvSize`, `fvTitle`, `fvDescription`, `fvTags`, `fvIsApproved`, `fvDateAdded`, `fvApproverUID`, `fvAuthorUID`, `fvActivateDatetime`, `fvHasListingThumbnail`, `fvHasDetailThumbnail`, `fvExtension`, `fvType`) VALUES
(22, 5, 'pajarito-rouge.png', '131429588343', 0, 48595, 'Colorfull Sliders made easy', 'Full width or responsive sliders', '', 0, '2015-04-21 03:52:23', 1, 1, '2015-04-21 03:52:23', 1, 1, 'png', 1),
(22, 6, 'pajarito-rouge.png', '131429588343', 0, 48595, 'Colorfull Sliders made easy', 'Full width or responsive sliders', '', 0, '2015-04-21 03:52:23', 1, 1, '2015-04-21 03:52:23', 1, 1, 'png', 1),
(22, 7, 'pajarito-rouge.png', '131429588343', 0, 48595, 'Colorfull Sliders made easy', 'Full width or responsive sliders', '', 0, '2015-04-21 03:52:23', 1, 1, '2015-04-21 03:52:23', 1, 1, 'png', 1),
(22, 8, 'pajarito-rouge.png', '131429588343', 0, 48595, 'Colorfull Sliders made easy', 'Full width or responsive sliders', '', 0, '2015-04-21 03:52:23', 1, 1, '2015-04-21 03:52:23', 1, 1, 'png', 1),
(22, 9, 'pajarito-rouge.png', '131429588343', 0, 48595, 'Colorfull Sliders made easy', 'Full width or responsive sliders', '', 0, '2015-04-21 03:52:23', 1, 1, '2015-04-21 03:52:23', 1, 1, 'png', 1),
(22, 10, 'pajarito-rouge.png', '131429588343', 0, 48595, 'Colorfull Sliders made easy', 'Full width or responsive sliders', '', 0, '2015-04-21 03:52:23', 1, 1, '2015-04-21 03:52:23', 1, 1, 'png', 1),
(22, 11, 'pajarito-rouge.png', '131429588343', 0, 48595, 'Colorfull Sliders made easy', 'Full width or responsive sliders', '', 0, '2015-04-21 03:52:23', 1, 1, '2015-04-21 03:52:23', 1, 1, 'png', 1),
(22, 12, 'pajarito-rouge.png', '131429588343', 0, 48595, 'Colorfull Sliders made easy', 'Full width or responsive sliders', '', 0, '2015-04-21 03:52:23', 1, 1, '2015-04-21 03:52:23', 1, 1, 'png', 1),
(22, 13, 'pajarito-rouge.png', '131429588343', 0, 48595, 'Colorfull Sliders made easy', 'Full width or responsive sliders', '', 0, '2015-04-21 03:52:23', 1, 1, '2015-04-21 03:52:23', 1, 1, 'png', 1),
(22, 14, 'pajarito-rouge.png', '131429588343', 0, 48595, 'Colorfull Sliders made easy', 'Full width or responsive sliders', '', 0, '2015-04-21 03:52:23', 1, 1, '2015-04-21 03:52:23', 1, 1, 'png', 1),
(22, 15, 'pajarito-rouge.png', '131429588343', 0, 48595, 'Colorfull Sliders made easy', 'Full width or responsive sliders', '', 0, '2015-04-21 03:52:23', 1, 1, '2015-04-21 03:52:23', 1, 1, 'png', 1),
(22, 16, 'pajarito-rouge.png', '131429588343', 0, 48595, 'Colorfull Sliders made easy', 'Full width or responsive sliders', '', 0, '2015-04-21 03:52:23', 1, 1, '2015-04-21 03:52:23', 1, 1, 'png', 1),
(22, 17, 'pajarito-rouge.png', '131429588343', 0, 48595, 'Colorfull Sliders made easy', 'Full width or responsive sliders', '', 0, '2015-04-21 03:52:23', 1, 1, '2015-04-21 03:52:23', 1, 1, 'png', 1),
(22, 18, 'pajarito-rouge.png', '131429588343', 0, 48595, 'Colorfull Sliders made easy', 'Full width or responsive sliders', '', 1, '2015-04-21 03:52:23', 1, 1, '2015-04-21 03:52:23', 1, 1, 'png', 1),
(23, 1, 'pajarito-jaune.png', '431429588345', 0, 56873, 'Color variations', 'Only if you want, this is not a requirement at all !', '', 0, '2015-04-21 03:52:25', 1, 1, '2015-04-21 03:52:25', 1, 1, 'png', 1),
(23, 2, 'pajarito-jaune.png', '431429588345', 0, 56873, 'Color variations', 'Only if you want, this is not a requirement at all !', '', 0, '2015-04-21 03:52:25', 1, 1, '2015-04-21 03:52:25', 1, 1, 'png', 1),
(23, 3, 'pajarito-jaune.png', '431429588345', 0, 56873, 'Color variations', 'Only if you want, this is not a requirement at all !', '', 0, '2015-04-21 03:52:25', 1, 1, '2015-04-21 03:52:25', 1, 1, 'png', 1),
(23, 4, 'pajarito-jaune.png', '431429588345', 0, 56873, 'Color variations', 'Only if you want, this is not a requirement at all !', '', 0, '2015-04-21 03:52:25', 1, 1, '2015-04-21 03:52:25', 1, 1, 'png', 1),
(23, 5, 'pajarito-jaune.png', '431429588345', 0, 56873, 'Color variations', 'Only if you want, this is not a requirement at all !', '', 0, '2015-04-21 03:52:25', 1, 1, '2015-04-21 03:52:25', 1, 1, 'png', 1),
(23, 6, 'pajarito-jaune.png', '431429588345', 0, 56873, 'Color variations', 'Only if you want, this is not a requirement at all !', '', 0, '2015-04-21 03:52:25', 1, 1, '2015-04-21 03:52:25', 1, 1, 'png', 1),
(23, 7, 'pajarito-jaune.png', '431429588345', 0, 56873, 'Color variations', 'Only if you want, this is not a requirement at all !', '', 0, '2015-04-21 03:52:25', 1, 1, '2015-04-21 03:52:25', 1, 1, 'png', 1),
(23, 8, 'pajarito-jaune.png', '431429588345', 0, 56873, 'Color variations', 'Only if you want, this is not a requirement at all !', '', 0, '2015-04-21 03:52:25', 1, 1, '2015-04-21 03:52:25', 1, 1, 'png', 1),
(23, 9, 'pajarito-jaune.png', '431429588345', 0, 56873, 'Color variations', 'Only if you want, this is not a requirement at all !', '', 0, '2015-04-21 03:52:25', 1, 1, '2015-04-21 03:52:25', 1, 1, 'png', 1),
(23, 10, 'pajarito-jaune.png', '431429588345', 0, 56873, 'Color variations', 'Only if you want, this is not a requirement at all !', '', 0, '2015-04-21 03:52:25', 1, 1, '2015-04-21 03:52:25', 1, 1, 'png', 1),
(23, 11, 'pajarito-jaune.png', '431429588345', 0, 56873, 'Color variations', 'Only if you want, this is not a requirement at all !', '', 0, '2015-04-21 03:52:25', 1, 1, '2015-04-21 03:52:25', 1, 1, 'png', 1),
(23, 12, 'pajarito-jaune.png', '431429588345', 0, 56873, 'Color variations', 'Only if you want, this is not a requirement at all !', '', 0, '2015-04-21 03:52:25', 1, 1, '2015-04-21 03:52:25', 1, 1, 'png', 1),
(23, 13, 'pajarito-jaune.png', '431429588345', 0, 56873, 'Color variations', 'Only if you want, this is not a requirement at all !', '', 0, '2015-04-21 03:52:25', 1, 1, '2015-04-21 03:52:25', 1, 1, 'png', 1),
(23, 14, 'pajarito-jaune.png', '431429588345', 0, 56873, 'Color variations', 'Only if you want, this is not a requirement at all !', '', 0, '2015-04-21 03:52:25', 1, 1, '2015-04-21 03:52:25', 1, 1, 'png', 1),
(23, 15, 'pajarito-jaune.png', '431429588345', 0, 56873, 'Color variations', 'Only if you want, this is not a requirement at all !', '', 0, '2015-04-21 03:52:25', 1, 1, '2015-04-21 03:52:25', 1, 1, 'png', 1),
(23, 16, 'pajarito-jaune.png', '431429588345', 0, 56873, 'Color variations', 'Only if you want, this is not a requirement at all !', '', 0, '2015-04-21 03:52:25', 1, 1, '2015-04-21 03:52:25', 1, 1, 'png', 1),
(23, 17, 'pajarito-jaune.png', '431429588345', 0, 56873, 'Color variations', 'Only if you want, this is not a requirement at all !', '', 0, '2015-04-21 03:52:25', 1, 1, '2015-04-21 03:52:25', 1, 1, 'png', 1),
(23, 18, 'pajarito-jaune.png', '431429588345', 0, 56873, 'Color variations', 'Only if you want, this is not a requirement at all !', '', 0, '2015-04-21 03:52:25', 1, 1, '2015-04-21 03:52:25', 1, 1, 'png', 1),
(23, 19, 'pajarito-jaune.png', '431429588345', 0, 56873, 'Color variations', 'Only if you want, this is not a requirement at all !', '', 0, '2015-04-21 03:52:25', 1, 1, '2015-04-21 03:52:25', 1, 1, 'png', 1),
(23, 20, 'pajarito-jaune.png', '431429588345', 0, 56873, 'Color variations', 'Only if you want, this is not a requirement at all !', '', 1, '2015-04-21 03:52:25', 1, 1, '2015-04-21 03:52:25', 1, 1, 'png', 1),
(24, 1, 'house.jpg', '161429588348', 0, 156209, 'Manific Popup', 'Made easy', '', 0, '2015-04-21 03:52:28', 1, 1, '2015-04-21 03:52:28', 1, 1, 'jpg', 1),
(24, 2, 'house.jpg', '161429588348', 0, 156209, 'Manific Popup', 'Made easy', '', 0, '2015-04-21 03:52:28', 1, 1, '2015-04-21 03:52:28', 1, 1, 'jpg', 1),
(24, 3, 'house.jpg', '161429588348', 0, 156209, 'Manific Popup', 'Made easy', '', 0, '2015-04-21 03:52:28', 1, 1, '2015-04-21 03:52:28', 1, 1, 'jpg', 1),
(24, 4, 'house.jpg', '161429588348', 0, 156209, 'Manific Popup', 'Made easy', '', 0, '2015-04-21 03:52:28', 1, 1, '2015-04-21 03:52:28', 1, 1, 'jpg', 1),
(24, 5, 'house.jpg', '161429588348', 0, 156209, 'Manific Popup', 'Made easy', '', 0, '2015-04-21 03:52:28', 1, 1, '2015-04-21 03:52:28', 1, 1, 'jpg', 1),
(24, 6, 'house.jpg', '161429588348', 0, 156209, 'Manific Popup', 'Made easy', '', 0, '2015-04-21 03:52:28', 1, 1, '2015-04-21 03:52:28', 1, 1, 'jpg', 1),
(24, 7, 'house.jpg', '161429588348', 0, 156209, 'Manific Popup', 'Made easy', '', 0, '2015-04-21 03:52:28', 1, 1, '2015-04-21 03:52:28', 1, 1, 'jpg', 1),
(24, 8, 'house.jpg', '161429588348', 0, 156209, 'Manific Popup', 'Made easy', '', 0, '2015-04-21 03:52:28', 1, 1, '2015-04-21 03:52:28', 1, 1, 'jpg', 1),
(24, 9, 'house.jpg', '161429588348', 0, 156209, 'Manific Popup', 'Made easy', '', 0, '2015-04-21 03:52:28', 1, 1, '2015-04-21 03:52:28', 1, 1, 'jpg', 1),
(24, 10, 'house.jpg', '161429588348', 0, 156209, 'Manific Popup', 'Made easy', '', 0, '2015-04-21 03:52:28', 1, 1, '2015-04-21 03:52:28', 1, 1, 'jpg', 1),
(24, 11, 'house.jpg', '161429588348', 0, 156209, 'Manific Popup', 'Made easy', '', 0, '2015-04-21 03:52:28', 1, 1, '2015-04-21 03:52:28', 1, 1, 'jpg', 1),
(24, 12, 'house.jpg', '161429588348', 0, 156209, 'Manific Popup', 'Made easy', '', 0, '2015-04-21 03:52:28', 1, 1, '2015-04-21 03:52:28', 1, 1, 'jpg', 1),
(24, 13, 'house.jpg', '161429588348', 0, 156209, 'Manific Popup', 'Made easy', '', 0, '2015-04-21 03:52:28', 1, 1, '2015-04-21 03:52:28', 1, 1, 'jpg', 1),
(24, 14, 'house.jpg', '161429588348', 0, 156209, 'Manific Popup', 'Made easy', '', 0, '2015-04-21 03:52:28', 1, 1, '2015-04-21 03:52:28', 1, 1, 'jpg', 1),
(24, 15, 'house.jpg', '161429588348', 0, 156209, 'Manific Popup', 'Made easy', '', 0, '2015-04-21 03:52:28', 1, 1, '2015-04-21 03:52:28', 1, 1, 'jpg', 1),
(24, 16, 'house.jpg', '161429588348', 0, 156209, 'Manific Popup', 'Made easy', '', 0, '2015-04-21 03:52:28', 1, 1, '2015-04-21 03:52:28', 1, 1, 'jpg', 1),
(24, 17, 'house.jpg', '161429588348', 0, 156209, 'Manific Popup', 'Made easy', '', 0, '2015-04-21 03:52:28', 1, 1, '2015-04-21 03:52:28', 1, 1, 'jpg', 1),
(24, 18, 'house.jpg', '161429588348', 0, 156209, 'Manific Popup', 'Made easy', '', 0, '2015-04-21 03:52:28', 1, 1, '2015-04-21 03:52:28', 1, 1, 'jpg', 1),
(24, 19, 'house.jpg', '161429588348', 0, 156209, 'Manific Popup', 'Made easy', '', 0, '2015-04-21 03:52:28', 1, 1, '2015-04-21 03:52:28', 1, 1, 'jpg', 1),
(24, 20, 'house.jpg', '161429588348', 0, 156209, 'Manific Popup', 'Made easy', '', 0, '2015-04-21 03:52:28', 1, 1, '2015-04-21 03:52:28', 1, 1, 'jpg', 1),
(24, 21, 'house.jpg', '161429588348', 0, 156209, 'Manific Popup', 'Made easy', '', 0, '2015-04-21 03:52:28', 1, 1, '2015-04-21 03:52:28', 1, 1, 'jpg', 1),
(24, 22, 'house.jpg', '161429588348', 0, 156209, 'Manific Popup', 'Responsive Lightboxes Made easy', '', 0, '2015-04-21 03:52:28', 1, 1, '2015-04-21 03:52:28', 1, 1, 'jpg', 1),
(24, 23, 'house.jpg', '161429588348', 0, 156209, 'Manific Popup', 'Responsive Lightboxes Made easy', '', 0, '2015-04-21 03:52:28', 1, 1, '2015-04-21 03:52:28', 1, 1, 'jpg', 1),
(24, 24, 'house.jpg', '161429588348', 0, 156209, 'Manific Popup', 'Responsive Lightboxes Made easy', '', 0, '2015-04-21 03:52:28', 1, 1, '2015-04-21 03:52:28', 1, 1, 'jpg', 1),
(24, 25, 'house.jpg', '161429588348', 0, 156209, 'Manific Popup', 'Responsive Lightboxes Made easy', '', 0, '2015-04-21 03:52:28', 1, 1, '2015-04-21 03:52:28', 1, 1, 'jpg', 1),
(24, 26, 'house.jpg', '161429588348', 0, 156209, 'Manific Popup', 'Responsive Lightboxes Made easy', '', 0, '2015-04-21 03:52:28', 1, 1, '2015-04-21 03:52:28', 1, 1, 'jpg', 1),
(24, 27, 'house.jpg', '161429588348', 0, 156209, 'Manific Popup', 'Responsive Lightboxes Made easy', '', 0, '2015-04-21 03:52:28', 1, 1, '2015-04-21 03:52:28', 1, 1, 'jpg', 1),
(24, 28, 'house.jpg', '161429588348', 0, 156209, 'Manific Popup', 'Responsive Lightboxes Made easy', '', 0, '2015-04-21 03:52:28', 1, 1, '2015-04-21 03:52:28', 1, 1, 'jpg', 1),
(24, 29, 'house.jpg', '161429588348', 0, 156209, 'Manific Popup', 'Responsive Lightboxes Made easy', '', 1, '2015-04-21 03:52:28', 1, 1, '2015-04-21 03:52:28', 1, 1, 'jpg', 1),
(25, 1, 'mountain-smog.jpg', '251429588350', 0, 259955, 'mountain-smog.jpg', NULL, '', 1, '2015-04-21 03:52:30', 1, 1, '2015-04-21 03:52:30', 1, 1, 'jpg', 1),
(26, 1, 'mountain-smog-2.jpg', '681429588351', 0, 172986, 'mountain-smog-2.jpg', NULL, '', 0, '2015-04-21 03:52:31', 1, 1, '2015-04-21 03:52:31', 1, 1, 'jpg', 1),
(26, 2, 'mountain-smog-2.jpg', '681429588351', 0, 172986, 'mountain-smog-2.jpg', NULL, '', 0, '2015-04-21 03:52:31', 1, 1, '2015-04-21 03:52:31', 1, 1, 'jpg', 1),
(26, 3, 'mountain-smog-2.jpg', '681429588351', 0, 172986, 'mountain-smog-2.jpg', NULL, '', 0, '2015-04-21 03:52:31', 1, 1, '2015-04-21 03:52:31', 1, 1, 'jpg', 1),
(26, 4, 'mountain-smog-2.jpg', '681429588351', 0, 172986, 'Mountain smog', NULL, '', 0, '2015-04-21 03:52:31', 1, 1, '2015-04-21 03:52:31', 1, 1, 'jpg', 1),
(26, 5, 'mountain-smog-2.jpg', '681429588351', 0, 172986, 'Mountain smog', 'Lorem ipsum Dollor', '', 0, '2015-04-21 03:52:31', 1, 1, '2015-04-21 03:52:31', 1, 1, 'jpg', 1),
(26, 6, 'mountain-smog-2.jpg', '681429588351', 0, 172986, 'Mountain smog', 'Lorem ipsum Dollor', '', 0, '2015-04-21 03:52:31', 1, 1, '2015-04-21 03:52:31', 1, 1, 'jpg', 1),
(26, 7, 'mountain-smog-2.jpg', '681429588351', 0, 172986, 'Mountain smog', 'Lorem ipsum Dollor', '', 0, '2015-04-21 03:52:31', 1, 1, '2015-04-21 03:52:31', 1, 1, 'jpg', 1),
(26, 8, 'mountain-smog-2.jpg', '681429588351', 0, 172986, 'Mountain smog', 'Lorem ipsum Dollor', '', 0, '2015-04-21 03:52:31', 1, 1, '2015-04-21 03:52:31', 1, 1, 'jpg', 1),
(26, 9, 'mountain-smog-2.jpg', '681429588351', 0, 172986, 'Mountain smog', 'Lorem ipsum Dollor', '', 1, '2015-04-21 03:52:31', 1, 1, '2015-04-21 03:52:31', 1, 1, 'jpg', 1),
(27, 1, 'moutain-clouds.jpg', '681429588353', 0, 189519, 'moutain-clouds.jpg', NULL, '', 1, '2015-04-21 03:52:33', 1, 1, '2015-04-21 03:52:33', 1, 1, 'jpg', 1),
(28, 1, 'plage.jpg', '181429588355', 0, 90633, 'plage.jpg', NULL, '', 0, '2015-04-21 03:52:35', 1, 1, '2015-04-21 03:52:35', 1, 1, 'jpg', 1),
(28, 2, 'plage.jpg', '181429588355', 0, 90633, 'plage.jpg', NULL, '', 0, '2015-04-21 03:52:35', 1, 1, '2015-04-21 03:52:35', 1, 1, 'jpg', 1),
(28, 3, 'plage.jpg', '181429588355', 0, 90633, 'plage.jpg', NULL, '', 0, '2015-04-21 03:52:35', 1, 1, '2015-04-21 03:52:35', 1, 1, 'jpg', 1),
(28, 4, 'plage.jpg', '181429588355', 0, 90633, 'Plage Beach', NULL, '', 0, '2015-04-21 03:52:35', 1, 1, '2015-04-21 03:52:35', 1, 1, 'jpg', 1),
(28, 5, 'plage.jpg', '181429588355', 0, 90633, 'Plage Beach', 'Lorem ipsum Dollor', '', 0, '2015-04-21 03:52:35', 1, 1, '2015-04-21 03:52:35', 1, 1, 'jpg', 1),
(28, 6, 'plage.jpg', '181429588355', 0, 90633, 'Plage Beach', 'Lorem ipsum Dollor', '', 0, '2015-04-21 03:52:35', 1, 1, '2015-04-21 03:52:35', 1, 1, 'jpg', 1),
(28, 7, 'plage.jpg', '181429588355', 0, 90633, 'Plage Beach', 'Lorem ipsum Dollor', '', 0, '2015-04-21 03:52:35', 1, 1, '2015-04-21 03:52:35', 1, 1, 'jpg', 1),
(28, 8, 'plage.jpg', '181429588355', 0, 90633, 'Plage Beach', 'Lorem ipsum Dollor', '', 0, '2015-04-21 03:52:35', 1, 1, '2015-04-21 03:52:35', 1, 1, 'jpg', 1),
(28, 9, 'plage.jpg', '181429588355', 0, 90633, 'Plage Beach', 'Lorem ipsum Dollor', '', 1, '2015-04-21 03:52:35', 1, 1, '2015-04-21 03:52:35', 1, 1, 'jpg', 1),
(29, 1, 'Westfalia.jpg', '871429588356', 0, 164418, 'Get Ready ?', NULL, '', 0, '2015-04-21 03:52:36', 1, 1, '2015-04-21 03:52:36', 1, 1, 'jpg', 1),
(29, 2, 'Westfalia.jpg', '871429588356', 0, 164418, 'Get Ready ?', 'Try this awesome add-on !', '', 0, '2015-04-21 03:52:36', 1, 1, '2015-04-21 03:52:36', 1, 1, 'jpg', 1),
(29, 3, 'Westfalia.jpg', '871429588356', 0, 164418, 'Get Ready ?', 'Try this awesome add-on !', '', 0, '2015-04-21 03:52:36', 1, 1, '2015-04-21 03:52:36', 1, 1, 'jpg', 1),
(29, 4, 'Westfalia.jpg', '871429588356', 0, 164418, 'Get Ready ?', 'Try this awesome add-on !', '', 0, '2015-04-21 03:52:36', 1, 1, '2015-04-21 03:52:36', 1, 1, 'jpg', 1),
(29, 5, 'Westfalia.jpg', '871429588356', 0, 164418, 'Get Ready ?', 'Try this awesome add-on !', '', 0, '2015-04-21 03:52:36', 1, 1, '2015-04-21 03:52:36', 1, 1, 'jpg', 1),
(29, 6, 'Westfalia.jpg', '871429588356', 0, 164418, 'Get Ready ?', 'Try this awesome add-on !', '', 0, '2015-04-21 03:52:36', 1, 1, '2015-04-21 03:52:36', 1, 1, 'jpg', 1),
(29, 7, 'Westfalia.jpg', '871429588356', 0, 164418, 'Get Ready ?', 'Try this awesome add-on !', '', 0, '2015-04-21 03:52:36', 1, 1, '2015-04-21 03:52:36', 1, 1, 'jpg', 1),
(29, 8, 'Westfalia.jpg', '871429588356', 0, 164418, 'Get Ready ?', 'Try this awesome add-on !', '', 0, '2015-04-21 03:52:36', 1, 1, '2015-04-21 03:52:36', 1, 1, 'jpg', 1),
(29, 9, 'Westfalia.jpg', '871429588356', 0, 164418, 'Get Ready ?', 'Try this awesome add-on !', '', 0, '2015-04-21 03:52:36', 1, 1, '2015-04-21 03:52:36', 1, 1, 'jpg', 1),
(29, 10, 'Westfalia.jpg', '871429588356', 0, 164418, 'Get Ready ?', 'Try this awesome add-on !', '', 0, '2015-04-21 03:52:36', 1, 1, '2015-04-21 03:52:36', 1, 1, 'jpg', 1),
(29, 11, 'Westfalia.jpg', '871429588356', 0, 164418, 'Get Ready ?', 'Try this awesome add-on !', '', 0, '2015-04-21 03:52:36', 1, 1, '2015-04-21 03:52:36', 1, 1, 'jpg', 1),
(29, 12, 'Westfalia.jpg', '871429588356', 0, 164418, 'Get Ready ?', 'Try this awesome add-on !', '', 0, '2015-04-21 03:52:36', 1, 1, '2015-04-21 03:52:36', 1, 1, 'jpg', 1),
(29, 13, 'Westfalia.jpg', '871429588356', 0, 164418, 'Get Ready ?', 'Try this awesome add-on !', '', 0, '2015-04-21 03:52:36', 1, 1, '2015-04-21 03:52:36', 1, 1, 'jpg', 1),
(29, 14, 'Westfalia.jpg', '871429588356', 0, 164418, 'Get Ready ?', 'Try this awesome add-on !', '', 0, '2015-04-21 03:52:36', 1, 1, '2015-04-21 03:52:36', 1, 1, 'jpg', 1),
(29, 15, 'Westfalia.jpg', '871429588356', 0, 164418, 'Get Ready ?', 'Try this awesome add-on !', '', 0, '2015-04-21 03:52:36', 1, 1, '2015-04-21 03:52:36', 1, 1, 'jpg', 1),
(29, 16, 'Westfalia.jpg', '871429588356', 0, 164418, 'Get Ready ?', 'Try this awesome add-on !', '', 0, '2015-04-21 03:52:36', 1, 1, '2015-04-21 03:52:36', 1, 1, 'jpg', 1),
(29, 17, 'Westfalia.jpg', '871429588356', 0, 164418, 'Get Ready ?', 'Try this awesome add-on !', '', 0, '2015-04-21 03:52:36', 1, 1, '2015-04-21 03:52:36', 1, 1, 'jpg', 1),
(29, 18, 'Westfalia.jpg', '871429588356', 0, 164418, 'Get Ready ?', 'Try this awesome add-on !', '', 0, '2015-04-21 03:52:36', 1, 1, '2015-04-21 03:52:36', 1, 1, 'jpg', 1),
(29, 19, 'Westfalia.jpg', '871429588356', 0, 164418, 'Get Ready ?', 'Try this awesome add-on !', '', 0, '2015-04-21 03:52:36', 1, 1, '2015-04-21 03:52:36', 1, 1, 'jpg', 1),
(29, 20, 'Westfalia.jpg', '871429588356', 0, 164418, 'Get Ready ?', 'Try this awesome add-on !', '', 0, '2015-04-21 03:52:36', 1, 1, '2015-04-21 03:52:36', 1, 1, 'jpg', 1),
(29, 21, 'Westfalia.jpg', '871429588356', 0, 164418, 'Get Ready ?', 'Try this awesome add-on !', '', 0, '2015-04-21 03:52:36', 1, 1, '2015-04-21 03:52:36', 1, 1, 'jpg', 1),
(29, 22, 'Westfalia.jpg', '871429588356', 0, 164418, 'Get Ready ?', 'Try this awesome add-on !', '', 0, '2015-04-21 03:52:36', 1, 1, '2015-04-21 03:52:36', 1, 1, 'jpg', 1),
(29, 23, 'Westfalia.jpg', '871429588356', 0, 164418, 'Get Ready ?', 'Try this awesome add-on !', '', 0, '2015-04-21 03:52:36', 1, 1, '2015-04-21 03:52:36', 1, 1, 'jpg', 1),
(29, 24, 'Westfalia.jpg', '871429588356', 0, 164418, 'Get Ready ?', 'Try this awesome add-on !', '', 0, '2015-04-21 03:52:36', 1, 1, '2015-04-21 03:52:36', 1, 1, 'jpg', 1),
(29, 25, 'Westfalia.jpg', '871429588356', 0, 164418, 'Get Ready ?', 'Try this awesome add-on !', '', 0, '2015-04-21 03:52:36', 1, 1, '2015-04-21 03:52:36', 1, 1, 'jpg', 1),
(29, 26, 'Westfalia.jpg', '871429588356', 0, 164418, 'Get Ready ?', 'Try this awesome add-on !', '', 0, '2015-04-21 03:52:36', 1, 1, '2015-04-21 03:52:36', 1, 1, 'jpg', 1),
(29, 27, 'Westfalia.jpg', '871429588356', 0, 164418, 'Get Ready ?', 'Try this awesome add-on !', '', 0, '2015-04-21 03:52:36', 1, 1, '2015-04-21 03:52:36', 1, 1, 'jpg', 1),
(29, 28, 'Westfalia.jpg', '871429588356', 0, 164418, 'Get Ready ?', 'Try this awesome add-on !', '', 0, '2015-04-21 03:52:36', 1, 1, '2015-04-21 03:52:36', 1, 1, 'jpg', 1),
(29, 29, 'Westfalia.jpg', '871429588356', 0, 164418, 'Get Ready ?', 'Try this awesome add-on !', '', 0, '2015-04-21 03:52:36', 1, 1, '2015-04-21 03:52:36', 1, 1, 'jpg', 1),
(29, 30, 'Westfalia.jpg', '871429588356', 0, 164418, 'Get Ready ?', 'Try this awesome add-on !', '', 0, '2015-04-21 03:52:36', 1, 1, '2015-04-21 03:52:36', 1, 1, 'jpg', 1),
(29, 31, 'Westfalia.jpg', '871429588356', 0, 164418, 'Get Ready ?', 'Try this awesome add-on !', '', 1, '2015-04-21 03:52:36', 1, 1, '2015-04-21 03:52:36', 1, 1, 'jpg', 1),
(30, 1, 'see.jpg', '751429588358', 0, 281767, 'see.jpg', NULL, '', 0, '2015-04-21 03:52:38', 1, 1, '2015-04-21 03:52:38', 1, 1, 'jpg', 1),
(30, 2, 'see.jpg', '751429588358', 0, 281767, 'see.jpg', NULL, '', 0, '2015-04-21 03:52:38', 1, 1, '2015-04-21 03:52:38', 1, 1, 'jpg', 1),
(30, 3, 'see.jpg', '751429588358', 0, 281767, 'see.jpg', NULL, '', 0, '2015-04-21 03:52:38', 1, 1, '2015-04-21 03:52:38', 1, 1, 'jpg', 1),
(30, 4, 'see.jpg', '751429588358', 0, 281767, 'Vamos a la playa !', NULL, '', 0, '2015-04-21 03:52:38', 1, 1, '2015-04-21 03:52:38', 1, 1, 'jpg', 1),
(30, 5, 'see.jpg', '751429588358', 0, 281767, 'Vamos a la playa !', 'Lorem ipsum Dollor', '', 0, '2015-04-21 03:52:38', 1, 1, '2015-04-21 03:52:38', 1, 1, 'jpg', 1),
(30, 6, 'see.jpg', '751429588358', 0, 281767, 'Vamos a la playa !', 'Lorem ipsum Dollor', '', 0, '2015-04-21 03:52:38', 1, 1, '2015-04-21 03:52:38', 1, 1, 'jpg', 1),
(30, 7, 'see.jpg', '751429588358', 0, 281767, 'Vamos a la playa !', 'Lorem ipsum Dollor', '', 0, '2015-04-21 03:52:38', 1, 1, '2015-04-21 03:52:38', 1, 1, 'jpg', 1),
(30, 8, 'see.jpg', '751429588358', 0, 281767, 'Vamos a la playa !', 'Lorem ipsum Dollor', '', 0, '2015-04-21 03:52:38', 1, 1, '2015-04-21 03:52:38', 1, 1, 'jpg', 1),
(30, 9, 'see.jpg', '751429588358', 0, 281767, 'Vamos a la playa !', 'Lorem ipsum Dollor', '', 1, '2015-04-21 03:52:38', 1, 1, '2015-04-21 03:52:38', 1, 1, 'jpg', 1),
(31, 1, 'Capture_decran_2015-04-21_a_10.40.35.png', '321429605680', 0, 69073, 'Advanced Settings', NULL, '', 0, '2015-04-21 08:41:20', 1, 1, '2015-04-21 08:41:20', 1, 1, 'png', 1),
(31, 2, 'Capture_decran_2015-04-24_a_12.47.22.png', '471429872492', 0, 51489, 'Advanced Settings', NULL, '', 1, '2015-04-21 08:41:20', 1, 1, '2015-04-21 08:41:20', 1, 1, 'png', 1),
(32, 1, 'Capture_decran_2015-04-21_a_10.40.27.png', '121429605681', 0, 49561, 'Lightbox Settings', NULL, '', 1, '2015-04-21 08:41:21', 1, 1, '2015-04-21 08:41:21', 1, 1, 'png', 1),
(33, 1, 'Capture_decran_2015-04-21_a_10.40.19.png', '501429605683', 0, 66383, 'General settings', NULL, '', 1, '2015-04-21 08:41:23', 1, 1, '2015-04-21 08:41:23', 1, 1, 'png', 1),
(34, 1, 'Capture_decran_2015-04-21_a_10.40.08.png', '521429605687', 0, 791269, 'Edit the Carousel', 'With unique and very intuitive interface', '', 0, '2015-04-21 08:41:27', 1, 1, '2015-04-21 08:41:27', 1, 1, 'png', 1),
(34, 2, 'Capture_decran_2015-04-21_a_14.39.48.png', '861429620026', 0, 740809, 'Edit the Carousel', 'With unique and very intuitive interface', '', 1, '2015-04-21 08:41:27', 1, 1, '2015-04-21 08:41:27', 1, 1, 'png', 1),
(35, 1, 'icon-slider-big.png', '981429608191', 0, 86368, 'icon-slider-big.png', NULL, '', 1, '2015-04-21 09:23:11', 1, 1, '2015-04-21 09:23:11', 1, 1, 'png', 1),
(36, 1, 'owl.png', '781429608494', 0, 40872, 'OWL Carousel', 'Touch enabled jQuery plugin that lets you create beautiful responsive carousel slider.', '', 0, '2015-04-21 09:28:14', 1, 1, '2015-04-21 09:28:14', 1, 1, 'png', 1),
(36, 2, 'owl.png', '131429608689', 0, 41279, 'OWL Carousel', 'Touch enabled jQuery plugin that lets you create beautiful responsive carousel slider.', '', 0, '2015-04-21 09:28:14', 1, 1, '2015-04-21 09:28:14', 1, 1, 'png', 1),
(36, 3, 'owl.png', '131429608689', 0, 41279, 'OWL Carousel', 'Touch enabled jQuery plugin that lets you create beautiful responsive carousel slider.', '', 0, '2015-04-21 09:28:14', 1, 1, '2015-04-21 09:28:14', 1, 1, 'png', 1),
(36, 4, 'owl.png', '131429608689', 0, 41279, 'OWL Carousel', 'Touch enabled jQuery plugin that lets you create beautiful responsive carousel slider.', '', 0, '2015-04-21 09:28:14', 1, 1, '2015-04-21 09:28:14', 1, 1, 'png', 1),
(36, 5, 'owl.png', '131429608689', 0, 41279, 'OWL Carousel', 'Touch enabled jQuery plugin that lets you create beautiful responsive carousel slider.', '', 0, '2015-04-21 09:28:14', 1, 1, '2015-04-21 09:28:14', 1, 1, 'png', 1),
(36, 6, 'owl.png', '131429608689', 0, 41279, 'OWL Carousel', 'Touch enabled jQuery plugin that lets you create beautiful responsive carousel slider.', '', 0, '2015-04-21 09:28:14', 1, 1, '2015-04-21 09:28:14', 1, 1, 'png', 1),
(36, 7, 'owl.png', '131429608689', 0, 41279, 'OWL Carousel', 'Touch enabled jQuery plugin that lets you create beautiful responsive carousel slider.', '', 0, '2015-04-21 09:28:14', 1, 1, '2015-04-21 09:28:14', 1, 1, 'png', 1),
(36, 8, 'owl.png', '131429608689', 0, 41279, 'OWL Carousel', 'Touch enabled jQuery plugin that lets you create beautiful responsive carousel slider.', '', 0, '2015-04-21 09:28:14', 1, 1, '2015-04-21 09:28:14', 1, 1, 'png', 1),
(36, 9, 'owl.png', '131429608689', 0, 41279, 'OWL Carousel', 'Touch enabled jQuery plugin that lets you create beautiful responsive carousel slider.', '', 0, '2015-04-21 09:28:14', 1, 1, '2015-04-21 09:28:14', 1, 1, 'png', 1),
(36, 10, 'owl.png', '131429608689', 0, 41279, 'OWL Carousel', 'Touch enabled jQuery plugin that lets you create beautiful responsive carousel slider.', '', 0, '2015-04-21 09:28:14', 1, 1, '2015-04-21 09:28:14', 1, 1, 'png', 1),
(36, 11, 'owl.png', '131429608689', 0, 41279, 'OWL Carousel', 'Touch enabled jQuery plugin that lets you create beautiful responsive carousel slider.', '', 0, '2015-04-21 09:28:14', 1, 1, '2015-04-21 09:28:14', 1, 1, 'png', 1),
(36, 12, 'owl.png', '131429608689', 0, 41279, 'OWL Carousel', 'Touch enabled jQuery plugin that lets you create beautiful responsive carousel slider.', '', 0, '2015-04-21 09:28:14', 1, 1, '2015-04-21 09:28:14', 1, 1, 'png', 1),
(36, 13, 'owl.png', '131429608689', 0, 41279, 'OWL Carousel', 'Touch enabled jQuery plugin that lets you create beautiful responsive carousel slider.', '', 0, '2015-04-21 09:28:14', 1, 1, '2015-04-21 09:28:14', 1, 1, 'png', 1),
(36, 14, 'owl.png', '131429608689', 0, 41279, 'OWL Carousel', 'Touch enabled jQuery plugin that lets you create beautiful responsive carousel slider.', '', 0, '2015-04-21 09:28:14', 1, 1, '2015-04-21 09:28:14', 1, 1, 'png', 1),
(36, 15, 'owl.png', '131429608689', 0, 41279, 'OWL Carousel', 'Touch enabled jQuery plugin that lets you create beautiful responsive carousel slider.', '', 1, '2015-04-21 09:28:14', 1, 1, '2015-04-21 09:28:14', 1, 1, 'png', 1),
(37, 1, 'responsive.png', '961429609223', 0, 13658, 'Responsive Slider', 'With Unique color variations (optional)', '', 0, '2015-04-21 09:40:24', 1, 1, '2015-04-21 09:40:24', 1, 1, 'png', 1),
(37, 2, 'responsive.png', '961429609223', 0, 13658, 'Responsive Slider', 'With Unique color variations (optional)', '', 0, '2015-04-21 09:40:24', 1, 1, '2015-04-21 09:40:24', 1, 1, 'png', 1),
(37, 3, 'responsive.png', '961429609223', 0, 13658, 'Responsive Slider', 'With Unique color variations (optional)', '', 0, '2015-04-21 09:40:24', 1, 1, '2015-04-21 09:40:24', 1, 1, 'png', 1),
(37, 4, 'responsive.png', '961429609223', 0, 13658, 'Responsive Slider', 'With Unique color variations (optional)', '', 0, '2015-04-21 09:40:24', 1, 1, '2015-04-21 09:40:24', 1, 1, 'png', 1),
(37, 5, 'responsive.png', '961429609223', 0, 13658, 'Responsive Slider', 'With Unique color variations (optional)', '', 0, '2015-04-21 09:40:24', 1, 1, '2015-04-21 09:40:24', 1, 1, 'png', 1),
(37, 6, 'responsive.png', '961429609223', 0, 13658, 'Responsive Slider', 'With Unique color variations (optional)', '', 0, '2015-04-21 09:40:24', 1, 1, '2015-04-21 09:40:24', 1, 1, 'png', 1),
(37, 7, 'responsive.png', '961429609223', 0, 13658, 'Responsive Slider', 'With Unique color variations (optional)', '', 0, '2015-04-21 09:40:24', 1, 1, '2015-04-21 09:40:24', 1, 1, 'png', 1),
(37, 8, 'responsive.png', '961429609223', 0, 13658, 'Responsive Slider', 'With Unique color variations (optional)', '', 0, '2015-04-21 09:40:24', 1, 1, '2015-04-21 09:40:24', 1, 1, 'png', 1),
(37, 9, 'responsive.png', '961429609223', 0, 13658, 'Responsive Slider', 'With Unique color variations (optional)', '', 0, '2015-04-21 09:40:24', 1, 1, '2015-04-21 09:40:24', 1, 1, 'png', 1),
(37, 10, 'responsive.png', '961429609223', 0, 13658, 'Responsive Slider', 'With Unique color variations (optional)', '', 0, '2015-04-21 09:40:24', 1, 1, '2015-04-21 09:40:24', 1, 1, 'png', 1),
(37, 11, 'responsive.png', '961429609223', 0, 13658, 'Responsive Slider', 'With Unique color variations (optional)', '', 0, '2015-04-21 09:40:24', 1, 1, '2015-04-21 09:40:24', 1, 1, 'png', 1),
(37, 12, 'responsive.png', '961429609223', 0, 13658, 'Responsive Slider', 'With Unique color variations (optional)', '', 1, '2015-04-21 09:40:24', 1, 1, '2015-04-21 09:40:24', 1, 1, 'png', 1),
(38, 1, 'editing-slide.png', '661429877398', 0, 42445, 'editing-slide.png', NULL, '', 1, '2015-04-24 12:09:58', 1, 1, '2015-04-24 12:09:58', 1, 1, 'png', 1),
(39, 1, 'page-structure-edit.png', '511430131772', 0, 5040, 'page-structure-edit.png', NULL, '', 1, '2015-04-27 10:49:32', 1, 1, '2015-04-27 10:49:32', 1, 1, 'png', 1),
(40, 1, 'page-structure.png', '761430131835', 0, 23044, 'page-structure.png', NULL, '', 1, '2015-04-27 10:50:35', 1, 1, '2015-04-27 10:50:35', 1, 1, 'png', 1),
(41, 1, 'Capture_decran_2015-04-27_a_13.07.00.png', '191430132892', 0, 2309949, 'Capture d’écran 2015-04-27 à 13.07.00.png', NULL, '', 1, '2015-04-27 11:08:12', 1, 1, '2015-04-27 11:08:12', 1, 1, 'png', 1),
(42, 1, 'Capture_decran_2015-04-28_a_09.07.56.png', '711430204908', 0, 27069, 'Capture d’écran 2015-04-28 à 09.07.56.png', NULL, '', 0, '2015-04-28 07:08:28', 1, 1, '2015-04-28 07:08:28', 1, 0, 'png', 1),
(42, 2, 'Capture_decran_2015-04-28_a_09.09.17.png', '181430205008', 0, 15088, 'Capture d’écran 2015-04-28 à 09.07.56.png', NULL, '', 1, '2015-04-28 07:08:28', 1, 1, '2015-04-28 07:08:28', 1, 0, 'png', 1);

-- --------------------------------------------------------

--
-- Structure de la table `gaPage`
--

DROP TABLE IF EXISTS `gaPage`;
CREATE TABLE `gaPage` (
  `gaiID` int(10) unsigned NOT NULL,
  `cID` int(10) unsigned DEFAULT NULL
) ENGINE=InnoDB DEFAULT CHARSET=utf8 COLLATE=utf8_unicode_ci;

-- --------------------------------------------------------

--
-- Structure de la table `GatheringConfiguredDataSources`
--

DROP TABLE IF EXISTS `GatheringConfiguredDataSources`;
CREATE TABLE `GatheringConfiguredDataSources` (
  `gcsID` int(10) unsigned NOT NULL,
  `gaID` int(10) unsigned DEFAULT NULL,
  `gasID` int(10) unsigned DEFAULT NULL,
  `gcdObject` longtext COLLATE utf8_unicode_ci
) ENGINE=InnoDB DEFAULT CHARSET=utf8 COLLATE=utf8_unicode_ci;

-- --------------------------------------------------------

--
-- Structure de la table `GatheringDataSources`
--

DROP TABLE IF EXISTS `GatheringDataSources`;
CREATE TABLE `GatheringDataSources` (
  `gasID` int(10) unsigned NOT NULL,
  `gasName` varchar(255) COLLATE utf8_unicode_ci DEFAULT NULL,
  `gasHandle` varchar(255) COLLATE utf8_unicode_ci NOT NULL,
  `pkgID` int(10) unsigned NOT NULL DEFAULT '0',
  `gasDisplayOrder` int(10) unsigned NOT NULL DEFAULT '0'
) ENGINE=InnoDB AUTO_INCREMENT=5 DEFAULT CHARSET=utf8 COLLATE=utf8_unicode_ci;

--
-- Contenu de la table `GatheringDataSources`
--

INSERT INTO `GatheringDataSources` (`gasID`, `gasName`, `gasHandle`, `pkgID`, `gasDisplayOrder`) VALUES
(1, 'Site Page', 'page', 0, 0),
(2, 'RSS Feed', 'rss_feed', 0, 1),
(3, 'Flickr Feed', 'flickr_feed', 0, 2),
(4, 'Twitter', 'twitter', 0, 3);

-- --------------------------------------------------------

--
-- Structure de la table `GatheringItemFeatureAssignments`
--

DROP TABLE IF EXISTS `GatheringItemFeatureAssignments`;
CREATE TABLE `GatheringItemFeatureAssignments` (
  `gafaID` int(10) unsigned NOT NULL,
  `gaiID` int(10) unsigned DEFAULT NULL,
  `faID` int(10) unsigned DEFAULT NULL
) ENGINE=InnoDB DEFAULT CHARSET=utf8 COLLATE=utf8_unicode_ci;

-- --------------------------------------------------------

--
-- Structure de la table `GatheringItems`
--

DROP TABLE IF EXISTS `GatheringItems`;
CREATE TABLE `GatheringItems` (
  `gaiID` int(10) unsigned NOT NULL,
  `gaID` int(10) unsigned DEFAULT NULL,
  `gasID` int(10) unsigned DEFAULT NULL,
  `gaiDateTimeCreated` datetime NOT NULL,
  `gaiPublicDateTime` datetime NOT NULL,
  `gaiTitle` text COLLATE utf8_unicode_ci,
  `gaiSlotWidth` int(10) unsigned DEFAULT '1',
  `gaiSlotHeight` int(10) unsigned DEFAULT '1',
  `gaiKey` varchar(255) COLLATE utf8_unicode_ci NOT NULL,
  `gaiBatchDisplayOrder` int(10) unsigned NOT NULL DEFAULT '0',
  `gaiBatchTimestamp` int(10) unsigned NOT NULL DEFAULT '0',
  `gaiIsDeleted` tinyint(1) DEFAULT '0'
) ENGINE=InnoDB DEFAULT CHARSET=utf8 COLLATE=utf8_unicode_ci;

-- --------------------------------------------------------

--
-- Structure de la table `GatheringItemSelectedTemplates`
--

DROP TABLE IF EXISTS `GatheringItemSelectedTemplates`;
CREATE TABLE `GatheringItemSelectedTemplates` (
  `gaiID` int(10) unsigned NOT NULL DEFAULT '0',
  `gatID` int(10) unsigned NOT NULL DEFAULT '0',
  `gatTypeID` int(10) unsigned DEFAULT '0'
) ENGINE=InnoDB DEFAULT CHARSET=utf8 COLLATE=utf8_unicode_ci;

-- --------------------------------------------------------

--
-- Structure de la table `GatheringItemTemplateFeatures`
--

DROP TABLE IF EXISTS `GatheringItemTemplateFeatures`;
CREATE TABLE `GatheringItemTemplateFeatures` (
  `gfeID` int(10) unsigned NOT NULL,
  `gatID` int(10) unsigned DEFAULT NULL,
  `feID` int(10) unsigned DEFAULT NULL
) ENGINE=InnoDB AUTO_INCREMENT=67 DEFAULT CHARSET=utf8 COLLATE=utf8_unicode_ci;

--
-- Contenu de la table `GatheringItemTemplateFeatures`
--

INSERT INTO `GatheringItemTemplateFeatures` (`gfeID`, `gatID`, `feID`) VALUES
(4, 1, 1),
(10, 2, 1),
(13, 3, 1),
(16, 4, 1),
(19, 5, 1),
(23, 7, 1),
(29, 11, 1),
(33, 12, 1),
(37, 13, 1),
(42, 14, 1),
(47, 15, 1),
(53, 17, 1),
(56, 18, 1),
(63, 21, 1),
(64, 22, 1),
(3, 1, 2),
(9, 2, 2),
(12, 3, 2),
(15, 4, 2),
(18, 5, 2),
(21, 6, 2),
(25, 8, 2),
(27, 9, 2),
(41, 13, 3),
(46, 14, 3),
(51, 16, 3),
(55, 17, 3),
(62, 20, 3),
(66, 22, 3),
(2, 1, 4),
(8, 2, 4),
(14, 4, 4),
(17, 5, 4),
(31, 11, 4),
(35, 12, 4),
(39, 13, 4),
(44, 14, 4),
(61, 20, 4),
(5, 1, 5),
(22, 6, 5),
(24, 8, 5),
(26, 9, 5),
(28, 10, 5),
(32, 11, 5),
(36, 12, 5),
(40, 13, 5),
(45, 14, 5),
(49, 15, 5),
(50, 16, 5),
(59, 19, 5),
(65, 22, 5),
(20, 5, 6),
(1, 1, 7),
(7, 2, 7),
(11, 3, 7),
(30, 11, 7),
(34, 12, 7),
(38, 13, 7),
(43, 14, 7),
(48, 15, 7),
(52, 16, 7),
(54, 17, 7),
(57, 18, 7),
(58, 19, 7),
(60, 20, 7),
(6, 1, 8);

-- --------------------------------------------------------

--
-- Structure de la table `GatheringItemTemplates`
--

DROP TABLE IF EXISTS `GatheringItemTemplates`;
CREATE TABLE `GatheringItemTemplates` (
  `gatID` int(10) unsigned NOT NULL,
  `gatHandle` varchar(255) COLLATE utf8_unicode_ci NOT NULL,
  `gatName` text COLLATE utf8_unicode_ci,
  `gatHasCustomClass` tinyint(1) NOT NULL DEFAULT '0',
  `gatFixedSlotWidth` int(10) unsigned DEFAULT '0',
  `gatFixedSlotHeight` int(10) unsigned DEFAULT '0',
  `gatForceDefault` int(10) unsigned DEFAULT '0',
  `pkgID` int(10) unsigned DEFAULT NULL,
  `gatTypeID` int(10) unsigned DEFAULT '0'
) ENGINE=InnoDB AUTO_INCREMENT=23 DEFAULT CHARSET=utf8 COLLATE=utf8_unicode_ci;

--
-- Contenu de la table `GatheringItemTemplates`
--

INSERT INTO `GatheringItemTemplates` (`gatID`, `gatHandle`, `gatName`, `gatHasCustomClass`, `gatFixedSlotWidth`, `gatFixedSlotHeight`, `gatForceDefault`, `pkgID`, `gatTypeID`) VALUES
(1, 'featured', 'Featured Item', 0, 6, 2, 1, 0, 1),
(2, 'title_date_description', 'Title Date & Description', 0, 0, 0, 0, 0, 1),
(3, 'title_description', 'Title & Description', 0, 0, 0, 0, 0, 1),
(4, 'title_date', 'Title & Date', 0, 0, 0, 0, 0, 1),
(5, 'title_date_comments', 'Title, Date & Comments', 1, 0, 0, 0, 0, 1),
(6, 'thumbnail', 'Thumbnail', 0, 0, 0, 0, 0, 1),
(7, 'basic', 'Basic', 0, 0, 0, 0, 0, 2),
(8, 'image_sharing_link', 'Image Sharing Link', 0, 0, 0, 0, 0, 2),
(9, 'image_conversation', 'Image Conversation', 0, 0, 0, 0, 0, 2),
(10, 'image', 'Large Image', 0, 0, 0, 0, 0, 2),
(11, 'masthead_image_left', 'Masthead Image Left', 0, 0, 0, 0, 0, 1),
(12, 'masthead_image_right', 'Masthead Image Right', 0, 0, 0, 0, 0, 1),
(13, 'masthead_image_byline_right', 'Masthead Image Byline Right', 0, 0, 0, 0, 0, 1),
(14, 'masthead_image_byline_left', 'Masthead Image Byline Left', 0, 0, 0, 0, 0, 1),
(15, 'image_masthead_description_center', 'Image Masthead Description Center', 0, 0, 0, 0, 0, 1),
(16, 'image_byline_description_center', 'Image Byline Description Center', 0, 0, 0, 0, 0, 1),
(17, 'masthead_byline_description', 'Masthead Byline Description', 0, 0, 0, 0, 0, 1),
(18, 'masthead_description', 'Masthead Description', 0, 0, 0, 0, 0, 1),
(19, 'thumbnail_description_center', 'Thumbnail & Description Center', 0, 0, 0, 0, 0, 1),
(20, 'tweet', 'Tweet', 0, 0, 0, 0, 0, 1),
(21, 'vimeo', 'Vimeo', 0, 0, 0, 0, 0, 1),
(22, 'image_overlay_headline', 'Image Overlay Headline', 0, 0, 0, 0, 0, 1);

-- --------------------------------------------------------

--
-- Structure de la table `GatheringItemTemplateTypes`
--

DROP TABLE IF EXISTS `GatheringItemTemplateTypes`;
CREATE TABLE `GatheringItemTemplateTypes` (
  `gatTypeID` int(10) unsigned NOT NULL,
  `gatTypeHandle` varchar(64) COLLATE utf8_unicode_ci NOT NULL,
  `pkgID` int(10) unsigned NOT NULL DEFAULT '0'
) ENGINE=InnoDB AUTO_INCREMENT=3 DEFAULT CHARSET=utf8 COLLATE=utf8_unicode_ci;

--
-- Contenu de la table `GatheringItemTemplateTypes`
--

INSERT INTO `GatheringItemTemplateTypes` (`gatTypeID`, `gatTypeHandle`, `pkgID`) VALUES
(1, 'tile', 0),
(2, 'detail', 0);

-- --------------------------------------------------------

--
-- Structure de la table `GatheringPermissionAssignments`
--

DROP TABLE IF EXISTS `GatheringPermissionAssignments`;
CREATE TABLE `GatheringPermissionAssignments` (
  `gaID` int(10) unsigned NOT NULL DEFAULT '0',
  `pkID` int(10) unsigned NOT NULL DEFAULT '0',
  `paID` int(10) unsigned NOT NULL DEFAULT '0'
) ENGINE=InnoDB DEFAULT CHARSET=utf8 COLLATE=utf8_unicode_ci;

-- --------------------------------------------------------

--
-- Structure de la table `Gatherings`
--

DROP TABLE IF EXISTS `Gatherings`;
CREATE TABLE `Gatherings` (
  `gaID` int(10) unsigned NOT NULL,
  `gaDateCreated` datetime NOT NULL,
  `gaDateLastUpdated` datetime NOT NULL
) ENGINE=InnoDB DEFAULT CHARSET=utf8 COLLATE=utf8_unicode_ci;

-- --------------------------------------------------------

--
-- Structure de la table `Groups`
--

DROP TABLE IF EXISTS `Groups`;
CREATE TABLE `Groups` (
  `gID` int(10) unsigned NOT NULL,
  `gName` varchar(128) COLLATE utf8_unicode_ci NOT NULL,
  `gDescription` varchar(255) COLLATE utf8_unicode_ci NOT NULL,
  `gUserExpirationIsEnabled` tinyint(1) NOT NULL DEFAULT '0',
  `gUserExpirationMethod` varchar(12) COLLATE utf8_unicode_ci DEFAULT NULL,
  `gUserExpirationSetDateTime` datetime DEFAULT NULL,
  `gUserExpirationInterval` int(10) unsigned NOT NULL DEFAULT '0',
  `gUserExpirationAction` varchar(20) COLLATE utf8_unicode_ci DEFAULT NULL,
  `gIsBadge` tinyint(1) NOT NULL DEFAULT '0',
  `gBadgeFID` int(10) unsigned NOT NULL DEFAULT '0',
  `gBadgeDescription` varchar(255) COLLATE utf8_unicode_ci DEFAULT NULL,
  `gBadgeCommunityPointValue` int(11) NOT NULL DEFAULT '0',
  `gIsAutomated` tinyint(1) NOT NULL DEFAULT '0',
  `gCheckAutomationOnRegister` tinyint(1) NOT NULL DEFAULT '0',
  `gCheckAutomationOnLogin` tinyint(1) NOT NULL DEFAULT '0',
  `gCheckAutomationOnJobRun` tinyint(1) NOT NULL DEFAULT '0',
  `gPath` text COLLATE utf8_unicode_ci,
  `pkgID` int(10) unsigned NOT NULL DEFAULT '0'
) ENGINE=InnoDB AUTO_INCREMENT=4 DEFAULT CHARSET=utf8 COLLATE=utf8_unicode_ci;

--
-- Contenu de la table `Groups`
--

INSERT INTO `Groups` (`gID`, `gName`, `gDescription`, `gUserExpirationIsEnabled`, `gUserExpirationMethod`, `gUserExpirationSetDateTime`, `gUserExpirationInterval`, `gUserExpirationAction`, `gIsBadge`, `gBadgeFID`, `gBadgeDescription`, `gBadgeCommunityPointValue`, `gIsAutomated`, `gCheckAutomationOnRegister`, `gCheckAutomationOnLogin`, `gCheckAutomationOnJobRun`, `gPath`, `pkgID`) VALUES
(1, 'Guest', 'The guest group represents unregistered visitors to your site.', 0, NULL, NULL, 0, NULL, 0, 0, NULL, 0, 0, 0, 0, 0, '/Guest', 0),
(2, 'Registered Users', 'The registered users group represents all user accounts.', 0, NULL, NULL, 0, NULL, 0, 0, NULL, 0, 0, 0, 0, 0, '/Registered Users', 0),
(3, 'Administrators', '', 0, NULL, NULL, 0, NULL, 0, 0, NULL, 0, 0, 0, 0, 0, '/Administrators', 0);

-- --------------------------------------------------------

--
-- Structure de la table `GroupSetGroups`
--

DROP TABLE IF EXISTS `GroupSetGroups`;
CREATE TABLE `GroupSetGroups` (
  `gID` int(10) unsigned NOT NULL DEFAULT '0',
  `gsID` int(10) unsigned NOT NULL DEFAULT '0'
) ENGINE=InnoDB DEFAULT CHARSET=utf8 COLLATE=utf8_unicode_ci;

-- --------------------------------------------------------

--
-- Structure de la table `GroupSets`
--

DROP TABLE IF EXISTS `GroupSets`;
CREATE TABLE `GroupSets` (
  `gsID` int(10) unsigned NOT NULL,
  `gsName` varchar(255) COLLATE utf8_unicode_ci DEFAULT NULL,
  `pkgID` int(10) unsigned NOT NULL DEFAULT '0'
) ENGINE=InnoDB DEFAULT CHARSET=utf8 COLLATE=utf8_unicode_ci;

-- --------------------------------------------------------

--
-- Structure de la table `Jobs`
--

DROP TABLE IF EXISTS `Jobs`;
CREATE TABLE `Jobs` (
  `jID` int(10) unsigned NOT NULL,
  `jName` varchar(100) COLLATE utf8_unicode_ci NOT NULL,
  `jDescription` varchar(255) COLLATE utf8_unicode_ci NOT NULL,
  `jDateInstalled` datetime DEFAULT NULL,
  `jDateLastRun` datetime DEFAULT NULL,
  `pkgID` int(10) unsigned NOT NULL DEFAULT '0',
  `jLastStatusText` longtext COLLATE utf8_unicode_ci,
  `jLastStatusCode` smallint(6) NOT NULL DEFAULT '0',
  `jStatus` varchar(14) COLLATE utf8_unicode_ci NOT NULL DEFAULT 'ENABLED',
  `jHandle` varchar(255) COLLATE utf8_unicode_ci NOT NULL,
  `jNotUninstallable` smallint(6) NOT NULL DEFAULT '0',
  `isScheduled` smallint(6) NOT NULL DEFAULT '0',
  `scheduledInterval` varchar(255) COLLATE utf8_unicode_ci NOT NULL DEFAULT 'days',
  `scheduledValue` int(11) NOT NULL DEFAULT '0'
) ENGINE=InnoDB AUTO_INCREMENT=8 DEFAULT CHARSET=utf8 COLLATE=utf8_unicode_ci;

--
-- Contenu de la table `Jobs`
--

INSERT INTO `Jobs` (`jID`, `jName`, `jDescription`, `jDateInstalled`, `jDateLastRun`, `pkgID`, `jLastStatusText`, `jLastStatusCode`, `jStatus`, `jHandle`, `jNotUninstallable`, `isScheduled`, `scheduledInterval`, `scheduledValue`) VALUES
(1, 'Index Search Engine - Updates', 'Index the site to allow searching to work quickly and accurately. Only reindexes pages that have changed since last indexing.', '2015-01-18 20:12:42', NULL, 0, NULL, 0, 'ENABLED', 'index_search', 1, 0, 'days', 0),
(2, 'Index Search Engine - All', 'Empties the page search index and reindexes all pages.', '2015-01-18 20:12:42', NULL, 0, NULL, 0, 'ENABLED', 'index_search_all', 1, 0, 'days', 0),
(3, 'Check Automated Groups', 'Automatically add users to groups and assign badges.', '2015-01-18 20:12:42', NULL, 0, NULL, 0, 'ENABLED', 'check_automated_groups', 0, 0, 'days', 0),
(4, 'Generate the sitemap.xml file', 'Generate the sitemap.xml file that search engines use to crawl your site.', '2015-01-18 20:12:42', NULL, 0, NULL, 0, 'ENABLED', 'generate_sitemap', 0, 0, 'days', 0),
(5, 'Process Email Posts', 'Polls an email account and grabs private messages/postings that are sent there..', '2015-01-18 20:12:42', NULL, 0, NULL, 0, 'ENABLED', 'process_email', 0, 0, 'days', 0),
(6, 'Remove Old Page Versions', 'Removes all except the 10 most recent page versions for each page.', '2015-01-18 20:12:42', NULL, 0, NULL, 0, 'ENABLED', 'remove_old_page_versions', 0, 0, 'days', 0),
(7, 'Update Gatherings', 'Loads new items into gatherings.', '2015-01-18 20:12:42', NULL, 0, NULL, 0, 'ENABLED', 'update_gatherings', 0, 0, 'days', 0);

-- --------------------------------------------------------

--
-- Structure de la table `JobSetJobs`
--

DROP TABLE IF EXISTS `JobSetJobs`;
CREATE TABLE `JobSetJobs` (
  `jsID` int(10) unsigned NOT NULL DEFAULT '0',
  `jID` int(10) unsigned NOT NULL DEFAULT '0',
  `jRunOrder` int(10) unsigned NOT NULL DEFAULT '0'
) ENGINE=InnoDB DEFAULT CHARSET=utf8 COLLATE=utf8_unicode_ci;

--
-- Contenu de la table `JobSetJobs`
--

INSERT INTO `JobSetJobs` (`jsID`, `jID`, `jRunOrder`) VALUES
(1, 1, 0),
(1, 4, 0),
(1, 5, 0),
(1, 6, 0),
(1, 7, 0);

-- --------------------------------------------------------

--
-- Structure de la table `JobSets`
--

DROP TABLE IF EXISTS `JobSets`;
CREATE TABLE `JobSets` (
  `jsID` int(10) unsigned NOT NULL,
  `jsName` varchar(128) COLLATE utf8_unicode_ci NOT NULL,
  `pkgID` int(10) unsigned NOT NULL DEFAULT '0',
  `jDateLastRun` datetime DEFAULT NULL,
  `isScheduled` smallint(6) NOT NULL DEFAULT '0',
  `scheduledInterval` varchar(255) COLLATE utf8_unicode_ci NOT NULL DEFAULT 'days',
  `scheduledValue` int(11) NOT NULL DEFAULT '0'
) ENGINE=InnoDB AUTO_INCREMENT=2 DEFAULT CHARSET=utf8 COLLATE=utf8_unicode_ci;

--
-- Contenu de la table `JobSets`
--

INSERT INTO `JobSets` (`jsID`, `jsName`, `pkgID`, `jDateLastRun`, `isScheduled`, `scheduledInterval`, `scheduledValue`) VALUES
(1, 'Default', 0, NULL, 0, 'days', 0);

-- --------------------------------------------------------

--
-- Structure de la table `JobsLog`
--

DROP TABLE IF EXISTS `JobsLog`;
CREATE TABLE `JobsLog` (
  `jlID` int(10) unsigned NOT NULL,
  `jID` int(10) unsigned NOT NULL,
  `jlMessage` longtext COLLATE utf8_unicode_ci NOT NULL,
  `jlTimestamp` timestamp NOT NULL DEFAULT CURRENT_TIMESTAMP,
  `jlError` int(11) NOT NULL DEFAULT '0'
) ENGINE=InnoDB DEFAULT CHARSET=utf8 COLLATE=utf8_unicode_ci;

-- --------------------------------------------------------

--
-- Structure de la table `Logs`
--

DROP TABLE IF EXISTS `Logs`;
CREATE TABLE `Logs` (
  `logID` int(10) unsigned NOT NULL,
  `channel` varchar(255) COLLATE utf8_unicode_ci DEFAULT NULL,
  `time` int(10) unsigned NOT NULL,
  `message` longtext COLLATE utf8_unicode_ci,
  `uID` int(10) unsigned DEFAULT NULL,
  `level` int(11) NOT NULL
) ENGINE=InnoDB AUTO_INCREMENT=37 DEFAULT CHARSET=utf8 COLLATE=utf8_unicode_ci;

--
-- Contenu de la table `Logs`
--

INSERT INTO `Logs` (`logID`, `channel`, `time`, `message`, `uID`, `level`) VALUES
(1, 'exceptions', 1422897613, 'Exception Occurred: /srv/data/web/includes/packages5.7/easy_image_gallery/controller.php:18 syntax error, unexpected ''$btDefaultSet'' (T_VARIABLE), expecting function (T_FUNCTION) (4)\n', 0, 600),
(2, 'exceptions', 1422897614, 'Exception Occurred: /srv/data/web/includes/packages5.7/easy_image_gallery/controller.php:18 syntax error, unexpected ''$btDefaultSet'' (T_VARIABLE), expecting function (T_FUNCTION) (4)\n', 0, 600),
(3, 'exceptions', 1422897614, 'Exception Occurred: /srv/data/web/includes/packages5.7/easy_image_gallery/controller.php:18 syntax error, unexpected ''$btDefaultSet'' (T_VARIABLE), expecting function (T_FUNCTION) (4)\n', 0, 600),
(4, 'exceptions', 1422897617, 'Exception Occurred: /srv/data/web/includes/packages5.7/easy_image_gallery/controller.php:18 syntax error, unexpected ''$btDefaultSet'' (T_VARIABLE), expecting function (T_FUNCTION) (4)\n', 0, 600),
(5, 'exceptions', 1422897617, 'Exception Occurred: /srv/data/web/includes/packages5.7/easy_image_gallery/controller.php:18 syntax error, unexpected ''$btDefaultSet'' (T_VARIABLE), expecting function (T_FUNCTION) (4)\n', 0, 600),
(6, 'exceptions', 1422897617, 'Exception Occurred: /srv/data/web/includes/packages5.7/easy_image_gallery/controller.php:18 syntax error, unexpected ''$btDefaultSet'' (T_VARIABLE), expecting function (T_FUNCTION) (4)\n', 0, 600),
(7, 'exceptions', 1422897620, 'Exception Occurred: /srv/data/web/includes/packages5.7/easy_image_gallery/controller.php:18 syntax error, unexpected ''$btDefaultSet'' (T_VARIABLE), expecting function (T_FUNCTION) (4)\n', 0, 600),
(8, 'exceptions', 1424036588, 'Exception Occurred: /srv/data/web/includes/packages5.7/easy_image_gallery/blocks/easy_image_gallery/templates/masonry/view.php:59 syntax error, unexpected ''endif'' (T_ENDIF) (4)\n', 0, 600),
(9, 'exceptions', 1424036606, 'Exception Occurred: /srv/data/web/includes/packages5.7/easy_image_gallery/blocks/easy_image_gallery/templates/masonry/view.php:2 Call to a member function isEditMode() on a non-object (1)\n', 0, 600),
(10, 'exceptions', 1428523831, 'Exception Occurred: /srv/data/web/includes/packages5.7/easy_image_gallery/controller.php:131 Class ''Concrete\\Attribute\\Select\\Option'' not found (1)\n', 1, 600),
(11, 'exceptions', 1428524109, 'Exception Occurred: /srv/data/web/includes/packages5.7/easy_image_gallery/controller.php:132 Class ''Concrete\\Attribute\\Select\\Option'' not found (1)\n', 1, 600),
(12, 'application', 1429172422, 'Page "Easy Gallery 2" at path "/addons/easy-gallery/easy-gallery-2" Moved to trash', 1, 100),
(13, 'application', 1429298021, 'Page "Documentation" at path "/addons/easy-gallery/documentation" Moved to trash', 1, 100),
(14, 'exceptions', 1429589061, 'Exception Occurred: /srv/data/web/includes/packages5.7/easy_image_slider/blocks/easy_image_slider/view.php:19 syntax error, unexpected '')'' (4)\n', 1, 600),
(15, 'exceptions', 1429592087, 'Exception Occurred: /srv/data/web/includes/packages5.7/easy_image_slider/blocks/easy_image_slider/view.php:11 Call to a member function getAttribute() on a non-object (1)\n', 1, 600),
(16, 'exceptions', 1429592135, 'Exception Occurred: /srv/data/web/includes/packages5.7/easy_image_slider/blocks/easy_image_slider/view.php:12 Call to a member function getAttribute() on a non-object (1)\n', 1, 600),
(17, 'exceptions', 1429592140, 'Exception Occurred: /srv/data/web/includes/packages5.7/easy_image_slider/blocks/easy_image_slider/view.php:12 Call to a member function getAttribute() on a non-object (1)\n', 1, 600),
(18, 'exceptions', 1429592167, 'Exception Occurred: /srv/data/web/includes/packages5.7/easy_image_slider/blocks/easy_image_slider/view.php:13 Call to a member function getAttribute() on a non-object (1)\n', 1, 600),
(19, 'exceptions', 1429592183, 'Exception Occurred: /srv/data/web/includes/concrete/concrete5.7.3.1/src/View/View.php:283 Allowed memory size of 134217728 bytes exhausted (tried to allocate 26880560 bytes) (1)\n', 1, 600),
(20, 'exceptions', 1429592193, 'Exception Occurred: /srv/data/web/includes/concrete/concrete5.7.3.1/src/View/View.php:283 Allowed memory size of 134217728 bytes exhausted (tried to allocate 26880560 bytes) (1)\n', 1, 600),
(21, 'application', 1429771443, 'Page "Full Width Responsive + background" at path "/addons/easy-slider/full-width-responsive-background" Moved to trash', 1, 100),
(22, 'exceptions', 1429818581, 'Exception Occurred: /srv/data/web/includes/packages5.7/easy_image_slider/blocks/easy_image_slider/view.php:36 syntax error, unexpected ''endif'' (T_ENDIF) (4)\n', 1, 600),
(23, 'exceptions', 1442444243, 'Exception Occurred: /Applications/MAMP/htdocs/_old_version/concrete5.7.4/vendor/symfony/class-loader/Symfony/Component/ClassLoader/MapClassLoader.php:51 Symfony\\Component\\ClassLoader\\MapClassLoader::loadClass(): Failed opening required ''/Applications/MAMP/htdocs/myconcretelab.new/packages/easy_image_gallery/controller.php'' (include_path=''/Applications/MAMP/htdocs/_old_version/concrete5.7.4/vendor:.:/Applications/MAMP/bin/php/php5.6.7/lib/php'') (64)\n', 0, 600),
(24, 'exceptions', 1442444243, 'Exception Occurred: /Applications/MAMP/htdocs/_old_version/concrete5.7.4/vendor/symfony/class-loader/Symfony/Component/ClassLoader/MapClassLoader.php:51 Symfony\\Component\\ClassLoader\\MapClassLoader::loadClass(): Failed opening required ''/Applications/MAMP/htdocs/myconcretelab.new/packages/easy_image_gallery/controller.php'' (include_path=''/Applications/MAMP/htdocs/_old_version/concrete5.7.4/vendor:.:/Applications/MAMP/bin/php/php5.6.7/lib/php'') (64)\n', 0, 600),
(25, 'exceptions', 1442444244, 'Exception Occurred: /Applications/MAMP/htdocs/_old_version/concrete5.7.4/vendor/symfony/class-loader/Symfony/Component/ClassLoader/MapClassLoader.php:51 Symfony\\Component\\ClassLoader\\MapClassLoader::loadClass(): Failed opening required ''/Applications/MAMP/htdocs/myconcretelab.new/packages/easy_image_gallery/controller.php'' (include_path=''/Applications/MAMP/htdocs/_old_version/concrete5.7.4/vendor:.:/Applications/MAMP/bin/php/php5.6.7/lib/php'') (64)\n', 0, 600),
(26, 'exceptions', 1442444249, 'Exception Occurred: /Applications/MAMP/htdocs/_old_version/concrete5.7.4/vendor/symfony/class-loader/Symfony/Component/ClassLoader/MapClassLoader.php:51 Symfony\\Component\\ClassLoader\\MapClassLoader::loadClass(): Failed opening required ''/Applications/MAMP/htdocs/myconcretelab.new/packages/easy_image_gallery/controller.php'' (include_path=''/Applications/MAMP/htdocs/_old_version/concrete5.7.4/vendor:.:/Applications/MAMP/bin/php/php5.6.7/lib/php'') (64)\n', 0, 600),
(27, 'exceptions', 1442444249, 'Exception Occurred: /Applications/MAMP/htdocs/_old_version/concrete5.7.4/vendor/symfony/class-loader/Symfony/Component/ClassLoader/MapClassLoader.php:51 Symfony\\Component\\ClassLoader\\MapClassLoader::loadClass(): Failed opening required ''/Applications/MAMP/htdocs/myconcretelab.new/packages/easy_image_gallery/controller.php'' (include_path=''/Applications/MAMP/htdocs/_old_version/concrete5.7.4/vendor:.:/Applications/MAMP/bin/php/php5.6.7/lib/php'') (64)\n', 0, 600),
(28, 'exceptions', 1442444250, 'Exception Occurred: /Applications/MAMP/htdocs/_old_version/concrete5.7.4/vendor/symfony/class-loader/Symfony/Component/ClassLoader/MapClassLoader.php:51 Symfony\\Component\\ClassLoader\\MapClassLoader::loadClass(): Failed opening required ''/Applications/MAMP/htdocs/myconcretelab.new/packages/easy_image_gallery/controller.php'' (include_path=''/Applications/MAMP/htdocs/_old_version/concrete5.7.4/vendor:.:/Applications/MAMP/bin/php/php5.6.7/lib/php'') (64)\n', 0, 600),
(29, 'exceptions', 1442444265, 'Exception Occurred: /Applications/MAMP/htdocs/_old_version/concrete5.7.4/vendor/symfony/class-loader/Symfony/Component/ClassLoader/MapClassLoader.php:51 Symfony\\Component\\ClassLoader\\MapClassLoader::loadClass(): Failed opening required ''/Applications/MAMP/htdocs/myconcretelab.new/packages/easy_image_gallery/controller.php'' (include_path=''/Applications/MAMP/htdocs/_old_version/concrete5.7.4/vendor:.:/Applications/MAMP/bin/php/php5.6.7/lib/php'') (64)\n', 0, 600),
(30, 'exceptions', 1442444266, 'Exception Occurred: /Applications/MAMP/htdocs/_old_version/concrete5.7.4/vendor/symfony/class-loader/Symfony/Component/ClassLoader/MapClassLoader.php:51 Symfony\\Component\\ClassLoader\\MapClassLoader::loadClass(): Failed opening required ''/Applications/MAMP/htdocs/myconcretelab.new/packages/easy_image_gallery/controller.php'' (include_path=''/Applications/MAMP/htdocs/_old_version/concrete5.7.4/vendor:.:/Applications/MAMP/bin/php/php5.6.7/lib/php'') (64)\n', 0, 600),
(31, 'exceptions', 1442444266, 'Exception Occurred: /Applications/MAMP/htdocs/_old_version/concrete5.7.4/vendor/symfony/class-loader/Symfony/Component/ClassLoader/MapClassLoader.php:51 Symfony\\Component\\ClassLoader\\MapClassLoader::loadClass(): Failed opening required ''/Applications/MAMP/htdocs/myconcretelab.new/packages/easy_image_gallery/controller.php'' (include_path=''/Applications/MAMP/htdocs/_old_version/concrete5.7.4/vendor:.:/Applications/MAMP/bin/php/php5.6.7/lib/php'') (64)\n', 0, 600),
(32, 'exceptions', 1442444340, 'Exception Occurred: /Applications/MAMP/htdocs/_old_version/concrete5.7.4/vendor/symfony/class-loader/Symfony/Component/ClassLoader/MapClassLoader.php:51 Symfony\\Component\\ClassLoader\\MapClassLoader::loadClass(): Failed opening required ''/Applications/MAMP/htdocs/myconcretelab.new/packages/easy_image_gallery/controller.php'' (include_path=''/Applications/MAMP/htdocs/_old_version/concrete5.7.4/vendor:.:/Applications/MAMP/bin/php/php5.6.7/lib/php'') (64)\n', 1, 600),
(33, 'exceptions', 1442444341, 'Exception Occurred: /Applications/MAMP/htdocs/_old_version/concrete5.7.4/vendor/symfony/class-loader/Symfony/Component/ClassLoader/MapClassLoader.php:51 Symfony\\Component\\ClassLoader\\MapClassLoader::loadClass(): Failed opening required ''/Applications/MAMP/htdocs/myconcretelab.new/packages/easy_image_gallery/controller.php'' (include_path=''/Applications/MAMP/htdocs/_old_version/concrete5.7.4/vendor:.:/Applications/MAMP/bin/php/php5.6.7/lib/php'') (64)\n', 1, 600),
(34, 'exceptions', 1442444341, 'Exception Occurred: /Applications/MAMP/htdocs/_old_version/concrete5.7.4/vendor/symfony/class-loader/Symfony/Component/ClassLoader/MapClassLoader.php:51 Symfony\\Component\\ClassLoader\\MapClassLoader::loadClass(): Failed opening required ''/Applications/MAMP/htdocs/myconcretelab.new/packages/easy_image_gallery/controller.php'' (include_path=''/Applications/MAMP/htdocs/_old_version/concrete5.7.4/vendor:.:/Applications/MAMP/bin/php/php5.6.7/lib/php'') (64)\n', 1, 600),
(35, 'exceptions', 1442444404, 'Exception Occurred: /Applications/MAMP/htdocs/_old_version/concrete5.7.4/vendor/symfony/class-loader/Symfony/Component/ClassLoader/MapClassLoader.php:51 Symfony\\Component\\ClassLoader\\MapClassLoader::loadClass(): Failed opening required ''/Applications/MAMP/htdocs/myconcretelab.new/packages/easy_image_slider/controller.php'' (include_path=''/Applications/MAMP/htdocs/_old_version/concrete5.7.4/vendor:.:/Applications/MAMP/bin/php/php5.6.7/lib/php'') (64)\n', 1, 600),
(36, 'exceptions', 1442444407, 'Exception Occurred: /Applications/MAMP/htdocs/_old_version/concrete5.7.4/vendor/symfony/class-loader/Symfony/Component/ClassLoader/MapClassLoader.php:51 Symfony\\Component\\ClassLoader\\MapClassLoader::loadClass(): Failed opening required ''/Applications/MAMP/htdocs/myconcretelab.new/packages/easy_image_slider/controller.php'' (include_path=''/Applications/MAMP/htdocs/_old_version/concrete5.7.4/vendor:.:/Applications/MAMP/bin/php/php5.6.7/lib/php'') (64)\n', 1, 600);

-- --------------------------------------------------------

--
-- Structure de la table `MailImporters`
--

DROP TABLE IF EXISTS `MailImporters`;
CREATE TABLE `MailImporters` (
  `miID` int(10) unsigned NOT NULL,
  `miHandle` varchar(64) COLLATE utf8_unicode_ci NOT NULL,
  `miServer` varchar(255) COLLATE utf8_unicode_ci DEFAULT NULL,
  `miUsername` varchar(255) COLLATE utf8_unicode_ci DEFAULT NULL,
  `miPassword` varchar(255) COLLATE utf8_unicode_ci DEFAULT NULL,
  `miEncryption` varchar(32) COLLATE utf8_unicode_ci DEFAULT NULL,
  `miIsEnabled` tinyint(1) NOT NULL DEFAULT '0',
  `miEmail` varchar(255) COLLATE utf8_unicode_ci DEFAULT NULL,
  `miPort` int(10) unsigned NOT NULL DEFAULT '0',
  `pkgID` int(10) unsigned DEFAULT NULL,
  `miConnectionMethod` varchar(8) COLLATE utf8_unicode_ci DEFAULT 'POP'
) ENGINE=InnoDB AUTO_INCREMENT=2 DEFAULT CHARSET=utf8 COLLATE=utf8_unicode_ci;

--
-- Contenu de la table `MailImporters`
--

INSERT INTO `MailImporters` (`miID`, `miHandle`, `miServer`, `miUsername`, `miPassword`, `miEncryption`, `miIsEnabled`, `miEmail`, `miPort`, `pkgID`, `miConnectionMethod`) VALUES
(1, 'private_message', '', NULL, NULL, NULL, 0, '', 0, 0, 'POP');

-- --------------------------------------------------------

--
-- Structure de la table `MailValidationHashes`
--

DROP TABLE IF EXISTS `MailValidationHashes`;
CREATE TABLE `MailValidationHashes` (
  `mvhID` int(10) unsigned NOT NULL,
  `miID` int(10) unsigned NOT NULL DEFAULT '0',
  `email` varchar(254) COLLATE utf8_unicode_ci NOT NULL,
  `mHash` varchar(128) COLLATE utf8_unicode_ci NOT NULL,
  `mDateGenerated` int(10) unsigned NOT NULL DEFAULT '0',
  `mDateRedeemed` int(10) unsigned NOT NULL DEFAULT '0',
  `data` text COLLATE utf8_unicode_ci
) ENGINE=InnoDB DEFAULT CHARSET=utf8 COLLATE=utf8_unicode_ci;

-- --------------------------------------------------------

--
-- Structure de la table `MultilingualPageRelations`
--

DROP TABLE IF EXISTS `MultilingualPageRelations`;
CREATE TABLE `MultilingualPageRelations` (
  `mpRelationID` int(10) unsigned NOT NULL DEFAULT '0',
  `cID` int(10) unsigned NOT NULL DEFAULT '0',
  `mpLanguage` varchar(32) COLLATE utf8_unicode_ci NOT NULL DEFAULT '',
  `mpLocale` varchar(32) COLLATE utf8_unicode_ci NOT NULL
) ENGINE=InnoDB DEFAULT CHARSET=utf8 COLLATE=utf8_unicode_ci;

-- --------------------------------------------------------

--
-- Structure de la table `MultilingualSections`
--

DROP TABLE IF EXISTS `MultilingualSections`;
CREATE TABLE `MultilingualSections` (
  `cID` int(10) unsigned NOT NULL DEFAULT '0',
  `msLanguage` varchar(32) COLLATE utf8_unicode_ci NOT NULL DEFAULT '',
  `msCountry` varchar(32) COLLATE utf8_unicode_ci NOT NULL DEFAULT '',
  `msNumPlurals` int(10) unsigned NOT NULL DEFAULT '2',
  `msPluralRule` varchar(400) COLLATE utf8_unicode_ci NOT NULL DEFAULT '(n != 1)',
  `msPluralCases` varchar(1000) COLLATE utf8_unicode_ci NOT NULL DEFAULT 'one@1\nother@0, 2~16, 100, 1000, 10000, 100000, 1000000, …'
) ENGINE=InnoDB DEFAULT CHARSET=utf8 COLLATE=utf8_unicode_ci;

-- --------------------------------------------------------

--
-- Structure de la table `MultilingualTranslations`
--

DROP TABLE IF EXISTS `MultilingualTranslations`;
CREATE TABLE `MultilingualTranslations` (
  `mtID` int(10) unsigned NOT NULL,
  `mtSectionID` int(10) unsigned NOT NULL DEFAULT '0',
  `msgid` text COLLATE utf8_unicode_ci NOT NULL,
  `msgstr` text COLLATE utf8_unicode_ci,
  `context` text COLLATE utf8_unicode_ci,
  `comments` text COLLATE utf8_unicode_ci,
  `reference` text COLLATE utf8_unicode_ci,
  `flags` text COLLATE utf8_unicode_ci,
  `updated` datetime DEFAULT NULL,
  `msgidPlural` longtext COLLATE utf8_unicode_ci,
  `msgstrPlurals` longtext COLLATE utf8_unicode_ci
) ENGINE=InnoDB DEFAULT CHARSET=utf8 COLLATE=utf8_unicode_ci;

-- --------------------------------------------------------

--
-- Structure de la table `OauthUserMap`
--

DROP TABLE IF EXISTS `OauthUserMap`;
CREATE TABLE `OauthUserMap` (
  `user_id` int(10) unsigned NOT NULL,
  `namespace` varchar(255) COLLATE utf8_unicode_ci NOT NULL,
  `binding` varchar(255) COLLATE utf8_unicode_ci NOT NULL
) ENGINE=InnoDB DEFAULT CHARSET=utf8 COLLATE=utf8_unicode_ci;

-- --------------------------------------------------------

--
-- Structure de la table `Packages`
--

DROP TABLE IF EXISTS `Packages`;
CREATE TABLE `Packages` (
  `pkgID` int(10) unsigned NOT NULL,
  `pkgName` varchar(255) COLLATE utf8_unicode_ci NOT NULL,
  `pkgHandle` varchar(64) COLLATE utf8_unicode_ci NOT NULL,
  `pkgDescription` text COLLATE utf8_unicode_ci,
  `pkgDateInstalled` datetime NOT NULL,
  `pkgIsInstalled` tinyint(1) NOT NULL DEFAULT '1',
  `pkgVersion` varchar(32) COLLATE utf8_unicode_ci DEFAULT NULL,
  `pkgAvailableVersion` varchar(32) COLLATE utf8_unicode_ci DEFAULT NULL
) ENGINE=InnoDB AUTO_INCREMENT=4 DEFAULT CHARSET=utf8 COLLATE=utf8_unicode_ci;

--
-- Contenu de la table `Packages`
--

INSERT INTO `Packages` (`pkgID`, `pkgName`, `pkgHandle`, `pkgDescription`, `pkgDateInstalled`, `pkgIsInstalled`, `pkgVersion`, `pkgAvailableVersion`) VALUES
(1, 'Vedana Theme', 'theme_vedana', 'A perfectly crafted template that use all the power of concret5.7', '2015-01-18 20:14:23', 1, '1.2', NULL),
(2, 'Easy Image Gallery', 'easy_image_gallery', 'Easy Image made gallery easy for your client', '2015-01-18 20:32:53', 1, '1.1.8', NULL),
(3, 'Easy Image Slider', 'easy_image_slider', 'Responsive & Touch enabled Slider & Carousel made Easy', '2015-04-21 03:44:03', 1, '1.0.1', NULL);

-- --------------------------------------------------------

--
-- Structure de la table `PageFeeds`
--

DROP TABLE IF EXISTS `PageFeeds`;
CREATE TABLE `PageFeeds` (
  `pfID` int(10) unsigned NOT NULL,
  `cParentID` int(10) unsigned NOT NULL DEFAULT '1',
  `pfTitle` varchar(255) COLLATE utf8_unicode_ci DEFAULT NULL,
  `pfHandle` varchar(255) COLLATE utf8_unicode_ci NOT NULL,
  `pfDescription` varchar(255) COLLATE utf8_unicode_ci DEFAULT NULL,
  `pfIncludeAllDescendents` tinyint(1) NOT NULL DEFAULT '0',
  `pfContentToDisplay` varchar(1) COLLATE utf8_unicode_ci NOT NULL DEFAULT 'S',
  `pfAreaHandleToDisplay` varchar(255) COLLATE utf8_unicode_ci DEFAULT NULL,
  `pfDisplayAliases` tinyint(1) NOT NULL DEFAULT '0',
  `ptID` smallint(5) unsigned DEFAULT NULL,
  `pfDisplayFeaturedOnly` tinyint(1) DEFAULT '0',
  `customTopicAttributeKeyHandle` varchar(255) COLLATE utf8_unicode_ci DEFAULT NULL,
  `customTopicTreeNodeID` int(10) unsigned NOT NULL DEFAULT '0',
  `iconFID` int(10) unsigned NOT NULL DEFAULT '0'
) ENGINE=InnoDB DEFAULT CHARSET=utf8 COLLATE=utf8_unicode_ci;

-- --------------------------------------------------------

--
-- Structure de la table `PagePaths`
--

DROP TABLE IF EXISTS `PagePaths`;
CREATE TABLE `PagePaths` (
  `ppID` int(10) unsigned NOT NULL,
  `cID` int(10) unsigned DEFAULT '0',
  `cPath` text COLLATE utf8_unicode_ci NOT NULL,
  `ppIsCanonical` varchar(1) COLLATE utf8_unicode_ci NOT NULL DEFAULT '1',
  `ppGeneratedFromURLSlugs` tinyint(1) unsigned NOT NULL DEFAULT '0'
) ENGINE=InnoDB AUTO_INCREMENT=174 DEFAULT CHARSET=utf8 COLLATE=utf8_unicode_ci;

--
-- Contenu de la table `PagePaths`
--

INSERT INTO `PagePaths` (`ppID`, `cID`, `cPath`, `ppIsCanonical`, `ppGeneratedFromURLSlugs`) VALUES
(1, 2, '/dashboard', '1', 0),
(2, 3, '/dashboard/sitemap', '1', 0),
(3, 4, '/dashboard/sitemap/full', '1', 0),
(4, 5, '/dashboard/sitemap/explore', '1', 0),
(5, 6, '/dashboard/sitemap/search', '1', 0),
(6, 7, '/dashboard/files', '1', 0),
(7, 8, '/dashboard/files/search', '1', 0),
(8, 9, '/dashboard/files/attributes', '1', 0),
(9, 10, '/dashboard/files/sets', '1', 0),
(10, 11, '/dashboard/files/add_set', '1', 0),
(11, 12, '/dashboard/users', '1', 0),
(12, 13, '/dashboard/users/search', '1', 0),
(13, 14, '/dashboard/users/groups', '1', 0),
(14, 15, '/dashboard/users/attributes', '1', 0),
(15, 16, '/dashboard/users/add', '1', 0),
(16, 17, '/dashboard/users/add_group', '1', 0),
(17, 18, '/dashboard/users/groups/bulkupdate', '1', 0),
(18, 19, '/dashboard/users/group_sets', '1', 0),
(19, 20, '/dashboard/users/points', '1', 0),
(20, 21, '/dashboard/users/points/assign', '1', 0),
(21, 22, '/dashboard/users/points/actions', '1', 0),
(22, 23, '/dashboard/reports', '1', 0),
(23, 24, '/dashboard/reports/forms', '1', 0),
(24, 25, '/dashboard/reports/surveys', '1', 0),
(25, 26, '/dashboard/reports/logs', '1', 0),
(26, 27, '/dashboard/pages', '1', 0),
(27, 28, '/dashboard/pages/themes', '1', 0),
(28, 29, '/dashboard/pages/themes/inspect', '1', 0),
(29, 30, '/dashboard/pages/types', '1', 0),
(30, 31, '/dashboard/pages/types/organize', '1', 0),
(31, 32, '/dashboard/pages/types/add', '1', 0),
(32, 33, '/dashboard/pages/types/form', '1', 0),
(33, 34, '/dashboard/pages/types/output', '1', 0),
(34, 35, '/dashboard/pages/types/attributes', '1', 0),
(35, 36, '/dashboard/pages/types/permissions', '1', 0),
(36, 37, '/dashboard/pages/templates', '1', 0),
(37, 38, '/dashboard/pages/templates/add', '1', 0),
(38, 39, '/dashboard/pages/attributes', '1', 0),
(39, 40, '/dashboard/pages/single', '1', 0),
(40, 41, '/dashboard/pages/feeds', '1', 0),
(41, 42, '/dashboard/conversations', '1', 0),
(42, 43, '/dashboard/conversations/messages', '1', 0),
(43, 44, '/dashboard/workflow', '1', 0),
(44, 45, '/dashboard/workflow/workflows', '1', 0),
(45, 46, '/dashboard/workflow/me', '1', 0),
(46, 47, '/dashboard/blocks', '1', 0),
(47, 48, '/dashboard/blocks/stacks', '1', 0),
(48, 49, '/dashboard/blocks/permissions', '1', 0),
(49, 50, '/dashboard/blocks/stacks/list', '1', 0),
(50, 51, '/dashboard/blocks/types', '1', 0),
(51, 52, '/dashboard/extend', '1', 0),
(52, 53, '/dashboard/news', '1', 0),
(53, 54, '/dashboard/extend/install', '1', 0),
(54, 55, '/dashboard/extend/update', '1', 0),
(55, 56, '/dashboard/extend/connect', '1', 0),
(56, 57, '/dashboard/extend/themes', '1', 0),
(57, 58, '/dashboard/extend/addons', '1', 0),
(58, 59, '/dashboard/system', '1', 0),
(59, 60, '/dashboard/system/basics', '1', 0),
(60, 61, '/dashboard/system/basics/name', '1', 0),
(61, 62, '/dashboard/system/basics/accessibility', '1', 0),
(62, 63, '/dashboard/system/basics/social', '1', 0),
(63, 64, '/dashboard/system/basics/icons', '1', 0),
(64, 65, '/dashboard/system/basics/editor', '1', 0),
(65, 66, '/dashboard/system/basics/multilingual', '1', 0),
(66, 67, '/dashboard/system/basics/timezone', '1', 0),
(67, 68, '/dashboard/system/multilingual', '1', 0),
(68, 69, '/dashboard/system/multilingual/setup', '1', 0),
(69, 70, '/dashboard/system/multilingual/page_report', '1', 0),
(70, 71, '/dashboard/system/multilingual/translate_interface', '1', 0),
(71, 72, '/dashboard/system/seo', '1', 0),
(72, 73, '/dashboard/system/seo/urls', '1', 0),
(73, 74, '/dashboard/system/seo/bulk', '1', 0),
(74, 75, '/dashboard/system/seo/codes', '1', 0),
(75, 76, '/dashboard/system/seo/excluded', '1', 0),
(76, 77, '/dashboard/system/seo/searchindex', '1', 0),
(77, 78, '/dashboard/system/files', '1', 0),
(78, 79, '/dashboard/system/files/permissions', '1', 0),
(79, 80, '/dashboard/system/files/filetypes', '1', 0),
(80, 81, '/dashboard/system/files/thumbnails', '1', 0),
(81, 82, '/dashboard/system/files/storage', '1', 0),
(82, 83, '/dashboard/system/optimization', '1', 0),
(83, 84, '/dashboard/system/optimization/cache', '1', 0),
(84, 85, '/dashboard/system/optimization/clearcache', '1', 0),
(85, 86, '/dashboard/system/optimization/jobs', '1', 0),
(86, 87, '/dashboard/system/optimization/query_log', '1', 0),
(87, 88, '/dashboard/system/permissions', '1', 0),
(88, 89, '/dashboard/system/permissions/site', '1', 0),
(89, 90, '/dashboard/system/permissions/tasks', '1', 0),
(90, 91, '/dashboard/system/permissions/users', '1', 0),
(91, 92, '/dashboard/system/permissions/advanced', '1', 0),
(92, 93, '/dashboard/system/permissions/blacklist', '1', 0),
(93, 94, '/dashboard/system/permissions/captcha', '1', 0),
(94, 95, '/dashboard/system/permissions/antispam', '1', 0),
(95, 96, '/dashboard/system/permissions/maintenance', '1', 0),
(96, 97, '/dashboard/system/registration', '1', 0),
(97, 98, '/dashboard/system/registration/postlogin', '1', 0),
(98, 99, '/dashboard/system/registration/profiles', '1', 0),
(99, 100, '/dashboard/system/registration/open', '1', 0),
(100, 101, '/dashboard/system/registration/authentication', '1', 0),
(101, 102, '/dashboard/system/mail', '1', 0),
(102, 103, '/dashboard/system/mail/method', '1', 0),
(103, 104, '/dashboard/system/mail/method/test', '1', 0),
(104, 105, '/dashboard/system/mail/importers', '1', 0),
(105, 106, '/dashboard/system/conversations', '1', 0),
(106, 107, '/dashboard/system/conversations/settings', '1', 0),
(107, 108, '/dashboard/system/conversations/points', '1', 0),
(108, 109, '/dashboard/system/conversations/bannedwords', '1', 0),
(109, 110, '/dashboard/system/conversations/permissions', '1', 0),
(110, 111, '/dashboard/system/attributes', '1', 0),
(111, 112, '/dashboard/system/attributes/sets', '1', 0),
(112, 113, '/dashboard/system/attributes/types', '1', 0),
(113, 114, '/dashboard/system/attributes/topics', '1', 0),
(114, 115, '/dashboard/system/attributes/topics/add', '1', 0),
(115, 116, '/dashboard/system/environment', '1', 0),
(116, 117, '/dashboard/system/environment/info', '1', 0),
(117, 118, '/dashboard/system/environment/debug', '1', 0),
(118, 119, '/dashboard/system/environment/logging', '1', 0),
(119, 120, '/dashboard/system/environment/proxy', '1', 0),
(120, 121, '/dashboard/system/backup', '1', 0),
(121, 122, '/dashboard/system/backup/backup', '1', 0),
(122, 123, '/dashboard/system/backup/update', '1', 0),
(123, 124, '/dashboard/welcome', '1', 0),
(124, 125, '/dashboard/home', '1', 0),
(125, 126, '/!drafts', '1', 0),
(126, 127, '/!trash', '1', 0),
(127, 128, '/!stacks', '1', 0),
(128, 129, '/login', '1', 0),
(129, 130, '/register', '1', 0),
(130, 131, '/account', '1', 0),
(131, 132, '/account/edit_profile', '1', 0),
(132, 133, '/account/avatar', '1', 0),
(133, 134, '/account/messages', '1', 0),
(134, 135, '/account/messages/inbox', '1', 0),
(135, 136, '/members', '1', 0),
(136, 137, '/members/profile', '1', 0),
(137, 138, '/members/directory', '1', 0),
(138, 139, '/page_not_found', '1', 0),
(139, 140, '/page_forbidden', '1', 0),
(140, 141, '/download_file', '1', 0),
(141, 143, '/!stacks/header-site-title', '1', 0),
(142, 144, '/!stacks/header-navigation', '1', 0),
(143, 145, '/!stacks/footer-legal', '1', 0),
(144, 146, '/!stacks/footer-navigation', '1', 0),
(145, 147, '/!stacks/footer-contact', '1', 0),
(146, 148, '/addons', '1', 0),
(147, 149, '/!stacks/responsive-navigation', '1', 0),
(148, 150, '/!stacks/header-info', '1', 0),
(149, 151, '/!stacks/header-social', '1', 0),
(150, 152, '/!stacks/site-name', '1', 0),
(151, 153, '/!stacks/footer-1', '1', 0),
(152, 154, '/!stacks/footer-2', '1', 0),
(153, 155, '/!stacks/footer-3', '1', 0),
(154, 156, '/!stacks/footer-4', '1', 0),
(155, 157, '/!stacks/footer-5', '1', 0),
(156, 158, '/!stacks/footer-6', '1', 0),
(157, 159, '/addons/easy-gallery', '1', 0),
(158, 160, '/theme', '1', 0),
(159, 161, '/theme/vedana', '1', 0),
(160, 162, '/theme/anitya', '1', 0),
(161, 163, '/!trash/easy-gallery-2', '1', 0),
(162, 164, '/!trash/documentation', '1', 0),
(163, 165, '/addons/easy-slider', '1', 0),
(164, 166, '/addons/easy-slider/full-width', '1', 0),
(165, 167, '/!trash/full-width-responsive-background', '1', 0),
(166, 168, '/addons/easy-slider/full-width-responsive-color-background', '1', 0),
(167, 169, '/addons/easy-slider/full-width-responsive-outside-visible', '1', 0),
(168, 171, '/theme/anitya/documentation/custom-templates-classes', '1', 0),
(169, 172, '/theme/anitya/documentation', '1', 0),
(170, 173, '/theme/anitya/documentation/page-framework', '1', 0),
(171, 174, '/theme/anitya/documentation/header-image-video', '1', 0),
(172, 175, '/dashboard/system/environment/entities', '1', 1),
(173, 176, '/dashboard/system/multilingual/copy', '1', 1);

-- --------------------------------------------------------

--
-- Structure de la table `PagePermissionAssignments`
--

DROP TABLE IF EXISTS `PagePermissionAssignments`;
CREATE TABLE `PagePermissionAssignments` (
  `cID` int(10) unsigned NOT NULL DEFAULT '0',
  `pkID` int(10) unsigned NOT NULL DEFAULT '0',
  `paID` int(10) unsigned NOT NULL DEFAULT '0'
) ENGINE=InnoDB DEFAULT CHARSET=utf8 COLLATE=utf8_unicode_ci;

--
-- Contenu de la table `PagePermissionAssignments`
--

INSERT INTO `PagePermissionAssignments` (`cID`, `pkID`, `paID`) VALUES
(1, 1, 40),
(2, 1, 59),
(129, 1, 57),
(130, 1, 58),
(1, 2, 41),
(1, 3, 42),
(1, 4, 43),
(1, 5, 44),
(1, 6, 45),
(1, 7, 46),
(1, 8, 48),
(1, 9, 49),
(1, 11, 50),
(1, 12, 51),
(1, 13, 52),
(1, 14, 53),
(1, 15, 54),
(1, 16, 55),
(1, 17, 56),
(1, 18, 47);

-- --------------------------------------------------------

--
-- Structure de la table `PagePermissionPageTypeAccessList`
--

DROP TABLE IF EXISTS `PagePermissionPageTypeAccessList`;
CREATE TABLE `PagePermissionPageTypeAccessList` (
  `paID` int(10) unsigned NOT NULL DEFAULT '0',
  `peID` int(10) unsigned NOT NULL DEFAULT '0',
  `permission` varchar(1) COLLATE utf8_unicode_ci NOT NULL DEFAULT '1',
  `externalLink` tinyint(1) NOT NULL DEFAULT '0'
) ENGINE=InnoDB DEFAULT CHARSET=utf8 COLLATE=utf8_unicode_ci;

-- --------------------------------------------------------

--
-- Structure de la table `PagePermissionPageTypeAccessListCustom`
--

DROP TABLE IF EXISTS `PagePermissionPageTypeAccessListCustom`;
CREATE TABLE `PagePermissionPageTypeAccessListCustom` (
  `paID` int(10) unsigned NOT NULL DEFAULT '0',
  `peID` int(10) unsigned NOT NULL DEFAULT '0',
  `ptID` int(10) unsigned NOT NULL DEFAULT '0'
) ENGINE=InnoDB DEFAULT CHARSET=utf8 COLLATE=utf8_unicode_ci;

-- --------------------------------------------------------

--
-- Structure de la table `PagePermissionPropertyAccessList`
--

DROP TABLE IF EXISTS `PagePermissionPropertyAccessList`;
CREATE TABLE `PagePermissionPropertyAccessList` (
  `paID` int(10) unsigned NOT NULL DEFAULT '0',
  `peID` int(10) unsigned NOT NULL DEFAULT '0',
  `name` tinyint(1) DEFAULT '0',
  `publicDateTime` tinyint(1) DEFAULT '0',
  `uID` tinyint(1) DEFAULT '0',
  `description` tinyint(1) DEFAULT '0',
  `paths` tinyint(1) DEFAULT '0',
  `attributePermission` varchar(1) COLLATE utf8_unicode_ci NOT NULL DEFAULT '1'
) ENGINE=InnoDB DEFAULT CHARSET=utf8 COLLATE=utf8_unicode_ci;

-- --------------------------------------------------------

--
-- Structure de la table `PagePermissionPropertyAttributeAccessListCustom`
--

DROP TABLE IF EXISTS `PagePermissionPropertyAttributeAccessListCustom`;
CREATE TABLE `PagePermissionPropertyAttributeAccessListCustom` (
  `paID` int(10) unsigned NOT NULL DEFAULT '0',
  `peID` int(10) unsigned NOT NULL DEFAULT '0',
  `akID` int(10) unsigned NOT NULL DEFAULT '0'
) ENGINE=InnoDB DEFAULT CHARSET=utf8 COLLATE=utf8_unicode_ci;

-- --------------------------------------------------------

--
-- Structure de la table `PagePermissionThemeAccessList`
--

DROP TABLE IF EXISTS `PagePermissionThemeAccessList`;
CREATE TABLE `PagePermissionThemeAccessList` (
  `paID` int(10) unsigned NOT NULL DEFAULT '0',
  `peID` int(10) unsigned NOT NULL DEFAULT '0',
  `permission` varchar(1) COLLATE utf8_unicode_ci NOT NULL DEFAULT '1'
) ENGINE=InnoDB DEFAULT CHARSET=utf8 COLLATE=utf8_unicode_ci;

-- --------------------------------------------------------

--
-- Structure de la table `PagePermissionThemeAccessListCustom`
--

DROP TABLE IF EXISTS `PagePermissionThemeAccessListCustom`;
CREATE TABLE `PagePermissionThemeAccessListCustom` (
  `paID` int(10) unsigned NOT NULL DEFAULT '0',
  `peID` int(10) unsigned NOT NULL DEFAULT '0',
  `pThemeID` int(10) unsigned NOT NULL DEFAULT '0'
) ENGINE=InnoDB DEFAULT CHARSET=utf8 COLLATE=utf8_unicode_ci;

-- --------------------------------------------------------

--
-- Structure de la table `Pages`
--

DROP TABLE IF EXISTS `Pages`;
CREATE TABLE `Pages` (
  `cID` int(10) unsigned NOT NULL DEFAULT '0',
  `ptID` int(10) unsigned NOT NULL DEFAULT '0',
  `cIsTemplate` tinyint(1) NOT NULL DEFAULT '0',
  `uID` int(10) unsigned DEFAULT NULL,
  `cIsCheckedOut` tinyint(1) NOT NULL DEFAULT '0',
  `cCheckedOutUID` int(10) unsigned DEFAULT NULL,
  `cCheckedOutDatetime` datetime DEFAULT NULL,
  `cCheckedOutDatetimeLastEdit` datetime DEFAULT NULL,
  `cOverrideTemplatePermissions` tinyint(1) NOT NULL DEFAULT '1',
  `cInheritPermissionsFromCID` int(10) unsigned NOT NULL DEFAULT '0',
  `cInheritPermissionsFrom` varchar(8) COLLATE utf8_unicode_ci NOT NULL DEFAULT 'PARENT',
  `cFilename` varchar(255) COLLATE utf8_unicode_ci DEFAULT NULL,
  `cPointerID` int(10) unsigned NOT NULL DEFAULT '0',
  `cPointerExternalLink` longtext COLLATE utf8_unicode_ci,
  `cPointerExternalLinkNewWindow` tinyint(1) NOT NULL DEFAULT '0',
  `cIsActive` tinyint(1) NOT NULL DEFAULT '1',
  `cChildren` int(10) unsigned NOT NULL DEFAULT '0',
  `cDisplayOrder` int(10) unsigned NOT NULL DEFAULT '0',
  `cParentID` int(10) unsigned NOT NULL DEFAULT '0',
  `pkgID` int(10) unsigned NOT NULL DEFAULT '0',
  `cDraftTargetParentPageID` int(10) unsigned NOT NULL DEFAULT '0',
  `cCacheFullPageContent` smallint(6) NOT NULL DEFAULT '-1',
  `cCacheFullPageContentOverrideLifetime` varchar(32) COLLATE utf8_unicode_ci NOT NULL DEFAULT '0',
  `cCacheFullPageContentLifetimeCustom` int(10) unsigned NOT NULL DEFAULT '0',
  `cIsSystemPage` tinyint(1) NOT NULL DEFAULT '0'
) ENGINE=InnoDB DEFAULT CHARSET=utf8 COLLATE=utf8_unicode_ci;

--
-- Contenu de la table `Pages`
--

INSERT INTO `Pages` (`cID`, `ptID`, `cIsTemplate`, `uID`, `cIsCheckedOut`, `cCheckedOutUID`, `cCheckedOutDatetime`, `cCheckedOutDatetimeLastEdit`, `cOverrideTemplatePermissions`, `cInheritPermissionsFromCID`, `cInheritPermissionsFrom`, `cFilename`, `cPointerID`, `cPointerExternalLink`, `cPointerExternalLinkNewWindow`, `cIsActive`, `cChildren`, `cDisplayOrder`, `cParentID`, `pkgID`, `cDraftTargetParentPageID`, `cCacheFullPageContent`, `cCacheFullPageContentOverrideLifetime`, `cCacheFullPageContentLifetimeCustom`, `cIsSystemPage`) VALUES
(1, 0, 0, 1, 0, NULL, NULL, NULL, 1, 1, 'OVERRIDE', NULL, 0, NULL, 0, 1, 13, 0, 0, 0, 0, -1, '0', 0, 0),
(2, 0, 0, 1, 0, NULL, NULL, NULL, 1, 2, 'OVERRIDE', '/dashboard/view.php', 0, NULL, 0, 1, 13, 0, 0, 0, 0, -1, '0', 0, 1),
(3, 0, 0, 1, 0, NULL, NULL, NULL, 1, 2, 'PARENT', '/dashboard/sitemap/view.php', 0, NULL, 0, 1, 3, 0, 2, 0, 0, -1, '0', 0, 1),
(4, 0, 0, 1, 0, NULL, NULL, NULL, 1, 2, 'PARENT', '/dashboard/sitemap/full.php', 0, NULL, 0, 1, 0, 0, 3, 0, 0, -1, '0', 0, 1),
(5, 0, 0, 1, 0, NULL, NULL, NULL, 1, 2, 'PARENT', '/dashboard/sitemap/explore.php', 0, NULL, 0, 1, 0, 1, 3, 0, 0, -1, '0', 0, 1),
(6, 0, 0, 1, 0, NULL, NULL, NULL, 1, 2, 'PARENT', '/dashboard/sitemap/search.php', 0, NULL, 0, 1, 0, 2, 3, 0, 0, -1, '0', 0, 1),
(7, 0, 0, 1, 0, NULL, NULL, NULL, 1, 2, 'PARENT', '/dashboard/files/view.php', 0, NULL, 0, 1, 4, 1, 2, 0, 0, -1, '0', 0, 1),
(8, 0, 0, 1, 0, NULL, NULL, NULL, 1, 2, 'PARENT', '/dashboard/files/search.php', 0, NULL, 0, 1, 0, 0, 7, 0, 0, -1, '0', 0, 1),
(9, 0, 0, 1, 0, NULL, NULL, NULL, 1, 2, 'PARENT', '/dashboard/files/attributes.php', 0, NULL, 0, 1, 0, 1, 7, 0, 0, -1, '0', 0, 1),
(10, 0, 0, 1, 0, NULL, NULL, NULL, 1, 2, 'PARENT', '/dashboard/files/sets.php', 0, NULL, 0, 1, 0, 2, 7, 0, 0, -1, '0', 0, 1),
(11, 0, 0, 1, 0, NULL, NULL, NULL, 1, 2, 'PARENT', '/dashboard/files/add_set.php', 0, NULL, 0, 1, 0, 3, 7, 0, 0, -1, '0', 0, 1),
(12, 0, 0, 1, 0, NULL, NULL, NULL, 1, 2, 'PARENT', '/dashboard/users/view.php', 0, NULL, 0, 1, 7, 2, 2, 0, 0, -1, '0', 0, 1),
(13, 0, 0, 1, 0, NULL, NULL, NULL, 1, 2, 'PARENT', '/dashboard/users/search.php', 0, NULL, 0, 1, 0, 0, 12, 0, 0, -1, '0', 0, 1),
(14, 0, 0, 1, 0, NULL, NULL, NULL, 1, 2, 'PARENT', '/dashboard/users/groups.php', 0, NULL, 0, 1, 1, 1, 12, 0, 0, -1, '0', 0, 1),
(15, 0, 0, 1, 0, NULL, NULL, NULL, 1, 2, 'PARENT', '/dashboard/users/attributes.php', 0, NULL, 0, 1, 0, 2, 12, 0, 0, -1, '0', 0, 1),
(16, 0, 0, 1, 0, NULL, NULL, NULL, 1, 2, 'PARENT', '/dashboard/users/add.php', 0, NULL, 0, 1, 0, 3, 12, 0, 0, -1, '0', 0, 1),
(17, 0, 0, 1, 0, NULL, NULL, NULL, 1, 2, 'PARENT', '/dashboard/users/add_group.php', 0, NULL, 0, 1, 0, 4, 12, 0, 0, -1, '0', 0, 1),
(18, 0, 0, 1, 0, NULL, NULL, NULL, 1, 2, 'PARENT', '/dashboard/users/groups/bulkupdate.php', 0, NULL, 0, 1, 0, 0, 14, 0, 0, -1, '0', 0, 1),
(19, 0, 0, 1, 0, NULL, NULL, NULL, 1, 2, 'PARENT', '/dashboard/users/group_sets.php', 0, NULL, 0, 1, 0, 5, 12, 0, 0, -1, '0', 0, 1),
(20, 0, 0, 1, 0, NULL, NULL, NULL, 1, 2, 'PARENT', '/dashboard/users/points/view.php', 0, NULL, 0, 1, 2, 6, 12, 0, 0, -1, '0', 0, 1),
(21, 0, 0, 1, 0, NULL, NULL, NULL, 1, 2, 'PARENT', '/dashboard/users/points/assign.php', 0, NULL, 0, 1, 0, 0, 20, 0, 0, -1, '0', 0, 1),
(22, 0, 0, 1, 0, NULL, NULL, NULL, 1, 2, 'PARENT', '/dashboard/users/points/actions.php', 0, NULL, 0, 1, 0, 1, 20, 0, 0, -1, '0', 0, 1),
(23, 0, 0, 1, 0, NULL, NULL, NULL, 1, 2, 'PARENT', '/dashboard/reports.php', 0, NULL, 0, 1, 3, 3, 2, 0, 0, -1, '0', 0, 1),
(24, 0, 0, 1, 0, NULL, NULL, NULL, 1, 2, 'PARENT', '/dashboard/reports/forms.php', 0, NULL, 0, 1, 0, 0, 23, 0, 0, -1, '0', 0, 1),
(25, 0, 0, 1, 0, NULL, NULL, NULL, 1, 2, 'PARENT', '/dashboard/reports/surveys.php', 0, NULL, 0, 1, 0, 1, 23, 0, 0, -1, '0', 0, 1),
(26, 0, 0, 1, 0, NULL, NULL, NULL, 1, 2, 'PARENT', '/dashboard/reports/logs.php', 0, NULL, 0, 1, 0, 2, 23, 0, 0, -1, '0', 0, 1),
(27, 0, 0, 1, 0, NULL, NULL, NULL, 1, 2, 'PARENT', '/dashboard/pages/view.php', 0, NULL, 0, 1, 6, 4, 2, 0, 0, -1, '0', 0, 1),
(28, 0, 0, 1, 0, NULL, NULL, NULL, 1, 2, 'PARENT', '/dashboard/pages/themes/view.php', 0, NULL, 0, 1, 1, 0, 27, 0, 0, -1, '0', 0, 1),
(29, 0, 0, 1, 0, NULL, NULL, NULL, 1, 2, 'PARENT', '/dashboard/pages/themes/inspect.php', 0, NULL, 0, 1, 0, 0, 28, 0, 0, -1, '0', 0, 1),
(30, 0, 0, 1, 0, NULL, NULL, NULL, 1, 2, 'PARENT', '/dashboard/pages/types/view.php', 0, NULL, 0, 1, 6, 1, 27, 0, 0, -1, '0', 0, 1),
(31, 0, 0, 1, 0, NULL, NULL, NULL, 1, 2, 'PARENT', '/dashboard/pages/types/organize.php', 0, NULL, 0, 1, 0, 0, 30, 0, 0, -1, '0', 0, 1),
(32, 0, 0, 1, 0, NULL, NULL, NULL, 1, 2, 'PARENT', '/dashboard/pages/types/add.php', 0, NULL, 0, 1, 0, 1, 30, 0, 0, -1, '0', 0, 1),
(33, 0, 0, 1, 0, NULL, NULL, NULL, 1, 2, 'PARENT', '/dashboard/pages/types/form.php', 0, NULL, 0, 1, 0, 2, 30, 0, 0, -1, '0', 0, 1),
(34, 0, 0, 1, 0, NULL, NULL, NULL, 1, 2, 'PARENT', '/dashboard/pages/types/output.php', 0, NULL, 0, 1, 0, 3, 30, 0, 0, -1, '0', 0, 1),
(35, 0, 0, 1, 0, NULL, NULL, NULL, 1, 2, 'PARENT', '/dashboard/pages/types/attributes.php', 0, NULL, 0, 1, 0, 4, 30, 0, 0, -1, '0', 0, 1),
(36, 0, 0, 1, 0, NULL, NULL, NULL, 1, 2, 'PARENT', '/dashboard/pages/types/permissions.php', 0, NULL, 0, 1, 0, 5, 30, 0, 0, -1, '0', 0, 1),
(37, 0, 0, 1, 0, NULL, NULL, NULL, 1, 2, 'PARENT', '/dashboard/pages/templates/view.php', 0, NULL, 0, 1, 1, 2, 27, 0, 0, -1, '0', 0, 1),
(38, 0, 0, 1, 0, NULL, NULL, NULL, 1, 2, 'PARENT', '/dashboard/pages/templates/add.php', 0, NULL, 0, 1, 0, 0, 37, 0, 0, -1, '0', 0, 1),
(39, 0, 0, 1, 0, NULL, NULL, NULL, 1, 2, 'PARENT', '/dashboard/pages/attributes.php', 0, NULL, 0, 1, 0, 3, 27, 0, 0, -1, '0', 0, 1),
(40, 0, 0, 1, 0, NULL, NULL, NULL, 1, 2, 'PARENT', '/dashboard/pages/single.php', 0, NULL, 0, 1, 0, 4, 27, 0, 0, -1, '0', 0, 1),
(41, 0, 0, 1, 0, NULL, NULL, NULL, 1, 2, 'PARENT', '/dashboard/pages/feeds.php', 0, NULL, 0, 1, 0, 5, 27, 0, 0, -1, '0', 0, 1),
(42, 0, 0, 1, 0, NULL, NULL, NULL, 1, 2, 'PARENT', '/dashboard/conversations/view.php', 0, NULL, 0, 1, 1, 5, 2, 0, 0, -1, '0', 0, 1),
(43, 0, 0, 1, 0, NULL, NULL, NULL, 1, 2, 'PARENT', '/dashboard/conversations/messages.php', 0, NULL, 0, 1, 0, 0, 42, 0, 0, -1, '0', 0, 1),
(44, 0, 0, 1, 0, NULL, NULL, NULL, 1, 2, 'PARENT', '/dashboard/workflow/view.php', 0, NULL, 0, 1, 2, 6, 2, 0, 0, -1, '0', 0, 1),
(45, 0, 0, 1, 0, NULL, NULL, NULL, 1, 2, 'PARENT', '/dashboard/workflow/workflows.php', 0, NULL, 0, 1, 0, 0, 44, 0, 0, -1, '0', 0, 1),
(46, 0, 0, 1, 0, NULL, NULL, NULL, 1, 2, 'PARENT', '/dashboard/workflow/me.php', 0, NULL, 0, 1, 0, 1, 44, 0, 0, -1, '0', 0, 1),
(47, 0, 0, 1, 0, NULL, NULL, NULL, 1, 2, 'PARENT', '/dashboard/blocks/view.php', 0, NULL, 0, 1, 3, 7, 2, 0, 0, -1, '0', 0, 1),
(48, 0, 0, 1, 0, NULL, NULL, NULL, 1, 2, 'PARENT', '/dashboard/blocks/stacks/view.php', 0, NULL, 0, 1, 1, 0, 47, 0, 0, -1, '0', 0, 1),
(49, 0, 0, 1, 0, NULL, NULL, NULL, 1, 2, 'PARENT', '/dashboard/blocks/permissions.php', 0, NULL, 0, 1, 0, 1, 47, 0, 0, -1, '0', 0, 1),
(50, 0, 0, 1, 0, NULL, NULL, NULL, 1, 2, 'PARENT', '/dashboard/blocks/stacks/list/view.php', 0, NULL, 0, 1, 0, 0, 48, 0, 0, -1, '0', 0, 1),
(51, 0, 0, 1, 0, NULL, NULL, NULL, 1, 2, 'PARENT', '/dashboard/blocks/types/view.php', 0, NULL, 0, 1, 0, 2, 47, 0, 0, -1, '0', 0, 1),
(52, 0, 0, 1, 0, NULL, NULL, NULL, 1, 2, 'PARENT', '/dashboard/extend/view.php', 0, NULL, 0, 1, 5, 8, 2, 0, 0, -1, '0', 0, 1),
(53, 0, 0, 1, 0, NULL, NULL, NULL, 1, 2, 'PARENT', '/dashboard/news.php', 0, NULL, 0, 1, 0, 9, 2, 0, 0, -1, '0', 0, 1),
(54, 0, 0, 1, 0, NULL, NULL, NULL, 1, 2, 'PARENT', '/dashboard/extend/install.php', 0, NULL, 0, 1, 0, 0, 52, 0, 0, -1, '0', 0, 1),
(55, 0, 0, 1, 0, NULL, NULL, NULL, 1, 2, 'PARENT', '/dashboard/extend/update.php', 0, NULL, 0, 1, 0, 1, 52, 0, 0, -1, '0', 0, 1),
(56, 0, 0, 1, 0, NULL, NULL, NULL, 1, 2, 'PARENT', '/dashboard/extend/connect.php', 0, NULL, 0, 1, 0, 2, 52, 0, 0, -1, '0', 0, 1),
(57, 0, 0, 1, 0, NULL, NULL, NULL, 1, 2, 'PARENT', '/dashboard/extend/themes.php', 0, NULL, 0, 1, 0, 3, 52, 0, 0, -1, '0', 0, 1),
(58, 0, 0, 1, 0, NULL, NULL, NULL, 1, 2, 'PARENT', '/dashboard/extend/addons.php', 0, NULL, 0, 1, 0, 4, 52, 0, 0, -1, '0', 0, 1),
(59, 0, 0, 1, 0, NULL, NULL, NULL, 1, 2, 'PARENT', '/dashboard/system/view.php', 0, NULL, 0, 1, 12, 10, 2, 0, 0, -1, '0', 0, 1),
(60, 0, 0, 1, 0, NULL, NULL, NULL, 1, 2, 'PARENT', '/dashboard/system/basics/view.php', 0, NULL, 0, 1, 7, 0, 59, 0, 0, -1, '0', 0, 1),
(61, 0, 0, 1, 0, NULL, NULL, NULL, 1, 2, 'PARENT', '/dashboard/system/basics/name.php', 0, NULL, 0, 1, 0, 0, 60, 0, 0, -1, '0', 0, 1),
(62, 0, 0, 1, 0, NULL, NULL, NULL, 1, 2, 'PARENT', '/dashboard/system/basics/accessibility.php', 0, NULL, 0, 1, 0, 1, 60, 0, 0, -1, '0', 0, 1),
(63, 0, 0, 1, 0, NULL, NULL, NULL, 1, 2, 'PARENT', '/dashboard/system/basics/social.php', 0, NULL, 0, 1, 0, 2, 60, 0, 0, -1, '0', 0, 1),
(64, 0, 0, 1, 0, NULL, NULL, NULL, 1, 2, 'PARENT', '/dashboard/system/basics/icons.php', 0, NULL, 0, 1, 0, 3, 60, 0, 0, -1, '0', 0, 1),
(65, 0, 0, 1, 0, NULL, NULL, NULL, 1, 2, 'PARENT', '/dashboard/system/basics/editor.php', 0, NULL, 0, 1, 0, 4, 60, 0, 0, -1, '0', 0, 1),
(66, 0, 0, 1, 0, NULL, NULL, NULL, 1, 2, 'PARENT', '/dashboard/system/basics/multilingual/view.php', 0, NULL, 0, 1, 0, 5, 60, 0, 0, -1, '0', 0, 1),
(67, 0, 0, 1, 0, NULL, NULL, NULL, 1, 2, 'PARENT', '/dashboard/system/basics/timezone.php', 0, NULL, 0, 1, 0, 6, 60, 0, 0, -1, '0', 0, 1),
(68, 0, 0, 1, 0, NULL, NULL, NULL, 1, 2, 'PARENT', '/dashboard/system/multilingual/view.php', 0, NULL, 0, 1, 4, 1, 59, 0, 0, -1, '0', 0, 1),
(69, 0, 0, 1, 0, NULL, NULL, NULL, 1, 2, 'PARENT', '/dashboard/system/multilingual/setup.php', 0, NULL, 0, 1, 0, 0, 68, 0, 0, -1, '0', 0, 1),
(70, 0, 0, 1, 0, NULL, NULL, NULL, 1, 2, 'PARENT', '/dashboard/system/multilingual/page_report.php', 0, NULL, 0, 1, 0, 1, 68, 0, 0, -1, '0', 0, 1),
(71, 0, 0, 1, 0, NULL, NULL, NULL, 1, 2, 'PARENT', '/dashboard/system/multilingual/translate_interface.php', 0, NULL, 0, 1, 0, 2, 68, 0, 0, -1, '0', 0, 1),
(72, 0, 0, 1, 0, NULL, NULL, NULL, 1, 2, 'PARENT', '/dashboard/system/seo/view.php', 0, NULL, 0, 1, 5, 2, 59, 0, 0, -1, '0', 0, 1),
(73, 0, 0, 1, 0, NULL, NULL, NULL, 1, 2, 'PARENT', '/dashboard/system/seo/urls.php', 0, NULL, 0, 1, 0, 0, 72, 0, 0, -1, '0', 0, 1),
(74, 0, 0, 1, 0, NULL, NULL, NULL, 1, 2, 'PARENT', '/dashboard/system/seo/bulk.php', 0, NULL, 0, 1, 0, 1, 72, 0, 0, -1, '0', 0, 1),
(75, 0, 0, 1, 0, NULL, NULL, NULL, 1, 2, 'PARENT', '/dashboard/system/seo/codes.php', 0, NULL, 0, 1, 0, 2, 72, 0, 0, -1, '0', 0, 1),
(76, 0, 0, 1, 0, NULL, NULL, NULL, 1, 2, 'PARENT', '/dashboard/system/seo/excluded.php', 0, NULL, 0, 1, 0, 3, 72, 0, 0, -1, '0', 0, 1),
(77, 0, 0, 1, 0, NULL, NULL, NULL, 1, 2, 'PARENT', '/dashboard/system/seo/searchindex.php', 0, NULL, 0, 1, 0, 4, 72, 0, 0, -1, '0', 0, 1),
(78, 0, 0, 1, 0, NULL, NULL, NULL, 1, 2, 'PARENT', '/dashboard/system/files/view.php', 0, NULL, 0, 1, 4, 3, 59, 0, 0, -1, '0', 0, 1),
(79, 0, 0, 1, 0, NULL, NULL, NULL, 1, 2, 'PARENT', '/dashboard/system/files/permissions.php', 0, NULL, 0, 1, 0, 0, 78, 0, 0, -1, '0', 0, 1),
(80, 0, 0, 1, 0, NULL, NULL, NULL, 1, 2, 'PARENT', '/dashboard/system/files/filetypes.php', 0, NULL, 0, 1, 0, 1, 78, 0, 0, -1, '0', 0, 1),
(81, 0, 0, 1, 0, NULL, NULL, NULL, 1, 2, 'PARENT', '/dashboard/system/files/thumbnails.php', 0, NULL, 0, 1, 0, 2, 78, 0, 0, -1, '0', 0, 1),
(82, 0, 0, 1, 0, NULL, NULL, NULL, 1, 2, 'PARENT', '/dashboard/system/files/storage.php', 0, NULL, 0, 1, 0, 3, 78, 0, 0, -1, '0', 0, 1),
(83, 0, 0, 1, 0, NULL, NULL, NULL, 1, 2, 'PARENT', '/dashboard/system/optimization/view.php', 0, NULL, 0, 1, 4, 4, 59, 0, 0, -1, '0', 0, 1),
(84, 0, 0, 1, 0, NULL, NULL, NULL, 1, 2, 'PARENT', '/dashboard/system/optimization/cache.php', 0, NULL, 0, 1, 0, 0, 83, 0, 0, -1, '0', 0, 1),
(85, 0, 0, 1, 0, NULL, NULL, NULL, 1, 2, 'PARENT', '/dashboard/system/optimization/clearcache.php', 0, NULL, 0, 1, 0, 1, 83, 0, 0, -1, '0', 0, 1),
(86, 0, 0, 1, 0, NULL, NULL, NULL, 1, 2, 'PARENT', '/dashboard/system/optimization/jobs.php', 0, NULL, 0, 1, 0, 2, 83, 0, 0, -1, '0', 0, 1),
(87, 0, 0, 1, 0, NULL, NULL, NULL, 1, 2, 'PARENT', '/dashboard/system/optimization/query_log.php', 0, NULL, 0, 1, 0, 3, 83, 0, 0, -1, '0', 0, 1),
(88, 0, 0, 1, 0, NULL, NULL, NULL, 1, 2, 'PARENT', '/dashboard/system/permissions/view.php', 0, NULL, 0, 1, 8, 5, 59, 0, 0, -1, '0', 0, 1),
(89, 0, 0, 1, 0, NULL, NULL, NULL, 1, 2, 'PARENT', '/dashboard/system/permissions/site.php', 0, NULL, 0, 1, 0, 0, 88, 0, 0, -1, '0', 0, 1),
(90, 0, 0, 1, 0, NULL, NULL, NULL, 1, 2, 'PARENT', '/dashboard/system/permissions/tasks.php', 0, NULL, 0, 1, 0, 1, 88, 0, 0, -1, '0', 0, 1),
(91, 0, 0, 1, 0, NULL, NULL, NULL, 1, 2, 'PARENT', '/dashboard/system/permissions/users.php', 0, NULL, 0, 1, 0, 2, 88, 0, 0, -1, '0', 0, 1),
(92, 0, 0, 1, 0, NULL, NULL, NULL, 1, 2, 'PARENT', '/dashboard/system/permissions/advanced.php', 0, NULL, 0, 1, 0, 3, 88, 0, 0, -1, '0', 0, 1),
(93, 0, 0, 1, 0, NULL, NULL, NULL, 1, 2, 'PARENT', '/dashboard/system/permissions/blacklist.php', 0, NULL, 0, 1, 0, 4, 88, 0, 0, -1, '0', 0, 1),
(94, 0, 0, 1, 0, NULL, NULL, NULL, 1, 2, 'PARENT', '/dashboard/system/permissions/captcha.php', 0, NULL, 0, 1, 0, 5, 88, 0, 0, -1, '0', 0, 1),
(95, 0, 0, 1, 0, NULL, NULL, NULL, 1, 2, 'PARENT', '/dashboard/system/permissions/antispam.php', 0, NULL, 0, 1, 0, 6, 88, 0, 0, -1, '0', 0, 1),
(96, 0, 0, 1, 0, NULL, NULL, NULL, 1, 2, 'PARENT', '/dashboard/system/permissions/maintenance.php', 0, NULL, 0, 1, 0, 7, 88, 0, 0, -1, '0', 0, 1),
(97, 0, 0, 1, 0, NULL, NULL, NULL, 1, 2, 'PARENT', '/dashboard/system/registration/view.php', 0, NULL, 0, 1, 4, 6, 59, 0, 0, -1, '0', 0, 1),
(98, 0, 0, 1, 0, NULL, NULL, NULL, 1, 2, 'PARENT', '/dashboard/system/registration/postlogin.php', 0, NULL, 0, 1, 0, 0, 97, 0, 0, -1, '0', 0, 1),
(99, 0, 0, 1, 0, NULL, NULL, NULL, 1, 2, 'PARENT', '/dashboard/system/registration/profiles.php', 0, NULL, 0, 1, 0, 1, 97, 0, 0, -1, '0', 0, 1),
(100, 0, 0, 1, 0, NULL, NULL, NULL, 1, 2, 'PARENT', '/dashboard/system/registration/open.php', 0, NULL, 0, 1, 0, 2, 97, 0, 0, -1, '0', 0, 1),
(101, 0, 0, 1, 0, NULL, NULL, NULL, 1, 2, 'PARENT', '/dashboard/system/registration/authentication.php', 0, NULL, 0, 1, 0, 3, 97, 0, 0, -1, '0', 0, 1),
(102, 0, 0, 1, 0, NULL, NULL, NULL, 1, 2, 'PARENT', '/dashboard/system/mail/view.php', 0, NULL, 0, 1, 2, 7, 59, 0, 0, -1, '0', 0, 1),
(103, 0, 0, 1, 0, NULL, NULL, NULL, 1, 2, 'PARENT', '/dashboard/system/mail/method.php', 0, NULL, 0, 1, 1, 0, 102, 0, 0, -1, '0', 0, 1),
(104, 0, 0, 1, 0, NULL, NULL, NULL, 1, 2, 'PARENT', '/dashboard/system/mail/method/test.php', 0, NULL, 0, 1, 0, 0, 103, 0, 0, -1, '0', 0, 1),
(105, 0, 0, 1, 0, NULL, NULL, NULL, 1, 2, 'PARENT', '/dashboard/system/mail/importers.php', 0, NULL, 0, 1, 0, 1, 102, 0, 0, -1, '0', 0, 1),
(106, 0, 0, 1, 0, NULL, NULL, NULL, 1, 2, 'PARENT', '/dashboard/system/conversations/view.php', 0, NULL, 0, 1, 4, 8, 59, 0, 0, -1, '0', 0, 1),
(107, 0, 0, 1, 0, NULL, NULL, NULL, 1, 2, 'PARENT', '/dashboard/system/conversations/settings.php', 0, NULL, 0, 1, 0, 0, 106, 0, 0, -1, '0', 0, 1),
(108, 0, 0, 1, 0, NULL, NULL, NULL, 1, 2, 'PARENT', '/dashboard/system/conversations/points.php', 0, NULL, 0, 1, 0, 1, 106, 0, 0, -1, '0', 0, 1),
(109, 0, 0, 1, 0, NULL, NULL, NULL, 1, 2, 'PARENT', '/dashboard/system/conversations/bannedwords.php', 0, NULL, 0, 1, 0, 2, 106, 0, 0, -1, '0', 0, 1),
(110, 0, 0, 1, 0, NULL, NULL, NULL, 1, 2, 'PARENT', '/dashboard/system/conversations/permissions.php', 0, NULL, 0, 1, 0, 3, 106, 0, 0, -1, '0', 0, 1),
(111, 0, 0, 1, 0, NULL, NULL, NULL, 1, 2, 'PARENT', '/dashboard/system/attributes/view.php', 0, NULL, 0, 1, 3, 9, 59, 0, 0, -1, '0', 0, 1),
(112, 0, 0, 1, 0, NULL, NULL, NULL, 1, 2, 'PARENT', '/dashboard/system/attributes/sets.php', 0, NULL, 0, 1, 0, 0, 111, 0, 0, -1, '0', 0, 1),
(113, 0, 0, 1, 0, NULL, NULL, NULL, 1, 2, 'PARENT', '/dashboard/system/attributes/types.php', 0, NULL, 0, 1, 0, 1, 111, 0, 0, -1, '0', 0, 1),
(114, 0, 0, 1, 0, NULL, NULL, NULL, 1, 2, 'PARENT', '/dashboard/system/attributes/topics/view.php', 0, NULL, 0, 1, 1, 2, 111, 0, 0, -1, '0', 0, 1),
(115, 0, 0, 1, 0, NULL, NULL, NULL, 1, 2, 'PARENT', '/dashboard/system/attributes/topics/add.php', 0, NULL, 0, 1, 0, 0, 114, 0, 0, -1, '0', 0, 1),
(116, 0, 0, 1, 0, NULL, NULL, NULL, 1, 2, 'PARENT', '/dashboard/system/environment/view.php', 0, NULL, 0, 1, 5, 10, 59, 0, 0, -1, '0', 0, 1),
(117, 0, 0, 1, 0, NULL, NULL, NULL, 1, 2, 'PARENT', '/dashboard/system/environment/info.php', 0, NULL, 0, 1, 0, 0, 116, 0, 0, -1, '0', 0, 1),
(118, 0, 0, 1, 0, NULL, NULL, NULL, 1, 2, 'PARENT', '/dashboard/system/environment/debug.php', 0, NULL, 0, 1, 0, 1, 116, 0, 0, -1, '0', 0, 1),
(119, 0, 0, 1, 0, NULL, NULL, NULL, 1, 2, 'PARENT', '/dashboard/system/environment/logging.php', 0, NULL, 0, 1, 0, 2, 116, 0, 0, -1, '0', 0, 1),
(120, 0, 0, 1, 0, NULL, NULL, NULL, 1, 2, 'PARENT', '/dashboard/system/environment/proxy.php', 0, NULL, 0, 1, 0, 3, 116, 0, 0, -1, '0', 0, 1),
(121, 0, 0, 1, 0, NULL, NULL, NULL, 1, 2, 'PARENT', '/dashboard/system/backup/view.php', 0, NULL, 0, 1, 2, 11, 59, 0, 0, -1, '0', 0, 1),
(122, 0, 0, 1, 0, NULL, NULL, NULL, 1, 2, 'PARENT', '/dashboard/system/backup/backup.php', 0, NULL, 0, 1, 0, 0, 121, 0, 0, -1, '0', 0, 1),
(123, 0, 0, 1, 0, NULL, NULL, NULL, 1, 2, 'PARENT', '/dashboard/system/backup/update.php', 0, NULL, 0, 1, 0, 1, 121, 0, 0, -1, '0', 0, 1),
(124, 0, 0, 1, 0, NULL, NULL, NULL, 1, 2, 'PARENT', NULL, 0, NULL, 0, 1, 0, 11, 2, 0, 0, -1, '0', 0, 1),
(125, 0, 0, 1, 0, NULL, NULL, NULL, 1, 2, 'PARENT', NULL, 0, NULL, 0, 1, 0, 12, 2, 0, 0, -1, '0', 0, 1),
(126, 0, 0, 1, 0, NULL, NULL, NULL, 1, 1, 'PARENT', '/!drafts/view.php', 0, NULL, 0, 1, 0, 0, 0, 0, 0, -1, '0', 0, 1),
(127, 0, 0, 1, 0, NULL, NULL, NULL, 1, 1, 'PARENT', '/!trash/view.php', 0, NULL, 0, 1, 3, 0, 0, 0, 0, -1, '0', 0, 1),
(128, 0, 0, 1, 0, NULL, NULL, NULL, 1, 1, 'PARENT', '/!stacks/view.php', 0, NULL, 0, 1, 15, 0, 0, 0, 0, -1, '0', 0, 1),
(129, 0, 0, 1, 0, NULL, NULL, NULL, 1, 129, 'OVERRIDE', '/login.php', 0, NULL, 0, 1, 0, 0, 0, 0, 0, -1, '0', 0, 1),
(130, 0, 0, 1, 0, NULL, NULL, NULL, 1, 130, 'OVERRIDE', '/register.php', 0, NULL, 0, 1, 0, 0, 0, 0, 0, -1, '0', 0, 1),
(131, 0, 0, 1, 0, NULL, NULL, NULL, 1, 1, 'PARENT', '/account/view.php', 0, NULL, 0, 1, 3, 0, 0, 0, 0, -1, '0', 0, 1),
(132, 0, 0, 1, 0, NULL, NULL, NULL, 1, 1, 'PARENT', '/account/edit_profile.php', 0, NULL, 0, 1, 0, 0, 131, 0, 0, -1, '0', 0, 1),
(133, 0, 0, 1, 0, NULL, NULL, NULL, 1, 1, 'PARENT', '/account/avatar.php', 0, NULL, 0, 1, 0, 1, 131, 0, 0, -1, '0', 0, 1),
(134, 0, 0, 1, 0, NULL, NULL, NULL, 1, 1, 'PARENT', '/account/messages/view.php', 0, NULL, 0, 1, 1, 2, 131, 0, 0, -1, '0', 0, 1),
(135, 0, 0, 1, 0, NULL, NULL, NULL, 1, 1, 'PARENT', '/account/messages/inbox.php', 0, NULL, 0, 1, 0, 0, 134, 0, 0, -1, '0', 0, 1),
(136, 0, 0, 1, 0, NULL, NULL, NULL, 1, 1, 'PARENT', '/members/view.php', 0, NULL, 0, 1, 2, 0, 1, 0, 0, -1, '0', 0, 1),
(137, 0, 0, 1, 0, NULL, NULL, NULL, 1, 1, 'PARENT', '/members/profile.php', 0, NULL, 0, 1, 0, 0, 136, 0, 0, -1, '0', 0, 1),
(138, 0, 0, 1, 0, NULL, NULL, NULL, 1, 1, 'PARENT', '/members/directory.php', 0, NULL, 0, 1, 0, 1, 136, 0, 0, -1, '0', 0, 1),
(139, 0, 0, 1, 0, NULL, NULL, NULL, 1, 1, 'PARENT', '/page_not_found.php', 0, NULL, 0, 1, 0, 1, 0, 0, 0, -1, '0', 0, 1),
(140, 0, 0, 1, 0, NULL, NULL, NULL, 1, 1, 'PARENT', '/page_forbidden.php', 0, NULL, 0, 1, 0, 1, 0, 0, 0, -1, '0', 0, 1),
(141, 0, 0, 1, 0, NULL, NULL, NULL, 1, 1, 'PARENT', '/download_file.php', 0, NULL, 0, 1, 0, 1, 1, 0, 0, -1, '0', 0, 1),
(142, 5, 1, NULL, 0, NULL, NULL, NULL, 1, 142, 'OVERRIDE', NULL, 0, NULL, 0, 1, 0, 0, 0, 0, 0, -1, '0', 0, 0),
(143, 1, 0, 1, 0, NULL, NULL, NULL, 1, 1, 'PARENT', NULL, 0, NULL, 0, 1, 0, 0, 128, 0, 0, -1, '0', 0, 1),
(144, 1, 0, 1, 0, NULL, NULL, NULL, 1, 1, 'PARENT', NULL, 0, NULL, 0, 1, 0, 1, 128, 0, 0, -1, '0', 0, 1),
(145, 1, 0, 1, 0, NULL, NULL, NULL, 1, 1, 'PARENT', NULL, 0, NULL, 0, 1, 0, 2, 128, 0, 0, -1, '0', 0, 1),
(146, 1, 0, 1, 0, NULL, NULL, NULL, 1, 1, 'PARENT', NULL, 0, NULL, 0, 1, 0, 3, 128, 0, 0, -1, '0', 0, 1),
(147, 1, 0, 1, 0, NULL, NULL, NULL, 1, 1, 'PARENT', NULL, 0, NULL, 0, 1, 0, 4, 128, 0, 0, -1, '0', 0, 1),
(148, 5, 0, 1, 0, NULL, NULL, NULL, 1, 1, 'PARENT', NULL, 0, NULL, 0, 1, 2, 2, 1, 0, 1, -1, '0', 0, 0),
(149, 1, 0, 1, 0, NULL, NULL, NULL, 1, 1, 'PARENT', NULL, 0, NULL, 0, 1, 0, 5, 128, 0, 0, -1, '0', 0, 1),
(150, 1, 0, 1, 0, NULL, NULL, NULL, 1, 1, 'PARENT', NULL, 0, NULL, 0, 1, 0, 6, 128, 0, 0, -1, '0', 0, 1),
(151, 1, 0, 1, 0, NULL, NULL, NULL, 1, 1, 'PARENT', NULL, 0, NULL, 0, 1, 0, 7, 128, 0, 0, -1, '0', 0, 1),
(152, 1, 0, 1, 0, NULL, NULL, NULL, 1, 1, 'PARENT', NULL, 0, NULL, 0, 1, 0, 8, 128, 0, 0, -1, '0', 0, 1),
(153, 1, 0, 1, 0, NULL, NULL, NULL, 1, 1, 'PARENT', NULL, 0, NULL, 0, 1, 0, 9, 128, 0, 0, -1, '0', 0, 1),
(154, 1, 0, 1, 0, NULL, NULL, NULL, 1, 1, 'PARENT', NULL, 0, NULL, 0, 1, 0, 10, 128, 0, 0, -1, '0', 0, 1),
(155, 1, 0, 1, 0, NULL, NULL, NULL, 1, 1, 'PARENT', NULL, 0, NULL, 0, 1, 0, 11, 128, 0, 0, -1, '0', 0, 1),
(156, 1, 0, 1, 0, NULL, NULL, NULL, 1, 1, 'PARENT', NULL, 0, NULL, 0, 1, 0, 12, 128, 0, 0, -1, '0', 0, 1),
(157, 1, 0, 1, 0, NULL, NULL, NULL, 1, 1, 'PARENT', NULL, 0, NULL, 0, 1, 0, 13, 128, 0, 0, -1, '0', 0, 1),
(158, 1, 0, 1, 0, NULL, NULL, NULL, 1, 1, 'PARENT', NULL, 0, NULL, 0, 1, 0, 14, 128, 0, 0, -1, '0', 0, 1),
(159, 5, 0, 1, 0, NULL, NULL, NULL, 1, 1, 'PARENT', NULL, 0, NULL, 0, 1, 0, 1, 148, 0, 148, -1, '0', 0, 0),
(160, 5, 0, 1, 0, NULL, NULL, NULL, 1, 1, 'PARENT', NULL, 0, NULL, 0, 1, 2, 3, 1, 0, 0, -1, '0', 0, 0),
(161, 5, 0, 1, 0, NULL, NULL, NULL, 1, 1, 'PARENT', NULL, 0, NULL, 0, 1, 0, 2, 160, 0, 160, -1, '0', 0, 0),
(162, 5, 0, 1, 0, NULL, NULL, NULL, 1, 1, 'PARENT', NULL, 0, NULL, 0, 1, 1, 3, 160, 0, 0, -1, '0', 0, 0),
(163, 5, 0, 1, 0, NULL, NULL, NULL, 1, 1, 'PARENT', NULL, 0, NULL, 0, 0, 0, 4, 127, 0, 0, -1, '0', 0, 1),
(164, 5, 0, 1, 0, NULL, NULL, NULL, 1, 1, 'PARENT', NULL, 0, NULL, 0, 0, 0, 5, 127, 0, 159, -1, '0', 0, 1),
(165, 5, 0, 1, 0, NULL, NULL, NULL, 1, 1, 'PARENT', NULL, 0, NULL, 0, 1, 3, 2, 148, 0, 0, -1, '0', 0, 0),
(166, 5, 0, 1, 0, NULL, NULL, NULL, 1, 1, 'PARENT', NULL, 0, NULL, 0, 1, 0, 1, 165, 0, 165, -1, '0', 0, 0),
(167, 5, 0, 1, 0, NULL, NULL, NULL, 1, 1, 'PARENT', NULL, 0, NULL, 0, 0, 0, 6, 127, 0, 0, -1, '0', 0, 1),
(168, 5, 0, 1, 0, NULL, NULL, NULL, 1, 1, 'PARENT', NULL, 0, NULL, 0, 1, 0, 2, 165, 0, 165, -1, '0', 0, 0),
(169, 5, 0, 1, 0, NULL, NULL, NULL, 1, 1, 'PARENT', NULL, 0, NULL, 0, 1, 0, 3, 165, 0, 165, -1, '0', 0, 0),
(170, 5, 1, NULL, 0, NULL, NULL, NULL, 1, 170, 'OVERRIDE', NULL, 0, NULL, 0, 1, 0, 0, 0, 0, 0, -1, '0', 0, 0),
(171, 5, 0, 1, 0, NULL, NULL, NULL, 1, 1, 'PARENT', NULL, 0, NULL, 0, 1, 0, 1, 172, 0, 172, -1, '0', 0, 0),
(172, 5, 0, 1, 0, NULL, NULL, NULL, 1, 1, 'PARENT', NULL, 0, NULL, 0, 1, 3, 2, 162, 0, 162, -1, '0', 0, 0),
(173, 5, 0, 1, 0, NULL, NULL, NULL, 1, 1, 'PARENT', NULL, 0, NULL, 0, 1, 0, 2, 172, 0, 0, -1, '0', 0, 0),
(174, 5, 0, 1, 0, NULL, NULL, NULL, 1, 1, 'PARENT', NULL, 0, NULL, 0, 1, 0, 3, 172, 0, 0, -1, '0', 0, 0),
(175, 0, 0, 1, 0, NULL, NULL, NULL, 1, 2, 'PARENT', '/dashboard/system/environment/entities.php', 0, NULL, 0, 1, 0, 4, 116, 0, 0, -1, '0', 0, 1),
(176, 0, 0, 1, 0, NULL, NULL, NULL, 1, 2, 'PARENT', '/dashboard/system/multilingual/copy.php', 0, NULL, 0, 1, 0, 3, 68, 0, 0, -1, '0', 0, 1);

-- --------------------------------------------------------

--
-- Structure de la table `PageSearchIndex`
--

DROP TABLE IF EXISTS `PageSearchIndex`;
CREATE TABLE `PageSearchIndex` (
  `cID` int(10) unsigned NOT NULL DEFAULT '0',
  `content` longtext COLLATE utf8_unicode_ci,
  `cName` varchar(255) COLLATE utf8_unicode_ci DEFAULT NULL,
  `cDescription` text COLLATE utf8_unicode_ci,
  `cPath` text COLLATE utf8_unicode_ci,
  `cDatePublic` datetime DEFAULT NULL,
  `cDateLastIndexed` datetime DEFAULT NULL,
  `cDateLastSitemapped` datetime DEFAULT NULL,
  `cRequiresReindex` tinyint(1) DEFAULT '0'
) ENGINE=MyISAM DEFAULT CHARSET=utf8 COLLATE=utf8_unicode_ci;

--
-- Contenu de la table `PageSearchIndex`
--

INSERT INTO `PageSearchIndex` (`cID`, `content`, `cName`, `cDescription`, `cPath`, `cDatePublic`, `cDateLastIndexed`, `cDateLastSitemapped`, `cRequiresReindex`) VALUES
(2, '', 'Dashboard', '', '/dashboard', '2015-01-18 20:12:42', '2015-01-18 20:12:46', NULL, 0),
(3, '', 'Sitemap', 'Whole world at a glance.', '/dashboard/sitemap', '2015-01-18 20:12:42', '2015-01-18 20:12:46', NULL, 0),
(4, '', 'Full Sitemap', '', '/dashboard/sitemap/full', '2015-01-18 20:12:42', '2015-01-18 20:12:46', NULL, 0),
(5, '', 'Flat View', '', '/dashboard/sitemap/explore', '2015-01-18 20:12:42', '2015-01-18 20:12:46', NULL, 0),
(6, '', 'Page Search', '', '/dashboard/sitemap/search', '2015-01-18 20:12:42', '2015-01-18 20:12:46', NULL, 0),
(8, '', 'File Manager', '', '/dashboard/files/search', '2015-01-18 20:12:42', '2015-01-18 20:12:46', NULL, 0),
(9, '', 'Attributes', '', '/dashboard/files/attributes', '2015-01-18 20:12:43', '2015-01-18 20:12:46', NULL, 0),
(10, '', 'File Sets', '', '/dashboard/files/sets', '2015-01-18 20:12:43', '2015-01-18 20:12:46', NULL, 0),
(11, '', 'Add File Set', '', '/dashboard/files/add_set', '2015-01-18 20:12:43', '2015-01-18 20:12:46', NULL, 0),
(12, '', 'Members', 'Add and manage the user accounts and groups on your website.', '/dashboard/users', '2015-01-18 20:12:43', '2015-01-18 20:12:46', NULL, 0),
(13, '', 'Search Users', '', '/dashboard/users/search', '2015-01-18 20:12:43', '2015-01-18 20:12:46', NULL, 0),
(14, '', 'User Groups', '', '/dashboard/users/groups', '2015-01-18 20:12:43', '2015-01-18 20:12:46', NULL, 0),
(15, '', 'Attributes', '', '/dashboard/users/attributes', '2015-01-18 20:12:43', '2015-01-18 20:12:46', NULL, 0),
(16, '', 'Add User', '', '/dashboard/users/add', '2015-01-18 20:12:43', '2015-01-18 20:12:47', NULL, 0),
(17, '', 'Add Group', '', '/dashboard/users/add_group', '2015-01-18 20:12:43', '2015-01-18 20:12:47', NULL, 0),
(19, '', 'Group Sets', '', '/dashboard/users/group_sets', '2015-01-18 20:12:43', '2015-01-18 20:12:47', NULL, 0),
(20, '', 'Community Points', NULL, '/dashboard/users/points', '2015-01-18 20:12:43', '2015-01-18 20:12:47', NULL, 0),
(22, '', 'Actions', NULL, '/dashboard/users/points/actions', '2015-01-18 20:12:43', '2015-01-18 20:12:47', NULL, 0),
(23, '', 'Reports', 'Get data from forms and logs.', '/dashboard/reports', '2015-01-18 20:12:43', '2015-01-18 20:12:47', NULL, 0),
(24, '', 'Form Results', 'Get submission data.', '/dashboard/reports/forms', '2015-01-18 20:12:43', '2015-01-18 20:12:47', NULL, 0),
(25, '', 'Surveys', '', '/dashboard/reports/surveys', '2015-01-18 20:12:43', '2015-01-18 20:12:47', NULL, 0),
(26, '', 'Logs', '', '/dashboard/reports/logs', '2015-01-18 20:12:43', '2015-01-18 20:12:47', NULL, 0),
(28, '', 'Themes', 'Reskin your site.', '/dashboard/pages/themes', '2015-01-18 20:12:43', '2015-01-18 20:12:47', NULL, 0),
(29, '', 'Inspect', '', '/dashboard/pages/themes/inspect', '2015-01-18 20:12:43', '2015-01-18 20:12:47', NULL, 0),
(31, '', 'Organize Page Type Order', '', '/dashboard/pages/types/organize', '2015-01-18 20:12:43', '2015-01-18 20:12:47', NULL, 0),
(32, '', 'Add Page Type', '', '/dashboard/pages/types/add', '2015-01-18 20:12:43', '2015-01-18 20:12:47', NULL, 0),
(33, '', 'Compose Form', '', '/dashboard/pages/types/form', '2015-01-18 20:12:43', '2015-01-18 20:12:47', NULL, 0),
(34, '', 'Defaults and Output', '', '/dashboard/pages/types/output', '2015-01-18 20:12:43', '2015-01-18 20:12:47', NULL, 0),
(35, '', 'Page Type Attributes', '', '/dashboard/pages/types/attributes', '2015-01-18 20:12:43', '2015-01-18 20:12:47', NULL, 0),
(36, '', 'Page Type Permissions', '', '/dashboard/pages/types/permissions', '2015-01-18 20:12:43', '2015-01-18 20:12:47', NULL, 0),
(38, '', 'Add Page Template', 'Add page templates to your site.', '/dashboard/pages/templates/add', '2015-01-18 20:12:43', '2015-01-18 20:12:47', NULL, 0),
(39, '', 'Attributes', '', '/dashboard/pages/attributes', '2015-01-18 20:12:43', '2015-01-18 20:12:47', NULL, 0),
(40, '', 'Single Pages', '', '/dashboard/pages/single', '2015-01-18 20:12:43', '2015-01-18 20:12:47', NULL, 0),
(41, '', 'RSS Feeds', '', '/dashboard/pages/feeds', '2015-01-18 20:12:43', '2015-01-18 20:12:47', NULL, 0),
(43, '', 'Messages', '', '/dashboard/conversations/messages', '2015-01-18 20:12:44', '2015-01-18 20:12:47', NULL, 0),
(44, '', 'Workflow', '', '/dashboard/workflow', '2015-01-18 20:12:44', '2015-01-18 20:12:47', NULL, 0),
(48, '', 'Stacks', 'Share content across your site.', '/dashboard/blocks/stacks', '2015-01-18 20:12:44', '2015-01-18 20:12:47', NULL, 0),
(50, '', 'Stack List', '', '/dashboard/blocks/stacks/list', '2015-01-18 20:12:44', '2015-01-18 20:12:47', NULL, 0),
(51, '', 'Block Types', 'Manage the installed block types in your site.', '/dashboard/blocks/types', '2015-01-18 20:12:44', '2015-01-18 20:12:47', NULL, 0),
(52, '', 'Extend concrete5', '', '/dashboard/extend', '2015-01-18 20:12:44', '2015-01-18 20:12:47', NULL, 0),
(53, '', 'Dashboard', '', '/dashboard/news', '2015-01-18 20:12:44', '2015-01-18 20:12:47', NULL, 0),
(54, '', 'Add Functionality', 'Install add-ons & themes.', '/dashboard/extend/install', '2015-01-18 20:12:44', '2015-01-18 20:12:48', NULL, 0),
(55, '', 'Update Add-Ons', 'Update your installed packages.', '/dashboard/extend/update', '2015-01-18 20:12:44', '2015-01-18 20:12:48', NULL, 0),
(56, '', 'Connect to the Community', 'Connect to the concrete5 community.', '/dashboard/extend/connect', '2015-01-18 20:12:44', '2015-01-18 20:12:48', NULL, 0),
(57, '', 'Get More Themes', 'Download themes from concrete5.org.', '/dashboard/extend/themes', '2015-01-18 20:12:44', '2015-01-18 20:12:48', NULL, 0),
(58, '', 'Get More Add-Ons', 'Download add-ons from concrete5.org.', '/dashboard/extend/addons', '2015-01-18 20:12:44', '2015-01-18 20:12:48', NULL, 0),
(59, '', 'System & Settings', 'Secure and setup your site.', '/dashboard/system', '2015-01-18 20:12:44', '2015-01-18 20:12:48', NULL, 0),
(61, '', 'Site Name', '', '/dashboard/system/basics/name', '2015-01-18 20:12:44', '2015-01-18 20:12:48', NULL, 0),
(62, '', 'Accessibility', '', '/dashboard/system/basics/accessibility', '2015-01-18 20:12:44', '2015-01-18 20:12:48', NULL, 0),
(63, '', 'Social Links', '', '/dashboard/system/basics/social', '2015-01-18 20:12:44', '2015-01-18 20:12:48', NULL, 0),
(64, '', 'Bookmark Icons', 'Bookmark icon and mobile home screen icon setup.', '/dashboard/system/basics/icons', '2015-01-18 20:12:44', '2015-01-18 20:12:48', NULL, 0),
(65, '', 'Rich Text Editor', '', '/dashboard/system/basics/editor', '2015-01-18 20:12:44', '2015-01-18 20:12:48', NULL, 0),
(66, '', 'Languages', '', '/dashboard/system/basics/multilingual', '2015-01-18 20:12:44', '2015-01-18 20:12:48', NULL, 0),
(67, '', 'Time Zone', '', '/dashboard/system/basics/timezone', '2015-01-18 20:12:44', '2015-01-18 20:12:48', NULL, 0),
(68, '', 'Multilingual', 'Run your site in multiple languages.', '/dashboard/system/multilingual', '2015-01-18 20:12:44', '2015-01-18 20:12:48', NULL, 0),
(73, '', 'Pretty URLs', '', '/dashboard/system/seo/urls', '2015-01-18 20:12:44', '2015-01-18 20:12:48', NULL, 0),
(74, '', 'Bulk SEO Updater', '', '/dashboard/system/seo/bulk', '2015-01-18 20:12:44', '2015-01-18 20:12:48', NULL, 0),
(75, '', 'Tracking Codes', '', '/dashboard/system/seo/codes', '2015-01-18 20:12:44', '2015-01-18 20:12:48', NULL, 0),
(76, '', 'Excluded URL Word List', '', '/dashboard/system/seo/excluded', '2015-01-18 20:12:44', '2015-01-18 20:12:48', NULL, 0),
(77, '', 'Search Index', '', '/dashboard/system/seo/searchindex', '2015-01-18 20:12:44', '2015-01-18 20:12:48', NULL, 0),
(79, '', 'File Manager Permissions', '', '/dashboard/system/files/permissions', '2015-01-18 20:12:44', '2015-01-18 20:12:48', NULL, 0),
(80, '', 'Allowed File Types', '', '/dashboard/system/files/filetypes', '2015-01-18 20:12:45', '2015-01-18 20:12:48', NULL, 0),
(81, '', 'Thumbnails', '', '/dashboard/system/files/thumbnails', '2015-01-18 20:12:45', '2015-01-18 20:12:48', NULL, 0),
(82, '', 'File Storage Locations', '', '/dashboard/system/files/storage', '2015-01-18 20:12:45', '2015-01-18 20:12:48', NULL, 0),
(84, '', 'Cache & Speed Settings', '', '/dashboard/system/optimization/cache', '2015-01-18 20:12:45', '2015-01-18 20:12:48', NULL, 0),
(85, '', 'Clear Cache', '', '/dashboard/system/optimization/clearcache', '2015-01-18 20:12:45', '2015-01-18 20:12:48', NULL, 0),
(86, '', 'Automated Jobs', '', '/dashboard/system/optimization/jobs', '2015-01-18 20:12:45', '2015-01-18 20:12:48', NULL, 0),
(87, '', 'Database Query Log', '', '/dashboard/system/optimization/query_log', '2015-01-18 20:12:45', '2015-01-18 20:12:48', NULL, 0),
(89, '', 'Site Access', '', '/dashboard/system/permissions/site', '2015-01-18 20:12:45', '2015-01-18 20:12:48', NULL, 0),
(90, '', 'Task Permissions', '', '/dashboard/system/permissions/tasks', '2015-01-18 20:12:45', '2015-01-18 20:12:48', NULL, 0),
(93, '', 'IP Blacklist', '', '/dashboard/system/permissions/blacklist', '2015-01-18 20:12:45', '2015-01-18 20:12:48', NULL, 0),
(94, '', 'Captcha Setup', '', '/dashboard/system/permissions/captcha', '2015-01-18 20:12:45', '2015-01-18 20:12:48', NULL, 0),
(95, '', 'Spam Control', '', '/dashboard/system/permissions/antispam', '2015-01-18 20:12:45', '2015-01-18 20:12:48', NULL, 0),
(96, '', 'Maintenance Mode', '', '/dashboard/system/permissions/maintenance', '2015-01-18 20:12:45', '2015-01-18 20:12:48', NULL, 0),
(98, '', 'Login Destination', '', '/dashboard/system/registration/postlogin', '2015-01-18 20:12:45', '2015-01-18 20:12:48', NULL, 0),
(99, '', 'Public Profiles', '', '/dashboard/system/registration/profiles', '2015-01-18 20:12:45', '2015-01-18 20:12:48', NULL, 0),
(100, '', 'Public Registration', '', '/dashboard/system/registration/open', '2015-01-18 20:12:45', '2015-01-18 20:12:49', NULL, 0),
(101, '', 'Authentication Types', '', '/dashboard/system/registration/authentication', '2015-01-18 20:12:45', '2015-01-18 20:12:49', NULL, 0),
(102, '', 'Email', 'Control how your site send and processes mail.', '/dashboard/system/mail', '2015-01-18 20:12:45', '2015-01-18 20:12:49', NULL, 0),
(103, '', 'SMTP Method', '', '/dashboard/system/mail/method', '2015-01-18 20:12:45', '2015-01-18 20:12:49', NULL, 0),
(104, '', 'Test Mail Settings', '', '/dashboard/system/mail/method/test', '2015-01-18 20:12:45', '2015-01-18 20:12:49', NULL, 0),
(105, '', 'Email Importers', '', '/dashboard/system/mail/importers', '2015-01-18 20:12:45', '2015-01-18 20:12:49', NULL, 0),
(106, '', 'Conversations', 'Manage your conversations settings', '/dashboard/system/conversations', '2015-01-18 20:12:45', '2015-01-18 20:12:49', NULL, 0),
(107, '', 'Settings', '', '/dashboard/system/conversations/settings', '2015-01-18 20:12:45', '2015-01-18 20:12:49', NULL, 0),
(108, '', 'Community Points', '', '/dashboard/system/conversations/points', '2015-01-18 20:12:45', '2015-01-18 20:12:49', NULL, 0),
(109, '', 'Banned Words', '', '/dashboard/system/conversations/bannedwords', '2015-01-18 20:12:45', '2015-01-18 20:12:49', NULL, 0),
(111, '', 'Attributes', 'Setup attributes for pages, users, files and more.', '/dashboard/system/attributes', '2015-01-18 20:12:45', '2015-01-18 20:12:49', NULL, 0),
(112, '', 'Sets', 'Group attributes into sets for easier organization', '/dashboard/system/attributes/sets', '2015-01-18 20:12:45', '2015-01-18 20:12:49', NULL, 0),
(113, '', 'Types', 'Choose which attribute types are available for different items.', '/dashboard/system/attributes/types', '2015-01-18 20:12:45', '2015-01-18 20:12:49', NULL, 0),
(114, '', 'Topics', '', '/dashboard/system/attributes/topics', '2015-01-18 20:12:45', '2015-01-18 20:12:49', NULL, 0),
(116, NULL, NULL, NULL, NULL, NULL, NULL, NULL, 0),
(117, '', 'Environment Information', '', '/dashboard/system/environment/info', '2015-01-18 20:12:45', '2015-01-18 20:12:49', NULL, 0),
(118, '', 'Debug Settings', '', '/dashboard/system/environment/debug', '2015-01-18 20:12:46', '2015-01-18 20:12:49', NULL, 0),
(119, '', 'Logging Settings', '', '/dashboard/system/environment/logging', '2015-01-18 20:12:46', '2015-01-18 20:12:49', NULL, 0),
(120, '', 'Proxy Server', '', '/dashboard/system/environment/proxy', '2015-01-18 20:12:46', '2015-01-18 20:12:49', NULL, 0),
(121, '', 'Backup & Restore', 'Backup or restore your website.', '/dashboard/system/backup', '2015-01-18 20:12:46', '2015-01-18 20:12:49', NULL, 0),
(123, '', 'Update concrete5', '', '/dashboard/system/backup/update', '2015-01-18 20:12:46', '2015-01-18 20:12:49', NULL, 0),
(124, '                                        ', 'Welcome to concrete5', 'Learn about how to use concrete5, how to develop for concrete5, and get general help.', '/dashboard/welcome', '2015-01-18 20:12:46', '2015-01-18 20:12:49', NULL, 0),
(125, '', 'Customize Dashboard Home', '', '/dashboard/home', '2015-01-18 20:12:46', '2015-01-18 20:12:50', NULL, 0),
(126, '', 'Drafts', '', '/!drafts', '2015-01-18 20:12:50', '2015-01-18 20:12:50', NULL, 0),
(127, '', 'Trash', '', '/!trash', '2015-01-18 20:12:50', '2015-01-18 20:12:50', NULL, 0),
(128, '', 'Stacks', '', '/!stacks', '2015-01-18 20:12:50', '2015-01-18 20:12:50', NULL, 0),
(131, '', 'My Account', '', '/account', '2015-01-18 20:12:50', '2015-01-18 20:12:50', NULL, 0),
(1, 'Last Addons      I build great things for Concrete5 Last Themes Here is the new version of Myconcretelab.  I need some times to re-build with new addons and themes compatible with the new Concrete5.7. I beg your indulgence and a little more patience. Sebastien J.  ', 'Home', '', NULL, '2015-01-18 20:10:11', '2015-01-25 20:09:32', NULL, 0),
(148, 'Addons ', 'Addons', '', '/addons', '2015-01-18 20:17:16', '2015-01-19 10:27:17', NULL, 0),
(144, '', 'Header Navigation', NULL, '/!stacks/header-navigation', '2015-01-18 20:13:52', '2015-04-27 08:17:47', NULL, 0),
(149, '', 'Responsive Navigation', NULL, '/!stacks/responsive-navigation', '2015-01-18 20:18:07', '2015-01-18 20:28:00', NULL, 0),
(150, '', 'Header Info', NULL, '/!stacks/header-info', '2015-01-18 20:18:07', '2015-01-18 20:28:00', NULL, 0),
(152, '', 'Site Name', NULL, '/!stacks/site-name', '2015-01-18 20:18:07', '2015-01-18 20:28:00', NULL, 0),
(159, 'A gallery with Basic template On this template, all images is cropped to create uniformity.  A gallery with all default settings Displaying photos as a grid with 4 columns and a simple Lightbox.  Natively, this template use a masonry layout mode to display thumbnails. It provide tags filtering and text filtering (both in option). All images is lazy loading : a very light grey image is firstly displayed then replaced by a retina thumbnail image.    	    Fully responsive grid and popupMasonry layout mode on certain template	    Lazy Load Feature	    Powerful filtering	    Searching system	    Auto cuts the height of the thumbnails with CSS techniques (with basic template)	    Full width, the grid will adapt to the 100% of its container.	    You can specify a special number of columns for a imageDisplay a personal date forma in option	    CSS3 Effects and GPU acceleration	    Easy implementation	    Compatible with Twitter Bootstrap	    Deactivate and Activate Features through edit.	    Fully customizable and adaptable to your needs A Gallery with Masonry template and Intense Lightbox On this template, the hover background color, opacity and text color is customizable to your need. Filtering are enabled.  Easy image Gallery   	A gallery developed for easy image management    	Documentation  ', 'Easy Gallery', 'Easy Image made gallery easy for your client.', '/addons/easy-gallery', '2015-01-18 20:28:00', '2015-04-16 08:22:48', NULL, 0),
(160, 'Awesome templates ', 'Themes', '', '/theme', '2015-01-18 20:17:16', '2015-04-27 08:18:24', NULL, 0),
(161, 'Vedana   A perfectly crafted template that use all the power of concret5.7  Complete, modern, responsive theme for Concrete5.7 Vedana is a complete theme, very modern and adapting gracefully to all screens. It has been designed and coded with great care for all and especially for details. Each element of this theme has been created with love and attention.  Its ease of use thanks, among other things, its super optimized color management, you will create your site quickly and especially with great pleasure.   His numerous presets allow you to have a base of departure and elegant for your business or your client.   Great care was also given to the many visual features that make navigation fun and happy.   Smart strucure of pages allow you to create an infinite number of layout with ease thanks to its exhaustive documentation.   Vedana is the result of know-how experienced a designer present in Concrete5 since the beginning.  Super Feature included : Video From youtube on full headerA super slideshow for your work (click on the "Last Ambitious Work" items)Super Animation on page-scrollA Block that write sentences for your client (on Home page Too)A full Header Image to turn your page into something really modern4 Super Themes presetA Stunning mobile experience and NavigationMore and more !If you like numbers, Vedana is:  Over 18 custom templates across 9 blocks. More than 30 personalized classes spread over 11 blocks. 4 preset themes personalizing the color scheme and fonts. ..    	Buy on Concrete5    	Demo Site  ', 'Vedana', 'A perfectly crafted template that use all the power of concret5.7', '/theme/vedana', '2015-01-18 20:28:00', '2015-01-25 20:03:09', NULL, 0),
(162, 'Anitya     Anitya responsive suit, perfectly crafted design for any kind of website.     	Buy on Concrete5    	Demo Site  Anitya is a complete theme, very modern and adapting gracefully to all screens.  It has been designed and coded with great care for all and especially for details. Each element of this theme has been created with love and attention.   Its ease of use thanks, among other things, its super optimized color management, you will create your site quickly and especially with great pleasure.   His numerous presets allow you to have a base of departure and elegant for your business or your client.   Great care was also given to the many visual features that make navigation fun and happy.   Smart strucure of pages allow you to create an infinite number of layout with ease thanks to its exhaustive documentation.   Anitya is the result of know-how experienced a designer present in Concrete5 since the beginning.  Documentation Anitya is the easier theme from MyconcreteLab to work with, thanks to all new features in concrete5.7 that take care of tons of design management. In this case tons of answers can be found in the official documentation from Concrete5.org  In this section i explain things that is specific to Anitya, his structure, classes, attributes,.. but nothing about installation, customization, .. where concrete5.org are deeply, substantially, more effective than me.  In any way, I''m listening to all your questions, problems or bugs you encounter when using this theme. To do this, simply create a support ticket via the theme page on concrete5.  Thank you.  Documentation ', 'Anitya', 'Anitya responsive suit, perfectly crafted design for any kind of website.', '/theme/anitya', '2015-01-18 20:28:00', '2015-04-27 08:26:41', NULL, 0),
(163, 'Easy image Gallery A gallery developed for easy image management  A gallery with all default settings Displaying photos as a grid with 4 columns and a simple Lightbox  A Gallery with Masonery template and Intense Lightbox   	  	In this example, the template masonery work to display image in a perfect grid. To do that the gallery add a specific class for vertical and horizontal image. With CSS these image are set with a fixed height :   .img-wrap.vertical     { height:400px; } .img-wrap.horizontal { height:200px; }     	  	So the height of vertical image are double of theight of horizontal one. You will need to change these value perhaps for some configuration  ', 'Easy Gallery 2', 'Easy Image made gallery easy for your client.', '/addons/easy-gallery/easy-gallery-2', '2015-01-18 20:28:00', '2015-02-05 14:17:42', NULL, 0),
(164, '', 'Documentation', 'Easy Gallery documentation', '/addons/easy-gallery/documentation', '2015-04-16 08:21:00', '2015-04-16 08:22:48', NULL, 0),
(165, 'Editing Screenshots Easy Slider & Carousel             	A Touch enabled Carousel that lets you create beautiful responsive carousel slider.  Made with OWL slider jQuery Plugin     More demos Demo Features  Easy implementationConcrete5 Composer Ready1 slide or Carousel modeInline editing (no dashboard pages or popup)Fully responsive2 Lightboxes or images links	              CSS3 Effects and GPU acceleration	              Compatible with Twitter BootstrapCool effects with color variations	              Deactivate and Activate Features through edit.	              Fully customizable and adaptable to your needs Documentation  General Settings  Items to show: Number of item visible. Set to 1 to have a slider  margin between items : Only used when more than 1 item  Slide Speed: in milliseconds (1000ms for 1s)  Auto Play : Check to enable and set a interval in milliseconds  Info Box on Hover : The color of the square with title and description on the main template. This setting is override if a color is set on a image (see bellow)  Gallery Background Color : Set the background color of the gallery (transparent by default). This settings is overrided by items colors, when it is in first place, if color transitions is enabled  Color Transitions : Enable if you want cool colors transitions of the gallery background color.   Lightbox settings  Lightbox : Choose a light box. 2 Lightbox are present for now : Fancybox or The Intense Gallery  Lightbox overlay color : The color of the overlay. Light Grey by default  Lightbox overlay opacity (from 0 to 1) : The opacity of the bg above.  Display Title in Lightbox  Display Description in Lightbox : Only with Intense Gallery   Advanced settings  Dots Navigation : Enable / Disable dots pagination. Every dots represent a set of items.  Navigation + Navigation text : Enable the item per item navigation + Text on each (html like icon from fontawesome are accepted)  Loop Navigation : If the slide is on the last slide and we click on ''next'' it rewind the slide.  Responsive Container : This setting is only used when the block is placed on a full width Area (in your theme). In this case you can activate this option to have the gallery container (with the colored background) that take full width and the content (images) that are constrained in a responsive container based on bootstrap container widths.  Image edition ', 'Easy Slider', 'Easy Image made gallery easy for your client.', '/addons/easy-slider', '2015-01-18 20:28:00', '2015-04-24 12:11:28', NULL, 0),
(166, '   	 Back to Easy Slider   Full Width   	The gallery can be added to a full width Area. This is only possible if your theme contains full width areas.   Settings for this example :       	items : 5      	margin : 10    More Examples ', 'Full Width', 'A gallery in a full width container, with responsive container Disabled', '/addons/easy-slider/full-width', '2015-04-23 06:21:38', '2015-04-23 06:43:38', NULL, 0),
(167, 'Full Width The gallery can be added to a full width Area. This is only possible if your theme contains full width areas. Settings for this example : items : 5  margin : 10  ', 'Full Width Responsive + background', 'A gallery in a full width container, with responsive container Enabled and a background color', '/addons/easy-slider/full-width-responsive-background', '2015-04-23 06:21:00', '2015-04-23 06:36:33', NULL, 0),
(168, 'More Examples    	 Back to Easy Slider Responsive Full Width with color Transitions   	  	The gallery have been added to a full width Area. Colors have bee set on each image and the option "Color Transitions" have been activated. The result is a gallery where the background change to the color of each image. If no color is set on a image, the gallery take the global color BG set in options.    	The interest of "Responsive Container" is only if you want to have a full with colored  gallery but where images have same witdh as your page content. The responsive container respect Bootstrap responsive widths. Settings for this example :             	items : 1    	Color Transitions : ON  Responsive Container : ON  Navigation : ON  Dots : NO  Loop : ON  Custom Next/prev text from here : http://fontawesome.io/icon/hand-o-left/ Custom template :  One Slide : This custom template is used here only for the caption position and size that is optimized for 1 item.  ', 'Full Width Responsive + Color background', 'A gallery in a full width container, with responsive container and color transitions Enabled.', '/addons/easy-slider/full-width-responsive-color-background', '2015-04-23 06:21:38', '2015-04-23 07:21:47', NULL, 0),
(169, 'More Examples    	 Back to Easy Slider Lazy load with placeholder Only images visible are loaded, great for large galleries Settings for this example :                     	items : 4  Responsive Container : ON  Lazy Load : ON  Show Description : ON Custom template :  None  ', 'Lazy Loading', 'Only visibles images are loaded', '/addons/easy-slider/full-width-responsive-outside-visible', '2015-04-23 06:21:38', '2015-04-23 19:56:12', NULL, 0),
(172, '', 'Documentation', '', '/theme/anitya/documentation', '2015-04-27 08:28:22', '2015-04-27 08:29:14', NULL, 0),
(171, 'Documentation Custom templates for blocks   	Custom templates change the look and feel of a block. If you''re new on this check this.  Autonav   	Anitya Breadcrumb    	  	 Displays a Breadcrumb responsive. It can be displayed as well as anywhere perfectly adapts to the size of the container.    	Anitya Header    	  	Used for display navigation in the main navigation at the top of the site.    	Anitya Horizontal boxes    	  	Displays a nice horizontal navigation block. Adapted especially for the Area "Sub header»    	Anitya Responsive Full Screen    	  	This template is only used for navigation on mobile. There is an Area "Responsive Navigation" reserved for him at the top of each page.    	Anitya Vertical Boxes    	  	Same as horizontal boxes but this time vertically, surprising right? Feature   	  	Anitya Long Shadow Box    	This template will display the icon in a square the size of its container. It is suitable in structure to three or four columns.    	  	Anitya Long Shadow Box Flip    	Same as the previous QUF that the text is in front of the icon with a nice effect Flip    	  	Anitya Long Shadow    	Another way to show your icon    	  	Anitya Tiny Box Long Shadow    	was created to feature vertically stacked. She appeared with a Flip effect on the page. Image   	  	Anitya Header    	Was designed to help you manage the image of the top banner with a picture block rather than attribute ''thumbnail. The height of the image will be removed from the "maximum height adjustment of picture box. More in category structure. Next Previous   	  	Anitya Blog    	Allows you to display the buttons in the style of Anita. Page List   	  	Anitya Date event    	designed for calendars where the text is important.    	  	Anitya Date Based Image    	designed for calendars where the image is important.    	  	Based anitya Image    	designed for portfolio, where image is important.    	  	Based anitya Text    	Was designed to display news, blog, any page where the text is more important than the image.   	Share This Page   	  	Anitya Button    	Displays the buttons in the style of Anitya   	Social Links   	  	Big anitya    	Displays large icons   	testimonial   	  	Anitya Small Box    	Designed to display multiple block    	  	Anitya Box    	Designed to highlight the most important evidence.   	FAQ     	  	Anitya Accordion    	Display issues in an accordion.     Custom classes for blocks     	Concrete5.7 introduce Custom classe for blocks and Area. Generally its a good idea to have your theme control CSS for consistency sake, but the Design command can be handy in a pinch if you just need to add some padding to a content block or throw a background color up quickly. To know how apply classes visit this page     Page List:   	sidebar-wrapped added margins for display fitted into a sidebar. Content:    	sidebar-wrapped added margins for display fitted into a sidebar.    	white-block, primary-block, secondary-block, tertiary-block, quaternary-block: Adds internal margin as well as background color. horizontal Rule   	space-s, space-m , space-l, space-xl: Adds an area without line. This is the best way to manage space in Anitya    	thin: adds a fine line    	primary, secondary, tertiary, quaternary adds a colorful thick line topic List   	sidebar-wrapped added margins for display fitted into a sidebar. Autonav   	sidebar-wrapped added margins for display fitted into a sidebar.    	small-text-size reduces the text size. In some places, its more elegant. testimonial   	primary, secondary, tertiary, quaternary, white: The class change the color of the box as well as the text. Convenient to adjust the colors on different background colors.  ', 'Custom Templates & Classes', '', '/theme/anitya/documentation/custom-templates-classes', '2015-04-27 08:27:04', '2015-04-27 10:44:14', NULL, 0),
(173, 'Documentation Page framework in view mode Here a graphic that show different part of a page on Anitya. This show full page-type, Left-sidebar and right-sidebar have the only difference to have sidebar (wahou!)     	Responsive Navigation is only made to be filled with a autonav block with Anitya responsive full screen template.      	Header Image can be filled with      	  the attribute Thumbnail  	  a image block. In this case, use the Anitya Header Custom template. Check also on the Image block edit panel "Constrain Image Size" and set a height that will be the height of the header.  	  a image from theme customization section   	  with a block like image-slider     	Header Content is a Area that is animated with a nice slide during the page scroll.      	Multiple Main Area :   	Thanks to a attribute anitya_number_of_main_areas you can multiply the main area how many you need. this is really useful when you want to create a very long page with different section and background on each.      	Page Header, Sub Header and Footer are hidded if doesn''t content any blocks.    Page Framework in edit mode The page structure is substantially different in edit mode, allowing  greater ease of editing elements overlapping. It may seem a bit  confusing at first but logic is quickly perceived.  Since only two Area are displayed differently, I show here that the latter.  The only major difference is that the happy Header is below the Header Image instead of above.  ', 'Page Framework', '', '/theme/anitya/documentation/page-framework', '2015-04-27 08:27:00', '2015-04-27 10:55:31', NULL, 0),
(174, 'Documentation  Anitya allows you to use the upper part of the site in several ways, allowing you to be creative and give you the tools to find the design that looks best to your need.  Both tools are image and video to create a fully adjustable height and content to enrich it. This content will slide to scroll an attractive way.  For the image you have differents ways:     The option in the design customization to choose a background pattern The "Thumbnail" attribute which, if it is completed, will be displayed on the background pattern. An image block. A Slider Carousel block or other ...1) background pattern Example :   anitya.myconcretelab.com/color-schemes/organic  anitya.myconcretelab.com/blog    Go to the gears icon on top-left of the page (Page-settings)  > Design > clic unders the theme thumbnail (Customize) and there, under the section "Header" you will find options for this part of the page :        Header image height : the height for the header image. this settings can be overrided by a image block.Header image background (color) : Choose a color for the header (unseful when you are using transparent image)Header image default : Let you to choose a image that will be displayed like a payttern (repeat-x and repeat-y)2) Thumbnail attribute Example : anitya.myconcretelab.com/blog/total-eclipse-heart  If the thumbnail attrivute is filled with a image, this image is displayed as background for the header with the particularity to cover all Area. so your image is streched in height or width to avoid repetition (different than solution 1. The height of the image is defined in option customization (below). 3) A image Block Drop a image block to the "Header Image Area", choose in block option "constraint dimensions" and fill the height input with the height you want the header image. That''s it.  ', 'Header Image & Video', '', '/theme/anitya/documentation/header-image-video', '2015-04-27 08:27:04', '2015-04-28 12:20:07', NULL, 0),
(175, '', 'Database Entities', NULL, '/dashboard/system/environment/entities', '2015-09-17 01:00:55', '2015-09-17 01:00:55', NULL, 0);

-- --------------------------------------------------------

--
-- Structure de la table `PageTemplates`
--

DROP TABLE IF EXISTS `PageTemplates`;
CREATE TABLE `PageTemplates` (
  `pTemplateID` int(10) unsigned NOT NULL,
  `pTemplateHandle` varchar(32) COLLATE utf8_unicode_ci NOT NULL,
  `pTemplateIcon` varchar(128) COLLATE utf8_unicode_ci DEFAULT NULL,
  `pTemplateName` varchar(90) COLLATE utf8_unicode_ci NOT NULL,
  `pTemplateIsInternal` tinyint(1) NOT NULL DEFAULT '0',
  `pkgID` int(10) unsigned NOT NULL DEFAULT '0'
) ENGINE=InnoDB AUTO_INCREMENT=8 DEFAULT CHARSET=utf8 COLLATE=utf8_unicode_ci;

--
-- Contenu de la table `PageTemplates`
--

INSERT INTO `PageTemplates` (`pTemplateID`, `pTemplateHandle`, `pTemplateIcon`, `pTemplateName`, `pTemplateIsInternal`, `pkgID`) VALUES
(1, 'core_stack', '', 'Stack', 1, 0),
(2, 'dashboard_primary_five', '', 'Dashboard Primary + Five', 1, 0),
(3, 'dashboard_header_four_col', '', 'Dashboard Header + Four Column', 1, 0),
(4, 'dashboard_full', '', 'Dashboard Full', 1, 0),
(5, 'full', 'full.png', 'Full', 0, 0),
(6, 'left_sidebar', 'left_sidebar.png', 'Left Sidebar', 0, 1),
(7, 'right_sidebar', 'right_sidebar.png', 'Right Sidebar', 0, 1);

-- --------------------------------------------------------

--
-- Structure de la table `PageThemeCustomStyles`
--

DROP TABLE IF EXISTS `PageThemeCustomStyles`;
CREATE TABLE `PageThemeCustomStyles` (
  `pThemeID` int(10) unsigned NOT NULL DEFAULT '0',
  `scvlID` int(10) unsigned DEFAULT '0',
  `preset` varchar(255) COLLATE utf8_unicode_ci DEFAULT NULL,
  `sccRecordID` int(10) unsigned DEFAULT '0'
) ENGINE=InnoDB DEFAULT CHARSET=utf8 COLLATE=utf8_unicode_ci;

-- --------------------------------------------------------

--
-- Structure de la table `PageThemes`
--

DROP TABLE IF EXISTS `PageThemes`;
CREATE TABLE `PageThemes` (
  `pThemeID` int(10) unsigned NOT NULL,
  `pThemeHandle` varchar(64) COLLATE utf8_unicode_ci NOT NULL,
  `pThemeName` varchar(255) COLLATE utf8_unicode_ci DEFAULT NULL,
  `pThemeDescription` text COLLATE utf8_unicode_ci,
  `pkgID` int(10) unsigned NOT NULL DEFAULT '0',
  `pThemeHasCustomClass` tinyint(1) NOT NULL DEFAULT '0'
) ENGINE=InnoDB AUTO_INCREMENT=3 DEFAULT CHARSET=utf8 COLLATE=utf8_unicode_ci;

--
-- Contenu de la table `PageThemes`
--

INSERT INTO `PageThemes` (`pThemeID`, `pThemeHandle`, `pThemeName`, `pThemeDescription`, `pkgID`, `pThemeHasCustomClass`) VALUES
(1, 'elemental', 'Elemental', 'Elegant, spacious theme with support for blogs, portfolios, layouts and more.', 0, 1),
(2, 'vedana', 'Vedana', 'A perfectly crafted template that use all the power of concret5.7', 1, 1);

-- --------------------------------------------------------

--
-- Structure de la table `PageTypeComposerControlTypes`
--

DROP TABLE IF EXISTS `PageTypeComposerControlTypes`;
CREATE TABLE `PageTypeComposerControlTypes` (
  `ptComposerControlTypeID` int(10) unsigned NOT NULL,
  `ptComposerControlTypeHandle` varchar(255) COLLATE utf8_unicode_ci DEFAULT NULL,
  `ptComposerControlTypeName` varchar(255) COLLATE utf8_unicode_ci DEFAULT NULL,
  `pkgID` int(10) unsigned NOT NULL DEFAULT '0'
) ENGINE=InnoDB AUTO_INCREMENT=4 DEFAULT CHARSET=utf8 COLLATE=utf8_unicode_ci;

--
-- Contenu de la table `PageTypeComposerControlTypes`
--

INSERT INTO `PageTypeComposerControlTypes` (`ptComposerControlTypeID`, `ptComposerControlTypeHandle`, `ptComposerControlTypeName`, `pkgID`) VALUES
(1, 'core_page_property', 'Built-In Properties', 0),
(2, 'collection_attribute', 'Custom Attributes', 0),
(3, 'block', 'Block', 0);

-- --------------------------------------------------------

--
-- Structure de la table `PageTypeComposerFormLayoutSetControls`
--

DROP TABLE IF EXISTS `PageTypeComposerFormLayoutSetControls`;
CREATE TABLE `PageTypeComposerFormLayoutSetControls` (
  `ptComposerFormLayoutSetControlID` int(10) unsigned NOT NULL,
  `ptComposerFormLayoutSetID` int(10) unsigned DEFAULT '0',
  `ptComposerControlTypeID` int(10) unsigned DEFAULT '0',
  `ptComposerControlObject` longtext COLLATE utf8_unicode_ci,
  `ptComposerFormLayoutSetControlDisplayOrder` int(10) unsigned DEFAULT '0',
  `ptComposerFormLayoutSetControlCustomLabel` varchar(255) COLLATE utf8_unicode_ci DEFAULT NULL,
  `ptComposerFormLayoutSetControlCustomTemplate` varchar(255) COLLATE utf8_unicode_ci DEFAULT NULL,
  `ptComposerFormLayoutSetControlDescription` varchar(255) COLLATE utf8_unicode_ci DEFAULT NULL,
  `ptComposerFormLayoutSetControlRequired` int(11) DEFAULT '0'
) ENGINE=InnoDB AUTO_INCREMENT=7 DEFAULT CHARSET=utf8 COLLATE=utf8_unicode_ci;

--
-- Contenu de la table `PageTypeComposerFormLayoutSetControls`
--

INSERT INTO `PageTypeComposerFormLayoutSetControls` (`ptComposerFormLayoutSetControlID`, `ptComposerFormLayoutSetID`, `ptComposerControlTypeID`, `ptComposerControlObject`, `ptComposerFormLayoutSetControlDisplayOrder`, `ptComposerFormLayoutSetControlCustomLabel`, `ptComposerFormLayoutSetControlCustomTemplate`, `ptComposerFormLayoutSetControlDescription`, `ptComposerFormLayoutSetControlRequired`) VALUES
(1, 1, 1, 'O:78:"Concrete\\Core\\Page\\Type\\Composer\\Control\\CorePageProperty\\NameCorePageProperty":9:{s:37:"\0*\0ptComposerControlRequiredByDefault";b:1;s:17:"\0*\0propertyHandle";s:4:"name";s:30:"\0*\0ptComposerControlTypeHandle";s:18:"core_page_property";s:30:"\0*\0ptComposerControlIdentifier";s:4:"name";s:24:"\0*\0ptComposerControlName";s:9:"Page Name";s:27:"\0*\0ptComposerControlIconSRC";s:34:"/concrete/attributes/text/icon.png";s:20:"\0*\0ptComposerControl";N;s:41:"\0*\0ptComposerControlRequiredOnThisRequest";b:0;s:5:"error";s:0:"";}', 0, 'Page Name', NULL, NULL, 1),
(2, 1, 1, 'O:85:"Concrete\\Core\\Page\\Type\\Composer\\Control\\CorePageProperty\\DescriptionCorePageProperty":9:{s:17:"\0*\0propertyHandle";s:11:"description";s:30:"\0*\0ptComposerControlTypeHandle";s:18:"core_page_property";s:30:"\0*\0ptComposerControlIdentifier";s:11:"description";s:24:"\0*\0ptComposerControlName";s:11:"Description";s:27:"\0*\0ptComposerControlIconSRC";s:38:"/concrete/attributes/textarea/icon.png";s:20:"\0*\0ptComposerControl";N;s:37:"\0*\0ptComposerControlRequiredByDefault";b:0;s:41:"\0*\0ptComposerControlRequiredOnThisRequest";b:0;s:5:"error";s:0:"";}', 1, NULL, NULL, NULL, 0),
(3, 1, 1, 'O:81:"Concrete\\Core\\Page\\Type\\Composer\\Control\\CorePageProperty\\UrlSlugCorePageProperty":9:{s:17:"\0*\0propertyHandle";s:8:"url_slug";s:30:"\0*\0ptComposerControlTypeHandle";s:18:"core_page_property";s:30:"\0*\0ptComposerControlIdentifier";s:8:"url_slug";s:24:"\0*\0ptComposerControlName";s:8:"URL Slug";s:27:"\0*\0ptComposerControlIconSRC";s:34:"/concrete/attributes/text/icon.png";s:20:"\0*\0ptComposerControl";N;s:37:"\0*\0ptComposerControlRequiredByDefault";b:0;s:41:"\0*\0ptComposerControlRequiredOnThisRequest";b:0;s:5:"error";s:0:"";}', 2, NULL, NULL, NULL, 0),
(4, 1, 1, 'O:86:"Concrete\\Core\\Page\\Type\\Composer\\Control\\CorePageProperty\\PageTemplateCorePageProperty":9:{s:17:"\0*\0propertyHandle";s:13:"page_template";s:30:"\0*\0ptComposerControlTypeHandle";s:18:"core_page_property";s:30:"\0*\0ptComposerControlIdentifier";s:13:"page_template";s:24:"\0*\0ptComposerControlName";s:13:"Page Template";s:27:"\0*\0ptComposerControlIconSRC";s:36:"/concrete/attributes/select/icon.png";s:20:"\0*\0ptComposerControl";N;s:37:"\0*\0ptComposerControlRequiredByDefault";b:0;s:41:"\0*\0ptComposerControlRequiredOnThisRequest";b:0;s:5:"error";s:0:"";}', 3, NULL, NULL, NULL, 0),
(5, 1, 1, 'O:87:"Concrete\\Core\\Page\\Type\\Composer\\Control\\CorePageProperty\\PublishTargetCorePageProperty":9:{s:17:"\0*\0propertyHandle";s:14:"publish_target";s:30:"\0*\0ptComposerControlTypeHandle";s:18:"core_page_property";s:30:"\0*\0ptComposerControlIdentifier";s:14:"publish_target";s:24:"\0*\0ptComposerControlName";s:13:"Page Location";s:27:"\0*\0ptComposerControlIconSRC";s:40:"/concrete/attributes/image_file/icon.png";s:20:"\0*\0ptComposerControl";N;s:37:"\0*\0ptComposerControlRequiredByDefault";b:0;s:41:"\0*\0ptComposerControlRequiredOnThisRequest";b:0;s:5:"error";s:0:"";}', 4, NULL, NULL, NULL, 0),
(6, 2, 3, 'O:53:"Concrete\\Core\\Page\\Type\\Composer\\Control\\BlockControl":11:{s:7:"\0*\0btID";i:12;s:30:"\0*\0ptComposerControlTypeHandle";s:5:"block";s:5:"\0*\0bt";b:0;s:4:"\0*\0b";b:0;s:30:"\0*\0ptComposerControlIdentifier";i:12;s:24:"\0*\0ptComposerControlName";s:7:"Content";s:27:"\0*\0ptComposerControlIconSRC";s:33:"/concrete/blocks/content/icon.png";s:20:"\0*\0ptComposerControl";N;s:37:"\0*\0ptComposerControlRequiredByDefault";b:0;s:41:"\0*\0ptComposerControlRequiredOnThisRequest";b:0;s:5:"error";s:0:"";}', 0, 'Body', NULL, NULL, 0);

-- --------------------------------------------------------

--
-- Structure de la table `PageTypeComposerFormLayoutSets`
--

DROP TABLE IF EXISTS `PageTypeComposerFormLayoutSets`;
CREATE TABLE `PageTypeComposerFormLayoutSets` (
  `ptComposerFormLayoutSetID` int(10) unsigned NOT NULL,
  `ptID` int(10) unsigned DEFAULT '0',
  `ptComposerFormLayoutSetName` varchar(255) COLLATE utf8_unicode_ci DEFAULT NULL,
  `ptComposerFormLayoutSetDescription` text COLLATE utf8_unicode_ci,
  `ptComposerFormLayoutSetDisplayOrder` int(10) unsigned DEFAULT '0'
) ENGINE=InnoDB AUTO_INCREMENT=3 DEFAULT CHARSET=utf8 COLLATE=utf8_unicode_ci;

--
-- Contenu de la table `PageTypeComposerFormLayoutSets`
--

INSERT INTO `PageTypeComposerFormLayoutSets` (`ptComposerFormLayoutSetID`, `ptID`, `ptComposerFormLayoutSetName`, `ptComposerFormLayoutSetDescription`, `ptComposerFormLayoutSetDisplayOrder`) VALUES
(1, 5, 'Basics', '', 0),
(2, 5, 'Content', '', 1);

-- --------------------------------------------------------

--
-- Structure de la table `PageTypeComposerOutputBlocks`
--

DROP TABLE IF EXISTS `PageTypeComposerOutputBlocks`;
CREATE TABLE `PageTypeComposerOutputBlocks` (
  `ptComposerOutputBlockID` int(10) unsigned NOT NULL,
  `cID` int(10) unsigned NOT NULL DEFAULT '0',
  `arHandle` varchar(255) COLLATE utf8_unicode_ci DEFAULT NULL,
  `cbDisplayOrder` int(10) unsigned DEFAULT '0',
  `ptComposerFormLayoutSetControlID` int(10) unsigned NOT NULL DEFAULT '0',
  `bID` int(10) unsigned DEFAULT '0'
) ENGINE=InnoDB AUTO_INCREMENT=92 DEFAULT CHARSET=utf8 COLLATE=utf8_unicode_ci;

--
-- Contenu de la table `PageTypeComposerOutputBlocks`
--

INSERT INTO `PageTypeComposerOutputBlocks` (`ptComposerOutputBlockID`, `cID`, `arHandle`, `cbDisplayOrder`, `ptComposerFormLayoutSetControlID`, `bID`) VALUES
(2, 148, 'Main', 0, 6, 11),
(44, 159, 'Main', 0, 6, 59),
(46, 164, 'Main', 0, 6, 125),
(60, 166, 'Main', 0, 6, 176),
(61, 166, 'Main', 0, 6, 178),
(62, 166, 'Main', 0, 6, 179),
(78, 172, 'Main', 0, 6, 246),
(89, 171, 'Main', 0, 6, 257),
(90, 171, 'Main', 0, 6, 262),
(91, 171, 'Main', 0, 6, 267);

-- --------------------------------------------------------

--
-- Structure de la table `PageTypeComposerOutputControls`
--

DROP TABLE IF EXISTS `PageTypeComposerOutputControls`;
CREATE TABLE `PageTypeComposerOutputControls` (
  `ptComposerOutputControlID` int(10) unsigned NOT NULL,
  `pTemplateID` int(10) unsigned DEFAULT '0',
  `ptID` int(10) unsigned DEFAULT '0',
  `ptComposerFormLayoutSetControlID` int(10) unsigned DEFAULT '0'
) ENGINE=InnoDB AUTO_INCREMENT=4 DEFAULT CHARSET=utf8 COLLATE=utf8_unicode_ci;

--
-- Contenu de la table `PageTypeComposerOutputControls`
--

INSERT INTO `PageTypeComposerOutputControls` (`ptComposerOutputControlID`, `pTemplateID`, `ptID`, `ptComposerFormLayoutSetControlID`) VALUES
(1, 5, 5, 6),
(2, 6, 5, 6),
(3, 7, 5, 6);

-- --------------------------------------------------------

--
-- Structure de la table `PageTypePageTemplateDefaultPages`
--

DROP TABLE IF EXISTS `PageTypePageTemplateDefaultPages`;
CREATE TABLE `PageTypePageTemplateDefaultPages` (
  `pTemplateID` int(10) unsigned NOT NULL DEFAULT '0',
  `ptID` int(10) unsigned NOT NULL DEFAULT '0',
  `cID` int(10) unsigned DEFAULT '0'
) ENGINE=InnoDB DEFAULT CHARSET=utf8 COLLATE=utf8_unicode_ci;

--
-- Contenu de la table `PageTypePageTemplateDefaultPages`
--

INSERT INTO `PageTypePageTemplateDefaultPages` (`pTemplateID`, `ptID`, `cID`) VALUES
(5, 5, 142),
(6, 5, 170);

-- --------------------------------------------------------

--
-- Structure de la table `PageTypePageTemplates`
--

DROP TABLE IF EXISTS `PageTypePageTemplates`;
CREATE TABLE `PageTypePageTemplates` (
  `ptID` int(10) unsigned NOT NULL DEFAULT '0',
  `pTemplateID` int(10) unsigned NOT NULL DEFAULT '0'
) ENGINE=InnoDB DEFAULT CHARSET=utf8 COLLATE=utf8_unicode_ci;

-- --------------------------------------------------------

--
-- Structure de la table `PageTypePermissionAssignments`
--

DROP TABLE IF EXISTS `PageTypePermissionAssignments`;
CREATE TABLE `PageTypePermissionAssignments` (
  `ptID` int(10) unsigned NOT NULL DEFAULT '0',
  `pkID` int(10) unsigned NOT NULL DEFAULT '0',
  `paID` int(10) unsigned NOT NULL DEFAULT '0'
) ENGINE=InnoDB DEFAULT CHARSET=utf8 COLLATE=utf8_unicode_ci;

--
-- Contenu de la table `PageTypePermissionAssignments`
--

INSERT INTO `PageTypePermissionAssignments` (`ptID`, `pkID`, `paID`) VALUES
(1, 59, 9),
(2, 59, 9),
(3, 59, 9),
(4, 59, 9),
(5, 59, 9),
(6, 59, 9),
(1, 60, 9),
(2, 60, 9),
(3, 60, 9),
(4, 60, 9),
(5, 60, 9),
(6, 60, 9),
(1, 61, 9),
(2, 61, 9),
(3, 61, 9),
(4, 61, 9),
(5, 61, 9),
(6, 61, 9),
(1, 62, 9),
(2, 62, 9),
(3, 62, 9),
(4, 62, 9),
(5, 62, 9),
(6, 62, 9),
(1, 63, 25),
(2, 63, 26),
(3, 63, 27),
(4, 63, 28),
(5, 63, 29),
(6, 63, 74);

-- --------------------------------------------------------

--
-- Structure de la table `PageTypePublishTargetTypes`
--

DROP TABLE IF EXISTS `PageTypePublishTargetTypes`;
CREATE TABLE `PageTypePublishTargetTypes` (
  `ptPublishTargetTypeID` int(10) unsigned NOT NULL,
  `ptPublishTargetTypeHandle` varchar(255) COLLATE utf8_unicode_ci DEFAULT NULL,
  `ptPublishTargetTypeName` varchar(255) COLLATE utf8_unicode_ci DEFAULT NULL,
  `pkgID` int(10) unsigned NOT NULL DEFAULT '0'
) ENGINE=InnoDB AUTO_INCREMENT=4 DEFAULT CHARSET=utf8 COLLATE=utf8_unicode_ci;

--
-- Contenu de la table `PageTypePublishTargetTypes`
--

INSERT INTO `PageTypePublishTargetTypes` (`ptPublishTargetTypeID`, `ptPublishTargetTypeHandle`, `ptPublishTargetTypeName`, `pkgID`) VALUES
(1, 'parent_page', 'Always publish below a certain page', 0),
(2, 'page_type', 'Choose from pages of a certain type', 0),
(3, 'all', 'Choose from all pages when publishing', 0);

-- --------------------------------------------------------

--
-- Structure de la table `PageTypes`
--

DROP TABLE IF EXISTS `PageTypes`;
CREATE TABLE `PageTypes` (
  `ptID` int(10) unsigned NOT NULL,
  `ptName` varchar(255) COLLATE utf8_unicode_ci NOT NULL,
  `ptHandle` varchar(128) COLLATE utf8_unicode_ci NOT NULL,
  `ptPublishTargetTypeID` int(10) unsigned DEFAULT NULL,
  `ptDefaultPageTemplateID` int(10) unsigned DEFAULT NULL,
  `ptAllowedPageTemplates` varchar(1) COLLATE utf8_unicode_ci DEFAULT 'A',
  `ptIsInternal` tinyint(1) NOT NULL DEFAULT '0',
  `ptIsFrequentlyAdded` tinyint(1) NOT NULL DEFAULT '1',
  `ptDisplayOrder` int(10) unsigned DEFAULT NULL,
  `ptLaunchInComposer` tinyint(1) NOT NULL DEFAULT '0',
  `pkgID` int(10) unsigned NOT NULL DEFAULT '0',
  `ptPublishTargetObject` longtext COLLATE utf8_unicode_ci
) ENGINE=InnoDB AUTO_INCREMENT=7 DEFAULT CHARSET=utf8 COLLATE=utf8_unicode_ci;

--
-- Contenu de la table `PageTypes`
--

INSERT INTO `PageTypes` (`ptID`, `ptName`, `ptHandle`, `ptPublishTargetTypeID`, `ptDefaultPageTemplateID`, `ptAllowedPageTemplates`, `ptIsInternal`, `ptIsFrequentlyAdded`, `ptDisplayOrder`, `ptLaunchInComposer`, `pkgID`, `ptPublishTargetObject`) VALUES
(1, 'Stack', 'core_stack', NULL, 0, 'A', 1, 0, 0, 0, 0, NULL),
(2, 'Dashboard Primary + Five', 'dashboard_primary_five', NULL, 0, 'A', 1, 0, 1, 0, 0, NULL),
(3, 'Dashboard Header + Four Column', 'dashboard_header_four_col', NULL, 0, 'A', 1, 0, 2, 0, 0, NULL),
(4, 'Dashboard Full', 'dashboard_full', NULL, 0, 'A', 1, 0, 3, 0, 0, NULL),
(5, 'Page', 'page', 3, 5, 'A', 0, 0, 0, 0, 0, 'O:68:"Concrete\\Core\\Page\\Type\\PublishTarget\\Configuration\\AllConfiguration":4:{s:5:"error";s:0:"";s:21:"ptPublishTargetTypeID";s:1:"3";s:25:"ptPublishTargetTypeHandle";s:3:"all";s:9:"pkgHandle";b:0;}'),
(6, 'Stack Category', 'core_stack_category', 3, 0, 'A', 1, 0, 4, 0, 0, 'O:68:"Concrete\\Core\\Page\\Type\\PublishTarget\\Configuration\\AllConfiguration":4:{s:5:"error";s:0:"";s:21:"ptPublishTargetTypeID";s:1:"3";s:25:"ptPublishTargetTypeHandle";s:3:"all";s:9:"pkgHandle";b:0;}');

-- --------------------------------------------------------

--
-- Structure de la table `PageWorkflowProgress`
--

DROP TABLE IF EXISTS `PageWorkflowProgress`;
CREATE TABLE `PageWorkflowProgress` (
  `cID` int(10) unsigned NOT NULL DEFAULT '0',
  `wpID` int(10) unsigned NOT NULL DEFAULT '0'
) ENGINE=InnoDB DEFAULT CHARSET=utf8 COLLATE=utf8_unicode_ci;

-- --------------------------------------------------------

--
-- Structure de la table `PermissionAccess`
--

DROP TABLE IF EXISTS `PermissionAccess`;
CREATE TABLE `PermissionAccess` (
  `paID` int(10) unsigned NOT NULL,
  `paIsInUse` tinyint(1) NOT NULL DEFAULT '0'
) ENGINE=InnoDB AUTO_INCREMENT=75 DEFAULT CHARSET=utf8 COLLATE=utf8_unicode_ci;

--
-- Contenu de la table `PermissionAccess`
--

INSERT INTO `PermissionAccess` (`paID`, `paIsInUse`) VALUES
(1, 1),
(2, 1),
(3, 1),
(4, 1),
(5, 1),
(6, 1),
(7, 1),
(8, 1),
(9, 1),
(10, 1),
(11, 1),
(12, 1),
(13, 1),
(14, 1),
(15, 1),
(16, 1),
(17, 1),
(18, 1),
(19, 1),
(20, 1),
(21, 1),
(22, 1),
(23, 1),
(24, 1),
(25, 1),
(26, 1),
(27, 1),
(28, 1),
(29, 1),
(30, 1),
(31, 1),
(32, 1),
(33, 1),
(34, 1),
(35, 1),
(36, 1),
(37, 1),
(38, 1),
(39, 1),
(40, 1),
(41, 1),
(42, 1),
(43, 1),
(44, 1),
(45, 1),
(46, 1),
(47, 1),
(48, 1),
(49, 1),
(50, 1),
(51, 1),
(52, 1),
(53, 1),
(54, 1),
(55, 1),
(56, 1),
(57, 1),
(58, 1),
(59, 1),
(60, 1),
(61, 1),
(62, 1),
(63, 1),
(64, 1),
(65, 1),
(66, 1),
(67, 1),
(68, 1),
(69, 1),
(70, 1),
(71, 1),
(72, 1),
(73, 1),
(74, 1);

-- --------------------------------------------------------

--
-- Structure de la table `PermissionAccessEntities`
--

DROP TABLE IF EXISTS `PermissionAccessEntities`;
CREATE TABLE `PermissionAccessEntities` (
  `peID` int(10) unsigned NOT NULL,
  `petID` int(10) unsigned DEFAULT NULL
) ENGINE=InnoDB AUTO_INCREMENT=7 DEFAULT CHARSET=utf8 COLLATE=utf8_unicode_ci;

--
-- Contenu de la table `PermissionAccessEntities`
--

INSERT INTO `PermissionAccessEntities` (`peID`, `petID`) VALUES
(1, 1),
(3, 1),
(5, 1),
(2, 5),
(6, 6),
(4, 7);

-- --------------------------------------------------------

--
-- Structure de la table `PermissionAccessEntityGroups`
--

DROP TABLE IF EXISTS `PermissionAccessEntityGroups`;
CREATE TABLE `PermissionAccessEntityGroups` (
  `pegID` int(10) unsigned NOT NULL,
  `peID` int(10) unsigned NOT NULL DEFAULT '0',
  `gID` int(10) unsigned NOT NULL DEFAULT '0'
) ENGINE=InnoDB AUTO_INCREMENT=4 DEFAULT CHARSET=utf8 COLLATE=utf8_unicode_ci;

--
-- Contenu de la table `PermissionAccessEntityGroups`
--

INSERT INTO `PermissionAccessEntityGroups` (`pegID`, `peID`, `gID`) VALUES
(1, 1, 3),
(2, 3, 1),
(3, 5, 2);

-- --------------------------------------------------------

--
-- Structure de la table `PermissionAccessEntityGroupSets`
--

DROP TABLE IF EXISTS `PermissionAccessEntityGroupSets`;
CREATE TABLE `PermissionAccessEntityGroupSets` (
  `peID` int(10) unsigned NOT NULL DEFAULT '0',
  `gsID` int(10) unsigned NOT NULL DEFAULT '0'
) ENGINE=InnoDB DEFAULT CHARSET=utf8 COLLATE=utf8_unicode_ci;

-- --------------------------------------------------------

--
-- Structure de la table `PermissionAccessEntityTypeCategories`
--

DROP TABLE IF EXISTS `PermissionAccessEntityTypeCategories`;
CREATE TABLE `PermissionAccessEntityTypeCategories` (
  `petID` int(10) unsigned NOT NULL DEFAULT '0',
  `pkCategoryID` int(10) unsigned NOT NULL DEFAULT '0'
) ENGINE=InnoDB DEFAULT CHARSET=utf8 COLLATE=utf8_unicode_ci;

--
-- Contenu de la table `PermissionAccessEntityTypeCategories`
--

INSERT INTO `PermissionAccessEntityTypeCategories` (`petID`, `pkCategoryID`) VALUES
(1, 1),
(2, 1),
(3, 1),
(4, 1),
(5, 1),
(1, 4),
(2, 4),
(3, 4),
(4, 4),
(1, 5),
(2, 5),
(3, 5),
(4, 5),
(6, 5),
(1, 6),
(2, 6),
(3, 6),
(4, 6),
(6, 6),
(1, 7),
(2, 7),
(3, 7),
(4, 7),
(1, 8),
(2, 8),
(3, 8),
(4, 8),
(1, 9),
(2, 9),
(3, 9),
(4, 9),
(1, 10),
(2, 10),
(3, 10),
(4, 10),
(1, 11),
(2, 11),
(3, 11),
(4, 11),
(1, 12),
(2, 12),
(3, 12),
(4, 12),
(1, 13),
(2, 13),
(3, 13),
(4, 13),
(1, 14),
(2, 14),
(3, 14),
(4, 14),
(5, 14),
(1, 15),
(2, 15),
(3, 15),
(4, 15),
(1, 16),
(2, 16),
(3, 16),
(4, 16),
(1, 17),
(2, 17),
(3, 17),
(4, 17),
(1, 18),
(2, 18),
(3, 18),
(4, 18),
(1, 19),
(2, 19),
(3, 19),
(4, 19),
(7, 19),
(1, 20),
(2, 20),
(3, 20),
(4, 20),
(7, 20),
(1, 21),
(2, 21),
(4, 21);

-- --------------------------------------------------------

--
-- Structure de la table `PermissionAccessEntityTypes`
--

DROP TABLE IF EXISTS `PermissionAccessEntityTypes`;
CREATE TABLE `PermissionAccessEntityTypes` (
  `petID` int(10) unsigned NOT NULL,
  `petHandle` varchar(255) COLLATE utf8_unicode_ci NOT NULL,
  `petName` varchar(255) COLLATE utf8_unicode_ci NOT NULL,
  `pkgID` int(10) unsigned DEFAULT NULL
) ENGINE=InnoDB AUTO_INCREMENT=8 DEFAULT CHARSET=utf8 COLLATE=utf8_unicode_ci;

--
-- Contenu de la table `PermissionAccessEntityTypes`
--

INSERT INTO `PermissionAccessEntityTypes` (`petID`, `petHandle`, `petName`, `pkgID`) VALUES
(1, 'group', 'Group', 0),
(2, 'user', 'User', 0),
(3, 'group_set', 'Group Set', 0),
(4, 'group_combination', 'Group Combination', 0),
(5, 'page_owner', 'Page Owner', 0),
(6, 'file_uploader', 'File Uploader', 0),
(7, 'conversation_message_author', 'Message Author', 0);

-- --------------------------------------------------------

--
-- Structure de la table `PermissionAccessEntityUsers`
--

DROP TABLE IF EXISTS `PermissionAccessEntityUsers`;
CREATE TABLE `PermissionAccessEntityUsers` (
  `peID` int(10) unsigned NOT NULL DEFAULT '0',
  `uID` int(10) unsigned NOT NULL DEFAULT '0'
) ENGINE=InnoDB DEFAULT CHARSET=utf8 COLLATE=utf8_unicode_ci;

-- --------------------------------------------------------

--
-- Structure de la table `PermissionAccessList`
--

DROP TABLE IF EXISTS `PermissionAccessList`;
CREATE TABLE `PermissionAccessList` (
  `paID` int(10) unsigned NOT NULL DEFAULT '0',
  `peID` int(10) unsigned NOT NULL DEFAULT '0',
  `pdID` int(10) unsigned NOT NULL DEFAULT '0',
  `accessType` smallint(6) NOT NULL DEFAULT '0'
) ENGINE=InnoDB DEFAULT CHARSET=utf8 COLLATE=utf8_unicode_ci;

--
-- Contenu de la table `PermissionAccessList`
--

INSERT INTO `PermissionAccessList` (`paID`, `peID`, `pdID`, `accessType`) VALUES
(1, 1, 0, 10),
(2, 1, 0, 10),
(3, 1, 0, 10),
(4, 1, 0, 10),
(5, 1, 0, 10),
(6, 1, 0, 10),
(7, 1, 0, 10),
(8, 1, 0, 10),
(9, 1, 0, 10),
(10, 1, 0, 10),
(11, 1, 0, 10),
(12, 1, 0, 10),
(13, 1, 0, 10),
(14, 1, 0, 10),
(15, 1, 0, 10),
(16, 1, 0, 10),
(17, 1, 0, 10),
(18, 1, 0, 10),
(19, 1, 0, 10),
(20, 1, 0, 10),
(21, 1, 0, 10),
(22, 1, 0, 10),
(23, 1, 0, 10),
(24, 1, 0, 10),
(25, 2, 0, 10),
(26, 2, 0, 10),
(27, 2, 0, 10),
(28, 2, 0, 10),
(29, 2, 0, 10),
(30, 3, 0, 10),
(31, 1, 0, 10),
(31, 3, 0, 10),
(32, 1, 0, 10),
(33, 1, 0, 10),
(34, 1, 0, 10),
(35, 1, 0, 10),
(36, 1, 0, 10),
(37, 1, 0, 10),
(38, 1, 0, 10),
(39, 1, 0, 10),
(40, 3, 0, 10),
(41, 1, 0, 10),
(42, 1, 0, 10),
(43, 1, 0, 10),
(44, 1, 0, 10),
(45, 1, 0, 10),
(46, 1, 0, 10),
(47, 1, 0, 10),
(48, 1, 0, 10),
(49, 1, 0, 10),
(50, 1, 0, 10),
(51, 1, 0, 10),
(52, 1, 0, 10),
(53, 1, 0, 10),
(54, 1, 0, 10),
(55, 1, 0, 10),
(56, 1, 0, 10),
(57, 3, 0, 10),
(58, 3, 0, 10),
(59, 1, 0, 10),
(60, 1, 0, 10),
(61, 1, 0, 10),
(62, 1, 0, 10),
(63, 1, 0, 10),
(64, 1, 0, 10),
(65, 3, 0, 10),
(66, 3, 0, 10),
(67, 1, 0, 10),
(67, 4, 0, 10),
(68, 1, 0, 10),
(68, 4, 0, 10),
(69, 1, 0, 10),
(69, 5, 0, 10),
(70, 1, 0, 10),
(71, 1, 0, 10),
(72, 1, 0, 10),
(73, 1, 0, 10),
(74, 2, 0, 10);

-- --------------------------------------------------------

--
-- Structure de la table `PermissionAccessWorkflows`
--

DROP TABLE IF EXISTS `PermissionAccessWorkflows`;
CREATE TABLE `PermissionAccessWorkflows` (
  `paID` int(10) unsigned NOT NULL DEFAULT '0',
  `wfID` int(10) unsigned NOT NULL DEFAULT '0'
) ENGINE=InnoDB DEFAULT CHARSET=utf8 COLLATE=utf8_unicode_ci;

-- --------------------------------------------------------

--
-- Structure de la table `PermissionAssignments`
--

DROP TABLE IF EXISTS `PermissionAssignments`;
CREATE TABLE `PermissionAssignments` (
  `paID` int(10) unsigned NOT NULL DEFAULT '0',
  `pkID` int(10) unsigned NOT NULL DEFAULT '0'
) ENGINE=InnoDB DEFAULT CHARSET=utf8 COLLATE=utf8_unicode_ci;

--
-- Contenu de la table `PermissionAssignments`
--

INSERT INTO `PermissionAssignments` (`paID`, `pkID`) VALUES
(1, 19),
(2, 20),
(3, 74),
(4, 75),
(5, 76),
(6, 78),
(7, 79),
(8, 80),
(9, 86),
(10, 87),
(11, 89),
(12, 90),
(13, 91),
(14, 92),
(15, 93),
(16, 94),
(17, 95),
(18, 96),
(19, 97),
(20, 98),
(21, 99),
(22, 100),
(23, 101),
(24, 102),
(73, 103);

-- --------------------------------------------------------

--
-- Structure de la table `PermissionDurationObjects`
--

DROP TABLE IF EXISTS `PermissionDurationObjects`;
CREATE TABLE `PermissionDurationObjects` (
  `pdID` int(10) unsigned NOT NULL,
  `pdObject` text COLLATE utf8_unicode_ci NOT NULL
) ENGINE=InnoDB DEFAULT CHARSET=utf8 COLLATE=utf8_unicode_ci;

-- --------------------------------------------------------

--
-- Structure de la table `PermissionKeyCategories`
--

DROP TABLE IF EXISTS `PermissionKeyCategories`;
CREATE TABLE `PermissionKeyCategories` (
  `pkCategoryID` int(10) unsigned NOT NULL,
  `pkCategoryHandle` varchar(255) COLLATE utf8_unicode_ci NOT NULL,
  `pkgID` int(10) unsigned DEFAULT NULL
) ENGINE=InnoDB AUTO_INCREMENT=22 DEFAULT CHARSET=utf8 COLLATE=utf8_unicode_ci;

--
-- Contenu de la table `PermissionKeyCategories`
--

INSERT INTO `PermissionKeyCategories` (`pkCategoryID`, `pkCategoryHandle`, `pkgID`) VALUES
(1, 'page', NULL),
(2, 'single_page', NULL),
(3, 'stack', NULL),
(4, 'user', NULL),
(5, 'file_set', NULL),
(6, 'file', NULL),
(7, 'area', NULL),
(8, 'block_type', NULL),
(9, 'block', NULL),
(10, 'admin', NULL),
(11, 'sitemap', NULL),
(12, 'marketplace_newsflow', NULL),
(13, 'basic_workflow', NULL),
(14, 'page_type', NULL),
(15, 'gathering', NULL),
(16, 'group_tree_node', NULL),
(17, 'topic_category_tree_node', NULL),
(18, 'topic_tree_node', NULL),
(19, 'conversation', NULL),
(20, 'conversation_message', NULL),
(21, 'multilingual_section', NULL);

-- --------------------------------------------------------

--
-- Structure de la table `PermissionKeys`
--

DROP TABLE IF EXISTS `PermissionKeys`;
CREATE TABLE `PermissionKeys` (
  `pkID` int(10) unsigned NOT NULL,
  `pkHandle` varchar(255) COLLATE utf8_unicode_ci NOT NULL,
  `pkName` varchar(255) COLLATE utf8_unicode_ci NOT NULL,
  `pkCanTriggerWorkflow` tinyint(1) NOT NULL DEFAULT '0',
  `pkHasCustomClass` tinyint(1) NOT NULL DEFAULT '0',
  `pkDescription` varchar(255) COLLATE utf8_unicode_ci DEFAULT NULL,
  `pkCategoryID` int(10) unsigned DEFAULT NULL,
  `pkgID` int(10) unsigned DEFAULT NULL
) ENGINE=InnoDB AUTO_INCREMENT=104 DEFAULT CHARSET=utf8 COLLATE=utf8_unicode_ci;

--
-- Contenu de la table `PermissionKeys`
--

INSERT INTO `PermissionKeys` (`pkID`, `pkHandle`, `pkName`, `pkCanTriggerWorkflow`, `pkHasCustomClass`, `pkDescription`, `pkCategoryID`, `pkgID`) VALUES
(1, 'view_page', 'View', 0, 0, 'Can see a page exists and read its content.', 1, 0),
(2, 'view_page_versions', 'View Versions', 0, 0, 'Can view the page versions dialog and read past versions of a page.', 1, 0),
(3, 'view_page_in_sitemap', 'View Page in Sitemap', 0, 0, 'Controls whether a user can see a page in the sitemap or intelligent search.', 1, 0),
(4, 'preview_page_as_user', 'Preview Page As User', 0, 0, 'Ability to see what this page will look like at a specific time in the future as a specific user.', 1, 0),
(5, 'edit_page_properties', 'Edit Properties', 0, 1, 'Ability to change anything in the Page Properties menu.', 1, 0),
(6, 'edit_page_contents', 'Edit Contents', 0, 0, 'Ability to make edits to at least some of the content in the page. You can lock down different block areas and specific blocks by clicking Permissions on them as well. ', 1, 0),
(7, 'edit_page_speed_settings', 'Edit Speed Settings', 0, 0, 'Ability to change caching settings.', 1, 0),
(8, 'edit_page_theme', 'Change Theme', 0, 1, 'Ability to change just the theme for this page.', 1, 0),
(9, 'edit_page_template', 'Change Page Template', 0, 0, 'Ability to change just the page template for this page.', 1, 0),
(10, 'edit_page_page_type', 'Edit Page Type', 0, 0, 'Change the type of an existing page.', 1, 0),
(11, 'edit_page_permissions', 'Edit Permissions', 1, 0, 'Ability to change permissions for this page. Warning: by granting this a user could give themselves more access.', 1, 0),
(12, 'delete_page', 'Delete', 1, 0, 'Ability to move this page to the site''s Trash.', 1, 0),
(13, 'delete_page_versions', 'Delete Versions', 1, 0, 'Ability to remove old versions of this page.', 1, 0),
(14, 'approve_page_versions', 'Approve Changes', 1, 0, 'Can publish an unapproved version of the page.', 1, 0),
(15, 'add_subpage', 'Add Sub-Page', 0, 1, 'Can add a page beneath the current page.', 1, 0),
(16, 'move_or_copy_page', 'Move or Copy Page', 1, 0, 'Can move or copy this page to another location.', 1, 0),
(17, 'schedule_page_contents_guest_access', 'Schedule Guest Access', 0, 0, 'Can control scheduled guest access to this page.', 1, 0),
(18, 'edit_page_multilingual_settings', 'Edit Multilingual Settings', 0, 0, 'Controls whether a user can see the multilingual settings menu, re-map a page or set a page as ignored in multilingual settings.', 1, 0),
(19, 'add_block', 'Add Block', 0, 1, 'Can add a block to any area on the site. If someone is added here they can add blocks to any area (unless that area has permissions that override these global permissions.)', 8, 0),
(20, 'add_stack', 'Add Stack', 0, 0, 'Can add a stack or block from a stack to any area on the site. If someone is added here they can add stacks to any area (unless that area has permissions that override these global permissions.)', 8, 0),
(21, 'view_area', 'View Area', 0, 0, 'Can view the area and its contents.', 7, 0),
(22, 'edit_area_contents', 'Edit Area Contents', 0, 0, 'Can edit blocks within this area.', 7, 0),
(23, 'add_block_to_area', 'Add Block to Area', 0, 1, 'Can add blocks to this area. This setting overrides the global Add Block permission for this area.', 7, 0),
(24, 'add_stack_to_area', 'Add Stack to Area', 0, 0, 'Can add stacks to this area. This setting overrides the global Add Stack permission for this area.', 7, 0),
(25, 'add_layout_to_area', 'Add Layouts to Area', 0, 0, 'Controls whether users get the ability to add layouts to a particular area.', 7, 0),
(26, 'edit_area_design', 'Edit Area Design', 0, 0, 'Controls whether users see design controls and can modify an area''s custom CSS.', 7, 0),
(27, 'edit_area_permissions', 'Edit Area Permissions', 0, 0, 'Controls whether users can access the permissions on an area. Custom area permissions could override those of the page.', 7, 0),
(28, 'delete_area_contents', 'Delete Area Contents', 0, 0, 'Controls whether users can delete blocks from this area.', 7, 0),
(29, 'schedule_area_contents_guest_access', 'Schedule Guest Access', 0, 0, 'Controls whether users can schedule guest access permissions on blocks in this area. Guest Access is a shortcut for granting permissions just to the Guest Group.', 7, 0),
(30, 'view_block', 'View Block', 0, 0, 'Controls whether users can view this block in the page.', 9, 0),
(31, 'edit_block', 'Edit Block', 0, 0, 'Controls whether users can edit this block. This overrides any area or page permissions.', 9, 0),
(32, 'edit_block_custom_template', 'Change Custom Template', 0, 0, 'Controls whether users can change the custom template on this block. This overrides any area or page permissions.', 9, 0),
(33, 'edit_block_cache_settings', 'Edit Cache Settings', 0, 0, 'Controls whether users can change the block cache settings for this block instance.', 9, 0),
(34, 'edit_block_name', 'Edit Name', 0, 0, 'Controls whether users can change the block''s name (rarely used.)', 9, 0),
(35, 'delete_block', 'Delete Block', 0, 0, 'Controls whether users can delete this block. This overrides any area or page permissions.', 9, 0),
(36, 'edit_block_design', 'Edit Design', 0, 0, 'Controls whether users can set custom design properties or CSS on this block.', 9, 0),
(37, 'edit_block_permissions', 'Edit Permissions', 0, 0, 'Controls whether users can change permissions on this block, potentially granting themselves or others greater access.', 9, 0),
(38, 'schedule_guest_access', 'Schedule Guest Access', 0, 0, 'Controls whether users can schedule guest access permissions on this block. Guest Access is a shortcut for granting permissions just to the Guest Group.', 9, 0),
(39, 'view_file_set_file', 'View Files', 0, 0, 'Can view and download files in the site.', 5, 0),
(40, 'search_file_set', 'Search Files in File Manager', 0, 0, 'Can access the file manager', 5, 0),
(41, 'edit_file_set_file_properties', 'Edit File Properties', 0, 0, 'Can edit a file''s properties.', 5, 0),
(42, 'edit_file_set_file_contents', 'Edit File Contents', 0, 0, 'Can edit or replace files in set.', 5, 0),
(43, 'copy_file_set_files', 'Copy File', 0, 0, 'Can copy files in file set.', 5, 0),
(44, 'edit_file_set_permissions', 'Edit File Access', 0, 0, 'Can edit access to file sets.', 5, 0),
(45, 'delete_file_set', 'Delete File Set', 0, 0, 'Can delete file set.', 5, 0),
(46, 'delete_file_set_files', 'Delete File', 0, 0, 'Can delete files in set.', 5, 0),
(47, 'add_file', 'Add File', 0, 1, 'Can add files to set.', 5, 0),
(48, 'view_file', 'View Files', 0, 0, 'Can view and download files.', 6, 0),
(49, 'view_file_in_file_manager', 'View File in File Manager', 0, 0, 'Can access the File Manager.', 6, 0),
(50, 'edit_file_properties', 'Edit File Properties', 0, 0, 'Can edit a file''s properties.', 6, 0),
(51, 'edit_file_contents', 'Edit File Contents', 0, 0, 'Can edit or replace files.', 6, 0),
(52, 'copy_file', 'Copy File', 0, 0, 'Can copy file.', 6, 0),
(53, 'edit_file_permissions', 'Edit File Access', 0, 0, 'Can edit access to file.', 6, 0),
(54, 'delete_file', 'Delete File', 0, 0, 'Can delete file.', 6, 0),
(55, 'approve_basic_workflow_action', 'Approve or Deny', 0, 0, 'Grant ability to approve workflow.', 13, 0),
(56, 'notify_on_basic_workflow_entry', 'Notify on Entry', 0, 0, 'Notify approvers that a change has entered the workflow.', 13, 0),
(57, 'notify_on_basic_workflow_approve', 'Notify on Approve', 0, 0, 'Notify approvers that a change has been approved.', 13, 0),
(58, 'notify_on_basic_workflow_deny', 'Notify on Deny', 0, 0, 'Notify approvers that a change has been denied.', 13, 0),
(59, 'add_page_type', 'Add Pages of This Type', 0, 0, '', 14, 0),
(60, 'edit_page_type', 'Edit Page Type', 0, 0, '', 14, 0),
(61, 'delete_page_type', 'Delete Page Type', 0, 0, '', 14, 0),
(62, 'edit_page_type_permissions', 'Edit Page Type Permissions', 0, 0, '', 14, 0),
(63, 'edit_page_type_drafts', 'Edit Page Type Drafts', 0, 0, '', 14, 0),
(64, 'view_topic_tree_node', 'View Topic Tree Node', 0, 0, '', 18, 0),
(65, 'view_topic_category_tree_node', 'View Topic Category Tree Node', 0, 0, '', 17, 0),
(66, 'add_conversation_message', 'Add Message to Conversation', 0, 1, '', 19, 0),
(67, 'add_conversation_message_attachments', 'Add Message Attachments', 0, 0, '', 19, 0),
(68, 'edit_conversation_permissions', 'Edit Conversation Permissions', 0, 0, '', 19, 0),
(69, 'delete_conversation_message', 'Delete Message', 0, 0, '', 19, 0),
(70, 'edit_conversation_message', 'Edit Message', 0, 0, '', 19, 0),
(71, 'rate_conversation_message', 'Rate Message', 0, 0, '', 19, 0),
(72, 'flag_conversation_message', 'Flag Message', 0, 0, '', 19, 0),
(73, 'approve_conversation_message', 'Approve Message', 0, 0, '', 19, 0),
(74, 'edit_user_properties', 'Edit User Details', 0, 1, NULL, 4, 0),
(75, 'view_user_attributes', 'View User Attributes', 0, 1, NULL, 4, 0),
(76, 'activate_user', 'Activate/Deactivate User', 0, 0, NULL, 4, 0),
(77, 'sudo', 'Sign in as User', 0, 0, NULL, 4, 0),
(78, 'upgrade', 'Upgrade concrete5', 0, 0, NULL, 10, 0),
(79, 'access_group_search', 'Access Group Search', 0, 0, NULL, 4, 0),
(80, 'delete_user', 'Delete User', 0, 0, NULL, 4, 0),
(81, 'search_users_in_group', 'Search User Group', 0, 0, NULL, 16, 0),
(82, 'edit_group', 'Edit Group', 0, 0, NULL, 16, 0),
(83, 'assign_group', 'Assign Group', 0, 0, NULL, 16, 0),
(84, 'add_sub_group', 'Add Child Group', 0, 0, NULL, 16, 0),
(85, 'edit_group_permissions', 'Edit Group Permissions', 0, 0, NULL, 16, 0),
(86, 'access_page_type_permissions', 'Access Page Type Permissions', 0, 0, NULL, 10, 0),
(87, 'backup', 'Perform Backups', 0, 0, NULL, 10, 0),
(88, 'access_task_permissions', 'Access Task Permissions', 0, 0, NULL, 10, 0),
(89, 'access_sitemap', 'Access Sitemap', 0, 0, NULL, 11, 0),
(90, 'access_page_defaults', 'Access Page Type Defaults', 0, 0, NULL, 10, 0),
(91, 'customize_themes', 'Customize Themes', 0, 0, NULL, 10, 0),
(92, 'manage_layout_presets', 'Manage Layout Presets', 0, 0, NULL, 10, 0),
(93, 'empty_trash', 'Empty Trash', 0, 0, NULL, 10, 0),
(94, 'add_topic_tree', 'Add Topic Tree', 0, 0, NULL, 10, 0),
(95, 'remove_topic_tree', 'Remove Topic Tree', 0, 0, NULL, 10, 0),
(96, 'uninstall_packages', 'Uninstall Packages', 0, 0, NULL, 12, 0),
(97, 'install_packages', 'Install Packages', 0, 0, NULL, 12, 0),
(98, 'view_newsflow', 'View Newsflow', 0, 0, NULL, 12, 0),
(99, 'access_user_search_export', 'Export Site Users', 0, 0, 'Controls whether a user can export site users or not', 4, 0),
(100, 'access_user_search', 'Access User Search', 0, 0, 'Controls whether a user can view the search user interface.', 4, 0),
(101, 'edit_gatherings', 'Edit Gatherings', 0, 0, 'Can edit the footprint and items in all gatherings.', 10, 0),
(102, 'edit_gathering_items', 'Edit Gathering Items', 0, 0, '', 15, 0),
(103, 'view_in_maintenance_mode', 'View Site in Maintenance Mode', 0, 0, 'Controls whether a user can access the website when its under maintenance.', 10, 0);

-- --------------------------------------------------------

--
-- Structure de la table `PileContents`
--

DROP TABLE IF EXISTS `PileContents`;
CREATE TABLE `PileContents` (
  `pcID` int(10) unsigned NOT NULL,
  `pID` int(10) unsigned NOT NULL DEFAULT '0',
  `itemID` int(10) unsigned NOT NULL DEFAULT '0',
  `itemType` varchar(64) COLLATE utf8_unicode_ci NOT NULL,
  `quantity` int(10) unsigned NOT NULL DEFAULT '1',
  `timestamp` timestamp NOT NULL DEFAULT CURRENT_TIMESTAMP,
  `displayOrder` int(10) unsigned NOT NULL DEFAULT '0'
) ENGINE=InnoDB DEFAULT CHARSET=utf8 COLLATE=utf8_unicode_ci;

-- --------------------------------------------------------

--
-- Structure de la table `Piles`
--

DROP TABLE IF EXISTS `Piles`;
CREATE TABLE `Piles` (
  `pID` int(10) unsigned NOT NULL,
  `uID` int(10) unsigned DEFAULT NULL,
  `isDefault` tinyint(1) NOT NULL DEFAULT '0',
  `timestamp` timestamp NOT NULL DEFAULT CURRENT_TIMESTAMP,
  `name` varchar(255) COLLATE utf8_unicode_ci DEFAULT NULL,
  `state` varchar(64) COLLATE utf8_unicode_ci NOT NULL
) ENGINE=InnoDB AUTO_INCREMENT=2 DEFAULT CHARSET=utf8 COLLATE=utf8_unicode_ci;

--
-- Contenu de la table `Piles`
--

INSERT INTO `Piles` (`pID`, `uID`, `isDefault`, `timestamp`, `name`, `state`) VALUES
(1, 1, 1, '2015-01-18 20:18:57', NULL, 'READY');

-- --------------------------------------------------------

--
-- Structure de la table `QueueMessages`
--

DROP TABLE IF EXISTS `QueueMessages`;
CREATE TABLE `QueueMessages` (
  `message_id` int(10) unsigned NOT NULL,
  `queue_id` int(10) unsigned NOT NULL,
  `handle` varchar(32) COLLATE utf8_unicode_ci DEFAULT NULL,
  `body` longtext COLLATE utf8_unicode_ci NOT NULL,
  `md5` varchar(32) COLLATE utf8_unicode_ci NOT NULL,
  `timeout` decimal(14,0) DEFAULT NULL,
  `created` int(10) unsigned NOT NULL
) ENGINE=InnoDB DEFAULT CHARSET=utf8 COLLATE=utf8_unicode_ci;

-- --------------------------------------------------------

--
-- Structure de la table `QueuePageDuplicationRelations`
--

DROP TABLE IF EXISTS `QueuePageDuplicationRelations`;
CREATE TABLE `QueuePageDuplicationRelations` (
  `queue_name` varchar(255) COLLATE utf8_unicode_ci NOT NULL,
  `cID` int(10) unsigned NOT NULL DEFAULT '0',
  `originalCID` int(10) unsigned NOT NULL DEFAULT '0'
) ENGINE=InnoDB DEFAULT CHARSET=utf8 COLLATE=utf8_unicode_ci;

-- --------------------------------------------------------

--
-- Structure de la table `Queues`
--

DROP TABLE IF EXISTS `Queues`;
CREATE TABLE `Queues` (
  `queue_id` int(10) unsigned NOT NULL,
  `queue_name` varchar(100) COLLATE utf8_unicode_ci NOT NULL,
  `timeout` int(10) unsigned NOT NULL DEFAULT '30'
) ENGINE=InnoDB DEFAULT CHARSET=utf8 COLLATE=utf8_unicode_ci;

-- --------------------------------------------------------

--
-- Structure de la table `Sessions`
--

DROP TABLE IF EXISTS `Sessions`;
CREATE TABLE `Sessions` (
  `sessionID` varchar(255) COLLATE utf8_unicode_ci NOT NULL,
  `sessionValue` text COLLATE utf8_unicode_ci NOT NULL,
  `sessionTime` int(10) unsigned NOT NULL
) ENGINE=InnoDB DEFAULT CHARSET=utf8 COLLATE=utf8_unicode_ci;

-- --------------------------------------------------------

--
-- Structure de la table `SignupRequests`
--

DROP TABLE IF EXISTS `SignupRequests`;
CREATE TABLE `SignupRequests` (
  `id` int(11) NOT NULL,
  `ipFrom` tinyblob,
  `date_access` timestamp NOT NULL DEFAULT CURRENT_TIMESTAMP
) ENGINE=InnoDB DEFAULT CHARSET=utf8 COLLATE=utf8_unicode_ci;

-- --------------------------------------------------------

--
-- Structure de la table `SocialLinks`
--

DROP TABLE IF EXISTS `SocialLinks`;
CREATE TABLE `SocialLinks` (
  `slID` int(10) unsigned NOT NULL,
  `ssHandle` varchar(255) COLLATE utf8_unicode_ci NOT NULL DEFAULT '',
  `url` varchar(255) COLLATE utf8_unicode_ci DEFAULT NULL
) ENGINE=InnoDB DEFAULT CHARSET=utf8 COLLATE=utf8_unicode_ci;

-- --------------------------------------------------------

--
-- Structure de la table `Stacks`
--

DROP TABLE IF EXISTS `Stacks`;
CREATE TABLE `Stacks` (
  `stID` int(10) unsigned NOT NULL,
  `stName` varchar(255) COLLATE utf8_unicode_ci NOT NULL,
  `stType` int(10) unsigned NOT NULL DEFAULT '0',
  `cID` int(10) unsigned NOT NULL DEFAULT '0',
  `stMultilingualSection` int(10) unsigned NOT NULL DEFAULT '0'
) ENGINE=InnoDB AUTO_INCREMENT=16 DEFAULT CHARSET=utf8 COLLATE=utf8_unicode_ci;

--
-- Contenu de la table `Stacks`
--

INSERT INTO `Stacks` (`stID`, `stName`, `stType`, `cID`, `stMultilingualSection`) VALUES
(1, 'Header Site Title', 20, 143, 0),
(2, 'Header Navigation', 20, 144, 0),
(3, 'Footer Legal', 20, 145, 0),
(4, 'Footer Navigation', 20, 146, 0),
(5, 'Footer Contact', 20, 147, 0),
(6, 'Responsive Navigation', 20, 149, 0),
(7, 'Header Info', 20, 150, 0),
(8, 'Header Social', 20, 151, 0),
(9, 'Site Name', 20, 152, 0),
(10, 'Footer 1', 20, 153, 0),
(11, 'Footer 2', 20, 154, 0),
(12, 'Footer 3', 20, 155, 0),
(13, 'Footer 4', 20, 156, 0),
(14, 'Footer 5', 20, 157, 0),
(15, 'Footer 6', 20, 158, 0);

-- --------------------------------------------------------

--
-- Structure de la table `StyleCustomizerCustomCssRecords`
--

DROP TABLE IF EXISTS `StyleCustomizerCustomCssRecords`;
CREATE TABLE `StyleCustomizerCustomCssRecords` (
  `sccRecordID` int(10) unsigned NOT NULL,
  `value` longtext COLLATE utf8_unicode_ci
) ENGINE=InnoDB DEFAULT CHARSET=utf8 COLLATE=utf8_unicode_ci;

-- --------------------------------------------------------

--
-- Structure de la table `StyleCustomizerInlineStylePresets`
--

DROP TABLE IF EXISTS `StyleCustomizerInlineStylePresets`;
CREATE TABLE `StyleCustomizerInlineStylePresets` (
  `pssPresetID` int(10) unsigned NOT NULL,
  `pssPresetName` varchar(255) COLLATE utf8_unicode_ci NOT NULL,
  `issID` int(10) unsigned NOT NULL DEFAULT '0'
) ENGINE=InnoDB DEFAULT CHARSET=utf8 COLLATE=utf8_unicode_ci;

-- --------------------------------------------------------

--
-- Structure de la table `StyleCustomizerInlineStyleSets`
--

DROP TABLE IF EXISTS `StyleCustomizerInlineStyleSets`;
CREATE TABLE `StyleCustomizerInlineStyleSets` (
  `issID` int(10) unsigned NOT NULL,
  `backgroundColor` varchar(255) COLLATE utf8_unicode_ci DEFAULT NULL,
  `backgroundImageFileID` int(11) DEFAULT NULL,
  `backgroundRepeat` varchar(255) COLLATE utf8_unicode_ci DEFAULT NULL,
  `borderWidth` varchar(255) COLLATE utf8_unicode_ci DEFAULT NULL,
  `borderColor` varchar(255) COLLATE utf8_unicode_ci DEFAULT NULL,
  `borderStyle` varchar(255) COLLATE utf8_unicode_ci DEFAULT NULL,
  `borderRadius` varchar(255) COLLATE utf8_unicode_ci DEFAULT NULL,
  `baseFontSize` varchar(255) COLLATE utf8_unicode_ci DEFAULT NULL,
  `alignment` varchar(255) COLLATE utf8_unicode_ci DEFAULT NULL,
  `textColor` varchar(255) COLLATE utf8_unicode_ci DEFAULT NULL,
  `linkColor` varchar(255) COLLATE utf8_unicode_ci DEFAULT NULL,
  `paddingTop` varchar(255) COLLATE utf8_unicode_ci DEFAULT NULL,
  `paddingBottom` varchar(255) COLLATE utf8_unicode_ci DEFAULT NULL,
  `paddingLeft` varchar(255) COLLATE utf8_unicode_ci DEFAULT NULL,
  `paddingRight` varchar(255) COLLATE utf8_unicode_ci DEFAULT NULL,
  `marginTop` varchar(255) COLLATE utf8_unicode_ci DEFAULT NULL,
  `marginBottom` varchar(255) COLLATE utf8_unicode_ci DEFAULT NULL,
  `marginLeft` varchar(255) COLLATE utf8_unicode_ci DEFAULT NULL,
  `marginRight` varchar(255) COLLATE utf8_unicode_ci DEFAULT NULL,
  `rotate` varchar(255) COLLATE utf8_unicode_ci DEFAULT NULL,
  `boxShadowHorizontal` varchar(255) COLLATE utf8_unicode_ci DEFAULT NULL,
  `boxShadowVertical` varchar(255) COLLATE utf8_unicode_ci DEFAULT NULL,
  `boxShadowBlur` varchar(255) COLLATE utf8_unicode_ci DEFAULT NULL,
  `boxShadowSpread` varchar(255) COLLATE utf8_unicode_ci DEFAULT NULL,
  `boxShadowColor` varchar(255) COLLATE utf8_unicode_ci DEFAULT NULL,
  `customClass` varchar(255) COLLATE utf8_unicode_ci DEFAULT NULL,
  `hideOnExtraSmallDevice` tinyint(1) DEFAULT NULL,
  `hideOnSmallDevice` tinyint(1) DEFAULT NULL,
  `hideOnMediumDevice` tinyint(1) DEFAULT NULL,
  `hideOnLargeDevice` tinyint(1) DEFAULT NULL
) ENGINE=InnoDB AUTO_INCREMENT=40 DEFAULT CHARSET=utf8 COLLATE=utf8_unicode_ci;

--
-- Contenu de la table `StyleCustomizerInlineStyleSets`
--

INSERT INTO `StyleCustomizerInlineStyleSets` (`issID`, `backgroundColor`, `backgroundImageFileID`, `backgroundRepeat`, `borderWidth`, `borderColor`, `borderStyle`, `borderRadius`, `baseFontSize`, `alignment`, `textColor`, `linkColor`, `paddingTop`, `paddingBottom`, `paddingLeft`, `paddingRight`, `marginTop`, `marginBottom`, `marginLeft`, `marginRight`, `rotate`, `boxShadowHorizontal`, `boxShadowVertical`, `boxShadowBlur`, `boxShadowSpread`, `boxShadowColor`, `customClass`, `hideOnExtraSmallDevice`, `hideOnSmallDevice`, `hideOnMediumDevice`, `hideOnLargeDevice`) VALUES
(1, '', 0, 'no-repeat', NULL, '', 'none', NULL, NULL, '', '', '', NULL, NULL, NULL, NULL, NULL, NULL, NULL, NULL, NULL, NULL, NULL, NULL, NULL, '', '', NULL, NULL, NULL, NULL),
(2, '', 0, 'no-repeat', NULL, '', 'none', NULL, NULL, '', '', '', NULL, NULL, NULL, NULL, NULL, NULL, NULL, NULL, NULL, NULL, NULL, NULL, NULL, '', 'quaternary-block', NULL, NULL, NULL, NULL),
(3, NULL, 0, NULL, NULL, NULL, NULL, NULL, NULL, NULL, NULL, NULL, NULL, NULL, NULL, NULL, NULL, NULL, NULL, NULL, NULL, NULL, NULL, NULL, NULL, NULL, NULL, NULL, NULL, NULL, NULL),
(4, '', 0, 'no-repeat', NULL, '', 'none', NULL, NULL, '', '', '', NULL, NULL, NULL, NULL, NULL, NULL, NULL, NULL, NULL, NULL, NULL, NULL, NULL, '', 'space-s', NULL, NULL, NULL, NULL),
(5, '', 0, 'no-repeat', NULL, '', 'none', NULL, NULL, '', '', '', NULL, NULL, NULL, NULL, NULL, NULL, NULL, NULL, NULL, NULL, NULL, NULL, NULL, '', '', NULL, NULL, NULL, NULL),
(6, '', 0, 'no-repeat', NULL, '', 'none', NULL, NULL, '', '', '', NULL, NULL, NULL, NULL, NULL, NULL, NULL, NULL, NULL, NULL, NULL, NULL, NULL, '', '', NULL, NULL, NULL, NULL),
(7, '', 0, 'no-repeat', NULL, '', 'none', NULL, NULL, '', '', '', NULL, NULL, NULL, NULL, NULL, NULL, NULL, NULL, NULL, NULL, NULL, NULL, NULL, '', 'responsive', NULL, NULL, NULL, NULL),
(8, '', 0, 'no-repeat', NULL, '', 'none', NULL, NULL, '', '', '', NULL, NULL, NULL, NULL, NULL, NULL, NULL, NULL, NULL, NULL, NULL, NULL, NULL, '', 'space-s', NULL, NULL, NULL, NULL),
(9, '', 0, 'no-repeat', NULL, '', 'none', NULL, NULL, '', '', '', NULL, NULL, NULL, NULL, NULL, NULL, NULL, NULL, NULL, NULL, NULL, NULL, NULL, '', '', NULL, NULL, NULL, NULL),
(10, '', 0, 'no-repeat', NULL, '', 'none', NULL, NULL, '', '', '', NULL, NULL, NULL, NULL, NULL, NULL, NULL, NULL, NULL, NULL, NULL, NULL, NULL, '', '', NULL, NULL, NULL, NULL),
(11, '', 0, 'no-repeat', NULL, '', 'none', NULL, NULL, '', '', '', NULL, NULL, NULL, NULL, NULL, NULL, NULL, NULL, NULL, NULL, NULL, NULL, NULL, '', 'space-m', NULL, NULL, NULL, NULL),
(12, '', 0, 'no-repeat', NULL, '', 'none', NULL, NULL, '', '', '', NULL, NULL, NULL, NULL, NULL, NULL, NULL, NULL, NULL, NULL, NULL, NULL, NULL, '', 'space-m', NULL, NULL, NULL, NULL),
(13, '', 0, 'no-repeat', NULL, '', 'none', NULL, NULL, '', '', '', NULL, NULL, NULL, NULL, NULL, NULL, NULL, NULL, NULL, NULL, NULL, NULL, NULL, '', '', NULL, NULL, NULL, NULL),
(14, '', 0, 'no-repeat', NULL, '', 'none', NULL, NULL, '', '', '', NULL, NULL, NULL, NULL, NULL, NULL, NULL, NULL, NULL, NULL, NULL, NULL, NULL, '', 'space-s', NULL, NULL, NULL, NULL),
(15, '', 0, 'no-repeat', NULL, '', 'none', NULL, NULL, '', '', '', NULL, NULL, NULL, NULL, NULL, NULL, NULL, NULL, NULL, NULL, NULL, NULL, NULL, '', '', NULL, NULL, NULL, NULL),
(16, '', 20, 'no-repeat', NULL, '', 'none', NULL, NULL, '', '', '', NULL, NULL, NULL, NULL, NULL, NULL, NULL, NULL, NULL, NULL, NULL, NULL, NULL, '', '', NULL, NULL, NULL, NULL),
(17, '', 0, 'no-repeat', NULL, '', 'none', NULL, NULL, '', '', '', NULL, NULL, NULL, NULL, NULL, NULL, NULL, NULL, NULL, NULL, NULL, NULL, NULL, '', 'space-s', NULL, NULL, NULL, NULL),
(18, '', 0, 'no-repeat', NULL, '', 'none', NULL, NULL, '', '', '', NULL, NULL, NULL, NULL, NULL, NULL, NULL, NULL, NULL, NULL, NULL, NULL, NULL, '', 'space-s', NULL, NULL, NULL, NULL),
(19, '', 0, 'no-repeat', NULL, '', 'none', NULL, NULL, '', '', '', NULL, NULL, NULL, NULL, NULL, NULL, NULL, NULL, NULL, NULL, NULL, NULL, NULL, '', 'space-s', NULL, NULL, NULL, NULL),
(20, '', 0, 'no-repeat', NULL, '', 'none', NULL, NULL, '', '', '', NULL, NULL, NULL, NULL, NULL, NULL, NULL, NULL, NULL, NULL, NULL, NULL, NULL, '', '', NULL, NULL, NULL, NULL),
(21, '', 0, 'no-repeat', NULL, '', 'none', NULL, NULL, '', '', '', NULL, NULL, NULL, NULL, NULL, NULL, NULL, NULL, NULL, NULL, NULL, NULL, NULL, '', '', NULL, NULL, NULL, NULL),
(22, '', 0, 'no-repeat', NULL, '', 'none', NULL, NULL, '', '', '', NULL, NULL, NULL, NULL, NULL, NULL, NULL, NULL, NULL, NULL, NULL, NULL, NULL, '', '', NULL, NULL, NULL, NULL),
(23, '', 0, 'no-repeat', NULL, '', 'none', NULL, NULL, '', '', '', NULL, NULL, NULL, NULL, NULL, NULL, NULL, NULL, NULL, NULL, NULL, NULL, NULL, '', '', NULL, NULL, NULL, NULL),
(24, '', 0, 'no-repeat', NULL, '', 'none', NULL, NULL, '', '', '', NULL, NULL, NULL, NULL, NULL, NULL, NULL, NULL, NULL, NULL, NULL, NULL, NULL, '', '', NULL, NULL, NULL, NULL),
(25, '', 0, 'no-repeat', NULL, '', 'none', NULL, NULL, '', '', '', NULL, NULL, NULL, NULL, NULL, NULL, NULL, NULL, NULL, NULL, NULL, NULL, NULL, '', '', NULL, NULL, NULL, NULL),
(26, '', 0, 'no-repeat', NULL, '', 'none', NULL, NULL, '', '', '', NULL, NULL, NULL, NULL, NULL, NULL, NULL, NULL, NULL, NULL, NULL, NULL, NULL, '', 'space-xl', NULL, NULL, NULL, NULL),
(27, '', 0, 'no-repeat', NULL, '', 'none', NULL, NULL, '', '', '', NULL, NULL, NULL, NULL, NULL, NULL, NULL, NULL, NULL, NULL, NULL, NULL, NULL, '', '', NULL, NULL, NULL, NULL),
(28, '', 0, 'no-repeat', NULL, '', 'none', NULL, NULL, '', '', '', NULL, NULL, NULL, NULL, NULL, NULL, NULL, NULL, NULL, NULL, NULL, NULL, NULL, '', '', NULL, NULL, NULL, NULL),
(29, '', 0, 'no-repeat', NULL, '', 'none', NULL, NULL, '', '', '', NULL, NULL, NULL, NULL, NULL, NULL, NULL, NULL, NULL, NULL, NULL, NULL, NULL, '', 'space-m', NULL, NULL, NULL, NULL),
(30, '', 0, 'no-repeat', NULL, '', 'none', NULL, NULL, '', '', '', NULL, NULL, NULL, NULL, NULL, NULL, NULL, NULL, NULL, NULL, NULL, NULL, NULL, '', 'space-m', NULL, NULL, NULL, NULL),
(31, '', 0, 'no-repeat', NULL, '', 'none', NULL, NULL, '', '', '', NULL, NULL, NULL, NULL, NULL, NULL, NULL, NULL, NULL, NULL, NULL, NULL, NULL, '', 'space-s', NULL, NULL, NULL, NULL),
(32, '', 0, 'no-repeat', NULL, '', 'none', NULL, NULL, '', '', '', NULL, NULL, NULL, NULL, NULL, NULL, NULL, NULL, NULL, NULL, NULL, NULL, NULL, '', 'space-s', NULL, NULL, NULL, NULL),
(33, '', 0, 'no-repeat', NULL, '', 'none', NULL, NULL, '', '', '', NULL, NULL, NULL, NULL, NULL, NULL, NULL, NULL, NULL, NULL, NULL, NULL, NULL, '', 'space-m', NULL, NULL, NULL, NULL),
(34, '', 0, 'no-repeat', NULL, '', 'none', NULL, NULL, '', '', '', NULL, NULL, NULL, NULL, NULL, NULL, NULL, NULL, NULL, NULL, NULL, NULL, NULL, '', '', NULL, NULL, NULL, NULL),
(35, '', 0, 'no-repeat', NULL, '', 'none', NULL, NULL, '', '', '', NULL, NULL, NULL, NULL, NULL, NULL, NULL, NULL, NULL, NULL, NULL, NULL, NULL, '', '', NULL, NULL, NULL, NULL),
(36, '', 0, 'no-repeat', NULL, '', 'none', NULL, NULL, '', '', '', NULL, NULL, NULL, NULL, NULL, NULL, NULL, NULL, NULL, NULL, NULL, NULL, NULL, '', '', NULL, NULL, NULL, NULL),
(37, '', 0, 'no-repeat', NULL, '', 'none', NULL, NULL, '', '', '', NULL, NULL, NULL, NULL, NULL, NULL, NULL, NULL, NULL, NULL, NULL, NULL, NULL, '', 'space-l', NULL, NULL, NULL, NULL),
(38, '', 0, 'no-repeat', NULL, '', 'none', NULL, NULL, '', '', '', NULL, NULL, NULL, NULL, NULL, NULL, NULL, NULL, NULL, NULL, NULL, NULL, NULL, '', 'space-l', NULL, NULL, NULL, NULL),
(39, '', 0, 'no-repeat', NULL, '', 'none', NULL, NULL, '', '', '', NULL, NULL, NULL, NULL, NULL, NULL, NULL, NULL, NULL, NULL, NULL, NULL, NULL, '', 'responsive', NULL, NULL, NULL, NULL);

-- --------------------------------------------------------

--
-- Structure de la table `StyleCustomizerValueLists`
--

DROP TABLE IF EXISTS `StyleCustomizerValueLists`;
CREATE TABLE `StyleCustomizerValueLists` (
  `scvlID` int(10) unsigned NOT NULL
) ENGINE=InnoDB DEFAULT CHARSET=utf8 COLLATE=utf8_unicode_ci;

-- --------------------------------------------------------

--
-- Structure de la table `StyleCustomizerValues`
--

DROP TABLE IF EXISTS `StyleCustomizerValues`;
CREATE TABLE `StyleCustomizerValues` (
  `scvID` int(10) unsigned NOT NULL,
  `scvlID` int(10) unsigned DEFAULT NULL,
  `value` text COLLATE utf8_unicode_ci
) ENGINE=InnoDB DEFAULT CHARSET=utf8 COLLATE=utf8_unicode_ci;

-- --------------------------------------------------------

--
-- Structure de la table `SystemAntispamLibraries`
--

DROP TABLE IF EXISTS `SystemAntispamLibraries`;
CREATE TABLE `SystemAntispamLibraries` (
  `saslHandle` varchar(64) COLLATE utf8_unicode_ci NOT NULL,
  `saslName` varchar(255) COLLATE utf8_unicode_ci DEFAULT NULL,
  `saslIsActive` tinyint(1) NOT NULL DEFAULT '0',
  `pkgID` int(10) unsigned NOT NULL DEFAULT '0'
) ENGINE=InnoDB DEFAULT CHARSET=utf8 COLLATE=utf8_unicode_ci;

-- --------------------------------------------------------

--
-- Structure de la table `SystemCaptchaLibraries`
--

DROP TABLE IF EXISTS `SystemCaptchaLibraries`;
CREATE TABLE `SystemCaptchaLibraries` (
  `sclHandle` varchar(64) COLLATE utf8_unicode_ci NOT NULL,
  `sclName` varchar(255) COLLATE utf8_unicode_ci DEFAULT NULL,
  `sclIsActive` tinyint(1) NOT NULL DEFAULT '0',
  `pkgID` int(10) unsigned NOT NULL DEFAULT '0'
) ENGINE=InnoDB DEFAULT CHARSET=utf8 COLLATE=utf8_unicode_ci;

--
-- Contenu de la table `SystemCaptchaLibraries`
--

INSERT INTO `SystemCaptchaLibraries` (`sclHandle`, `sclName`, `sclIsActive`, `pkgID`) VALUES
('securimage', 'SecurImage (Default)', 1, 0);

-- --------------------------------------------------------

--
-- Structure de la table `SystemContentEditorSnippets`
--

DROP TABLE IF EXISTS `SystemContentEditorSnippets`;
CREATE TABLE `SystemContentEditorSnippets` (
  `scsHandle` varchar(64) COLLATE utf8_unicode_ci NOT NULL,
  `scsName` varchar(255) COLLATE utf8_unicode_ci DEFAULT NULL,
  `scsIsActive` tinyint(1) NOT NULL DEFAULT '0',
  `pkgID` int(10) unsigned NOT NULL DEFAULT '0'
) ENGINE=InnoDB DEFAULT CHARSET=utf8 COLLATE=utf8_unicode_ci;

--
-- Contenu de la table `SystemContentEditorSnippets`
--

INSERT INTO `SystemContentEditorSnippets` (`scsHandle`, `scsName`, `scsIsActive`, `pkgID`) VALUES
('page_name', 'Page Name', 1, 0),
('user_name', 'User Name', 1, 0);

-- --------------------------------------------------------

--
-- Structure de la table `SystemDatabaseMigrations`
--

DROP TABLE IF EXISTS `SystemDatabaseMigrations`;
CREATE TABLE `SystemDatabaseMigrations` (
  `version` varchar(255) COLLATE utf8_unicode_ci NOT NULL
) ENGINE=InnoDB DEFAULT CHARSET=utf8 COLLATE=utf8_unicode_ci;

--
-- Contenu de la table `SystemDatabaseMigrations`
--

INSERT INTO `SystemDatabaseMigrations` (`version`) VALUES
('20140919000000'),
('20140930000000'),
('20141017000000'),
('20141024000000'),
('20141113000000'),
('20141219000000'),
('20150109000000'),
('20150504000000'),
('20150515000000'),
('20150610000000'),
('20150612000000'),
('20150615000000'),
('20150616000000'),
('20150619000000'),
('20150622000000'),
('20150623000000'),
('20150713000000');

-- --------------------------------------------------------

--
-- Structure de la table `SystemDatabaseQueryLog`
--

DROP TABLE IF EXISTS `SystemDatabaseQueryLog`;
CREATE TABLE `SystemDatabaseQueryLog` (
  `query` text COLLATE utf8_unicode_ci,
  `params` text COLLATE utf8_unicode_ci,
  `executionMS` varchar(255) COLLATE utf8_unicode_ci DEFAULT NULL
) ENGINE=InnoDB DEFAULT CHARSET=utf8 COLLATE=utf8_unicode_ci;

-- --------------------------------------------------------

--
-- Structure de la table `SystemImageEditorComponents`
--

DROP TABLE IF EXISTS `SystemImageEditorComponents`;
CREATE TABLE `SystemImageEditorComponents` (
  `scsID` int(10) unsigned NOT NULL,
  `scsHandle` varchar(255) COLLATE utf8_unicode_ci NOT NULL DEFAULT '',
  `scsName` varchar(255) COLLATE utf8_unicode_ci NOT NULL DEFAULT '',
  `scsDisplayOrder` int(10) unsigned NOT NULL DEFAULT '0',
  `pkgID` int(10) unsigned NOT NULL DEFAULT '0'
) ENGINE=InnoDB DEFAULT CHARSET=utf8 COLLATE=utf8_unicode_ci;

-- --------------------------------------------------------

--
-- Structure de la table `SystemImageEditorControlSets`
--

DROP TABLE IF EXISTS `SystemImageEditorControlSets`;
CREATE TABLE `SystemImageEditorControlSets` (
  `scsID` int(10) unsigned NOT NULL,
  `scsHandle` varchar(255) COLLATE utf8_unicode_ci NOT NULL DEFAULT '',
  `scsName` varchar(255) COLLATE utf8_unicode_ci NOT NULL DEFAULT '',
  `scsDisplayOrder` int(10) unsigned NOT NULL DEFAULT '0',
  `pkgID` int(10) unsigned NOT NULL DEFAULT '0'
) ENGINE=InnoDB AUTO_INCREMENT=3 DEFAULT CHARSET=utf8 COLLATE=utf8_unicode_ci;

--
-- Contenu de la table `SystemImageEditorControlSets`
--

INSERT INTO `SystemImageEditorControlSets` (`scsID`, `scsHandle`, `scsName`, `scsDisplayOrder`, `pkgID`) VALUES
(1, 'position', 'Position', 0, 0),
(2, 'filter', 'Filter', 0, 0);

-- --------------------------------------------------------

--
-- Structure de la table `SystemImageEditorFilters`
--

DROP TABLE IF EXISTS `SystemImageEditorFilters`;
CREATE TABLE `SystemImageEditorFilters` (
  `scsID` int(10) unsigned NOT NULL,
  `scsHandle` varchar(255) COLLATE utf8_unicode_ci NOT NULL DEFAULT '',
  `scsName` varchar(255) COLLATE utf8_unicode_ci NOT NULL DEFAULT '',
  `scsDisplayOrder` int(10) unsigned NOT NULL DEFAULT '0',
  `pkgID` int(10) unsigned NOT NULL DEFAULT '0'
) ENGINE=InnoDB AUTO_INCREMENT=6 DEFAULT CHARSET=utf8 COLLATE=utf8_unicode_ci;

--
-- Contenu de la table `SystemImageEditorFilters`
--

INSERT INTO `SystemImageEditorFilters` (`scsID`, `scsHandle`, `scsName`, `scsDisplayOrder`, `pkgID`) VALUES
(1, 'none', 'None', 0, 0),
(2, 'grayscale', 'Grayscale', 0, 0),
(3, 'sepia', 'Sepia', 0, 0),
(4, 'gaussian_blur', 'Blur', 0, 0),
(5, 'vignette', 'Vignette', 0, 0);

-- --------------------------------------------------------

--
-- Structure de la table `SystemImageEditorShapes`
--

DROP TABLE IF EXISTS `SystemImageEditorShapes`;
CREATE TABLE `SystemImageEditorShapes` (
  `scsID` int(10) unsigned NOT NULL,
  `scsHandle` varchar(255) COLLATE utf8_unicode_ci NOT NULL DEFAULT '',
  `scsName` varchar(255) COLLATE utf8_unicode_ci NOT NULL DEFAULT '',
  `scsDisplayOrder` int(10) unsigned NOT NULL DEFAULT '0',
  `pkgID` int(10) unsigned NOT NULL DEFAULT '0'
) ENGINE=InnoDB DEFAULT CHARSET=utf8 COLLATE=utf8_unicode_ci;

-- --------------------------------------------------------

--
-- Structure de la table `TopicTrees`
--

DROP TABLE IF EXISTS `TopicTrees`;
CREATE TABLE `TopicTrees` (
  `treeID` int(10) unsigned NOT NULL DEFAULT '0',
  `topicTreeName` varchar(255) COLLATE utf8_unicode_ci DEFAULT ''
) ENGINE=InnoDB DEFAULT CHARSET=utf8 COLLATE=utf8_unicode_ci;

-- --------------------------------------------------------

--
-- Structure de la table `TreeCategoryNodes`
--

DROP TABLE IF EXISTS `TreeCategoryNodes`;
CREATE TABLE `TreeCategoryNodes` (
  `treeNodeID` int(10) unsigned NOT NULL,
  `treeNodeCategoryName` varchar(255) COLLATE utf8_unicode_ci DEFAULT ''
) ENGINE=InnoDB DEFAULT CHARSET=utf8 COLLATE=utf8_unicode_ci;

-- --------------------------------------------------------

--
-- Structure de la table `TreeGroupNodes`
--

DROP TABLE IF EXISTS `TreeGroupNodes`;
CREATE TABLE `TreeGroupNodes` (
  `treeNodeID` int(10) unsigned NOT NULL,
  `gID` int(10) unsigned DEFAULT '0'
) ENGINE=InnoDB AUTO_INCREMENT=5 DEFAULT CHARSET=utf8 COLLATE=utf8_unicode_ci;

--
-- Contenu de la table `TreeGroupNodes`
--

INSERT INTO `TreeGroupNodes` (`treeNodeID`, `gID`) VALUES
(2, 1),
(3, 2),
(4, 3);

-- --------------------------------------------------------

--
-- Structure de la table `TreeNodePermissionAssignments`
--

DROP TABLE IF EXISTS `TreeNodePermissionAssignments`;
CREATE TABLE `TreeNodePermissionAssignments` (
  `treeNodeID` int(10) unsigned NOT NULL DEFAULT '0',
  `pkID` int(10) unsigned NOT NULL DEFAULT '0',
  `paID` int(10) unsigned NOT NULL DEFAULT '0'
) ENGINE=InnoDB DEFAULT CHARSET=utf8 COLLATE=utf8_unicode_ci;

--
-- Contenu de la table `TreeNodePermissionAssignments`
--

INSERT INTO `TreeNodePermissionAssignments` (`treeNodeID`, `pkID`, `paID`) VALUES
(1, 81, 60),
(1, 82, 61),
(1, 83, 62),
(1, 84, 63),
(1, 85, 64);

-- --------------------------------------------------------

--
-- Structure de la table `TreeNodes`
--

DROP TABLE IF EXISTS `TreeNodes`;
CREATE TABLE `TreeNodes` (
  `treeNodeID` int(10) unsigned NOT NULL,
  `treeNodeTypeID` int(10) unsigned DEFAULT '0',
  `treeID` int(10) unsigned DEFAULT '0',
  `treeNodeParentID` int(10) unsigned DEFAULT '0',
  `treeNodeDisplayOrder` int(10) unsigned DEFAULT '0',
  `treeNodeOverridePermissions` tinyint(1) DEFAULT '0',
  `inheritPermissionsFromTreeNodeID` int(10) unsigned DEFAULT '0'
) ENGINE=InnoDB AUTO_INCREMENT=5 DEFAULT CHARSET=utf8 COLLATE=utf8_unicode_ci;

--
-- Contenu de la table `TreeNodes`
--

INSERT INTO `TreeNodes` (`treeNodeID`, `treeNodeTypeID`, `treeID`, `treeNodeParentID`, `treeNodeDisplayOrder`, `treeNodeOverridePermissions`, `inheritPermissionsFromTreeNodeID`) VALUES
(1, 1, 1, 0, 0, 1, 1),
(2, 1, 1, 1, 0, 0, 1),
(3, 1, 1, 1, 1, 0, 1),
(4, 1, 1, 1, 2, 0, 1);

-- --------------------------------------------------------

--
-- Structure de la table `TreeNodeTypes`
--

DROP TABLE IF EXISTS `TreeNodeTypes`;
CREATE TABLE `TreeNodeTypes` (
  `treeNodeTypeID` int(10) unsigned NOT NULL,
  `treeNodeTypeHandle` varchar(255) COLLATE utf8_unicode_ci DEFAULT '',
  `pkgID` int(10) unsigned DEFAULT '0'
) ENGINE=InnoDB AUTO_INCREMENT=4 DEFAULT CHARSET=utf8 COLLATE=utf8_unicode_ci;

--
-- Contenu de la table `TreeNodeTypes`
--

INSERT INTO `TreeNodeTypes` (`treeNodeTypeID`, `treeNodeTypeHandle`, `pkgID`) VALUES
(1, 'group', 0),
(2, 'topic_category', 0),
(3, 'topic', 0);

-- --------------------------------------------------------

--
-- Structure de la table `Trees`
--

DROP TABLE IF EXISTS `Trees`;
CREATE TABLE `Trees` (
  `treeID` int(10) unsigned NOT NULL,
  `treeTypeID` int(10) unsigned DEFAULT '0',
  `treeDateAdded` datetime DEFAULT NULL,
  `rootTreeNodeID` int(10) unsigned DEFAULT '0'
) ENGINE=InnoDB AUTO_INCREMENT=2 DEFAULT CHARSET=utf8 COLLATE=utf8_unicode_ci;

--
-- Contenu de la table `Trees`
--

INSERT INTO `Trees` (`treeID`, `treeTypeID`, `treeDateAdded`, `rootTreeNodeID`) VALUES
(1, 1, '2015-01-18 20:10:10', 1);

-- --------------------------------------------------------

--
-- Structure de la table `TreeTopicNodes`
--

DROP TABLE IF EXISTS `TreeTopicNodes`;
CREATE TABLE `TreeTopicNodes` (
  `treeNodeID` int(10) unsigned NOT NULL,
  `treeNodeTopicName` varchar(255) COLLATE utf8_unicode_ci DEFAULT ''
) ENGINE=InnoDB DEFAULT CHARSET=utf8 COLLATE=utf8_unicode_ci;

-- --------------------------------------------------------

--
-- Structure de la table `TreeTypes`
--

DROP TABLE IF EXISTS `TreeTypes`;
CREATE TABLE `TreeTypes` (
  `treeTypeID` int(10) unsigned NOT NULL,
  `treeTypeHandle` varchar(255) COLLATE utf8_unicode_ci DEFAULT '',
  `pkgID` int(10) unsigned DEFAULT '0'
) ENGINE=InnoDB AUTO_INCREMENT=3 DEFAULT CHARSET=utf8 COLLATE=utf8_unicode_ci;

--
-- Contenu de la table `TreeTypes`
--

INSERT INTO `TreeTypes` (`treeTypeID`, `treeTypeHandle`, `pkgID`) VALUES
(1, 'group', 0),
(2, 'topic', 0);

-- --------------------------------------------------------

--
-- Structure de la table `UserAttributeKeys`
--

DROP TABLE IF EXISTS `UserAttributeKeys`;
CREATE TABLE `UserAttributeKeys` (
  `akID` int(10) unsigned NOT NULL,
  `uakProfileDisplay` tinyint(1) NOT NULL DEFAULT '0',
  `uakMemberListDisplay` tinyint(1) NOT NULL DEFAULT '0',
  `uakProfileEdit` tinyint(1) NOT NULL DEFAULT '1',
  `uakProfileEditRequired` tinyint(1) NOT NULL DEFAULT '0',
  `uakRegisterEdit` tinyint(1) NOT NULL DEFAULT '0',
  `uakRegisterEditRequired` tinyint(1) NOT NULL DEFAULT '0',
  `displayOrder` int(10) unsigned DEFAULT '0',
  `uakIsActive` tinyint(1) NOT NULL DEFAULT '1'
) ENGINE=InnoDB DEFAULT CHARSET=utf8 COLLATE=utf8_unicode_ci;

--
-- Contenu de la table `UserAttributeKeys`
--

INSERT INTO `UserAttributeKeys` (`akID`, `uakProfileDisplay`, `uakMemberListDisplay`, `uakProfileEdit`, `uakProfileEditRequired`, `uakRegisterEdit`, `uakRegisterEditRequired`, `displayOrder`, `uakIsActive`) VALUES
(12, 0, 0, 1, 0, 1, 0, 1, 1),
(13, 0, 0, 1, 0, 1, 0, 2, 1),
(16, 0, 0, 0, 0, 0, 0, 3, 1);

-- --------------------------------------------------------

--
-- Structure de la table `UserAttributeValues`
--

DROP TABLE IF EXISTS `UserAttributeValues`;
CREATE TABLE `UserAttributeValues` (
  `uID` int(10) unsigned NOT NULL DEFAULT '0',
  `akID` int(10) unsigned NOT NULL DEFAULT '0',
  `avID` int(10) unsigned DEFAULT '0'
) ENGINE=InnoDB DEFAULT CHARSET=utf8 COLLATE=utf8_unicode_ci;

-- --------------------------------------------------------

--
-- Structure de la table `UserBannedIPs`
--

DROP TABLE IF EXISTS `UserBannedIPs`;
CREATE TABLE `UserBannedIPs` (
  `id` int(10) unsigned NOT NULL,
  `ipFrom` tinyblob,
  `ipTo` tinyblob,
  `banCode` tinyint(1) NOT NULL DEFAULT '1',
  `expires` datetime NOT NULL DEFAULT '0000-00-00 00:00:00',
  `isManual` tinyint(1) NOT NULL DEFAULT '0'
) ENGINE=InnoDB DEFAULT CHARSET=utf8 COLLATE=utf8_unicode_ci;

-- --------------------------------------------------------

--
-- Structure de la table `UserGroups`
--

DROP TABLE IF EXISTS `UserGroups`;
CREATE TABLE `UserGroups` (
  `uID` int(10) unsigned NOT NULL DEFAULT '0',
  `gID` int(10) unsigned NOT NULL DEFAULT '0',
  `ugEntered` datetime NOT NULL DEFAULT '0000-00-00 00:00:00'
) ENGINE=InnoDB DEFAULT CHARSET=utf8 COLLATE=utf8_unicode_ci;

-- --------------------------------------------------------

--
-- Structure de la table `UserPermissionEditPropertyAccessList`
--

DROP TABLE IF EXISTS `UserPermissionEditPropertyAccessList`;
CREATE TABLE `UserPermissionEditPropertyAccessList` (
  `paID` int(10) unsigned NOT NULL DEFAULT '0',
  `peID` int(10) unsigned NOT NULL DEFAULT '0',
  `uName` tinyint(1) DEFAULT '0',
  `uEmail` tinyint(1) DEFAULT '0',
  `uPassword` tinyint(1) DEFAULT '0',
  `uAvatar` tinyint(1) DEFAULT '0',
  `uTimezone` tinyint(1) DEFAULT '0',
  `uDefaultLanguage` tinyint(1) DEFAULT '0',
  `attributePermission` varchar(1) COLLATE utf8_unicode_ci NOT NULL DEFAULT '1'
) ENGINE=InnoDB DEFAULT CHARSET=utf8 COLLATE=utf8_unicode_ci;

-- --------------------------------------------------------

--
-- Structure de la table `UserPermissionEditPropertyAttributeAccessListCustom`
--

DROP TABLE IF EXISTS `UserPermissionEditPropertyAttributeAccessListCustom`;
CREATE TABLE `UserPermissionEditPropertyAttributeAccessListCustom` (
  `paID` int(10) unsigned NOT NULL DEFAULT '0',
  `peID` int(10) unsigned NOT NULL DEFAULT '0',
  `akID` int(10) unsigned NOT NULL DEFAULT '0'
) ENGINE=InnoDB DEFAULT CHARSET=utf8 COLLATE=utf8_unicode_ci;

-- --------------------------------------------------------

--
-- Structure de la table `UserPermissionViewAttributeAccessList`
--

DROP TABLE IF EXISTS `UserPermissionViewAttributeAccessList`;
CREATE TABLE `UserPermissionViewAttributeAccessList` (
  `paID` int(10) unsigned NOT NULL DEFAULT '0',
  `peID` int(10) unsigned NOT NULL DEFAULT '0',
  `permission` varchar(1) COLLATE utf8_unicode_ci NOT NULL DEFAULT '1'
) ENGINE=InnoDB DEFAULT CHARSET=utf8 COLLATE=utf8_unicode_ci;

-- --------------------------------------------------------

--
-- Structure de la table `UserPermissionViewAttributeAccessListCustom`
--

DROP TABLE IF EXISTS `UserPermissionViewAttributeAccessListCustom`;
CREATE TABLE `UserPermissionViewAttributeAccessListCustom` (
  `paID` int(10) unsigned NOT NULL DEFAULT '0',
  `peID` int(10) unsigned NOT NULL DEFAULT '0',
  `akID` int(10) unsigned NOT NULL DEFAULT '0'
) ENGINE=InnoDB DEFAULT CHARSET=utf8 COLLATE=utf8_unicode_ci;

-- --------------------------------------------------------

--
-- Structure de la table `UserPointActions`
--

DROP TABLE IF EXISTS `UserPointActions`;
CREATE TABLE `UserPointActions` (
  `upaID` int(11) NOT NULL,
  `upaHandle` varchar(255) COLLATE utf8_unicode_ci DEFAULT NULL,
  `upaName` varchar(255) COLLATE utf8_unicode_ci DEFAULT NULL,
  `upaDefaultPoints` int(11) NOT NULL DEFAULT '0',
  `pkgID` int(10) unsigned NOT NULL DEFAULT '0',
  `upaHasCustomClass` tinyint(1) NOT NULL DEFAULT '0',
  `upaIsActive` tinyint(1) NOT NULL DEFAULT '1',
  `gBadgeID` int(11) NOT NULL DEFAULT '0'
) ENGINE=InnoDB AUTO_INCREMENT=2 DEFAULT CHARSET=utf8 COLLATE=utf8_unicode_ci;

--
-- Contenu de la table `UserPointActions`
--

INSERT INTO `UserPointActions` (`upaID`, `upaHandle`, `upaName`, `upaDefaultPoints`, `pkgID`, `upaHasCustomClass`, `upaIsActive`, `gBadgeID`) VALUES
(1, 'won_badge', 'Won a Badge', 5, 0, 1, 1, 0);

-- --------------------------------------------------------

--
-- Structure de la table `UserPointHistory`
--

DROP TABLE IF EXISTS `UserPointHistory`;
CREATE TABLE `UserPointHistory` (
  `upID` int(11) NOT NULL,
  `upuID` int(11) NOT NULL DEFAULT '0',
  `upaID` int(11) DEFAULT '0',
  `upPoints` int(11) DEFAULT '0',
  `object` longtext COLLATE utf8_unicode_ci,
  `timestamp` timestamp NOT NULL DEFAULT CURRENT_TIMESTAMP
) ENGINE=InnoDB DEFAULT CHARSET=utf8 COLLATE=utf8_unicode_ci;

-- --------------------------------------------------------

--
-- Structure de la table `UserPrivateMessages`
--

DROP TABLE IF EXISTS `UserPrivateMessages`;
CREATE TABLE `UserPrivateMessages` (
  `msgID` int(10) unsigned NOT NULL,
  `uAuthorID` int(10) unsigned NOT NULL DEFAULT '0',
  `msgDateCreated` datetime NOT NULL,
  `msgSubject` varchar(255) COLLATE utf8_unicode_ci NOT NULL,
  `msgBody` text COLLATE utf8_unicode_ci,
  `uToID` int(10) unsigned NOT NULL DEFAULT '0'
) ENGINE=InnoDB DEFAULT CHARSET=utf8 COLLATE=utf8_unicode_ci;

-- --------------------------------------------------------

--
-- Structure de la table `UserPrivateMessagesTo`
--

DROP TABLE IF EXISTS `UserPrivateMessagesTo`;
CREATE TABLE `UserPrivateMessagesTo` (
  `msgID` int(10) unsigned NOT NULL DEFAULT '0',
  `uID` int(10) unsigned NOT NULL DEFAULT '0',
  `uAuthorID` int(10) unsigned NOT NULL DEFAULT '0',
  `msgMailboxID` int(11) NOT NULL,
  `msgIsNew` tinyint(1) NOT NULL DEFAULT '0',
  `msgIsUnread` tinyint(1) NOT NULL DEFAULT '0',
  `msgIsReplied` tinyint(1) NOT NULL DEFAULT '0'
) ENGINE=InnoDB DEFAULT CHARSET=utf8 COLLATE=utf8_unicode_ci;

-- --------------------------------------------------------

--
-- Structure de la table `Users`
--

DROP TABLE IF EXISTS `Users`;
CREATE TABLE `Users` (
  `uID` int(10) unsigned NOT NULL,
  `uName` varchar(64) COLLATE utf8_unicode_ci NOT NULL,
  `uEmail` varchar(254) COLLATE utf8_unicode_ci NOT NULL,
  `uPassword` varchar(255) COLLATE utf8_unicode_ci NOT NULL,
  `uIsActive` varchar(1) COLLATE utf8_unicode_ci NOT NULL DEFAULT '0',
  `uIsValidated` tinyint(1) NOT NULL DEFAULT '-1',
  `uIsFullRecord` tinyint(1) NOT NULL DEFAULT '1',
  `uDateAdded` datetime NOT NULL DEFAULT '0000-00-00 00:00:00',
  `uLastPasswordChange` datetime NOT NULL DEFAULT '0000-00-00 00:00:00',
  `uHasAvatar` tinyint(1) NOT NULL DEFAULT '0',
  `uLastOnline` int(10) unsigned NOT NULL DEFAULT '0',
  `uLastLogin` int(10) unsigned NOT NULL DEFAULT '0',
  `uLastIP` tinyblob,
  `uPreviousLogin` int(10) unsigned DEFAULT '0',
  `uNumLogins` int(10) unsigned NOT NULL DEFAULT '0',
  `uLastAuthTypeID` int(10) unsigned NOT NULL DEFAULT '0',
  `uTimezone` varchar(255) COLLATE utf8_unicode_ci DEFAULT NULL,
  `uDefaultLanguage` varchar(32) COLLATE utf8_unicode_ci DEFAULT NULL
) ENGINE=InnoDB AUTO_INCREMENT=2 DEFAULT CHARSET=utf8 COLLATE=utf8_unicode_ci;

--
-- Contenu de la table `Users`
--

INSERT INTO `Users` (`uID`, `uName`, `uEmail`, `uPassword`, `uIsActive`, `uIsValidated`, `uIsFullRecord`, `uDateAdded`, `uLastPasswordChange`, `uHasAvatar`, `uLastOnline`, `uLastLogin`, `uLastIP`, `uPreviousLogin`, `uNumLogins`, `uLastAuthTypeID`, `uTimezone`, `uDefaultLanguage`) VALUES
(1, 'admin', 'seb@tellthem.be', '$2a$12$qQOu3cnVvgsDNg2aurvNuO8gpTj2Mv8XZJZyv8C3k/qf2cbsDrYhi', '1', -1, 1, '2015-01-18 20:10:10', '2015-01-18 20:10:10', 0, 1442444787, 1442444296, 0x3030303030303030303030303030303030303030303030303030303030303031, 1440062154, 48, 1, NULL, NULL);

-- --------------------------------------------------------

--
-- Structure de la table `UserSearchIndexAttributes`
--

DROP TABLE IF EXISTS `UserSearchIndexAttributes`;
CREATE TABLE `UserSearchIndexAttributes` (
  `uID` int(10) unsigned NOT NULL DEFAULT '0',
  `ak_profile_private_messages_enabled` tinyint(1) DEFAULT '0',
  `ak_profile_private_messages_notification_enabled` tinyint(1) DEFAULT '0'
) ENGINE=InnoDB DEFAULT CHARSET=utf8 COLLATE=utf8_unicode_ci;

-- --------------------------------------------------------

--
-- Structure de la table `UserValidationHashes`
--

DROP TABLE IF EXISTS `UserValidationHashes`;
CREATE TABLE `UserValidationHashes` (
  `uvhID` int(10) unsigned NOT NULL,
  `uID` int(10) unsigned DEFAULT NULL,
  `uHash` varchar(64) COLLATE utf8_unicode_ci NOT NULL,
  `type` smallint(5) unsigned NOT NULL DEFAULT '0',
  `uDateGenerated` int(10) unsigned NOT NULL DEFAULT '0',
  `uDateRedeemed` int(10) unsigned NOT NULL DEFAULT '0'
) ENGINE=InnoDB DEFAULT CHARSET=utf8 COLLATE=utf8_unicode_ci;

-- --------------------------------------------------------

--
-- Structure de la table `WorkflowProgress`
--

DROP TABLE IF EXISTS `WorkflowProgress`;
CREATE TABLE `WorkflowProgress` (
  `wpID` int(10) unsigned NOT NULL,
  `wpCategoryID` int(10) unsigned DEFAULT NULL,
  `wfID` int(10) unsigned NOT NULL DEFAULT '0',
  `wpApproved` tinyint(1) NOT NULL DEFAULT '0',
  `wpDateAdded` datetime DEFAULT NULL,
  `wpDateLastAction` datetime DEFAULT NULL,
  `wpCurrentStatus` int(11) NOT NULL DEFAULT '0',
  `wrID` int(11) NOT NULL DEFAULT '0',
  `wpIsCompleted` tinyint(1) NOT NULL DEFAULT '0'
) ENGINE=InnoDB DEFAULT CHARSET=utf8 COLLATE=utf8_unicode_ci;

-- --------------------------------------------------------

--
-- Structure de la table `WorkflowProgressCategories`
--

DROP TABLE IF EXISTS `WorkflowProgressCategories`;
CREATE TABLE `WorkflowProgressCategories` (
  `wpCategoryID` int(10) unsigned NOT NULL,
  `wpCategoryHandle` varchar(255) COLLATE utf8_unicode_ci NOT NULL,
  `pkgID` int(10) unsigned DEFAULT NULL
) ENGINE=InnoDB AUTO_INCREMENT=4 DEFAULT CHARSET=utf8 COLLATE=utf8_unicode_ci;

--
-- Contenu de la table `WorkflowProgressCategories`
--

INSERT INTO `WorkflowProgressCategories` (`wpCategoryID`, `wpCategoryHandle`, `pkgID`) VALUES
(1, 'page', NULL),
(2, 'file', NULL),
(3, 'user', NULL);

-- --------------------------------------------------------

--
-- Structure de la table `WorkflowProgressHistory`
--

DROP TABLE IF EXISTS `WorkflowProgressHistory`;
CREATE TABLE `WorkflowProgressHistory` (
  `wphID` int(10) unsigned NOT NULL,
  `wpID` int(10) unsigned NOT NULL DEFAULT '0',
  `timestamp` timestamp NOT NULL DEFAULT CURRENT_TIMESTAMP,
  `object` text COLLATE utf8_unicode_ci
) ENGINE=InnoDB AUTO_INCREMENT=120 DEFAULT CHARSET=utf8 COLLATE=utf8_unicode_ci;

--
-- Contenu de la table `WorkflowProgressHistory`
--

INSERT INTO `WorkflowProgressHistory` (`wphID`, `wpID`, `timestamp`, `object`) VALUES
(1, 1, '2015-01-18 20:17:17', 'O:49:"Concrete\\Core\\Workflow\\Request\\ApprovePageRequest":8:{s:14:"\0*\0wrStatusNum";i:30;s:12:"\0*\0currentWP";N;s:6:"\0*\0uID";s:1:"1";s:5:"error";s:0:"";s:4:"pkID";s:2:"14";s:3:"cID";s:3:"148";s:4:"cvID";s:1:"1";s:4:"wrID";s:1:"1";}'),
(2, 2, '2015-01-18 20:28:00', 'O:49:"Concrete\\Core\\Workflow\\Request\\ApprovePageRequest":8:{s:14:"\0*\0wrStatusNum";i:30;s:12:"\0*\0currentWP";N;s:6:"\0*\0uID";s:1:"1";s:5:"error";s:0:"";s:4:"pkID";s:2:"14";s:3:"cID";s:1:"1";s:4:"cvID";s:1:"2";s:4:"wrID";s:1:"2";}'),
(3, 3, '2015-01-18 20:32:05', 'O:49:"Concrete\\Core\\Workflow\\Request\\ApprovePageRequest":8:{s:14:"\0*\0wrStatusNum";i:30;s:12:"\0*\0currentWP";N;s:6:"\0*\0uID";s:1:"1";s:5:"error";s:0:"";s:4:"pkID";s:2:"14";s:3:"cID";s:3:"159";s:4:"cvID";s:1:"1";s:4:"wrID";s:1:"3";}'),
(4, 4, '2015-01-18 20:58:49', 'O:49:"Concrete\\Core\\Workflow\\Request\\ApprovePageRequest":8:{s:14:"\0*\0wrStatusNum";i:30;s:12:"\0*\0currentWP";N;s:6:"\0*\0uID";s:1:"1";s:5:"error";s:0:"";s:4:"pkID";s:2:"14";s:3:"cID";s:3:"159";s:4:"cvID";s:1:"2";s:4:"wrID";s:1:"4";}'),
(5, 5, '2015-01-19 09:33:24', 'O:49:"Concrete\\Core\\Workflow\\Request\\ApprovePageRequest":8:{s:14:"\0*\0wrStatusNum";i:30;s:12:"\0*\0currentWP";N;s:6:"\0*\0uID";s:1:"1";s:5:"error";s:0:"";s:4:"pkID";s:2:"14";s:3:"cID";s:1:"1";s:4:"cvID";s:1:"3";s:4:"wrID";s:1:"5";}'),
(6, 6, '2015-01-19 09:46:40', 'O:49:"Concrete\\Core\\Workflow\\Request\\ApprovePageRequest":8:{s:14:"\0*\0wrStatusNum";i:30;s:12:"\0*\0currentWP";N;s:6:"\0*\0uID";s:1:"1";s:5:"error";s:0:"";s:4:"pkID";s:2:"14";s:3:"cID";s:3:"159";s:4:"cvID";s:1:"3";s:4:"wrID";s:1:"6";}'),
(7, 7, '2015-01-19 09:57:23', 'O:49:"Concrete\\Core\\Workflow\\Request\\ApprovePageRequest":8:{s:14:"\0*\0wrStatusNum";i:30;s:12:"\0*\0currentWP";N;s:6:"\0*\0uID";s:1:"1";s:5:"error";s:0:"";s:4:"pkID";s:2:"14";s:3:"cID";s:3:"159";s:4:"cvID";s:1:"4";s:4:"wrID";s:1:"7";}'),
(8, 8, '2015-01-19 10:00:33', 'O:49:"Concrete\\Core\\Workflow\\Request\\ApprovePageRequest":8:{s:14:"\0*\0wrStatusNum";i:30;s:12:"\0*\0currentWP";N;s:6:"\0*\0uID";s:1:"1";s:5:"error";s:0:"";s:4:"pkID";s:2:"14";s:3:"cID";s:3:"159";s:4:"cvID";s:1:"5";s:4:"wrID";s:1:"8";}'),
(9, 9, '2015-01-19 10:26:28', 'O:49:"Concrete\\Core\\Workflow\\Request\\ApprovePageRequest":8:{s:14:"\0*\0wrStatusNum";i:30;s:12:"\0*\0currentWP";N;s:6:"\0*\0uID";s:1:"1";s:5:"error";s:0:"";s:4:"pkID";s:2:"14";s:3:"cID";s:3:"148";s:4:"cvID";s:1:"2";s:4:"wrID";s:1:"9";}'),
(10, 10, '2015-01-19 10:27:15', 'O:49:"Concrete\\Core\\Workflow\\Request\\ApprovePageRequest":8:{s:14:"\0*\0wrStatusNum";i:30;s:12:"\0*\0currentWP";N;s:6:"\0*\0uID";s:1:"1";s:5:"error";s:0:"";s:4:"pkID";s:2:"14";s:3:"cID";s:3:"148";s:4:"cvID";s:1:"3";s:4:"wrID";s:2:"10";}'),
(11, 11, '2015-01-19 10:27:57', 'O:49:"Concrete\\Core\\Workflow\\Request\\ApprovePageRequest":8:{s:14:"\0*\0wrStatusNum";i:30;s:12:"\0*\0currentWP";N;s:6:"\0*\0uID";s:1:"1";s:5:"error";s:0:"";s:4:"pkID";s:2:"14";s:3:"cID";s:3:"159";s:4:"cvID";s:1:"6";s:4:"wrID";s:2:"11";}'),
(12, 12, '2015-01-25 19:38:05', 'O:49:"Concrete\\Core\\Workflow\\Request\\ApprovePageRequest":8:{s:14:"\0*\0wrStatusNum";i:30;s:12:"\0*\0currentWP";N;s:6:"\0*\0uID";s:1:"1";s:5:"error";s:0:"";s:4:"pkID";s:2:"14";s:3:"cID";s:1:"1";s:4:"cvID";s:1:"4";s:4:"wrID";s:2:"12";}'),
(13, 13, '2015-01-25 19:38:50', 'O:49:"Concrete\\Core\\Workflow\\Request\\ApprovePageRequest":8:{s:14:"\0*\0wrStatusNum";i:30;s:12:"\0*\0currentWP";N;s:6:"\0*\0uID";s:1:"1";s:5:"error";s:0:"";s:4:"pkID";s:2:"14";s:3:"cID";s:1:"1";s:4:"cvID";s:1:"5";s:4:"wrID";s:2:"13";}'),
(14, 14, '2015-01-25 19:41:08', 'O:49:"Concrete\\Core\\Workflow\\Request\\ApprovePageRequest":8:{s:14:"\0*\0wrStatusNum";i:30;s:12:"\0*\0currentWP";N;s:6:"\0*\0uID";s:1:"1";s:5:"error";s:0:"";s:4:"pkID";s:2:"14";s:3:"cID";s:3:"160";s:4:"cvID";s:1:"4";s:4:"wrID";s:2:"14";}'),
(15, 15, '2015-01-25 19:47:59', 'O:49:"Concrete\\Core\\Workflow\\Request\\ApprovePageRequest":8:{s:14:"\0*\0wrStatusNum";i:30;s:12:"\0*\0currentWP";N;s:6:"\0*\0uID";s:1:"1";s:5:"error";s:0:"";s:4:"pkID";s:2:"14";s:3:"cID";s:3:"161";s:4:"cvID";s:1:"7";s:4:"wrID";s:2:"15";}'),
(16, 16, '2015-01-25 19:49:47', 'O:49:"Concrete\\Core\\Workflow\\Request\\ApprovePageRequest":8:{s:14:"\0*\0wrStatusNum";i:30;s:12:"\0*\0currentWP";N;s:6:"\0*\0uID";s:1:"1";s:5:"error";s:0:"";s:4:"pkID";s:2:"14";s:3:"cID";s:3:"161";s:4:"cvID";s:1:"8";s:4:"wrID";s:2:"16";}'),
(17, 17, '2015-01-25 19:52:20', 'O:49:"Concrete\\Core\\Workflow\\Request\\ApprovePageRequest":8:{s:14:"\0*\0wrStatusNum";i:30;s:12:"\0*\0currentWP";N;s:6:"\0*\0uID";s:1:"1";s:5:"error";s:0:"";s:4:"pkID";s:2:"14";s:3:"cID";s:1:"1";s:4:"cvID";s:1:"6";s:4:"wrID";s:2:"17";}'),
(18, 18, '2015-01-25 19:53:14', 'O:49:"Concrete\\Core\\Workflow\\Request\\ApprovePageRequest":8:{s:14:"\0*\0wrStatusNum";i:30;s:12:"\0*\0currentWP";N;s:6:"\0*\0uID";s:1:"1";s:5:"error";s:0:"";s:4:"pkID";s:2:"14";s:3:"cID";s:3:"161";s:4:"cvID";s:1:"9";s:4:"wrID";s:2:"18";}'),
(19, 19, '2015-01-25 19:55:18', 'O:49:"Concrete\\Core\\Workflow\\Request\\ApprovePageRequest":8:{s:14:"\0*\0wrStatusNum";i:30;s:12:"\0*\0currentWP";N;s:6:"\0*\0uID";s:1:"1";s:5:"error";s:0:"";s:4:"pkID";s:2:"14";s:3:"cID";s:3:"162";s:4:"cvID";s:2:"10";s:4:"wrID";s:2:"19";}'),
(20, 20, '2015-01-25 20:01:03', 'O:49:"Concrete\\Core\\Workflow\\Request\\ApprovePageRequest":8:{s:14:"\0*\0wrStatusNum";i:30;s:12:"\0*\0currentWP";N;s:6:"\0*\0uID";s:1:"1";s:5:"error";s:0:"";s:4:"pkID";s:2:"14";s:3:"cID";s:3:"162";s:4:"cvID";s:2:"11";s:4:"wrID";s:2:"20";}'),
(21, 21, '2015-01-25 20:02:08', 'O:49:"Concrete\\Core\\Workflow\\Request\\ApprovePageRequest":8:{s:14:"\0*\0wrStatusNum";i:30;s:12:"\0*\0currentWP";N;s:6:"\0*\0uID";s:1:"1";s:5:"error";s:0:"";s:4:"pkID";s:2:"14";s:3:"cID";s:3:"161";s:4:"cvID";s:2:"10";s:4:"wrID";s:2:"21";}'),
(22, 22, '2015-01-25 20:02:59', 'O:49:"Concrete\\Core\\Workflow\\Request\\ApprovePageRequest":8:{s:14:"\0*\0wrStatusNum";i:30;s:12:"\0*\0currentWP";N;s:6:"\0*\0uID";s:1:"1";s:5:"error";s:0:"";s:4:"pkID";s:2:"14";s:3:"cID";s:3:"162";s:4:"cvID";s:2:"12";s:4:"wrID";s:2:"22";}'),
(23, 23, '2015-01-25 20:09:30', 'O:49:"Concrete\\Core\\Workflow\\Request\\ApprovePageRequest":8:{s:14:"\0*\0wrStatusNum";i:30;s:12:"\0*\0currentWP";N;s:6:"\0*\0uID";s:1:"1";s:5:"error";s:0:"";s:4:"pkID";s:2:"14";s:3:"cID";s:1:"1";s:4:"cvID";s:1:"7";s:4:"wrID";s:2:"23";}'),
(24, 24, '2015-01-25 20:12:40', 'O:49:"Concrete\\Core\\Workflow\\Request\\ApprovePageRequest":8:{s:14:"\0*\0wrStatusNum";i:30;s:12:"\0*\0currentWP";N;s:6:"\0*\0uID";s:1:"1";s:5:"error";s:0:"";s:4:"pkID";s:2:"14";s:3:"cID";s:3:"162";s:4:"cvID";s:2:"13";s:4:"wrID";s:2:"24";}'),
(25, 25, '2015-01-25 20:15:43', 'O:49:"Concrete\\Core\\Workflow\\Request\\ApprovePageRequest":8:{s:14:"\0*\0wrStatusNum";i:30;s:12:"\0*\0currentWP";N;s:6:"\0*\0uID";s:1:"1";s:5:"error";s:0:"";s:4:"pkID";s:2:"14";s:3:"cID";s:3:"162";s:4:"cvID";s:2:"14";s:4:"wrID";s:2:"25";}'),
(26, 26, '2015-02-04 19:48:28', 'O:49:"Concrete\\Core\\Workflow\\Request\\ApprovePageRequest":8:{s:14:"\0*\0wrStatusNum";i:30;s:12:"\0*\0currentWP";N;s:6:"\0*\0uID";s:1:"1";s:5:"error";s:0:"";s:4:"pkID";s:2:"14";s:3:"cID";s:3:"159";s:4:"cvID";s:1:"7";s:4:"wrID";s:2:"26";}'),
(27, 27, '2015-02-04 20:14:28', 'O:49:"Concrete\\Core\\Workflow\\Request\\ApprovePageRequest":8:{s:14:"\0*\0wrStatusNum";i:30;s:12:"\0*\0currentWP";N;s:6:"\0*\0uID";s:1:"1";s:5:"error";s:0:"";s:4:"pkID";s:2:"14";s:3:"cID";s:3:"159";s:4:"cvID";s:1:"8";s:4:"wrID";s:2:"27";}'),
(28, 28, '2015-02-04 20:29:15', 'O:49:"Concrete\\Core\\Workflow\\Request\\ApprovePageRequest":8:{s:14:"\0*\0wrStatusNum";i:30;s:12:"\0*\0currentWP";N;s:6:"\0*\0uID";s:1:"1";s:5:"error";s:0:"";s:4:"pkID";s:2:"14";s:3:"cID";s:3:"159";s:4:"cvID";s:1:"9";s:4:"wrID";s:2:"28";}'),
(29, 29, '2015-02-04 20:54:36', 'O:49:"Concrete\\Core\\Workflow\\Request\\ApprovePageRequest":8:{s:14:"\0*\0wrStatusNum";i:30;s:12:"\0*\0currentWP";N;s:6:"\0*\0uID";s:1:"1";s:5:"error";s:0:"";s:4:"pkID";s:2:"14";s:3:"cID";s:3:"159";s:4:"cvID";s:2:"10";s:4:"wrID";s:2:"29";}'),
(30, 30, '2015-02-05 14:17:20', 'O:49:"Concrete\\Core\\Workflow\\Request\\ApprovePageRequest":8:{s:14:"\0*\0wrStatusNum";i:30;s:12:"\0*\0currentWP";N;s:6:"\0*\0uID";s:1:"1";s:5:"error";s:0:"";s:4:"pkID";s:2:"14";s:3:"cID";s:3:"163";s:4:"cvID";s:2:"11";s:4:"wrID";s:2:"30";}'),
(31, 31, '2015-02-05 14:17:27', 'O:46:"Concrete\\Core\\Workflow\\Request\\MovePageRequest":9:{s:12:"\0*\0targetCID";s:3:"159";s:14:"\0*\0wrStatusNum";i:50;s:12:"\0*\0currentWP";N;s:6:"\0*\0uID";s:1:"1";s:5:"error";s:0:"";s:4:"pkID";s:2:"16";s:3:"cID";s:3:"163";s:15:"saveOldPagePath";N;s:4:"wrID";s:2:"31";}'),
(32, 1, '2015-04-08 19:49:48', 'O:49:"Concrete\\Core\\Workflow\\Request\\ApprovePageRequest":8:{s:14:"\0*\0wrStatusNum";i:30;s:12:"\0*\0currentWP";N;s:6:"\0*\0uID";s:1:"1";s:5:"error";s:0:"";s:4:"pkID";s:2:"14";s:3:"cID";s:3:"159";s:4:"cvID";s:2:"11";s:4:"wrID";s:1:"1";}'),
(33, 2, '2015-04-08 21:02:14', 'O:49:"Concrete\\Core\\Workflow\\Request\\ApprovePageRequest":8:{s:14:"\0*\0wrStatusNum";i:30;s:12:"\0*\0currentWP";N;s:6:"\0*\0uID";s:1:"1";s:5:"error";s:0:"";s:4:"pkID";s:2:"14";s:3:"cID";s:3:"159";s:4:"cvID";s:2:"12";s:4:"wrID";s:1:"2";}'),
(34, 3, '2015-04-08 21:09:26', 'O:49:"Concrete\\Core\\Workflow\\Request\\ApprovePageRequest":8:{s:14:"\0*\0wrStatusNum";i:30;s:12:"\0*\0currentWP";N;s:6:"\0*\0uID";s:1:"1";s:5:"error";s:0:"";s:4:"pkID";s:2:"14";s:3:"cID";s:3:"159";s:4:"cvID";s:2:"13";s:4:"wrID";s:1:"3";}'),
(35, 4, '2015-04-09 09:04:59', 'O:49:"Concrete\\Core\\Workflow\\Request\\ApprovePageRequest":8:{s:14:"\0*\0wrStatusNum";i:30;s:12:"\0*\0currentWP";N;s:6:"\0*\0uID";s:1:"1";s:5:"error";s:0:"";s:4:"pkID";s:2:"14";s:3:"cID";s:3:"159";s:4:"cvID";s:2:"14";s:4:"wrID";s:1:"4";}'),
(36, 5, '2015-04-09 09:23:54', 'O:49:"Concrete\\Core\\Workflow\\Request\\ApprovePageRequest":8:{s:14:"\0*\0wrStatusNum";i:30;s:12:"\0*\0currentWP";N;s:6:"\0*\0uID";s:1:"1";s:5:"error";s:0:"";s:4:"pkID";s:2:"14";s:3:"cID";s:3:"159";s:4:"cvID";s:2:"15";s:4:"wrID";s:1:"5";}'),
(37, 6, '2015-04-09 09:25:06', 'O:49:"Concrete\\Core\\Workflow\\Request\\ApprovePageRequest":8:{s:14:"\0*\0wrStatusNum";i:30;s:12:"\0*\0currentWP";N;s:6:"\0*\0uID";s:1:"1";s:5:"error";s:0:"";s:4:"pkID";s:2:"14";s:3:"cID";s:3:"159";s:4:"cvID";s:2:"16";s:4:"wrID";s:1:"6";}'),
(38, 7, '2015-04-09 09:34:59', 'O:49:"Concrete\\Core\\Workflow\\Request\\ApprovePageRequest":8:{s:14:"\0*\0wrStatusNum";i:30;s:12:"\0*\0currentWP";N;s:6:"\0*\0uID";s:1:"1";s:5:"error";s:0:"";s:4:"pkID";s:2:"14";s:3:"cID";s:3:"159";s:4:"cvID";s:2:"17";s:4:"wrID";s:1:"7";}'),
(39, 8, '2015-04-09 09:36:10', 'O:49:"Concrete\\Core\\Workflow\\Request\\ApprovePageRequest":8:{s:14:"\0*\0wrStatusNum";i:30;s:12:"\0*\0currentWP";N;s:6:"\0*\0uID";s:1:"1";s:5:"error";s:0:"";s:4:"pkID";s:2:"14";s:3:"cID";s:3:"159";s:4:"cvID";s:2:"18";s:4:"wrID";s:1:"8";}'),
(40, 9, '2015-04-09 09:38:42', 'O:49:"Concrete\\Core\\Workflow\\Request\\ApprovePageRequest":8:{s:14:"\0*\0wrStatusNum";i:30;s:12:"\0*\0currentWP";N;s:6:"\0*\0uID";s:1:"1";s:5:"error";s:0:"";s:4:"pkID";s:2:"14";s:3:"cID";s:3:"159";s:4:"cvID";s:2:"19";s:4:"wrID";s:1:"9";}'),
(41, 10, '2015-04-09 09:41:17', 'O:49:"Concrete\\Core\\Workflow\\Request\\ApprovePageRequest":8:{s:14:"\0*\0wrStatusNum";i:30;s:12:"\0*\0currentWP";N;s:6:"\0*\0uID";s:1:"1";s:5:"error";s:0:"";s:4:"pkID";s:2:"14";s:3:"cID";s:3:"159";s:4:"cvID";s:2:"20";s:4:"wrID";s:2:"10";}'),
(42, 11, '2015-04-16 08:20:22', 'O:48:"Concrete\\Core\\Workflow\\Request\\DeletePageRequest":7:{s:14:"\0*\0wrStatusNum";i:100;s:12:"\0*\0currentWP";N;s:6:"\0*\0uID";s:1:"1";s:5:"error";s:0:"";s:4:"pkID";s:2:"12";s:3:"cID";s:3:"163";s:4:"wrID";s:2:"11";}'),
(43, 12, '2015-04-16 08:21:01', 'O:49:"Concrete\\Core\\Workflow\\Request\\ApprovePageRequest":8:{s:14:"\0*\0wrStatusNum";i:30;s:12:"\0*\0currentWP";N;s:6:"\0*\0uID";s:1:"1";s:5:"error";s:0:"";s:4:"pkID";s:2:"14";s:3:"cID";s:3:"164";s:4:"cvID";s:1:"1";s:4:"wrID";s:2:"12";}'),
(44, 13, '2015-04-16 08:22:43', 'O:49:"Concrete\\Core\\Workflow\\Request\\ApprovePageRequest":8:{s:14:"\0*\0wrStatusNum";i:30;s:12:"\0*\0currentWP";N;s:6:"\0*\0uID";s:1:"1";s:5:"error";s:0:"";s:4:"pkID";s:2:"14";s:3:"cID";s:3:"159";s:4:"cvID";s:2:"21";s:4:"wrID";s:2:"13";}'),
(45, 14, '2015-04-17 19:13:41', 'O:48:"Concrete\\Core\\Workflow\\Request\\DeletePageRequest":7:{s:14:"\0*\0wrStatusNum";i:100;s:12:"\0*\0currentWP";N;s:6:"\0*\0uID";s:1:"1";s:5:"error";s:0:"";s:4:"pkID";s:2:"12";s:3:"cID";s:3:"164";s:4:"wrID";s:2:"14";}'),
(46, 15, '2015-04-17 19:14:18', 'O:49:"Concrete\\Core\\Workflow\\Request\\ApprovePageRequest":8:{s:14:"\0*\0wrStatusNum";i:30;s:12:"\0*\0currentWP";N;s:6:"\0*\0uID";s:1:"1";s:5:"error";s:0:"";s:4:"pkID";s:2:"14";s:3:"cID";s:3:"165";s:4:"cvID";s:2:"22";s:4:"wrID";s:2:"15";}'),
(47, 16, '2015-04-17 19:27:10', 'O:49:"Concrete\\Core\\Workflow\\Request\\ApprovePageRequest":8:{s:14:"\0*\0wrStatusNum";i:30;s:12:"\0*\0currentWP";N;s:6:"\0*\0uID";s:1:"1";s:5:"error";s:0:"";s:4:"pkID";s:2:"14";s:3:"cID";s:3:"165";s:4:"cvID";s:2:"23";s:4:"wrID";s:2:"16";}'),
(48, 17, '2015-04-17 19:44:15', 'O:49:"Concrete\\Core\\Workflow\\Request\\ApprovePageRequest":8:{s:14:"\0*\0wrStatusNum";i:30;s:12:"\0*\0currentWP";N;s:6:"\0*\0uID";s:1:"1";s:5:"error";s:0:"";s:4:"pkID";s:2:"14";s:3:"cID";s:3:"165";s:4:"cvID";s:2:"24";s:4:"wrID";s:2:"17";}'),
(49, 18, '2015-04-17 19:45:52', 'O:49:"Concrete\\Core\\Workflow\\Request\\ApprovePageRequest":8:{s:14:"\0*\0wrStatusNum";i:30;s:12:"\0*\0currentWP";N;s:6:"\0*\0uID";s:1:"1";s:5:"error";s:0:"";s:4:"pkID";s:2:"14";s:3:"cID";s:3:"165";s:4:"cvID";s:2:"25";s:4:"wrID";s:2:"18";}'),
(50, 19, '2015-04-21 03:58:49', 'O:49:"Concrete\\Core\\Workflow\\Request\\ApprovePageRequest":8:{s:14:"\0*\0wrStatusNum";i:30;s:12:"\0*\0currentWP";N;s:6:"\0*\0uID";s:1:"1";s:5:"error";s:0:"";s:4:"pkID";s:2:"14";s:3:"cID";s:3:"165";s:4:"cvID";s:2:"26";s:4:"wrID";s:2:"19";}'),
(51, 20, '2015-04-21 04:09:01', 'O:49:"Concrete\\Core\\Workflow\\Request\\ApprovePageRequest":8:{s:14:"\0*\0wrStatusNum";i:30;s:12:"\0*\0currentWP";N;s:6:"\0*\0uID";s:1:"1";s:5:"error";s:0:"";s:4:"pkID";s:2:"14";s:3:"cID";s:3:"165";s:4:"cvID";s:2:"27";s:4:"wrID";s:2:"20";}'),
(52, 21, '2015-04-21 04:09:55', 'O:49:"Concrete\\Core\\Workflow\\Request\\ApprovePageRequest":8:{s:14:"\0*\0wrStatusNum";i:30;s:12:"\0*\0currentWP";N;s:6:"\0*\0uID";s:1:"1";s:5:"error";s:0:"";s:4:"pkID";s:2:"14";s:3:"cID";s:3:"165";s:4:"cvID";s:2:"28";s:4:"wrID";s:2:"21";}'),
(53, 22, '2015-04-21 05:26:33', 'O:49:"Concrete\\Core\\Workflow\\Request\\ApprovePageRequest":8:{s:14:"\0*\0wrStatusNum";i:30;s:12:"\0*\0currentWP";N;s:6:"\0*\0uID";s:1:"1";s:5:"error";s:0:"";s:4:"pkID";s:2:"14";s:3:"cID";s:3:"165";s:4:"cvID";s:2:"29";s:4:"wrID";s:2:"22";}'),
(54, 23, '2015-04-21 07:28:11', 'O:49:"Concrete\\Core\\Workflow\\Request\\ApprovePageRequest":8:{s:14:"\0*\0wrStatusNum";i:30;s:12:"\0*\0currentWP";N;s:6:"\0*\0uID";s:1:"1";s:5:"error";s:0:"";s:4:"pkID";s:2:"14";s:3:"cID";s:3:"165";s:4:"cvID";s:2:"30";s:4:"wrID";s:2:"23";}'),
(55, 24, '2015-04-21 07:42:35', 'O:49:"Concrete\\Core\\Workflow\\Request\\ApprovePageRequest":8:{s:14:"\0*\0wrStatusNum";i:30;s:12:"\0*\0currentWP";N;s:6:"\0*\0uID";s:1:"1";s:5:"error";s:0:"";s:4:"pkID";s:2:"14";s:3:"cID";s:3:"165";s:4:"cvID";s:2:"31";s:4:"wrID";s:2:"24";}'),
(56, 25, '2015-04-21 07:44:44', 'O:49:"Concrete\\Core\\Workflow\\Request\\ApprovePageRequest":8:{s:14:"\0*\0wrStatusNum";i:30;s:12:"\0*\0currentWP";N;s:6:"\0*\0uID";s:1:"1";s:5:"error";s:0:"";s:4:"pkID";s:2:"14";s:3:"cID";s:3:"165";s:4:"cvID";s:2:"32";s:4:"wrID";s:2:"25";}'),
(57, 26, '2015-04-21 07:49:03', 'O:49:"Concrete\\Core\\Workflow\\Request\\ApprovePageRequest":8:{s:14:"\0*\0wrStatusNum";i:30;s:12:"\0*\0currentWP";N;s:6:"\0*\0uID";s:1:"1";s:5:"error";s:0:"";s:4:"pkID";s:2:"14";s:3:"cID";s:3:"165";s:4:"cvID";s:2:"33";s:4:"wrID";s:2:"26";}'),
(58, 27, '2015-04-21 07:54:21', 'O:49:"Concrete\\Core\\Workflow\\Request\\ApprovePageRequest":8:{s:14:"\0*\0wrStatusNum";i:30;s:12:"\0*\0currentWP";N;s:6:"\0*\0uID";s:1:"1";s:5:"error";s:0:"";s:4:"pkID";s:2:"14";s:3:"cID";s:3:"165";s:4:"cvID";s:2:"34";s:4:"wrID";s:2:"27";}'),
(59, 28, '2015-04-21 07:59:36', 'O:49:"Concrete\\Core\\Workflow\\Request\\ApprovePageRequest":8:{s:14:"\0*\0wrStatusNum";i:30;s:12:"\0*\0currentWP";N;s:6:"\0*\0uID";s:1:"1";s:5:"error";s:0:"";s:4:"pkID";s:2:"14";s:3:"cID";s:3:"165";s:4:"cvID";s:2:"35";s:4:"wrID";s:2:"28";}'),
(60, 29, '2015-04-21 08:02:32', 'O:49:"Concrete\\Core\\Workflow\\Request\\ApprovePageRequest":8:{s:14:"\0*\0wrStatusNum";i:30;s:12:"\0*\0currentWP";N;s:6:"\0*\0uID";s:1:"1";s:5:"error";s:0:"";s:4:"pkID";s:2:"14";s:3:"cID";s:3:"165";s:4:"cvID";s:2:"36";s:4:"wrID";s:2:"29";}'),
(61, 30, '2015-04-21 08:03:40', 'O:49:"Concrete\\Core\\Workflow\\Request\\ApprovePageRequest":8:{s:14:"\0*\0wrStatusNum";i:30;s:12:"\0*\0currentWP";N;s:6:"\0*\0uID";s:1:"1";s:5:"error";s:0:"";s:4:"pkID";s:2:"14";s:3:"cID";s:3:"165";s:4:"cvID";s:2:"37";s:4:"wrID";s:2:"30";}'),
(62, 31, '2015-04-21 08:12:30', 'O:49:"Concrete\\Core\\Workflow\\Request\\ApprovePageRequest":8:{s:14:"\0*\0wrStatusNum";i:30;s:12:"\0*\0currentWP";N;s:6:"\0*\0uID";s:1:"1";s:5:"error";s:0:"";s:4:"pkID";s:2:"14";s:3:"cID";s:3:"165";s:4:"cvID";s:2:"38";s:4:"wrID";s:2:"31";}'),
(63, 32, '2015-04-21 08:26:13', 'O:49:"Concrete\\Core\\Workflow\\Request\\ApprovePageRequest":8:{s:14:"\0*\0wrStatusNum";i:30;s:12:"\0*\0currentWP";N;s:6:"\0*\0uID";s:1:"1";s:5:"error";s:0:"";s:4:"pkID";s:2:"14";s:3:"cID";s:3:"165";s:4:"cvID";s:2:"39";s:4:"wrID";s:2:"32";}'),
(64, 33, '2015-04-21 08:27:40', 'O:49:"Concrete\\Core\\Workflow\\Request\\ApprovePageRequest":8:{s:14:"\0*\0wrStatusNum";i:30;s:12:"\0*\0currentWP";N;s:6:"\0*\0uID";s:1:"1";s:5:"error";s:0:"";s:4:"pkID";s:2:"14";s:3:"cID";s:3:"165";s:4:"cvID";s:2:"40";s:4:"wrID";s:2:"33";}'),
(65, 34, '2015-04-21 08:29:50', 'O:49:"Concrete\\Core\\Workflow\\Request\\ApprovePageRequest":8:{s:14:"\0*\0wrStatusNum";i:30;s:12:"\0*\0currentWP";N;s:6:"\0*\0uID";s:1:"1";s:5:"error";s:0:"";s:4:"pkID";s:2:"14";s:3:"cID";s:3:"165";s:4:"cvID";s:2:"41";s:4:"wrID";s:2:"34";}'),
(66, 35, '2015-04-21 08:44:13', 'O:49:"Concrete\\Core\\Workflow\\Request\\ApprovePageRequest":8:{s:14:"\0*\0wrStatusNum";i:30;s:12:"\0*\0currentWP";N;s:6:"\0*\0uID";s:1:"1";s:5:"error";s:0:"";s:4:"pkID";s:2:"14";s:3:"cID";s:3:"165";s:4:"cvID";s:2:"42";s:4:"wrID";s:2:"35";}'),
(67, 36, '2015-04-21 08:45:18', 'O:49:"Concrete\\Core\\Workflow\\Request\\ApprovePageRequest":8:{s:14:"\0*\0wrStatusNum";i:30;s:12:"\0*\0currentWP";N;s:6:"\0*\0uID";s:1:"1";s:5:"error";s:0:"";s:4:"pkID";s:2:"14";s:3:"cID";s:3:"165";s:4:"cvID";s:2:"43";s:4:"wrID";s:2:"36";}'),
(68, 37, '2015-04-21 09:42:33', 'O:49:"Concrete\\Core\\Workflow\\Request\\ApprovePageRequest":8:{s:14:"\0*\0wrStatusNum";i:30;s:12:"\0*\0currentWP";N;s:6:"\0*\0uID";s:1:"1";s:5:"error";s:0:"";s:4:"pkID";s:2:"14";s:3:"cID";s:3:"165";s:4:"cvID";s:2:"44";s:4:"wrID";s:2:"37";}'),
(69, 38, '2015-04-21 09:49:27', 'O:49:"Concrete\\Core\\Workflow\\Request\\ApprovePageRequest":8:{s:14:"\0*\0wrStatusNum";i:30;s:12:"\0*\0currentWP";N;s:6:"\0*\0uID";s:1:"1";s:5:"error";s:0:"";s:4:"pkID";s:2:"14";s:3:"cID";s:3:"165";s:4:"cvID";s:2:"45";s:4:"wrID";s:2:"38";}'),
(70, 39, '2015-04-21 10:01:35', 'O:49:"Concrete\\Core\\Workflow\\Request\\ApprovePageRequest":8:{s:14:"\0*\0wrStatusNum";i:30;s:12:"\0*\0currentWP";N;s:6:"\0*\0uID";s:1:"1";s:5:"error";s:0:"";s:4:"pkID";s:2:"14";s:3:"cID";s:3:"165";s:4:"cvID";s:2:"46";s:4:"wrID";s:2:"39";}'),
(71, 40, '2015-04-21 12:44:11', 'O:49:"Concrete\\Core\\Workflow\\Request\\ApprovePageRequest":8:{s:14:"\0*\0wrStatusNum";i:30;s:12:"\0*\0currentWP";N;s:6:"\0*\0uID";s:1:"1";s:5:"error";s:0:"";s:4:"pkID";s:2:"14";s:3:"cID";s:3:"165";s:4:"cvID";s:2:"47";s:4:"wrID";s:2:"40";}'),
(72, 41, '2015-04-21 18:41:30', 'O:49:"Concrete\\Core\\Workflow\\Request\\ApprovePageRequest":8:{s:14:"\0*\0wrStatusNum";i:30;s:12:"\0*\0currentWP";N;s:6:"\0*\0uID";s:1:"1";s:5:"error";s:0:"";s:4:"pkID";s:2:"14";s:3:"cID";s:3:"165";s:4:"cvID";s:2:"48";s:4:"wrID";s:2:"41";}'),
(73, 42, '2015-04-21 18:42:30', 'O:49:"Concrete\\Core\\Workflow\\Request\\ApprovePageRequest":8:{s:14:"\0*\0wrStatusNum";i:30;s:12:"\0*\0currentWP";N;s:6:"\0*\0uID";s:1:"1";s:5:"error";s:0:"";s:4:"pkID";s:2:"14";s:3:"cID";s:3:"165";s:4:"cvID";s:2:"49";s:4:"wrID";s:2:"42";}'),
(74, 43, '2015-04-21 18:43:13', 'O:49:"Concrete\\Core\\Workflow\\Request\\ApprovePageRequest":8:{s:14:"\0*\0wrStatusNum";i:30;s:12:"\0*\0currentWP";N;s:6:"\0*\0uID";s:1:"1";s:5:"error";s:0:"";s:4:"pkID";s:2:"14";s:3:"cID";s:3:"165";s:4:"cvID";s:2:"50";s:4:"wrID";s:2:"43";}'),
(75, 44, '2015-04-21 19:08:47', 'O:49:"Concrete\\Core\\Workflow\\Request\\ApprovePageRequest":8:{s:14:"\0*\0wrStatusNum";i:30;s:12:"\0*\0currentWP";N;s:6:"\0*\0uID";s:1:"1";s:5:"error";s:0:"";s:4:"pkID";s:2:"14";s:3:"cID";s:3:"165";s:4:"cvID";s:2:"51";s:4:"wrID";s:2:"44";}'),
(76, 45, '2015-04-23 05:05:13', 'O:49:"Concrete\\Core\\Workflow\\Request\\ApprovePageRequest":8:{s:14:"\0*\0wrStatusNum";i:30;s:12:"\0*\0currentWP";N;s:6:"\0*\0uID";s:1:"1";s:5:"error";s:0:"";s:4:"pkID";s:2:"14";s:3:"cID";s:3:"165";s:4:"cvID";s:2:"52";s:4:"wrID";s:2:"45";}'),
(77, 46, '2015-04-23 06:27:05', 'O:49:"Concrete\\Core\\Workflow\\Request\\ApprovePageRequest":8:{s:14:"\0*\0wrStatusNum";i:30;s:12:"\0*\0currentWP";N;s:6:"\0*\0uID";s:1:"1";s:5:"error";s:0:"";s:4:"pkID";s:2:"14";s:3:"cID";s:3:"166";s:4:"cvID";s:1:"1";s:4:"wrID";s:2:"46";}'),
(78, 47, '2015-04-23 06:27:05', 'O:49:"Concrete\\Core\\Workflow\\Request\\ApprovePageRequest":8:{s:14:"\0*\0wrStatusNum";i:30;s:12:"\0*\0currentWP";N;s:6:"\0*\0uID";s:1:"1";s:5:"error";s:0:"";s:4:"pkID";s:2:"14";s:3:"cID";s:3:"166";s:4:"cvID";s:1:"1";s:4:"wrID";s:2:"47";}'),
(79, 48, '2015-04-23 06:33:44', 'O:49:"Concrete\\Core\\Workflow\\Request\\ApprovePageRequest":8:{s:14:"\0*\0wrStatusNum";i:30;s:12:"\0*\0currentWP";N;s:6:"\0*\0uID";s:1:"1";s:5:"error";s:0:"";s:4:"pkID";s:2:"14";s:3:"cID";s:3:"166";s:4:"cvID";s:1:"2";s:4:"wrID";s:2:"48";}'),
(80, 49, '2015-04-23 06:35:49', 'O:49:"Concrete\\Core\\Workflow\\Request\\ApprovePageRequest":8:{s:14:"\0*\0wrStatusNum";i:30;s:12:"\0*\0currentWP";N;s:6:"\0*\0uID";s:1:"1";s:5:"error";s:0:"";s:4:"pkID";s:2:"14";s:3:"cID";s:3:"167";s:4:"cvID";s:1:"3";s:4:"wrID";s:2:"49";}'),
(81, 50, '2015-04-23 06:36:12', 'O:49:"Concrete\\Core\\Workflow\\Request\\ApprovePageRequest":8:{s:14:"\0*\0wrStatusNum";i:30;s:12:"\0*\0currentWP";N;s:6:"\0*\0uID";s:1:"1";s:5:"error";s:0:"";s:4:"pkID";s:2:"14";s:3:"cID";s:3:"167";s:4:"cvID";s:1:"4";s:4:"wrID";s:2:"50";}'),
(82, 51, '2015-04-23 06:38:23', 'O:49:"Concrete\\Core\\Workflow\\Request\\ApprovePageRequest":8:{s:14:"\0*\0wrStatusNum";i:30;s:12:"\0*\0currentWP";N;s:6:"\0*\0uID";s:1:"1";s:5:"error";s:0:"";s:4:"pkID";s:2:"14";s:3:"cID";s:3:"166";s:4:"cvID";s:1:"3";s:4:"wrID";s:2:"51";}'),
(83, 52, '2015-04-23 06:39:46', 'O:49:"Concrete\\Core\\Workflow\\Request\\ApprovePageRequest":8:{s:14:"\0*\0wrStatusNum";i:30;s:12:"\0*\0currentWP";N;s:6:"\0*\0uID";s:1:"1";s:5:"error";s:0:"";s:4:"pkID";s:2:"14";s:3:"cID";s:3:"165";s:4:"cvID";s:2:"53";s:4:"wrID";s:2:"52";}'),
(84, 53, '2015-04-23 06:43:32', 'O:49:"Concrete\\Core\\Workflow\\Request\\ApprovePageRequest":8:{s:14:"\0*\0wrStatusNum";i:30;s:12:"\0*\0currentWP";N;s:6:"\0*\0uID";s:1:"1";s:5:"error";s:0:"";s:4:"pkID";s:2:"14";s:3:"cID";s:3:"166";s:4:"cvID";s:1:"4";s:4:"wrID";s:2:"53";}'),
(85, 54, '2015-04-23 06:44:03', 'O:48:"Concrete\\Core\\Workflow\\Request\\DeletePageRequest":7:{s:14:"\0*\0wrStatusNum";i:100;s:12:"\0*\0currentWP";N;s:6:"\0*\0uID";s:1:"1";s:5:"error";s:0:"";s:4:"pkID";s:2:"12";s:3:"cID";s:3:"167";s:4:"wrID";s:2:"54";}'),
(86, 55, '2015-04-23 06:45:22', 'O:49:"Concrete\\Core\\Workflow\\Request\\ApprovePageRequest":8:{s:14:"\0*\0wrStatusNum";i:30;s:12:"\0*\0currentWP";N;s:6:"\0*\0uID";s:1:"1";s:5:"error";s:0:"";s:4:"pkID";s:2:"14";s:3:"cID";s:3:"168";s:4:"cvID";s:1:"5";s:4:"wrID";s:2:"55";}'),
(87, 56, '2015-04-23 06:45:41', 'O:49:"Concrete\\Core\\Workflow\\Request\\ApprovePageRequest":8:{s:14:"\0*\0wrStatusNum";i:30;s:12:"\0*\0currentWP";N;s:6:"\0*\0uID";s:1:"1";s:5:"error";s:0:"";s:4:"pkID";s:2:"14";s:3:"cID";s:3:"168";s:4:"cvID";s:1:"6";s:4:"wrID";s:2:"56";}'),
(88, 57, '2015-04-23 07:09:46', 'O:49:"Concrete\\Core\\Workflow\\Request\\ApprovePageRequest":8:{s:14:"\0*\0wrStatusNum";i:30;s:12:"\0*\0currentWP";N;s:6:"\0*\0uID";s:1:"1";s:5:"error";s:0:"";s:4:"pkID";s:2:"14";s:3:"cID";s:3:"168";s:4:"cvID";s:1:"7";s:4:"wrID";s:2:"57";}'),
(89, 58, '2015-04-23 07:10:31', 'O:49:"Concrete\\Core\\Workflow\\Request\\ApprovePageRequest":8:{s:14:"\0*\0wrStatusNum";i:30;s:12:"\0*\0currentWP";N;s:6:"\0*\0uID";s:1:"1";s:5:"error";s:0:"";s:4:"pkID";s:2:"14";s:3:"cID";s:3:"168";s:4:"cvID";s:1:"8";s:4:"wrID";s:2:"58";}'),
(90, 59, '2015-04-23 07:12:39', 'O:49:"Concrete\\Core\\Workflow\\Request\\ApprovePageRequest":8:{s:14:"\0*\0wrStatusNum";i:30;s:12:"\0*\0currentWP";N;s:6:"\0*\0uID";s:1:"1";s:5:"error";s:0:"";s:4:"pkID";s:2:"14";s:3:"cID";s:3:"168";s:4:"cvID";s:1:"9";s:4:"wrID";s:2:"59";}'),
(91, 60, '2015-04-23 07:13:06', 'O:49:"Concrete\\Core\\Workflow\\Request\\ApprovePageRequest":8:{s:14:"\0*\0wrStatusNum";i:30;s:12:"\0*\0currentWP";N;s:6:"\0*\0uID";s:1:"1";s:5:"error";s:0:"";s:4:"pkID";s:2:"14";s:3:"cID";s:3:"168";s:4:"cvID";s:2:"10";s:4:"wrID";s:2:"60";}'),
(92, 61, '2015-04-23 07:13:52', 'O:49:"Concrete\\Core\\Workflow\\Request\\ApprovePageRequest":8:{s:14:"\0*\0wrStatusNum";i:30;s:12:"\0*\0currentWP";N;s:6:"\0*\0uID";s:1:"1";s:5:"error";s:0:"";s:4:"pkID";s:2:"14";s:3:"cID";s:3:"168";s:4:"cvID";s:2:"11";s:4:"wrID";s:2:"61";}'),
(93, 62, '2015-04-23 07:18:38', 'O:49:"Concrete\\Core\\Workflow\\Request\\ApprovePageRequest":8:{s:14:"\0*\0wrStatusNum";i:30;s:12:"\0*\0currentWP";N;s:6:"\0*\0uID";s:1:"1";s:5:"error";s:0:"";s:4:"pkID";s:2:"14";s:3:"cID";s:3:"168";s:4:"cvID";s:2:"12";s:4:"wrID";s:2:"62";}'),
(94, 63, '2015-04-23 07:19:45', 'O:49:"Concrete\\Core\\Workflow\\Request\\ApprovePageRequest":8:{s:14:"\0*\0wrStatusNum";i:30;s:12:"\0*\0currentWP";N;s:6:"\0*\0uID";s:1:"1";s:5:"error";s:0:"";s:4:"pkID";s:2:"14";s:3:"cID";s:3:"168";s:4:"cvID";s:2:"13";s:4:"wrID";s:2:"63";}'),
(95, 64, '2015-04-23 07:20:58', 'O:49:"Concrete\\Core\\Workflow\\Request\\ApprovePageRequest":8:{s:14:"\0*\0wrStatusNum";i:30;s:12:"\0*\0currentWP";N;s:6:"\0*\0uID";s:1:"1";s:5:"error";s:0:"";s:4:"pkID";s:2:"14";s:3:"cID";s:3:"169";s:4:"cvID";s:2:"14";s:4:"wrID";s:2:"64";}'),
(96, 65, '2015-04-23 07:21:43', 'O:49:"Concrete\\Core\\Workflow\\Request\\ApprovePageRequest":8:{s:14:"\0*\0wrStatusNum";i:30;s:12:"\0*\0currentWP";N;s:6:"\0*\0uID";s:1:"1";s:5:"error";s:0:"";s:4:"pkID";s:2:"14";s:3:"cID";s:3:"168";s:4:"cvID";s:2:"14";s:4:"wrID";s:2:"65";}'),
(97, 66, '2015-04-23 07:24:32', 'O:49:"Concrete\\Core\\Workflow\\Request\\ApprovePageRequest":8:{s:14:"\0*\0wrStatusNum";i:30;s:12:"\0*\0currentWP";N;s:6:"\0*\0uID";s:1:"1";s:5:"error";s:0:"";s:4:"pkID";s:2:"14";s:3:"cID";s:3:"169";s:4:"cvID";s:2:"15";s:4:"wrID";s:2:"66";}'),
(98, 67, '2015-04-23 07:31:11', 'O:49:"Concrete\\Core\\Workflow\\Request\\ApprovePageRequest":8:{s:14:"\0*\0wrStatusNum";i:30;s:12:"\0*\0currentWP";N;s:6:"\0*\0uID";s:1:"1";s:5:"error";s:0:"";s:4:"pkID";s:2:"14";s:3:"cID";s:3:"169";s:4:"cvID";s:2:"16";s:4:"wrID";s:2:"67";}'),
(99, 68, '2015-04-23 19:37:04', 'O:49:"Concrete\\Core\\Workflow\\Request\\ApprovePageRequest":8:{s:14:"\0*\0wrStatusNum";i:30;s:12:"\0*\0currentWP";N;s:6:"\0*\0uID";s:1:"1";s:5:"error";s:0:"";s:4:"pkID";s:2:"14";s:3:"cID";s:3:"169";s:4:"cvID";s:2:"17";s:4:"wrID";s:2:"68";}'),
(100, 69, '2015-04-23 19:42:47', 'O:49:"Concrete\\Core\\Workflow\\Request\\ApprovePageRequest":8:{s:14:"\0*\0wrStatusNum";i:30;s:12:"\0*\0currentWP";N;s:6:"\0*\0uID";s:1:"1";s:5:"error";s:0:"";s:4:"pkID";s:2:"14";s:3:"cID";s:3:"169";s:4:"cvID";s:2:"18";s:4:"wrID";s:2:"69";}'),
(101, 70, '2015-04-23 19:48:17', 'O:49:"Concrete\\Core\\Workflow\\Request\\ApprovePageRequest":8:{s:14:"\0*\0wrStatusNum";i:30;s:12:"\0*\0currentWP";N;s:6:"\0*\0uID";s:1:"1";s:5:"error";s:0:"";s:4:"pkID";s:2:"14";s:3:"cID";s:3:"169";s:4:"cvID";s:2:"19";s:4:"wrID";s:2:"70";}'),
(102, 71, '2015-04-23 19:50:21', 'O:49:"Concrete\\Core\\Workflow\\Request\\ApprovePageRequest":8:{s:14:"\0*\0wrStatusNum";i:30;s:12:"\0*\0currentWP";N;s:6:"\0*\0uID";s:1:"1";s:5:"error";s:0:"";s:4:"pkID";s:2:"14";s:3:"cID";s:3:"169";s:4:"cvID";s:2:"20";s:4:"wrID";s:2:"71";}'),
(103, 72, '2015-04-23 19:56:02', 'O:49:"Concrete\\Core\\Workflow\\Request\\ApprovePageRequest":8:{s:14:"\0*\0wrStatusNum";i:30;s:12:"\0*\0currentWP";N;s:6:"\0*\0uID";s:1:"1";s:5:"error";s:0:"";s:4:"pkID";s:2:"14";s:3:"cID";s:3:"169";s:4:"cvID";s:2:"21";s:4:"wrID";s:2:"72";}'),
(104, 73, '2015-04-24 12:11:23', 'O:49:"Concrete\\Core\\Workflow\\Request\\ApprovePageRequest":8:{s:14:"\0*\0wrStatusNum";i:30;s:12:"\0*\0currentWP";N;s:6:"\0*\0uID";s:1:"1";s:5:"error";s:0:"";s:4:"pkID";s:2:"14";s:3:"cID";s:3:"165";s:4:"cvID";s:2:"54";s:4:"wrID";s:2:"73";}'),
(105, 74, '2015-04-27 08:17:47', 'O:49:"Concrete\\Core\\Workflow\\Request\\ApprovePageRequest":8:{s:14:"\0*\0wrStatusNum";i:30;s:12:"\0*\0currentWP";N;s:6:"\0*\0uID";s:1:"1";s:5:"error";s:0:"";s:4:"pkID";s:2:"14";s:3:"cID";s:3:"160";s:4:"cvID";s:1:"5";s:4:"wrID";s:2:"74";}'),
(106, 75, '2015-04-27 08:18:20', 'O:49:"Concrete\\Core\\Workflow\\Request\\ApprovePageRequest":8:{s:14:"\0*\0wrStatusNum";i:30;s:12:"\0*\0currentWP";N;s:6:"\0*\0uID";s:1:"1";s:5:"error";s:0:"";s:4:"pkID";s:2:"14";s:3:"cID";s:3:"160";s:4:"cvID";s:1:"6";s:4:"wrID";s:2:"75";}'),
(107, 76, '2015-04-27 08:26:37', 'O:49:"Concrete\\Core\\Workflow\\Request\\ApprovePageRequest":8:{s:14:"\0*\0wrStatusNum";i:30;s:12:"\0*\0currentWP";N;s:6:"\0*\0uID";s:1:"1";s:5:"error";s:0:"";s:4:"pkID";s:2:"14";s:3:"cID";s:3:"162";s:4:"cvID";s:2:"15";s:4:"wrID";s:2:"76";}'),
(108, 77, '2015-04-27 08:28:22', 'O:49:"Concrete\\Core\\Workflow\\Request\\ApprovePageRequest":8:{s:14:"\0*\0wrStatusNum";i:30;s:12:"\0*\0currentWP";N;s:6:"\0*\0uID";s:1:"1";s:5:"error";s:0:"";s:4:"pkID";s:2:"14";s:3:"cID";s:3:"172";s:4:"cvID";s:1:"1";s:4:"wrID";s:2:"77";}'),
(109, 78, '2015-04-27 08:29:10', 'O:49:"Concrete\\Core\\Workflow\\Request\\ApprovePageRequest":8:{s:14:"\0*\0wrStatusNum";i:30;s:12:"\0*\0currentWP";N;s:6:"\0*\0uID";s:1:"1";s:5:"error";s:0:"";s:4:"pkID";s:2:"14";s:3:"cID";s:3:"171";s:4:"cvID";s:1:"1";s:4:"wrID";s:2:"78";}'),
(110, 79, '2015-04-27 08:33:25', 'O:49:"Concrete\\Core\\Workflow\\Request\\ApprovePageRequest":8:{s:14:"\0*\0wrStatusNum";i:30;s:12:"\0*\0currentWP";N;s:6:"\0*\0uID";s:1:"1";s:5:"error";s:0:"";s:4:"pkID";s:2:"14";s:3:"cID";s:3:"171";s:4:"cvID";s:1:"2";s:4:"wrID";s:2:"79";}'),
(111, 80, '2015-04-27 08:40:01', 'O:49:"Concrete\\Core\\Workflow\\Request\\ApprovePageRequest":8:{s:14:"\0*\0wrStatusNum";i:30;s:12:"\0*\0currentWP";N;s:6:"\0*\0uID";s:1:"1";s:5:"error";s:0:"";s:4:"pkID";s:2:"14";s:3:"cID";s:3:"171";s:4:"cvID";s:1:"3";s:4:"wrID";s:2:"80";}'),
(112, 81, '2015-04-27 10:42:48', 'O:49:"Concrete\\Core\\Workflow\\Request\\ApprovePageRequest":8:{s:14:"\0*\0wrStatusNum";i:30;s:12:"\0*\0currentWP";N;s:6:"\0*\0uID";s:1:"1";s:5:"error";s:0:"";s:4:"pkID";s:2:"14";s:3:"cID";s:3:"171";s:4:"cvID";s:1:"4";s:4:"wrID";s:2:"81";}'),
(113, 82, '2015-04-27 10:44:10', 'O:49:"Concrete\\Core\\Workflow\\Request\\ApprovePageRequest":8:{s:14:"\0*\0wrStatusNum";i:30;s:12:"\0*\0currentWP";N;s:6:"\0*\0uID";s:1:"1";s:5:"error";s:0:"";s:4:"pkID";s:2:"14";s:3:"cID";s:3:"171";s:4:"cvID";s:1:"5";s:4:"wrID";s:2:"82";}'),
(114, 83, '2015-04-27 10:45:17', 'O:49:"Concrete\\Core\\Workflow\\Request\\ApprovePageRequest":8:{s:14:"\0*\0wrStatusNum";i:30;s:12:"\0*\0currentWP";N;s:6:"\0*\0uID";s:1:"1";s:5:"error";s:0:"";s:4:"pkID";s:2:"14";s:3:"cID";s:3:"173";s:4:"cvID";s:1:"6";s:4:"wrID";s:2:"83";}'),
(115, 84, '2015-04-27 10:54:05', 'O:49:"Concrete\\Core\\Workflow\\Request\\ApprovePageRequest":8:{s:14:"\0*\0wrStatusNum";i:30;s:12:"\0*\0currentWP";N;s:6:"\0*\0uID";s:1:"1";s:5:"error";s:0:"";s:4:"pkID";s:2:"14";s:3:"cID";s:3:"173";s:4:"cvID";s:1:"7";s:4:"wrID";s:2:"84";}'),
(116, 85, '2015-04-27 10:54:48', 'O:49:"Concrete\\Core\\Workflow\\Request\\ApprovePageRequest":8:{s:14:"\0*\0wrStatusNum";i:30;s:12:"\0*\0currentWP";N;s:6:"\0*\0uID";s:1:"1";s:5:"error";s:0:"";s:4:"pkID";s:2:"14";s:3:"cID";s:3:"174";s:4:"cvID";s:1:"6";s:4:"wrID";s:2:"85";}'),
(117, 86, '2015-04-27 10:55:26', 'O:49:"Concrete\\Core\\Workflow\\Request\\ApprovePageRequest":8:{s:14:"\0*\0wrStatusNum";i:30;s:12:"\0*\0currentWP";N;s:6:"\0*\0uID";s:1:"1";s:5:"error";s:0:"";s:4:"pkID";s:2:"14";s:3:"cID";s:3:"173";s:4:"cvID";s:1:"8";s:4:"wrID";s:2:"86";}'),
(118, 87, '2015-04-27 11:09:25', 'O:49:"Concrete\\Core\\Workflow\\Request\\ApprovePageRequest":8:{s:14:"\0*\0wrStatusNum";i:30;s:12:"\0*\0currentWP";N;s:6:"\0*\0uID";s:1:"1";s:5:"error";s:0:"";s:4:"pkID";s:2:"14";s:3:"cID";s:3:"174";s:4:"cvID";s:1:"7";s:4:"wrID";s:2:"87";}'),
(119, 88, '2015-04-28 12:19:59', 'O:49:"Concrete\\Core\\Workflow\\Request\\ApprovePageRequest":8:{s:14:"\0*\0wrStatusNum";i:30;s:12:"\0*\0currentWP";N;s:6:"\0*\0uID";s:1:"1";s:5:"error";s:0:"";s:4:"pkID";s:2:"14";s:3:"cID";s:3:"174";s:4:"cvID";s:1:"8";s:4:"wrID";s:2:"88";}');

-- --------------------------------------------------------

--
-- Structure de la table `WorkflowRequestObjects`
--

DROP TABLE IF EXISTS `WorkflowRequestObjects`;
CREATE TABLE `WorkflowRequestObjects` (
  `wrID` int(10) unsigned NOT NULL,
  `wrObject` text COLLATE utf8_unicode_ci
) ENGINE=InnoDB DEFAULT CHARSET=utf8 COLLATE=utf8_unicode_ci;

-- --------------------------------------------------------

--
-- Structure de la table `Workflows`
--

DROP TABLE IF EXISTS `Workflows`;
CREATE TABLE `Workflows` (
  `wfID` int(10) unsigned NOT NULL,
  `wfName` varchar(255) COLLATE utf8_unicode_ci DEFAULT NULL,
  `wftID` int(10) unsigned NOT NULL DEFAULT '0'
) ENGINE=InnoDB DEFAULT CHARSET=utf8 COLLATE=utf8_unicode_ci;

-- --------------------------------------------------------

--
-- Structure de la table `WorkflowTypes`
--

DROP TABLE IF EXISTS `WorkflowTypes`;
CREATE TABLE `WorkflowTypes` (
  `wftID` int(10) unsigned NOT NULL,
  `wftHandle` varchar(64) COLLATE utf8_unicode_ci NOT NULL,
  `wftName` varchar(128) COLLATE utf8_unicode_ci NOT NULL,
  `pkgID` int(10) unsigned NOT NULL DEFAULT '0'
) ENGINE=InnoDB AUTO_INCREMENT=2 DEFAULT CHARSET=utf8 COLLATE=utf8_unicode_ci;

--
-- Contenu de la table `WorkflowTypes`
--

INSERT INTO `WorkflowTypes` (`wftID`, `wftHandle`, `wftName`, `pkgID`) VALUES
(1, 'basic', 'Basic Workflow', 0);

--
-- Index pour les tables exportées
--

--
-- Index pour la table `AreaLayoutColumns`
--
ALTER TABLE `AreaLayoutColumns`
  ADD PRIMARY KEY (`arLayoutColumnID`),
  ADD KEY `arLayoutID` (`arLayoutID`,`arLayoutColumnIndex`),
  ADD KEY `arID` (`arID`),
  ADD KEY `arLayoutColumnDisplayID` (`arLayoutColumnDisplayID`);

--
-- Index pour la table `AreaLayoutCustomColumns`
--
ALTER TABLE `AreaLayoutCustomColumns`
  ADD PRIMARY KEY (`arLayoutColumnID`);

--
-- Index pour la table `AreaLayoutPresets`
--
ALTER TABLE `AreaLayoutPresets`
  ADD PRIMARY KEY (`arLayoutPresetID`),
  ADD KEY `arLayoutID` (`arLayoutID`),
  ADD KEY `arLayoutPresetName` (`arLayoutPresetName`);

--
-- Index pour la table `AreaLayouts`
--
ALTER TABLE `AreaLayouts`
  ADD PRIMARY KEY (`arLayoutID`);

--
-- Index pour la table `AreaLayoutsUsingPresets`
--
ALTER TABLE `AreaLayoutsUsingPresets`
  ADD PRIMARY KEY (`arLayoutID`);

--
-- Index pour la table `AreaLayoutThemeGridColumns`
--
ALTER TABLE `AreaLayoutThemeGridColumns`
  ADD PRIMARY KEY (`arLayoutColumnID`);

--
-- Index pour la table `AreaPermissionAssignments`
--
ALTER TABLE `AreaPermissionAssignments`
  ADD PRIMARY KEY (`cID`,`arHandle`,`pkID`,`paID`),
  ADD KEY `paID` (`paID`),
  ADD KEY `pkID` (`pkID`);

--
-- Index pour la table `AreaPermissionBlockTypeAccessList`
--
ALTER TABLE `AreaPermissionBlockTypeAccessList`
  ADD PRIMARY KEY (`paID`,`peID`),
  ADD KEY `peID` (`peID`);

--
-- Index pour la table `AreaPermissionBlockTypeAccessListCustom`
--
ALTER TABLE `AreaPermissionBlockTypeAccessListCustom`
  ADD PRIMARY KEY (`paID`,`peID`,`btID`),
  ADD KEY `peID` (`peID`),
  ADD KEY `btID` (`btID`);

--
-- Index pour la table `Areas`
--
ALTER TABLE `Areas`
  ADD PRIMARY KEY (`arID`),
  ADD KEY `arIsGlobal` (`arIsGlobal`),
  ADD KEY `cID` (`cID`),
  ADD KEY `arHandle` (`arHandle`),
  ADD KEY `arParentID` (`arParentID`);

--
-- Index pour la table `atAddress`
--
ALTER TABLE `atAddress`
  ADD PRIMARY KEY (`avID`);

--
-- Index pour la table `atAddressCustomCountries`
--
ALTER TABLE `atAddressCustomCountries`
  ADD PRIMARY KEY (`atAddressCustomCountryID`),
  ADD KEY `akID` (`akID`);

--
-- Index pour la table `atAddressSettings`
--
ALTER TABLE `atAddressSettings`
  ADD PRIMARY KEY (`akID`);

--
-- Index pour la table `atBoolean`
--
ALTER TABLE `atBoolean`
  ADD PRIMARY KEY (`avID`);

--
-- Index pour la table `atBooleanSettings`
--
ALTER TABLE `atBooleanSettings`
  ADD PRIMARY KEY (`akID`);

--
-- Index pour la table `atDateTime`
--
ALTER TABLE `atDateTime`
  ADD PRIMARY KEY (`avID`);

--
-- Index pour la table `atDateTimeSettings`
--
ALTER TABLE `atDateTimeSettings`
  ADD PRIMARY KEY (`akID`);

--
-- Index pour la table `atDefault`
--
ALTER TABLE `atDefault`
  ADD PRIMARY KEY (`avID`);

--
-- Index pour la table `atFile`
--
ALTER TABLE `atFile`
  ADD PRIMARY KEY (`avID`),
  ADD KEY `fID` (`fID`);

--
-- Index pour la table `atNumber`
--
ALTER TABLE `atNumber`
  ADD PRIMARY KEY (`avID`);

--
-- Index pour la table `atSelectedTopics`
--
ALTER TABLE `atSelectedTopics`
  ADD PRIMARY KEY (`avID`,`TopicNodeID`),
  ADD KEY `TopicNodeID` (`TopicNodeID`);

--
-- Index pour la table `atSelectOptions`
--
ALTER TABLE `atSelectOptions`
  ADD PRIMARY KEY (`ID`),
  ADD KEY `akID` (`akID`,`displayOrder`),
  ADD KEY `value` (`value`);

--
-- Index pour la table `atSelectOptionsSelected`
--
ALTER TABLE `atSelectOptionsSelected`
  ADD PRIMARY KEY (`avID`,`atSelectOptionID`),
  ADD KEY `atSelectOptionID` (`atSelectOptionID`);

--
-- Index pour la table `atSelectSettings`
--
ALTER TABLE `atSelectSettings`
  ADD PRIMARY KEY (`akID`);

--
-- Index pour la table `atSocialLinks`
--
ALTER TABLE `atSocialLinks`
  ADD PRIMARY KEY (`avsID`),
  ADD KEY `avID` (`avID`,`avsID`);

--
-- Index pour la table `atTextareaSettings`
--
ALTER TABLE `atTextareaSettings`
  ADD PRIMARY KEY (`akID`);

--
-- Index pour la table `atTopicSettings`
--
ALTER TABLE `atTopicSettings`
  ADD PRIMARY KEY (`akID`),
  ADD KEY `akTopicTreeID` (`akTopicTreeID`);

--
-- Index pour la table `AttributeKeyCategories`
--
ALTER TABLE `AttributeKeyCategories`
  ADD PRIMARY KEY (`akCategoryID`),
  ADD KEY `akCategoryHandle` (`akCategoryHandle`),
  ADD KEY `pkgID` (`pkgID`,`akCategoryID`);

--
-- Index pour la table `AttributeKeys`
--
ALTER TABLE `AttributeKeys`
  ADD PRIMARY KEY (`akID`),
  ADD UNIQUE KEY `akHandle` (`akHandle`,`akCategoryID`),
  ADD KEY `akCategoryID` (`akCategoryID`),
  ADD KEY `atID` (`atID`),
  ADD KEY `pkgID` (`pkgID`);

--
-- Index pour la table `AttributeSetKeys`
--
ALTER TABLE `AttributeSetKeys`
  ADD PRIMARY KEY (`akID`,`asID`),
  ADD KEY `asID` (`asID`,`displayOrder`);

--
-- Index pour la table `AttributeSets`
--
ALTER TABLE `AttributeSets`
  ADD PRIMARY KEY (`asID`),
  ADD UNIQUE KEY `asHandle` (`asHandle`),
  ADD KEY `akCategoryID` (`akCategoryID`,`asDisplayOrder`),
  ADD KEY `pkgID` (`pkgID`,`asID`);

--
-- Index pour la table `AttributeTypeCategories`
--
ALTER TABLE `AttributeTypeCategories`
  ADD PRIMARY KEY (`atID`,`akCategoryID`),
  ADD KEY `akCategoryID` (`akCategoryID`);

--
-- Index pour la table `AttributeTypes`
--
ALTER TABLE `AttributeTypes`
  ADD PRIMARY KEY (`atID`),
  ADD UNIQUE KEY `atHandle` (`atHandle`),
  ADD KEY `pkgID` (`pkgID`,`atID`);

--
-- Index pour la table `AttributeValues`
--
ALTER TABLE `AttributeValues`
  ADD PRIMARY KEY (`avID`),
  ADD KEY `akID` (`akID`),
  ADD KEY `uID` (`uID`),
  ADD KEY `atID` (`atID`);

--
-- Index pour la table `AuthenticationTypes`
--
ALTER TABLE `AuthenticationTypes`
  ADD PRIMARY KEY (`authTypeID`),
  ADD UNIQUE KEY `authTypeHandle` (`authTypeHandle`),
  ADD KEY `pkgID` (`pkgID`);

--
-- Index pour la table `authTypeConcreteCookieMap`
--
ALTER TABLE `authTypeConcreteCookieMap`
  ADD PRIMARY KEY (`ID`),
  ADD UNIQUE KEY `token` (`token`),
  ADD KEY `uID` (`uID`);

--
-- Index pour la table `BannedWords`
--
ALTER TABLE `BannedWords`
  ADD PRIMARY KEY (`bwID`);

--
-- Index pour la table `BasicWorkflowPermissionAssignments`
--
ALTER TABLE `BasicWorkflowPermissionAssignments`
  ADD PRIMARY KEY (`wfID`,`pkID`,`paID`),
  ADD KEY `pkID` (`pkID`),
  ADD KEY `paID` (`paID`);

--
-- Index pour la table `BasicWorkflowProgressData`
--
ALTER TABLE `BasicWorkflowProgressData`
  ADD PRIMARY KEY (`wpID`),
  ADD KEY `uIDStarted` (`uIDStarted`),
  ADD KEY `uIDCompleted` (`uIDCompleted`);

--
-- Index pour la table `BlockFeatureAssignments`
--
ALTER TABLE `BlockFeatureAssignments`
  ADD PRIMARY KEY (`cID`,`cvID`,`bID`,`faID`),
  ADD KEY `faID` (`faID`,`cID`,`cvID`),
  ADD KEY `bID` (`bID`);

--
-- Index pour la table `BlockPermissionAssignments`
--
ALTER TABLE `BlockPermissionAssignments`
  ADD PRIMARY KEY (`cID`,`cvID`,`bID`,`pkID`,`paID`),
  ADD KEY `bID` (`bID`),
  ADD KEY `pkID` (`pkID`),
  ADD KEY `paID` (`paID`);

--
-- Index pour la table `BlockRelations`
--
ALTER TABLE `BlockRelations`
  ADD PRIMARY KEY (`brID`),
  ADD KEY `bID` (`bID`),
  ADD KEY `originalBID` (`originalBID`);

--
-- Index pour la table `Blocks`
--
ALTER TABLE `Blocks`
  ADD PRIMARY KEY (`bID`),
  ADD KEY `btID` (`btID`),
  ADD KEY `uID` (`uID`);

--
-- Index pour la table `BlockTypePermissionBlockTypeAccessList`
--
ALTER TABLE `BlockTypePermissionBlockTypeAccessList`
  ADD PRIMARY KEY (`paID`,`peID`),
  ADD KEY `peID` (`peID`);

--
-- Index pour la table `BlockTypePermissionBlockTypeAccessListCustom`
--
ALTER TABLE `BlockTypePermissionBlockTypeAccessListCustom`
  ADD PRIMARY KEY (`paID`,`peID`,`btID`),
  ADD KEY `peID` (`peID`),
  ADD KEY `btID` (`btID`);

--
-- Index pour la table `BlockTypes`
--
ALTER TABLE `BlockTypes`
  ADD PRIMARY KEY (`btID`),
  ADD UNIQUE KEY `btHandle` (`btHandle`),
  ADD KEY `btDisplayOrder` (`btDisplayOrder`,`btName`,`btID`),
  ADD KEY `pkgID` (`pkgID`);

--
-- Index pour la table `BlockTypeSetBlockTypes`
--
ALTER TABLE `BlockTypeSetBlockTypes`
  ADD PRIMARY KEY (`btID`,`btsID`),
  ADD KEY `btsID` (`btsID`,`displayOrder`);

--
-- Index pour la table `BlockTypeSets`
--
ALTER TABLE `BlockTypeSets`
  ADD PRIMARY KEY (`btsID`),
  ADD UNIQUE KEY `btsHandle` (`btsHandle`),
  ADD KEY `btsDisplayOrder` (`btsDisplayOrder`),
  ADD KEY `pkgID` (`pkgID`);

--
-- Index pour la table `btContentFile`
--
ALTER TABLE `btContentFile`
  ADD PRIMARY KEY (`bID`),
  ADD KEY `fID` (`fID`);

--
-- Index pour la table `btContentImage`
--
ALTER TABLE `btContentImage`
  ADD PRIMARY KEY (`bID`),
  ADD KEY `fID` (`fID`);

--
-- Index pour la table `btContentLocal`
--
ALTER TABLE `btContentLocal`
  ADD PRIMARY KEY (`bID`);

--
-- Index pour la table `btCoreAreaLayout`
--
ALTER TABLE `btCoreAreaLayout`
  ADD PRIMARY KEY (`bID`),
  ADD KEY `arLayoutID` (`arLayoutID`);

--
-- Index pour la table `btCoreConversation`
--
ALTER TABLE `btCoreConversation`
  ADD PRIMARY KEY (`bID`),
  ADD KEY `cnvID` (`cnvID`);

--
-- Index pour la table `btCorePageTypeComposerControlOutput`
--
ALTER TABLE `btCorePageTypeComposerControlOutput`
  ADD PRIMARY KEY (`bID`),
  ADD KEY `ptComposerOutputControlID` (`ptComposerOutputControlID`);

--
-- Index pour la table `btCoreScrapbookDisplay`
--
ALTER TABLE `btCoreScrapbookDisplay`
  ADD PRIMARY KEY (`bID`),
  ADD KEY `bOriginalID` (`bOriginalID`);

--
-- Index pour la table `btCoreStackDisplay`
--
ALTER TABLE `btCoreStackDisplay`
  ADD PRIMARY KEY (`bID`),
  ADD KEY `stID` (`stID`);

--
-- Index pour la table `btDashboardNewsflowLatest`
--
ALTER TABLE `btDashboardNewsflowLatest`
  ADD PRIMARY KEY (`bID`);

--
-- Index pour la table `btDateNavigation`
--
ALTER TABLE `btDateNavigation`
  ADD PRIMARY KEY (`bID`);

--
-- Index pour la table `btEasyImageGallery`
--
ALTER TABLE `btEasyImageGallery`
  ADD PRIMARY KEY (`bID`);

--
-- Index pour la table `btEasyImageSlider`
--
ALTER TABLE `btEasyImageSlider`
  ADD PRIMARY KEY (`bID`);

--
-- Index pour la table `btExternalForm`
--
ALTER TABLE `btExternalForm`
  ADD PRIMARY KEY (`bID`);

--
-- Index pour la table `btFaq`
--
ALTER TABLE `btFaq`
  ADD PRIMARY KEY (`bID`);

--
-- Index pour la table `btFaqEntries`
--
ALTER TABLE `btFaqEntries`
  ADD PRIMARY KEY (`id`),
  ADD KEY `bID` (`bID`,`sortOrder`);

--
-- Index pour la table `btFeature`
--
ALTER TABLE `btFeature`
  ADD PRIMARY KEY (`bID`);

--
-- Index pour la table `btForm`
--
ALTER TABLE `btForm`
  ADD PRIMARY KEY (`bID`),
  ADD KEY `questionSetIdForeign` (`questionSetId`);

--
-- Index pour la table `btFormAnswers`
--
ALTER TABLE `btFormAnswers`
  ADD PRIMARY KEY (`aID`),
  ADD KEY `asID` (`asID`),
  ADD KEY `msqID` (`msqID`);

--
-- Index pour la table `btFormAnswerSet`
--
ALTER TABLE `btFormAnswerSet`
  ADD PRIMARY KEY (`asID`),
  ADD KEY `questionSetId` (`questionSetId`),
  ADD KEY `uID` (`uID`);

--
-- Index pour la table `btFormQuestions`
--
ALTER TABLE `btFormQuestions`
  ADD PRIMARY KEY (`qID`),
  ADD KEY `questionSetId` (`questionSetId`),
  ADD KEY `msqID` (`msqID`),
  ADD KEY `bID` (`bID`,`questionSetId`);

--
-- Index pour la table `btGoogleMap`
--
ALTER TABLE `btGoogleMap`
  ADD PRIMARY KEY (`bID`);

--
-- Index pour la table `btImageSlider`
--
ALTER TABLE `btImageSlider`
  ADD PRIMARY KEY (`bID`);

--
-- Index pour la table `btImageSliderEntries`
--
ALTER TABLE `btImageSliderEntries`
  ADD PRIMARY KEY (`id`);

--
-- Index pour la table `btMylabTyper`
--
ALTER TABLE `btMylabTyper`
  ADD PRIMARY KEY (`bID`);

--
-- Index pour la table `btNavigation`
--
ALTER TABLE `btNavigation`
  ADD PRIMARY KEY (`bID`);

--
-- Index pour la table `btNextPrevious`
--
ALTER TABLE `btNextPrevious`
  ADD PRIMARY KEY (`bID`);

--
-- Index pour la table `btPageAttributeDisplay`
--
ALTER TABLE `btPageAttributeDisplay`
  ADD PRIMARY KEY (`bID`);

--
-- Index pour la table `btPageList`
--
ALTER TABLE `btPageList`
  ADD PRIMARY KEY (`bID`),
  ADD KEY `ptID` (`ptID`);

--
-- Index pour la table `btPageTitle`
--
ALTER TABLE `btPageTitle`
  ADD PRIMARY KEY (`bID`);

--
-- Index pour la table `btRssDisplay`
--
ALTER TABLE `btRssDisplay`
  ADD PRIMARY KEY (`bID`);

--
-- Index pour la table `btSearch`
--
ALTER TABLE `btSearch`
  ADD PRIMARY KEY (`bID`);

--
-- Index pour la table `btShareThisPage`
--
ALTER TABLE `btShareThisPage`
  ADD PRIMARY KEY (`btShareThisPageID`);

--
-- Index pour la table `btSocialLinks`
--
ALTER TABLE `btSocialLinks`
  ADD PRIMARY KEY (`btSocialLinkID`),
  ADD KEY `bID` (`bID`,`displayOrder`),
  ADD KEY `slID` (`slID`);

--
-- Index pour la table `btSurvey`
--
ALTER TABLE `btSurvey`
  ADD PRIMARY KEY (`bID`);

--
-- Index pour la table `btSurveyOptions`
--
ALTER TABLE `btSurveyOptions`
  ADD PRIMARY KEY (`optionID`),
  ADD KEY `bID` (`bID`,`displayOrder`);

--
-- Index pour la table `btSurveyResults`
--
ALTER TABLE `btSurveyResults`
  ADD PRIMARY KEY (`resultID`),
  ADD KEY `optionID` (`optionID`),
  ADD KEY `cID` (`cID`,`optionID`,`bID`),
  ADD KEY `bID` (`bID`,`cID`,`uID`),
  ADD KEY `uID` (`uID`);

--
-- Index pour la table `btSwitchLanguage`
--
ALTER TABLE `btSwitchLanguage`
  ADD PRIMARY KEY (`bID`);

--
-- Index pour la table `btTags`
--
ALTER TABLE `btTags`
  ADD PRIMARY KEY (`bID`);

--
-- Index pour la table `btTestimonial`
--
ALTER TABLE `btTestimonial`
  ADD PRIMARY KEY (`bID`);

--
-- Index pour la table `btTopicList`
--
ALTER TABLE `btTopicList`
  ADD PRIMARY KEY (`bID`);

--
-- Index pour la table `btVideo`
--
ALTER TABLE `btVideo`
  ADD PRIMARY KEY (`bID`);

--
-- Index pour la table `btYouTube`
--
ALTER TABLE `btYouTube`
  ADD PRIMARY KEY (`bID`);

--
-- Index pour la table `CollectionAttributeValues`
--
ALTER TABLE `CollectionAttributeValues`
  ADD PRIMARY KEY (`cID`,`cvID`,`akID`),
  ADD KEY `akID` (`akID`),
  ADD KEY `avID` (`avID`);

--
-- Index pour la table `Collections`
--
ALTER TABLE `Collections`
  ADD PRIMARY KEY (`cID`),
  ADD KEY `cIDDateModified` (`cID`,`cDateModified`),
  ADD KEY `cDateModified` (`cDateModified`),
  ADD KEY `cDateAdded` (`cDateAdded`);

--
-- Index pour la table `CollectionSearchIndexAttributes`
--
ALTER TABLE `CollectionSearchIndexAttributes`
  ADD PRIMARY KEY (`cID`);

--
-- Index pour la table `CollectionVersionAreaStyles`
--
ALTER TABLE `CollectionVersionAreaStyles`
  ADD PRIMARY KEY (`cID`,`cvID`,`arHandle`),
  ADD KEY `issID` (`issID`);

--
-- Index pour la table `CollectionVersionBlocks`
--
ALTER TABLE `CollectionVersionBlocks`
  ADD PRIMARY KEY (`cID`,`cvID`,`bID`,`arHandle`),
  ADD KEY `bID` (`bID`,`cID`);

--
-- Index pour la table `CollectionVersionBlocksCacheSettings`
--
ALTER TABLE `CollectionVersionBlocksCacheSettings`
  ADD PRIMARY KEY (`cID`,`cvID`,`bID`,`arHandle`),
  ADD KEY `bID` (`bID`,`cID`,`cvID`,`arHandle`);

--
-- Index pour la table `CollectionVersionBlocksOutputCache`
--
ALTER TABLE `CollectionVersionBlocksOutputCache`
  ADD PRIMARY KEY (`cID`,`cvID`,`bID`,`arHandle`),
  ADD KEY `bID` (`bID`,`cID`,`cvID`,`arHandle`);

--
-- Index pour la table `CollectionVersionBlockStyles`
--
ALTER TABLE `CollectionVersionBlockStyles`
  ADD PRIMARY KEY (`cID`,`cvID`,`bID`,`arHandle`),
  ADD KEY `bID` (`bID`,`issID`),
  ADD KEY `issID` (`issID`);

--
-- Index pour la table `CollectionVersionFeatureAssignments`
--
ALTER TABLE `CollectionVersionFeatureAssignments`
  ADD PRIMARY KEY (`cID`,`cvID`,`faID`),
  ADD KEY `faID` (`faID`);

--
-- Index pour la table `CollectionVersionRelatedEdits`
--
ALTER TABLE `CollectionVersionRelatedEdits`
  ADD PRIMARY KEY (`cID`,`cvID`,`cRelationID`,`cvRelationID`);

--
-- Index pour la table `CollectionVersions`
--
ALTER TABLE `CollectionVersions`
  ADD PRIMARY KEY (`cID`,`cvID`),
  ADD KEY `cvIsApproved` (`cvIsApproved`),
  ADD KEY `cvAuthorUID` (`cvAuthorUID`),
  ADD KEY `cvApproverUID` (`cvApproverUID`),
  ADD KEY `pThemeID` (`pThemeID`),
  ADD KEY `pTemplateID` (`pTemplateID`);

--
-- Index pour la table `CollectionVersionThemeCustomStyles`
--
ALTER TABLE `CollectionVersionThemeCustomStyles`
  ADD PRIMARY KEY (`cID`,`cvID`,`pThemeID`),
  ADD KEY `pThemeID` (`pThemeID`),
  ADD KEY `scvlID` (`scvlID`),
  ADD KEY `sccRecordID` (`sccRecordID`);

--
-- Index pour la table `Config`
--
ALTER TABLE `Config`
  ADD PRIMARY KEY (`configNamespace`,`configGroup`,`configItem`),
  ADD KEY `configGroup` (`configGroup`);

--
-- Index pour la table `ConfigStore`
--
ALTER TABLE `ConfigStore`
  ADD PRIMARY KEY (`cfKey`,`uID`),
  ADD KEY `uID` (`uID`,`cfKey`),
  ADD KEY `pkgID` (`pkgID`,`cfKey`);

--
-- Index pour la table `ConversationDiscussions`
--
ALTER TABLE `ConversationDiscussions`
  ADD PRIMARY KEY (`cnvDiscussionID`),
  ADD KEY `cID` (`cID`);

--
-- Index pour la table `ConversationEditors`
--
ALTER TABLE `ConversationEditors`
  ADD PRIMARY KEY (`cnvEditorID`),
  ADD KEY `pkgID` (`pkgID`,`cnvEditorHandle`);

--
-- Index pour la table `ConversationFeatureDetailAssignments`
--
ALTER TABLE `ConversationFeatureDetailAssignments`
  ADD PRIMARY KEY (`faID`),
  ADD KEY `cnvID` (`cnvID`);

--
-- Index pour la table `ConversationFlaggedMessages`
--
ALTER TABLE `ConversationFlaggedMessages`
  ADD PRIMARY KEY (`cnvMessageID`),
  ADD KEY `cnvMessageFlagTypeID` (`cnvMessageFlagTypeID`);

--
-- Index pour la table `ConversationFlaggedMessageTypes`
--
ALTER TABLE `ConversationFlaggedMessageTypes`
  ADD PRIMARY KEY (`cnvMessageFlagTypeID`),
  ADD UNIQUE KEY `cnvMessageFlagTypeHandle` (`cnvMessageFlagTypeHandle`);

--
-- Index pour la table `ConversationMessageAttachments`
--
ALTER TABLE `ConversationMessageAttachments`
  ADD PRIMARY KEY (`cnvMessageAttachmentID`),
  ADD KEY `cnvMessageID` (`cnvMessageID`),
  ADD KEY `fID` (`fID`);

--
-- Index pour la table `ConversationMessageRatings`
--
ALTER TABLE `ConversationMessageRatings`
  ADD PRIMARY KEY (`cnvMessageRatingID`),
  ADD KEY `cnvMessageID` (`cnvMessageID`,`cnvRatingTypeID`),
  ADD KEY `cnvRatingTypeID` (`cnvRatingTypeID`),
  ADD KEY `uID` (`uID`);

--
-- Index pour la table `ConversationMessages`
--
ALTER TABLE `ConversationMessages`
  ADD PRIMARY KEY (`cnvMessageID`),
  ADD KEY `cnvID` (`cnvID`),
  ADD KEY `cnvMessageParentID` (`cnvMessageParentID`),
  ADD KEY `uID` (`uID`);

--
-- Index pour la table `ConversationPermissionAddMessageAccessList`
--
ALTER TABLE `ConversationPermissionAddMessageAccessList`
  ADD PRIMARY KEY (`paID`,`peID`),
  ADD KEY `peID` (`peID`);

--
-- Index pour la table `ConversationPermissionAssignments`
--
ALTER TABLE `ConversationPermissionAssignments`
  ADD PRIMARY KEY (`cnvID`,`pkID`,`paID`),
  ADD KEY `paID` (`paID`),
  ADD KEY `pkID` (`pkID`);

--
-- Index pour la table `ConversationRatingTypes`
--
ALTER TABLE `ConversationRatingTypes`
  ADD PRIMARY KEY (`cnvRatingTypeID`),
  ADD UNIQUE KEY `cnvRatingTypeHandle` (`cnvRatingTypeHandle`),
  ADD KEY `pkgID` (`pkgID`,`cnvRatingTypeHandle`);

--
-- Index pour la table `Conversations`
--
ALTER TABLE `Conversations`
  ADD PRIMARY KEY (`cnvID`),
  ADD KEY `cID` (`cID`),
  ADD KEY `cnvParentMessageID` (`cnvParentMessageID`);

--
-- Index pour la table `ConversationSubscriptions`
--
ALTER TABLE `ConversationSubscriptions`
  ADD PRIMARY KEY (`cnvID`,`uID`),
  ADD KEY `cnvID` (`cnvID`),
  ADD KEY `uID` (`uID`);

--
-- Index pour la table `DownloadStatistics`
--
ALTER TABLE `DownloadStatistics`
  ADD PRIMARY KEY (`dsID`),
  ADD KEY `fID` (`fID`,`timestamp`),
  ADD KEY `fvID` (`fID`,`fvID`),
  ADD KEY `uID` (`uID`),
  ADD KEY `rcID` (`rcID`),
  ADD KEY `timestamp` (`timestamp`);

--
-- Index pour la table `FeatureAssignments`
--
ALTER TABLE `FeatureAssignments`
  ADD PRIMARY KEY (`faID`),
  ADD KEY `feID` (`feID`),
  ADD KEY `fcID` (`fcID`);

--
-- Index pour la table `FeatureCategories`
--
ALTER TABLE `FeatureCategories`
  ADD PRIMARY KEY (`fcID`),
  ADD UNIQUE KEY `fcHandle` (`fcHandle`),
  ADD KEY `pkgID` (`pkgID`,`fcID`);

--
-- Index pour la table `Features`
--
ALTER TABLE `Features`
  ADD PRIMARY KEY (`feID`),
  ADD UNIQUE KEY `feHandle` (`feHandle`),
  ADD KEY `pkgID` (`pkgID`,`feID`);

--
-- Index pour la table `FileAttributeValues`
--
ALTER TABLE `FileAttributeValues`
  ADD PRIMARY KEY (`fID`,`fvID`,`akID`),
  ADD KEY `akID` (`akID`),
  ADD KEY `avID` (`avID`);

--
-- Index pour la table `FileImageThumbnailTypes`
--
ALTER TABLE `FileImageThumbnailTypes`
  ADD PRIMARY KEY (`ftTypeID`);

--
-- Index pour la table `FilePermissionAssignments`
--
ALTER TABLE `FilePermissionAssignments`
  ADD PRIMARY KEY (`fID`,`pkID`,`paID`),
  ADD KEY `pkID` (`pkID`),
  ADD KEY `paID` (`paID`);

--
-- Index pour la table `FilePermissionFileTypes`
--
ALTER TABLE `FilePermissionFileTypes`
  ADD PRIMARY KEY (`fsID`,`gID`,`uID`,`extension`),
  ADD KEY `gID` (`gID`),
  ADD KEY `uID` (`uID`);

--
-- Index pour la table `Files`
--
ALTER TABLE `Files`
  ADD PRIMARY KEY (`fID`,`uID`,`fslID`),
  ADD KEY `uID` (`uID`),
  ADD KEY `fslID` (`fslID`),
  ADD KEY `ocID` (`ocID`),
  ADD KEY `fOverrideSetPermissions` (`fOverrideSetPermissions`);

--
-- Index pour la table `FileSearchIndexAttributes`
--
ALTER TABLE `FileSearchIndexAttributes`
  ADD PRIMARY KEY (`fID`);

--
-- Index pour la table `FileSetFiles`
--
ALTER TABLE `FileSetFiles`
  ADD PRIMARY KEY (`fsfID`),
  ADD KEY `fID` (`fID`),
  ADD KEY `fsID` (`fsID`);

--
-- Index pour la table `FileSetPermissionAssignments`
--
ALTER TABLE `FileSetPermissionAssignments`
  ADD PRIMARY KEY (`fsID`,`pkID`,`paID`),
  ADD KEY `paID` (`paID`),
  ADD KEY `pkID` (`pkID`);

--
-- Index pour la table `FileSetPermissionFileTypeAccessList`
--
ALTER TABLE `FileSetPermissionFileTypeAccessList`
  ADD PRIMARY KEY (`paID`,`peID`),
  ADD KEY `peID` (`peID`);

--
-- Index pour la table `FileSetPermissionFileTypeAccessListCustom`
--
ALTER TABLE `FileSetPermissionFileTypeAccessListCustom`
  ADD PRIMARY KEY (`paID`,`peID`,`extension`),
  ADD KEY `peID` (`peID`);

--
-- Index pour la table `FileSets`
--
ALTER TABLE `FileSets`
  ADD PRIMARY KEY (`fsID`),
  ADD KEY `uID` (`uID`,`fsType`,`fsName`),
  ADD KEY `fsName` (`fsName`),
  ADD KEY `fsType` (`fsType`);

--
-- Index pour la table `FileSetSavedSearches`
--
ALTER TABLE `FileSetSavedSearches`
  ADD PRIMARY KEY (`fsID`);

--
-- Index pour la table `FileStorageLocations`
--
ALTER TABLE `FileStorageLocations`
  ADD PRIMARY KEY (`fslID`);

--
-- Index pour la table `FileStorageLocationTypes`
--
ALTER TABLE `FileStorageLocationTypes`
  ADD PRIMARY KEY (`fslTypeID`),
  ADD UNIQUE KEY `fslTypeHandle` (`fslTypeHandle`),
  ADD KEY `pkgID` (`pkgID`);

--
-- Index pour la table `FileVersionLog`
--
ALTER TABLE `FileVersionLog`
  ADD PRIMARY KEY (`fvlID`),
  ADD KEY `fvID` (`fID`,`fvID`,`fvlID`);

--
-- Index pour la table `FileVersions`
--
ALTER TABLE `FileVersions`
  ADD PRIMARY KEY (`fID`,`fvID`),
  ADD KEY `fvExtension` (`fvExtension`),
  ADD KEY `fvType` (`fvType`),
  ADD KEY `fvFilename` (`fvFilename`);

--
-- Index pour la table `gaPage`
--
ALTER TABLE `gaPage`
  ADD PRIMARY KEY (`gaiID`),
  ADD KEY `cID` (`cID`);

--
-- Index pour la table `GatheringConfiguredDataSources`
--
ALTER TABLE `GatheringConfiguredDataSources`
  ADD PRIMARY KEY (`gcsID`),
  ADD KEY `gaID` (`gaID`),
  ADD KEY `gasID` (`gasID`);

--
-- Index pour la table `GatheringDataSources`
--
ALTER TABLE `GatheringDataSources`
  ADD PRIMARY KEY (`gasID`),
  ADD UNIQUE KEY `gasHandle` (`gasHandle`),
  ADD KEY `pkgID` (`pkgID`);

--
-- Index pour la table `GatheringItemFeatureAssignments`
--
ALTER TABLE `GatheringItemFeatureAssignments`
  ADD PRIMARY KEY (`gafaID`),
  ADD KEY `gaiID` (`gaiID`,`faID`),
  ADD KEY `faID` (`faID`);

--
-- Index pour la table `GatheringItems`
--
ALTER TABLE `GatheringItems`
  ADD PRIMARY KEY (`gaiID`),
  ADD UNIQUE KEY `gaiUniqueKey` (`gaiKey`,`gasID`,`gaID`),
  ADD KEY `gaID` (`gaID`,`gaiBatchTimestamp`),
  ADD KEY `gasID` (`gasID`);

--
-- Index pour la table `GatheringItemSelectedTemplates`
--
ALTER TABLE `GatheringItemSelectedTemplates`
  ADD PRIMARY KEY (`gaiID`,`gatID`),
  ADD UNIQUE KEY `gatUniqueKey` (`gaiID`,`gatTypeID`),
  ADD KEY `gatTypeID` (`gatTypeID`),
  ADD KEY `gatID` (`gatID`);

--
-- Index pour la table `GatheringItemTemplateFeatures`
--
ALTER TABLE `GatheringItemTemplateFeatures`
  ADD PRIMARY KEY (`gfeID`),
  ADD KEY `gatID` (`gatID`),
  ADD KEY `feID` (`feID`,`gatID`);

--
-- Index pour la table `GatheringItemTemplates`
--
ALTER TABLE `GatheringItemTemplates`
  ADD PRIMARY KEY (`gatID`),
  ADD UNIQUE KEY `gatHandle` (`gatHandle`,`gatTypeID`),
  ADD KEY `gatTypeID` (`gatTypeID`),
  ADD KEY `pkgID` (`pkgID`);

--
-- Index pour la table `GatheringItemTemplateTypes`
--
ALTER TABLE `GatheringItemTemplateTypes`
  ADD PRIMARY KEY (`gatTypeID`),
  ADD UNIQUE KEY `gatTypeHandle` (`gatTypeHandle`),
  ADD KEY `pkgID` (`pkgID`);

--
-- Index pour la table `GatheringPermissionAssignments`
--
ALTER TABLE `GatheringPermissionAssignments`
  ADD PRIMARY KEY (`gaID`,`pkID`,`paID`),
  ADD KEY `pkID` (`pkID`),
  ADD KEY `paID` (`paID`);

--
-- Index pour la table `Gatherings`
--
ALTER TABLE `Gatherings`
  ADD PRIMARY KEY (`gaID`),
  ADD KEY `gaDateLastUpdated` (`gaDateLastUpdated`);

--
-- Index pour la table `Groups`
--
ALTER TABLE `Groups`
  ADD PRIMARY KEY (`gID`),
  ADD KEY `gName` (`gName`),
  ADD KEY `gBadgeFID` (`gBadgeFID`),
  ADD KEY `pkgID` (`pkgID`),
  ADD KEY `gPath` (`gPath`(255));

--
-- Index pour la table `GroupSetGroups`
--
ALTER TABLE `GroupSetGroups`
  ADD PRIMARY KEY (`gID`,`gsID`),
  ADD KEY `gsID` (`gsID`);

--
-- Index pour la table `GroupSets`
--
ALTER TABLE `GroupSets`
  ADD PRIMARY KEY (`gsID`),
  ADD KEY `gsName` (`gsName`),
  ADD KEY `pkgID` (`pkgID`,`gsID`);

--
-- Index pour la table `Jobs`
--
ALTER TABLE `Jobs`
  ADD PRIMARY KEY (`jID`),
  ADD UNIQUE KEY `jHandle` (`jHandle`),
  ADD KEY `pkgID` (`pkgID`),
  ADD KEY `isScheduled` (`isScheduled`,`jDateLastRun`,`jID`),
  ADD KEY `jDateLastRun` (`jDateLastRun`,`jID`);

--
-- Index pour la table `JobSetJobs`
--
ALTER TABLE `JobSetJobs`
  ADD PRIMARY KEY (`jsID`,`jID`),
  ADD KEY `jID` (`jID`);

--
-- Index pour la table `JobSets`
--
ALTER TABLE `JobSets`
  ADD PRIMARY KEY (`jsID`),
  ADD KEY `pkgID` (`pkgID`),
  ADD KEY `jsName` (`jsName`);

--
-- Index pour la table `JobsLog`
--
ALTER TABLE `JobsLog`
  ADD PRIMARY KEY (`jlID`),
  ADD KEY `jID` (`jID`);

--
-- Index pour la table `Logs`
--
ALTER TABLE `Logs`
  ADD PRIMARY KEY (`logID`),
  ADD KEY `channel` (`channel`),
  ADD KEY `uID` (`uID`);

--
-- Index pour la table `MailImporters`
--
ALTER TABLE `MailImporters`
  ADD PRIMARY KEY (`miID`),
  ADD UNIQUE KEY `miHandle` (`miHandle`),
  ADD KEY `pkgID` (`pkgID`,`miID`);

--
-- Index pour la table `MailValidationHashes`
--
ALTER TABLE `MailValidationHashes`
  ADD PRIMARY KEY (`mvhID`),
  ADD UNIQUE KEY `mHash` (`mHash`),
  ADD KEY `miID` (`miID`);

--
-- Index pour la table `MultilingualPageRelations`
--
ALTER TABLE `MultilingualPageRelations`
  ADD PRIMARY KEY (`mpRelationID`,`cID`,`mpLocale`);

--
-- Index pour la table `MultilingualSections`
--
ALTER TABLE `MultilingualSections`
  ADD PRIMARY KEY (`cID`);

--
-- Index pour la table `MultilingualTranslations`
--
ALTER TABLE `MultilingualTranslations`
  ADD PRIMARY KEY (`mtID`);

--
-- Index pour la table `OauthUserMap`
--
ALTER TABLE `OauthUserMap`
  ADD PRIMARY KEY (`user_id`,`namespace`),
  ADD UNIQUE KEY `oauth_binding` (`binding`,`namespace`);

--
-- Index pour la table `Packages`
--
ALTER TABLE `Packages`
  ADD PRIMARY KEY (`pkgID`),
  ADD UNIQUE KEY `pkgHandle` (`pkgHandle`);

--
-- Index pour la table `PageFeeds`
--
ALTER TABLE `PageFeeds`
  ADD PRIMARY KEY (`pfID`),
  ADD UNIQUE KEY `pfHandle` (`pfHandle`);

--
-- Index pour la table `PagePaths`
--
ALTER TABLE `PagePaths`
  ADD PRIMARY KEY (`ppID`),
  ADD KEY `cID` (`cID`),
  ADD KEY `ppIsCanonical` (`ppIsCanonical`),
  ADD KEY `cPath` (`cPath`(255));

--
-- Index pour la table `PagePermissionAssignments`
--
ALTER TABLE `PagePermissionAssignments`
  ADD PRIMARY KEY (`cID`,`pkID`,`paID`),
  ADD KEY `paID` (`paID`,`pkID`),
  ADD KEY `pkID` (`pkID`);

--
-- Index pour la table `PagePermissionPageTypeAccessList`
--
ALTER TABLE `PagePermissionPageTypeAccessList`
  ADD PRIMARY KEY (`paID`,`peID`),
  ADD KEY `peID` (`peID`);

--
-- Index pour la table `PagePermissionPageTypeAccessListCustom`
--
ALTER TABLE `PagePermissionPageTypeAccessListCustom`
  ADD PRIMARY KEY (`paID`,`peID`,`ptID`),
  ADD KEY `peID` (`peID`),
  ADD KEY `ptID` (`ptID`);

--
-- Index pour la table `PagePermissionPropertyAccessList`
--
ALTER TABLE `PagePermissionPropertyAccessList`
  ADD PRIMARY KEY (`paID`,`peID`),
  ADD KEY `peID` (`peID`),
  ADD KEY `uID` (`uID`);

--
-- Index pour la table `PagePermissionPropertyAttributeAccessListCustom`
--
ALTER TABLE `PagePermissionPropertyAttributeAccessListCustom`
  ADD PRIMARY KEY (`paID`,`peID`,`akID`),
  ADD KEY `peID` (`peID`),
  ADD KEY `akID` (`akID`);

--
-- Index pour la table `PagePermissionThemeAccessList`
--
ALTER TABLE `PagePermissionThemeAccessList`
  ADD PRIMARY KEY (`paID`,`peID`),
  ADD KEY `peID` (`peID`);

--
-- Index pour la table `PagePermissionThemeAccessListCustom`
--
ALTER TABLE `PagePermissionThemeAccessListCustom`
  ADD PRIMARY KEY (`paID`,`peID`,`pThemeID`),
  ADD KEY `peID` (`peID`),
  ADD KEY `pThemeID` (`pThemeID`);

--
-- Index pour la table `Pages`
--
ALTER TABLE `Pages`
  ADD PRIMARY KEY (`cID`,`ptID`),
  ADD KEY `cParentID` (`cParentID`),
  ADD KEY `cIsActive` (`cID`,`cIsActive`),
  ADD KEY `cCheckedOutUID` (`cCheckedOutUID`),
  ADD KEY `uID` (`uID`,`cPointerID`),
  ADD KEY `cPointerID` (`cPointerID`,`cDisplayOrder`),
  ADD KEY `cIsTemplate` (`cID`,`cIsTemplate`),
  ADD KEY `cIsSystemPage` (`cID`,`cIsSystemPage`),
  ADD KEY `pkgID` (`pkgID`),
  ADD KEY `cParentMaxDisplay` (`cParentID`,`cDisplayOrder`);

--
-- Index pour la table `PageSearchIndex`
--
ALTER TABLE `PageSearchIndex`
  ADD PRIMARY KEY (`cID`),
  ADD KEY `cDateLastIndexed` (`cDateLastIndexed`),
  ADD KEY `cDateLastSitemapped` (`cDateLastSitemapped`),
  ADD KEY `cRequiresReindex` (`cRequiresReindex`),
  ADD FULLTEXT KEY `cName` (`cName`);
ALTER TABLE `PageSearchIndex`
  ADD FULLTEXT KEY `cDescription` (`cDescription`);
ALTER TABLE `PageSearchIndex`
  ADD FULLTEXT KEY `content` (`content`);
ALTER TABLE `PageSearchIndex`
  ADD FULLTEXT KEY `content2` (`cName`,`cDescription`,`content`);

--
-- Index pour la table `PageTemplates`
--
ALTER TABLE `PageTemplates`
  ADD PRIMARY KEY (`pTemplateID`),
  ADD UNIQUE KEY `pTemplateHandle` (`pTemplateHandle`),
  ADD KEY `pkgID` (`pkgID`);

--
-- Index pour la table `PageThemeCustomStyles`
--
ALTER TABLE `PageThemeCustomStyles`
  ADD PRIMARY KEY (`pThemeID`),
  ADD KEY `scvlID` (`scvlID`),
  ADD KEY `sccRecordID` (`sccRecordID`);

--
-- Index pour la table `PageThemes`
--
ALTER TABLE `PageThemes`
  ADD PRIMARY KEY (`pThemeID`),
  ADD UNIQUE KEY `ptHandle` (`pThemeHandle`),
  ADD KEY `pkgID` (`pkgID`);

--
-- Index pour la table `PageTypeComposerControlTypes`
--
ALTER TABLE `PageTypeComposerControlTypes`
  ADD PRIMARY KEY (`ptComposerControlTypeID`),
  ADD UNIQUE KEY `ptComposerControlTypeHandle` (`ptComposerControlTypeHandle`),
  ADD KEY `pkgID` (`pkgID`);

--
-- Index pour la table `PageTypeComposerFormLayoutSetControls`
--
ALTER TABLE `PageTypeComposerFormLayoutSetControls`
  ADD PRIMARY KEY (`ptComposerFormLayoutSetControlID`),
  ADD KEY `ptComposerControlTypeID` (`ptComposerControlTypeID`);

--
-- Index pour la table `PageTypeComposerFormLayoutSets`
--
ALTER TABLE `PageTypeComposerFormLayoutSets`
  ADD PRIMARY KEY (`ptComposerFormLayoutSetID`),
  ADD KEY `ptID` (`ptID`);

--
-- Index pour la table `PageTypeComposerOutputBlocks`
--
ALTER TABLE `PageTypeComposerOutputBlocks`
  ADD PRIMARY KEY (`ptComposerOutputBlockID`),
  ADD KEY `cID` (`cID`),
  ADD KEY `bID` (`bID`,`cID`),
  ADD KEY `ptComposerFormLayoutSetControlID` (`ptComposerFormLayoutSetControlID`);

--
-- Index pour la table `PageTypeComposerOutputControls`
--
ALTER TABLE `PageTypeComposerOutputControls`
  ADD PRIMARY KEY (`ptComposerOutputControlID`),
  ADD KEY `pTemplateID` (`pTemplateID`,`ptComposerFormLayoutSetControlID`),
  ADD KEY `ptID` (`ptID`),
  ADD KEY `ptComposerFormLayoutSetControlID` (`ptComposerFormLayoutSetControlID`);

--
-- Index pour la table `PageTypePageTemplateDefaultPages`
--
ALTER TABLE `PageTypePageTemplateDefaultPages`
  ADD PRIMARY KEY (`pTemplateID`,`ptID`),
  ADD KEY `ptID` (`ptID`),
  ADD KEY `cID` (`cID`);

--
-- Index pour la table `PageTypePageTemplates`
--
ALTER TABLE `PageTypePageTemplates`
  ADD PRIMARY KEY (`ptID`,`pTemplateID`),
  ADD KEY `pTemplateID` (`pTemplateID`);

--
-- Index pour la table `PageTypePermissionAssignments`
--
ALTER TABLE `PageTypePermissionAssignments`
  ADD PRIMARY KEY (`ptID`,`pkID`,`paID`),
  ADD KEY `pkID` (`pkID`),
  ADD KEY `ptID` (`ptID`);

--
-- Index pour la table `PageTypePublishTargetTypes`
--
ALTER TABLE `PageTypePublishTargetTypes`
  ADD PRIMARY KEY (`ptPublishTargetTypeID`),
  ADD KEY `ptPublishTargetTypeHandle` (`ptPublishTargetTypeHandle`),
  ADD KEY `pkgID` (`pkgID`);

--
-- Index pour la table `PageTypes`
--
ALTER TABLE `PageTypes`
  ADD PRIMARY KEY (`ptID`),
  ADD UNIQUE KEY `ptHandle` (`ptHandle`),
  ADD KEY `pkgID` (`pkgID`,`ptID`);

--
-- Index pour la table `PageWorkflowProgress`
--
ALTER TABLE `PageWorkflowProgress`
  ADD PRIMARY KEY (`cID`,`wpID`),
  ADD KEY `wpID` (`wpID`);

--
-- Index pour la table `PermissionAccess`
--
ALTER TABLE `PermissionAccess`
  ADD PRIMARY KEY (`paID`);

--
-- Index pour la table `PermissionAccessEntities`
--
ALTER TABLE `PermissionAccessEntities`
  ADD PRIMARY KEY (`peID`),
  ADD KEY `petID` (`petID`);

--
-- Index pour la table `PermissionAccessEntityGroups`
--
ALTER TABLE `PermissionAccessEntityGroups`
  ADD PRIMARY KEY (`pegID`),
  ADD KEY `peID` (`peID`),
  ADD KEY `gID` (`gID`);

--
-- Index pour la table `PermissionAccessEntityGroupSets`
--
ALTER TABLE `PermissionAccessEntityGroupSets`
  ADD PRIMARY KEY (`peID`,`gsID`),
  ADD KEY `gsID` (`gsID`);

--
-- Index pour la table `PermissionAccessEntityTypeCategories`
--
ALTER TABLE `PermissionAccessEntityTypeCategories`
  ADD PRIMARY KEY (`petID`,`pkCategoryID`),
  ADD KEY `pkCategoryID` (`pkCategoryID`);

--
-- Index pour la table `PermissionAccessEntityTypes`
--
ALTER TABLE `PermissionAccessEntityTypes`
  ADD PRIMARY KEY (`petID`),
  ADD UNIQUE KEY `petHandle` (`petHandle`),
  ADD KEY `pkgID` (`pkgID`);

--
-- Index pour la table `PermissionAccessEntityUsers`
--
ALTER TABLE `PermissionAccessEntityUsers`
  ADD PRIMARY KEY (`peID`,`uID`),
  ADD KEY `uID` (`uID`);

--
-- Index pour la table `PermissionAccessList`
--
ALTER TABLE `PermissionAccessList`
  ADD PRIMARY KEY (`paID`,`peID`),
  ADD KEY `accessType` (`accessType`),
  ADD KEY `peID` (`peID`),
  ADD KEY `peID_accessType` (`peID`,`accessType`),
  ADD KEY `pdID` (`pdID`),
  ADD KEY `permissionAccessDuration` (`paID`,`pdID`);

--
-- Index pour la table `PermissionAccessWorkflows`
--
ALTER TABLE `PermissionAccessWorkflows`
  ADD PRIMARY KEY (`paID`,`wfID`),
  ADD KEY `wfID` (`wfID`);

--
-- Index pour la table `PermissionAssignments`
--
ALTER TABLE `PermissionAssignments`
  ADD PRIMARY KEY (`paID`,`pkID`),
  ADD KEY `pkID` (`pkID`);

--
-- Index pour la table `PermissionDurationObjects`
--
ALTER TABLE `PermissionDurationObjects`
  ADD PRIMARY KEY (`pdID`);

--
-- Index pour la table `PermissionKeyCategories`
--
ALTER TABLE `PermissionKeyCategories`
  ADD PRIMARY KEY (`pkCategoryID`),
  ADD UNIQUE KEY `pkCategoryHandle` (`pkCategoryHandle`),
  ADD KEY `pkgID` (`pkgID`);

--
-- Index pour la table `PermissionKeys`
--
ALTER TABLE `PermissionKeys`
  ADD PRIMARY KEY (`pkID`),
  ADD UNIQUE KEY `akHandle` (`pkHandle`),
  ADD KEY `pkCategoryID` (`pkCategoryID`),
  ADD KEY `pkgID` (`pkgID`);

--
-- Index pour la table `PileContents`
--
ALTER TABLE `PileContents`
  ADD PRIMARY KEY (`pcID`),
  ADD KEY `pID` (`pID`,`displayOrder`),
  ADD KEY `itemID` (`itemID`),
  ADD KEY `itemType` (`itemType`,`itemID`,`pID`);

--
-- Index pour la table `Piles`
--
ALTER TABLE `Piles`
  ADD PRIMARY KEY (`pID`),
  ADD KEY `uID` (`uID`,`name`);

--
-- Index pour la table `QueueMessages`
--
ALTER TABLE `QueueMessages`
  ADD PRIMARY KEY (`message_id`),
  ADD UNIQUE KEY `message_handle` (`handle`),
  ADD KEY `message_queueid` (`queue_id`);

--
-- Index pour la table `QueuePageDuplicationRelations`
--
ALTER TABLE `QueuePageDuplicationRelations`
  ADD PRIMARY KEY (`cID`,`originalCID`),
  ADD KEY `originalCID` (`originalCID`,`queue_name`);

--
-- Index pour la table `Queues`
--
ALTER TABLE `Queues`
  ADD PRIMARY KEY (`queue_id`),
  ADD KEY `queue_name` (`queue_name`);

--
-- Index pour la table `Sessions`
--
ALTER TABLE `Sessions`
  ADD PRIMARY KEY (`sessionID`);

--
-- Index pour la table `SignupRequests`
--
ALTER TABLE `SignupRequests`
  ADD PRIMARY KEY (`id`),
  ADD KEY `ipFrom` (`ipFrom`(32));

--
-- Index pour la table `SocialLinks`
--
ALTER TABLE `SocialLinks`
  ADD PRIMARY KEY (`slID`),
  ADD UNIQUE KEY `ssHandle` (`ssHandle`);

--
-- Index pour la table `Stacks`
--
ALTER TABLE `Stacks`
  ADD PRIMARY KEY (`stID`),
  ADD KEY `stType` (`stType`),
  ADD KEY `stName` (`stName`),
  ADD KEY `cID` (`cID`);

--
-- Index pour la table `StyleCustomizerCustomCssRecords`
--
ALTER TABLE `StyleCustomizerCustomCssRecords`
  ADD PRIMARY KEY (`sccRecordID`);

--
-- Index pour la table `StyleCustomizerInlineStylePresets`
--
ALTER TABLE `StyleCustomizerInlineStylePresets`
  ADD PRIMARY KEY (`pssPresetID`),
  ADD KEY `issID` (`issID`);

--
-- Index pour la table `StyleCustomizerInlineStyleSets`
--
ALTER TABLE `StyleCustomizerInlineStyleSets`
  ADD PRIMARY KEY (`issID`);

--
-- Index pour la table `StyleCustomizerValueLists`
--
ALTER TABLE `StyleCustomizerValueLists`
  ADD PRIMARY KEY (`scvlID`);

--
-- Index pour la table `StyleCustomizerValues`
--
ALTER TABLE `StyleCustomizerValues`
  ADD PRIMARY KEY (`scvID`),
  ADD KEY `scvlID` (`scvlID`);

--
-- Index pour la table `SystemAntispamLibraries`
--
ALTER TABLE `SystemAntispamLibraries`
  ADD PRIMARY KEY (`saslHandle`),
  ADD KEY `pkgID` (`pkgID`);

--
-- Index pour la table `SystemCaptchaLibraries`
--
ALTER TABLE `SystemCaptchaLibraries`
  ADD PRIMARY KEY (`sclHandle`),
  ADD KEY `pkgID` (`pkgID`);

--
-- Index pour la table `SystemContentEditorSnippets`
--
ALTER TABLE `SystemContentEditorSnippets`
  ADD PRIMARY KEY (`scsHandle`),
  ADD KEY `pkgID` (`pkgID`);

--
-- Index pour la table `SystemDatabaseMigrations`
--
ALTER TABLE `SystemDatabaseMigrations`
  ADD PRIMARY KEY (`version`);

--
-- Index pour la table `SystemImageEditorComponents`
--
ALTER TABLE `SystemImageEditorComponents`
  ADD PRIMARY KEY (`scsID`),
  ADD KEY `pkgID` (`pkgID`);

--
-- Index pour la table `SystemImageEditorControlSets`
--
ALTER TABLE `SystemImageEditorControlSets`
  ADD PRIMARY KEY (`scsID`),
  ADD KEY `pkgID` (`pkgID`);

--
-- Index pour la table `SystemImageEditorFilters`
--
ALTER TABLE `SystemImageEditorFilters`
  ADD PRIMARY KEY (`scsID`),
  ADD KEY `pkgID` (`pkgID`);

--
-- Index pour la table `SystemImageEditorShapes`
--
ALTER TABLE `SystemImageEditorShapes`
  ADD PRIMARY KEY (`scsID`),
  ADD KEY `pkgID` (`pkgID`);

--
-- Index pour la table `TopicTrees`
--
ALTER TABLE `TopicTrees`
  ADD PRIMARY KEY (`treeID`);

--
-- Index pour la table `TreeCategoryNodes`
--
ALTER TABLE `TreeCategoryNodes`
  ADD PRIMARY KEY (`treeNodeID`);

--
-- Index pour la table `TreeGroupNodes`
--
ALTER TABLE `TreeGroupNodes`
  ADD PRIMARY KEY (`treeNodeID`),
  ADD KEY `gID` (`gID`);

--
-- Index pour la table `TreeNodePermissionAssignments`
--
ALTER TABLE `TreeNodePermissionAssignments`
  ADD PRIMARY KEY (`treeNodeID`,`pkID`,`paID`),
  ADD KEY `pkID` (`pkID`),
  ADD KEY `paID` (`paID`);

--
-- Index pour la table `TreeNodes`
--
ALTER TABLE `TreeNodes`
  ADD PRIMARY KEY (`treeNodeID`),
  ADD KEY `treeNodeParentID` (`treeNodeParentID`),
  ADD KEY `treeNodeTypeID` (`treeNodeTypeID`),
  ADD KEY `treeID` (`treeID`),
  ADD KEY `inheritPermissionsFromTreeNodeID` (`inheritPermissionsFromTreeNodeID`,`treeNodeID`);

--
-- Index pour la table `TreeNodeTypes`
--
ALTER TABLE `TreeNodeTypes`
  ADD PRIMARY KEY (`treeNodeTypeID`),
  ADD UNIQUE KEY `treeNodeTypeHandle` (`treeNodeTypeHandle`),
  ADD KEY `pkgID` (`pkgID`);

--
-- Index pour la table `Trees`
--
ALTER TABLE `Trees`
  ADD PRIMARY KEY (`treeID`),
  ADD KEY `treeTypeID` (`treeTypeID`);

--
-- Index pour la table `TreeTopicNodes`
--
ALTER TABLE `TreeTopicNodes`
  ADD PRIMARY KEY (`treeNodeID`);

--
-- Index pour la table `TreeTypes`
--
ALTER TABLE `TreeTypes`
  ADD PRIMARY KEY (`treeTypeID`),
  ADD UNIQUE KEY `treeTypeHandle` (`treeTypeHandle`),
  ADD KEY `pkgID` (`pkgID`);

--
-- Index pour la table `UserAttributeKeys`
--
ALTER TABLE `UserAttributeKeys`
  ADD PRIMARY KEY (`akID`);

--
-- Index pour la table `UserAttributeValues`
--
ALTER TABLE `UserAttributeValues`
  ADD PRIMARY KEY (`uID`,`akID`),
  ADD KEY `akID` (`akID`),
  ADD KEY `avID` (`avID`);

--
-- Index pour la table `UserBannedIPs`
--
ALTER TABLE `UserBannedIPs`
  ADD PRIMARY KEY (`id`),
  ADD UNIQUE KEY `ipFrom` (`ipFrom`(32),`ipTo`(32));

--
-- Index pour la table `UserGroups`
--
ALTER TABLE `UserGroups`
  ADD PRIMARY KEY (`uID`,`gID`),
  ADD KEY `uID` (`uID`),
  ADD KEY `gID` (`gID`);

--
-- Index pour la table `UserPermissionEditPropertyAccessList`
--
ALTER TABLE `UserPermissionEditPropertyAccessList`
  ADD PRIMARY KEY (`paID`,`peID`);

--
-- Index pour la table `UserPermissionEditPropertyAttributeAccessListCustom`
--
ALTER TABLE `UserPermissionEditPropertyAttributeAccessListCustom`
  ADD PRIMARY KEY (`paID`,`peID`,`akID`),
  ADD KEY `peID` (`peID`),
  ADD KEY `akID` (`akID`);

--
-- Index pour la table `UserPermissionViewAttributeAccessList`
--
ALTER TABLE `UserPermissionViewAttributeAccessList`
  ADD PRIMARY KEY (`paID`,`peID`),
  ADD KEY `peID` (`peID`);

--
-- Index pour la table `UserPermissionViewAttributeAccessListCustom`
--
ALTER TABLE `UserPermissionViewAttributeAccessListCustom`
  ADD PRIMARY KEY (`paID`,`peID`,`akID`),
  ADD KEY `peID` (`peID`),
  ADD KEY `akID` (`akID`);

--
-- Index pour la table `UserPointActions`
--
ALTER TABLE `UserPointActions`
  ADD PRIMARY KEY (`upaID`),
  ADD UNIQUE KEY `upaHandle` (`upaHandle`),
  ADD KEY `pkgID` (`pkgID`),
  ADD KEY `gBBadgeID` (`gBadgeID`);

--
-- Index pour la table `UserPointHistory`
--
ALTER TABLE `UserPointHistory`
  ADD PRIMARY KEY (`upID`),
  ADD KEY `upuID` (`upuID`),
  ADD KEY `upaID` (`upaID`);

--
-- Index pour la table `UserPrivateMessages`
--
ALTER TABLE `UserPrivateMessages`
  ADD PRIMARY KEY (`msgID`),
  ADD KEY `uAuthorID` (`uAuthorID`,`msgDateCreated`);

--
-- Index pour la table `UserPrivateMessagesTo`
--
ALTER TABLE `UserPrivateMessagesTo`
  ADD PRIMARY KEY (`msgID`,`uID`,`uAuthorID`,`msgMailboxID`),
  ADD KEY `uID` (`uID`),
  ADD KEY `uAuthorID` (`uAuthorID`),
  ADD KEY `msgFolderID` (`msgMailboxID`),
  ADD KEY `msgIsNew` (`msgIsNew`);

--
-- Index pour la table `Users`
--
ALTER TABLE `Users`
  ADD PRIMARY KEY (`uID`),
  ADD UNIQUE KEY `uName` (`uName`),
  ADD KEY `uEmail` (`uEmail`);

--
-- Index pour la table `UserSearchIndexAttributes`
--
ALTER TABLE `UserSearchIndexAttributes`
  ADD PRIMARY KEY (`uID`);

--
-- Index pour la table `UserValidationHashes`
--
ALTER TABLE `UserValidationHashes`
  ADD PRIMARY KEY (`uvhID`),
  ADD KEY `uID` (`uID`,`type`),
  ADD KEY `uHash` (`uHash`,`type`),
  ADD KEY `uDateGenerated` (`uDateGenerated`,`type`);

--
-- Index pour la table `WorkflowProgress`
--
ALTER TABLE `WorkflowProgress`
  ADD PRIMARY KEY (`wpID`),
  ADD KEY `wpCategoryID` (`wpCategoryID`),
  ADD KEY `wfID` (`wfID`),
  ADD KEY `wrID` (`wrID`,`wpID`,`wpIsCompleted`);

--
-- Index pour la table `WorkflowProgressCategories`
--
ALTER TABLE `WorkflowProgressCategories`
  ADD PRIMARY KEY (`wpCategoryID`),
  ADD UNIQUE KEY `wpCategoryHandle` (`wpCategoryHandle`),
  ADD KEY `pkgID` (`pkgID`);

--
-- Index pour la table `WorkflowProgressHistory`
--
ALTER TABLE `WorkflowProgressHistory`
  ADD PRIMARY KEY (`wphID`),
  ADD KEY `wpID` (`wpID`,`timestamp`);

--
-- Index pour la table `WorkflowRequestObjects`
--
ALTER TABLE `WorkflowRequestObjects`
  ADD PRIMARY KEY (`wrID`);

--
-- Index pour la table `Workflows`
--
ALTER TABLE `Workflows`
  ADD PRIMARY KEY (`wfID`),
  ADD UNIQUE KEY `wfName` (`wfName`),
  ADD KEY `wftID` (`wftID`,`wfID`);

--
-- Index pour la table `WorkflowTypes`
--
ALTER TABLE `WorkflowTypes`
  ADD PRIMARY KEY (`wftID`),
  ADD UNIQUE KEY `wftHandle` (`wftHandle`),
  ADD KEY `pkgID` (`pkgID`);

--
-- AUTO_INCREMENT pour les tables exportées
--

--
-- AUTO_INCREMENT pour la table `AreaLayoutColumns`
--
ALTER TABLE `AreaLayoutColumns`
  MODIFY `arLayoutColumnID` int(10) unsigned NOT NULL AUTO_INCREMENT,AUTO_INCREMENT=20;
--
-- AUTO_INCREMENT pour la table `AreaLayoutCustomColumns`
--
ALTER TABLE `AreaLayoutCustomColumns`
  MODIFY `arLayoutColumnID` int(10) unsigned NOT NULL AUTO_INCREMENT;
--
-- AUTO_INCREMENT pour la table `AreaLayoutPresets`
--
ALTER TABLE `AreaLayoutPresets`
  MODIFY `arLayoutPresetID` int(10) unsigned NOT NULL AUTO_INCREMENT,AUTO_INCREMENT=2;
--
-- AUTO_INCREMENT pour la table `AreaLayouts`
--
ALTER TABLE `AreaLayouts`
  MODIFY `arLayoutID` int(10) unsigned NOT NULL AUTO_INCREMENT,AUTO_INCREMENT=10;
--
-- AUTO_INCREMENT pour la table `AreaLayoutThemeGridColumns`
--
ALTER TABLE `AreaLayoutThemeGridColumns`
  MODIFY `arLayoutColumnID` int(10) unsigned NOT NULL AUTO_INCREMENT,AUTO_INCREMENT=20;
--
-- AUTO_INCREMENT pour la table `Areas`
--
ALTER TABLE `Areas`
  MODIFY `arID` int(10) unsigned NOT NULL AUTO_INCREMENT,AUTO_INCREMENT=344;
--
-- AUTO_INCREMENT pour la table `atAddressCustomCountries`
--
ALTER TABLE `atAddressCustomCountries`
  MODIFY `atAddressCustomCountryID` int(10) unsigned NOT NULL AUTO_INCREMENT;
--
-- AUTO_INCREMENT pour la table `atSelectOptions`
--
ALTER TABLE `atSelectOptions`
  MODIFY `ID` int(10) unsigned NOT NULL AUTO_INCREMENT,AUTO_INCREMENT=24;
--
-- AUTO_INCREMENT pour la table `atSocialLinks`
--
ALTER TABLE `atSocialLinks`
  MODIFY `avsID` int(10) unsigned NOT NULL AUTO_INCREMENT;
--
-- AUTO_INCREMENT pour la table `AttributeKeyCategories`
--
ALTER TABLE `AttributeKeyCategories`
  MODIFY `akCategoryID` int(10) unsigned NOT NULL AUTO_INCREMENT,AUTO_INCREMENT=4;
--
-- AUTO_INCREMENT pour la table `AttributeKeys`
--
ALTER TABLE `AttributeKeys`
  MODIFY `akID` int(10) unsigned NOT NULL AUTO_INCREMENT,AUTO_INCREMENT=31;
--
-- AUTO_INCREMENT pour la table `AttributeSets`
--
ALTER TABLE `AttributeSets`
  MODIFY `asID` int(10) unsigned NOT NULL AUTO_INCREMENT,AUTO_INCREMENT=7;
--
-- AUTO_INCREMENT pour la table `AttributeTypes`
--
ALTER TABLE `AttributeTypes`
  MODIFY `atID` int(10) unsigned NOT NULL AUTO_INCREMENT,AUTO_INCREMENT=12;
--
-- AUTO_INCREMENT pour la table `AttributeValues`
--
ALTER TABLE `AttributeValues`
  MODIFY `avID` int(10) unsigned NOT NULL AUTO_INCREMENT,AUTO_INCREMENT=358;
--
-- AUTO_INCREMENT pour la table `AuthenticationTypes`
--
ALTER TABLE `AuthenticationTypes`
  MODIFY `authTypeID` int(10) unsigned NOT NULL AUTO_INCREMENT,AUTO_INCREMENT=6;
--
-- AUTO_INCREMENT pour la table `authTypeConcreteCookieMap`
--
ALTER TABLE `authTypeConcreteCookieMap`
  MODIFY `ID` int(10) unsigned NOT NULL AUTO_INCREMENT,AUTO_INCREMENT=8;
--
-- AUTO_INCREMENT pour la table `BannedWords`
--
ALTER TABLE `BannedWords`
  MODIFY `bwID` int(10) unsigned NOT NULL AUTO_INCREMENT,AUTO_INCREMENT=5;
--
-- AUTO_INCREMENT pour la table `BlockRelations`
--
ALTER TABLE `BlockRelations`
  MODIFY `brID` int(10) unsigned NOT NULL AUTO_INCREMENT,AUTO_INCREMENT=90;
--
-- AUTO_INCREMENT pour la table `Blocks`
--
ALTER TABLE `Blocks`
  MODIFY `bID` int(10) unsigned NOT NULL AUTO_INCREMENT,AUTO_INCREMENT=283;
--
-- AUTO_INCREMENT pour la table `BlockTypes`
--
ALTER TABLE `BlockTypes`
  MODIFY `btID` int(10) unsigned NOT NULL AUTO_INCREMENT,AUTO_INCREMENT=42;
--
-- AUTO_INCREMENT pour la table `BlockTypeSets`
--
ALTER TABLE `BlockTypeSets`
  MODIFY `btsID` int(10) unsigned NOT NULL AUTO_INCREMENT,AUTO_INCREMENT=7;
--
-- AUTO_INCREMENT pour la table `btFaqEntries`
--
ALTER TABLE `btFaqEntries`
  MODIFY `id` int(10) unsigned NOT NULL AUTO_INCREMENT;
--
-- AUTO_INCREMENT pour la table `btFormAnswers`
--
ALTER TABLE `btFormAnswers`
  MODIFY `aID` int(10) unsigned NOT NULL AUTO_INCREMENT;
--
-- AUTO_INCREMENT pour la table `btFormAnswerSet`
--
ALTER TABLE `btFormAnswerSet`
  MODIFY `asID` int(10) unsigned NOT NULL AUTO_INCREMENT;
--
-- AUTO_INCREMENT pour la table `btFormQuestions`
--
ALTER TABLE `btFormQuestions`
  MODIFY `qID` int(10) unsigned NOT NULL AUTO_INCREMENT;
--
-- AUTO_INCREMENT pour la table `btImageSliderEntries`
--
ALTER TABLE `btImageSliderEntries`
  MODIFY `id` int(10) unsigned NOT NULL AUTO_INCREMENT;
--
-- AUTO_INCREMENT pour la table `btShareThisPage`
--
ALTER TABLE `btShareThisPage`
  MODIFY `btShareThisPageID` int(10) unsigned NOT NULL AUTO_INCREMENT;
--
-- AUTO_INCREMENT pour la table `btSocialLinks`
--
ALTER TABLE `btSocialLinks`
  MODIFY `btSocialLinkID` int(10) unsigned NOT NULL AUTO_INCREMENT;
--
-- AUTO_INCREMENT pour la table `btSurveyOptions`
--
ALTER TABLE `btSurveyOptions`
  MODIFY `optionID` int(10) unsigned NOT NULL AUTO_INCREMENT;
--
-- AUTO_INCREMENT pour la table `btSurveyResults`
--
ALTER TABLE `btSurveyResults`
  MODIFY `resultID` int(10) unsigned NOT NULL AUTO_INCREMENT;
--
-- AUTO_INCREMENT pour la table `Collections`
--
ALTER TABLE `Collections`
  MODIFY `cID` int(10) unsigned NOT NULL AUTO_INCREMENT,AUTO_INCREMENT=177;
--
-- AUTO_INCREMENT pour la table `ConversationDiscussions`
--
ALTER TABLE `ConversationDiscussions`
  MODIFY `cnvDiscussionID` int(10) unsigned NOT NULL AUTO_INCREMENT;
--
-- AUTO_INCREMENT pour la table `ConversationEditors`
--
ALTER TABLE `ConversationEditors`
  MODIFY `cnvEditorID` int(10) unsigned NOT NULL AUTO_INCREMENT,AUTO_INCREMENT=4;
--
-- AUTO_INCREMENT pour la table `ConversationFlaggedMessageTypes`
--
ALTER TABLE `ConversationFlaggedMessageTypes`
  MODIFY `cnvMessageFlagTypeID` int(10) unsigned NOT NULL AUTO_INCREMENT,AUTO_INCREMENT=2;
--
-- AUTO_INCREMENT pour la table `ConversationMessageAttachments`
--
ALTER TABLE `ConversationMessageAttachments`
  MODIFY `cnvMessageAttachmentID` int(10) unsigned NOT NULL AUTO_INCREMENT;
--
-- AUTO_INCREMENT pour la table `ConversationMessageRatings`
--
ALTER TABLE `ConversationMessageRatings`
  MODIFY `cnvMessageRatingID` int(10) unsigned NOT NULL AUTO_INCREMENT;
--
-- AUTO_INCREMENT pour la table `ConversationMessages`
--
ALTER TABLE `ConversationMessages`
  MODIFY `cnvMessageID` int(10) unsigned NOT NULL AUTO_INCREMENT;
--
-- AUTO_INCREMENT pour la table `ConversationRatingTypes`
--
ALTER TABLE `ConversationRatingTypes`
  MODIFY `cnvRatingTypeID` int(10) unsigned NOT NULL AUTO_INCREMENT,AUTO_INCREMENT=3;
--
-- AUTO_INCREMENT pour la table `Conversations`
--
ALTER TABLE `Conversations`
  MODIFY `cnvID` int(10) unsigned NOT NULL AUTO_INCREMENT;
--
-- AUTO_INCREMENT pour la table `DownloadStatistics`
--
ALTER TABLE `DownloadStatistics`
  MODIFY `dsID` int(10) unsigned NOT NULL AUTO_INCREMENT;
--
-- AUTO_INCREMENT pour la table `FeatureAssignments`
--
ALTER TABLE `FeatureAssignments`
  MODIFY `faID` int(10) unsigned NOT NULL AUTO_INCREMENT,AUTO_INCREMENT=16;
--
-- AUTO_INCREMENT pour la table `FeatureCategories`
--
ALTER TABLE `FeatureCategories`
  MODIFY `fcID` int(10) unsigned NOT NULL AUTO_INCREMENT,AUTO_INCREMENT=3;
--
-- AUTO_INCREMENT pour la table `Features`
--
ALTER TABLE `Features`
  MODIFY `feID` int(10) unsigned NOT NULL AUTO_INCREMENT,AUTO_INCREMENT=9;
--
-- AUTO_INCREMENT pour la table `FileImageThumbnailTypes`
--
ALTER TABLE `FileImageThumbnailTypes`
  MODIFY `ftTypeID` int(10) unsigned NOT NULL AUTO_INCREMENT,AUTO_INCREMENT=7;
--
-- AUTO_INCREMENT pour la table `Files`
--
ALTER TABLE `Files`
  MODIFY `fID` int(10) unsigned NOT NULL AUTO_INCREMENT,AUTO_INCREMENT=43;
--
-- AUTO_INCREMENT pour la table `FileSetFiles`
--
ALTER TABLE `FileSetFiles`
  MODIFY `fsfID` int(10) unsigned NOT NULL AUTO_INCREMENT,AUTO_INCREMENT=15;
--
-- AUTO_INCREMENT pour la table `FileSets`
--
ALTER TABLE `FileSets`
  MODIFY `fsID` int(10) unsigned NOT NULL AUTO_INCREMENT,AUTO_INCREMENT=2;
--
-- AUTO_INCREMENT pour la table `FileStorageLocations`
--
ALTER TABLE `FileStorageLocations`
  MODIFY `fslID` int(10) unsigned NOT NULL AUTO_INCREMENT,AUTO_INCREMENT=2;
--
-- AUTO_INCREMENT pour la table `FileStorageLocationTypes`
--
ALTER TABLE `FileStorageLocationTypes`
  MODIFY `fslTypeID` int(10) unsigned NOT NULL AUTO_INCREMENT,AUTO_INCREMENT=3;
--
-- AUTO_INCREMENT pour la table `FileVersionLog`
--
ALTER TABLE `FileVersionLog`
  MODIFY `fvlID` int(10) unsigned NOT NULL AUTO_INCREMENT,AUTO_INCREMENT=240;
--
-- AUTO_INCREMENT pour la table `GatheringConfiguredDataSources`
--
ALTER TABLE `GatheringConfiguredDataSources`
  MODIFY `gcsID` int(10) unsigned NOT NULL AUTO_INCREMENT;
--
-- AUTO_INCREMENT pour la table `GatheringDataSources`
--
ALTER TABLE `GatheringDataSources`
  MODIFY `gasID` int(10) unsigned NOT NULL AUTO_INCREMENT,AUTO_INCREMENT=5;
--
-- AUTO_INCREMENT pour la table `GatheringItemFeatureAssignments`
--
ALTER TABLE `GatheringItemFeatureAssignments`
  MODIFY `gafaID` int(10) unsigned NOT NULL AUTO_INCREMENT;
--
-- AUTO_INCREMENT pour la table `GatheringItems`
--
ALTER TABLE `GatheringItems`
  MODIFY `gaiID` int(10) unsigned NOT NULL AUTO_INCREMENT;
--
-- AUTO_INCREMENT pour la table `GatheringItemTemplateFeatures`
--
ALTER TABLE `GatheringItemTemplateFeatures`
  MODIFY `gfeID` int(10) unsigned NOT NULL AUTO_INCREMENT,AUTO_INCREMENT=67;
--
-- AUTO_INCREMENT pour la table `GatheringItemTemplates`
--
ALTER TABLE `GatheringItemTemplates`
  MODIFY `gatID` int(10) unsigned NOT NULL AUTO_INCREMENT,AUTO_INCREMENT=23;
--
-- AUTO_INCREMENT pour la table `GatheringItemTemplateTypes`
--
ALTER TABLE `GatheringItemTemplateTypes`
  MODIFY `gatTypeID` int(10) unsigned NOT NULL AUTO_INCREMENT,AUTO_INCREMENT=3;
--
-- AUTO_INCREMENT pour la table `Gatherings`
--
ALTER TABLE `Gatherings`
  MODIFY `gaID` int(10) unsigned NOT NULL AUTO_INCREMENT;
--
-- AUTO_INCREMENT pour la table `Groups`
--
ALTER TABLE `Groups`
  MODIFY `gID` int(10) unsigned NOT NULL AUTO_INCREMENT,AUTO_INCREMENT=4;
--
-- AUTO_INCREMENT pour la table `GroupSets`
--
ALTER TABLE `GroupSets`
  MODIFY `gsID` int(10) unsigned NOT NULL AUTO_INCREMENT;
--
-- AUTO_INCREMENT pour la table `Jobs`
--
ALTER TABLE `Jobs`
  MODIFY `jID` int(10) unsigned NOT NULL AUTO_INCREMENT,AUTO_INCREMENT=8;
--
-- AUTO_INCREMENT pour la table `JobSets`
--
ALTER TABLE `JobSets`
  MODIFY `jsID` int(10) unsigned NOT NULL AUTO_INCREMENT,AUTO_INCREMENT=2;
--
-- AUTO_INCREMENT pour la table `JobsLog`
--
ALTER TABLE `JobsLog`
  MODIFY `jlID` int(10) unsigned NOT NULL AUTO_INCREMENT;
--
-- AUTO_INCREMENT pour la table `Logs`
--
ALTER TABLE `Logs`
  MODIFY `logID` int(10) unsigned NOT NULL AUTO_INCREMENT,AUTO_INCREMENT=37;
--
-- AUTO_INCREMENT pour la table `MailImporters`
--
ALTER TABLE `MailImporters`
  MODIFY `miID` int(10) unsigned NOT NULL AUTO_INCREMENT,AUTO_INCREMENT=2;
--
-- AUTO_INCREMENT pour la table `MailValidationHashes`
--
ALTER TABLE `MailValidationHashes`
  MODIFY `mvhID` int(10) unsigned NOT NULL AUTO_INCREMENT;
--
-- AUTO_INCREMENT pour la table `MultilingualTranslations`
--
ALTER TABLE `MultilingualTranslations`
  MODIFY `mtID` int(10) unsigned NOT NULL AUTO_INCREMENT;
--
-- AUTO_INCREMENT pour la table `Packages`
--
ALTER TABLE `Packages`
  MODIFY `pkgID` int(10) unsigned NOT NULL AUTO_INCREMENT,AUTO_INCREMENT=4;
--
-- AUTO_INCREMENT pour la table `PageFeeds`
--
ALTER TABLE `PageFeeds`
  MODIFY `pfID` int(10) unsigned NOT NULL AUTO_INCREMENT;
--
-- AUTO_INCREMENT pour la table `PagePaths`
--
ALTER TABLE `PagePaths`
  MODIFY `ppID` int(10) unsigned NOT NULL AUTO_INCREMENT,AUTO_INCREMENT=174;
--
-- AUTO_INCREMENT pour la table `PageTemplates`
--
ALTER TABLE `PageTemplates`
  MODIFY `pTemplateID` int(10) unsigned NOT NULL AUTO_INCREMENT,AUTO_INCREMENT=8;
--
-- AUTO_INCREMENT pour la table `PageThemes`
--
ALTER TABLE `PageThemes`
  MODIFY `pThemeID` int(10) unsigned NOT NULL AUTO_INCREMENT,AUTO_INCREMENT=3;
--
-- AUTO_INCREMENT pour la table `PageTypeComposerControlTypes`
--
ALTER TABLE `PageTypeComposerControlTypes`
  MODIFY `ptComposerControlTypeID` int(10) unsigned NOT NULL AUTO_INCREMENT,AUTO_INCREMENT=4;
--
-- AUTO_INCREMENT pour la table `PageTypeComposerFormLayoutSetControls`
--
ALTER TABLE `PageTypeComposerFormLayoutSetControls`
  MODIFY `ptComposerFormLayoutSetControlID` int(10) unsigned NOT NULL AUTO_INCREMENT,AUTO_INCREMENT=7;
--
-- AUTO_INCREMENT pour la table `PageTypeComposerFormLayoutSets`
--
ALTER TABLE `PageTypeComposerFormLayoutSets`
  MODIFY `ptComposerFormLayoutSetID` int(10) unsigned NOT NULL AUTO_INCREMENT,AUTO_INCREMENT=3;
--
-- AUTO_INCREMENT pour la table `PageTypeComposerOutputBlocks`
--
ALTER TABLE `PageTypeComposerOutputBlocks`
  MODIFY `ptComposerOutputBlockID` int(10) unsigned NOT NULL AUTO_INCREMENT,AUTO_INCREMENT=92;
--
-- AUTO_INCREMENT pour la table `PageTypeComposerOutputControls`
--
ALTER TABLE `PageTypeComposerOutputControls`
  MODIFY `ptComposerOutputControlID` int(10) unsigned NOT NULL AUTO_INCREMENT,AUTO_INCREMENT=4;
--
-- AUTO_INCREMENT pour la table `PageTypePublishTargetTypes`
--
ALTER TABLE `PageTypePublishTargetTypes`
  MODIFY `ptPublishTargetTypeID` int(10) unsigned NOT NULL AUTO_INCREMENT,AUTO_INCREMENT=4;
--
-- AUTO_INCREMENT pour la table `PageTypes`
--
ALTER TABLE `PageTypes`
  MODIFY `ptID` int(10) unsigned NOT NULL AUTO_INCREMENT,AUTO_INCREMENT=7;
--
-- AUTO_INCREMENT pour la table `PermissionAccess`
--
ALTER TABLE `PermissionAccess`
  MODIFY `paID` int(10) unsigned NOT NULL AUTO_INCREMENT,AUTO_INCREMENT=75;
--
-- AUTO_INCREMENT pour la table `PermissionAccessEntities`
--
ALTER TABLE `PermissionAccessEntities`
  MODIFY `peID` int(10) unsigned NOT NULL AUTO_INCREMENT,AUTO_INCREMENT=7;
--
-- AUTO_INCREMENT pour la table `PermissionAccessEntityGroups`
--
ALTER TABLE `PermissionAccessEntityGroups`
  MODIFY `pegID` int(10) unsigned NOT NULL AUTO_INCREMENT,AUTO_INCREMENT=4;
--
-- AUTO_INCREMENT pour la table `PermissionAccessEntityTypes`
--
ALTER TABLE `PermissionAccessEntityTypes`
  MODIFY `petID` int(10) unsigned NOT NULL AUTO_INCREMENT,AUTO_INCREMENT=8;
--
-- AUTO_INCREMENT pour la table `PermissionDurationObjects`
--
ALTER TABLE `PermissionDurationObjects`
  MODIFY `pdID` int(10) unsigned NOT NULL AUTO_INCREMENT;
--
-- AUTO_INCREMENT pour la table `PermissionKeyCategories`
--
ALTER TABLE `PermissionKeyCategories`
  MODIFY `pkCategoryID` int(10) unsigned NOT NULL AUTO_INCREMENT,AUTO_INCREMENT=22;
--
-- AUTO_INCREMENT pour la table `PermissionKeys`
--
ALTER TABLE `PermissionKeys`
  MODIFY `pkID` int(10) unsigned NOT NULL AUTO_INCREMENT,AUTO_INCREMENT=104;
--
-- AUTO_INCREMENT pour la table `PileContents`
--
ALTER TABLE `PileContents`
  MODIFY `pcID` int(10) unsigned NOT NULL AUTO_INCREMENT;
--
-- AUTO_INCREMENT pour la table `Piles`
--
ALTER TABLE `Piles`
  MODIFY `pID` int(10) unsigned NOT NULL AUTO_INCREMENT,AUTO_INCREMENT=2;
--
-- AUTO_INCREMENT pour la table `QueueMessages`
--
ALTER TABLE `QueueMessages`
  MODIFY `message_id` int(10) unsigned NOT NULL AUTO_INCREMENT;
--
-- AUTO_INCREMENT pour la table `Queues`
--
ALTER TABLE `Queues`
  MODIFY `queue_id` int(10) unsigned NOT NULL AUTO_INCREMENT;
--
-- AUTO_INCREMENT pour la table `SignupRequests`
--
ALTER TABLE `SignupRequests`
  MODIFY `id` int(11) NOT NULL AUTO_INCREMENT;
--
-- AUTO_INCREMENT pour la table `SocialLinks`
--
ALTER TABLE `SocialLinks`
  MODIFY `slID` int(10) unsigned NOT NULL AUTO_INCREMENT;
--
-- AUTO_INCREMENT pour la table `Stacks`
--
ALTER TABLE `Stacks`
  MODIFY `stID` int(10) unsigned NOT NULL AUTO_INCREMENT,AUTO_INCREMENT=16;
--
-- AUTO_INCREMENT pour la table `StyleCustomizerCustomCssRecords`
--
ALTER TABLE `StyleCustomizerCustomCssRecords`
  MODIFY `sccRecordID` int(10) unsigned NOT NULL AUTO_INCREMENT;
--
-- AUTO_INCREMENT pour la table `StyleCustomizerInlineStylePresets`
--
ALTER TABLE `StyleCustomizerInlineStylePresets`
  MODIFY `pssPresetID` int(10) unsigned NOT NULL AUTO_INCREMENT;
--
-- AUTO_INCREMENT pour la table `StyleCustomizerInlineStyleSets`
--
ALTER TABLE `StyleCustomizerInlineStyleSets`
  MODIFY `issID` int(10) unsigned NOT NULL AUTO_INCREMENT,AUTO_INCREMENT=40;
--
-- AUTO_INCREMENT pour la table `StyleCustomizerValueLists`
--
ALTER TABLE `StyleCustomizerValueLists`
  MODIFY `scvlID` int(10) unsigned NOT NULL AUTO_INCREMENT;
--
-- AUTO_INCREMENT pour la table `StyleCustomizerValues`
--
ALTER TABLE `StyleCustomizerValues`
  MODIFY `scvID` int(10) unsigned NOT NULL AUTO_INCREMENT;
--
-- AUTO_INCREMENT pour la table `SystemImageEditorComponents`
--
ALTER TABLE `SystemImageEditorComponents`
  MODIFY `scsID` int(10) unsigned NOT NULL AUTO_INCREMENT;
--
-- AUTO_INCREMENT pour la table `SystemImageEditorControlSets`
--
ALTER TABLE `SystemImageEditorControlSets`
  MODIFY `scsID` int(10) unsigned NOT NULL AUTO_INCREMENT,AUTO_INCREMENT=3;
--
-- AUTO_INCREMENT pour la table `SystemImageEditorFilters`
--
ALTER TABLE `SystemImageEditorFilters`
  MODIFY `scsID` int(10) unsigned NOT NULL AUTO_INCREMENT,AUTO_INCREMENT=6;
--
-- AUTO_INCREMENT pour la table `SystemImageEditorShapes`
--
ALTER TABLE `SystemImageEditorShapes`
  MODIFY `scsID` int(10) unsigned NOT NULL AUTO_INCREMENT;
--
-- AUTO_INCREMENT pour la table `TreeCategoryNodes`
--
ALTER TABLE `TreeCategoryNodes`
  MODIFY `treeNodeID` int(10) unsigned NOT NULL AUTO_INCREMENT;
--
-- AUTO_INCREMENT pour la table `TreeGroupNodes`
--
ALTER TABLE `TreeGroupNodes`
  MODIFY `treeNodeID` int(10) unsigned NOT NULL AUTO_INCREMENT,AUTO_INCREMENT=5;
--
-- AUTO_INCREMENT pour la table `TreeNodes`
--
ALTER TABLE `TreeNodes`
  MODIFY `treeNodeID` int(10) unsigned NOT NULL AUTO_INCREMENT,AUTO_INCREMENT=5;
--
-- AUTO_INCREMENT pour la table `TreeNodeTypes`
--
ALTER TABLE `TreeNodeTypes`
  MODIFY `treeNodeTypeID` int(10) unsigned NOT NULL AUTO_INCREMENT,AUTO_INCREMENT=4;
--
-- AUTO_INCREMENT pour la table `Trees`
--
ALTER TABLE `Trees`
  MODIFY `treeID` int(10) unsigned NOT NULL AUTO_INCREMENT,AUTO_INCREMENT=2;
--
-- AUTO_INCREMENT pour la table `TreeTopicNodes`
--
ALTER TABLE `TreeTopicNodes`
  MODIFY `treeNodeID` int(10) unsigned NOT NULL AUTO_INCREMENT;
--
-- AUTO_INCREMENT pour la table `TreeTypes`
--
ALTER TABLE `TreeTypes`
  MODIFY `treeTypeID` int(10) unsigned NOT NULL AUTO_INCREMENT,AUTO_INCREMENT=3;
--
-- AUTO_INCREMENT pour la table `UserBannedIPs`
--
ALTER TABLE `UserBannedIPs`
  MODIFY `id` int(10) unsigned NOT NULL AUTO_INCREMENT;
--
-- AUTO_INCREMENT pour la table `UserPointActions`
--
ALTER TABLE `UserPointActions`
  MODIFY `upaID` int(11) NOT NULL AUTO_INCREMENT,AUTO_INCREMENT=2;
--
-- AUTO_INCREMENT pour la table `UserPointHistory`
--
ALTER TABLE `UserPointHistory`
  MODIFY `upID` int(11) NOT NULL AUTO_INCREMENT;
--
-- AUTO_INCREMENT pour la table `UserPrivateMessages`
--
ALTER TABLE `UserPrivateMessages`
  MODIFY `msgID` int(10) unsigned NOT NULL AUTO_INCREMENT;
--
-- AUTO_INCREMENT pour la table `Users`
--
ALTER TABLE `Users`
  MODIFY `uID` int(10) unsigned NOT NULL AUTO_INCREMENT,AUTO_INCREMENT=2;
--
-- AUTO_INCREMENT pour la table `UserValidationHashes`
--
ALTER TABLE `UserValidationHashes`
  MODIFY `uvhID` int(10) unsigned NOT NULL AUTO_INCREMENT;
--
-- AUTO_INCREMENT pour la table `WorkflowProgress`
--
ALTER TABLE `WorkflowProgress`
  MODIFY `wpID` int(10) unsigned NOT NULL AUTO_INCREMENT;
--
-- AUTO_INCREMENT pour la table `WorkflowProgressCategories`
--
ALTER TABLE `WorkflowProgressCategories`
  MODIFY `wpCategoryID` int(10) unsigned NOT NULL AUTO_INCREMENT,AUTO_INCREMENT=4;
--
-- AUTO_INCREMENT pour la table `WorkflowProgressHistory`
--
ALTER TABLE `WorkflowProgressHistory`
  MODIFY `wphID` int(10) unsigned NOT NULL AUTO_INCREMENT,AUTO_INCREMENT=120;
--
-- AUTO_INCREMENT pour la table `WorkflowRequestObjects`
--
ALTER TABLE `WorkflowRequestObjects`
  MODIFY `wrID` int(10) unsigned NOT NULL AUTO_INCREMENT;
--
-- AUTO_INCREMENT pour la table `Workflows`
--
ALTER TABLE `Workflows`
  MODIFY `wfID` int(10) unsigned NOT NULL AUTO_INCREMENT;
--
-- AUTO_INCREMENT pour la table `WorkflowTypes`
--
ALTER TABLE `WorkflowTypes`
  MODIFY `wftID` int(10) unsigned NOT NULL AUTO_INCREMENT,AUTO_INCREMENT=2;
--
-- Contraintes pour les tables exportées
--

--
-- Contraintes pour la table `QueueMessages`
--
ALTER TABLE `QueueMessages`
  ADD CONSTRAINT `QueueMessages_ibfk_1` FOREIGN KEY (`queue_id`) REFERENCES `Queues` (`queue_id`) ON DELETE CASCADE ON UPDATE CASCADE;

/*!40101 SET CHARACTER_SET_CLIENT=@OLD_CHARACTER_SET_CLIENT */;
/*!40101 SET CHARACTER_SET_RESULTS=@OLD_CHARACTER_SET_RESULTS */;
/*!40101 SET COLLATION_CONNECTION=@OLD_COLLATION_CONNECTION */;
